%time,field.header.seq,field.header.stamp,field.header.frame_id,field.pose.position.x,field.pose.position.y,field.pose.position.z,field.pose.orientation.x,field.pose.orientation.y,field.pose.orientation.z,field.pose.orientation.w
23836000000,0,23836000000,map,0.0012060971930623055,-0.0005244108033366501,-0.0077581265941262245,0.008670685352276974,-0.008197049770059682,0.024893656751323046,-0.9996189332283419
23872000000,1,23872000000,map,0.0012301302049309015,-0.0005365173565223813,-0.0077100652270019054,0.008697536990102072,-0.008207775998949094,0.024921305083946188,-0.9996179217039777
23904000000,2,23904000000,map,0.0012552235275506973,-0.0005268276436254382,-0.007715828716754913,0.008672823193545044,-0.008197768694867241,0.024953673863602532,-0.9996174159417955
23936000000,3,23936000000,map,0.0012653738958761096,-0.0004998029908165336,-0.007721315138041973,0.008684266742039775,-0.008185195083996812,0.024901538211994534,-0.9996187224940994
23972000000,4,23972000000,map,0.0012756854994222522,-0.00042583016329444945,-0.0077113620936870575,0.008679830436382234,-0.008128231333908078,0.024876123662342486,-0.9996198604590092
24004000000,5,24004000000,map,0.0012571463594213128,-0.00035927753197029233,-0.007686797995120287,0.008655124460041238,-0.008020828013591675,0.024845482903475047,-0.9996216727734951
24036000000,6,24036000000,map,0.0012364723952487111,-0.0002580371801741421,-0.007638450711965561,0.008668952927471628,-0.008008349562402648,0.024794021601443228,-0.999622979325799
24072000000,7,24072000000,map,0.0011946617159992456,-0.00012927668285556138,-0.0076218596659600735,0.008637408563221193,-0.008012536670702466,0.02480127085938716,-0.9996229793257989
24104000000,8,24104000000,map,0.0011335585732012987,1.4180462130752858e-05,-0.007636625785380602,0.008666681422247954,-0.008048954943435998,0.02475288627729666,-0.9996236536753751
24136000000,9,24136000000,map,0.0010503799421712756,0.00017300974286627024,-0.007630572188645601,0.008627783647123802,-0.008012590300920835,0.024737713411832674,-0.9996246651997395
24172000000,10,24172000000,map,0.0009176580933853984,0.00032811478013172746,-0.007656718138605356,0.00865049587996688,-0.00801407035912301,0.024734720985588432,-0.9996245387591939
24204000000,11,24204000000,map,0.0007770475931465626,0.0004095009353477508,-0.00769393565133214,0.008686180904549807,-0.008018203569670753,0.024769871457246517,-0.9996233586474357
24236000000,12,24236000000,map,0.0006279040826484561,0.0004783245094586164,-0.007726798299700022,0.008675563561878886,-0.007986373767535138,0.02475697452160225,-0.9996239487033147
24272000000,13,24272000000,map,0.00047354481648653746,0.0005735537852160633,-0.007760272826999426,0.00866980961155845,-0.007974202136348285,0.024764392366940058,-0.9996239487033147
24304000000,14,24304000000,map,0.00031412712996825576,0.0006794895743951201,-0.0077784196473658085,0.00858406721951668,-0.007976663672821545,0.024771557331187022,-0.9996244544654969
24336000000,15,24336000000,map,0.00015212746802717447,0.0007750053191557527,-0.007786841597408056,0.00853208817802451,-0.00800082711138554,0.024760725591119692,-0.9996250023745274
24372000000,16,24372000000,map,-2.73967507382622e-05,0.0008467952720820904,-0.007838583551347256,0.008554489907132075,-0.007992120473865985,0.024698095374232454,-0.9996264353673769
24404000000,17,24404000000,map,-0.00016357860295102,0.0009217578917741776,-0.007897711358964443,0.008508904427313715,-0.008020828775033764,0.024714026882969642,-0.9996261824862858
24436000000,18,24436000000,map,-0.0002904681023210287,0.0009919436415657401,-0.007945619523525238,0.008464272211250179,-0.008043590727987193,0.02467192218130726,-0.9996274047448926
24472000000,19,24472000000,map,-0.0003822089929599315,0.0010498588671907783,-0.008016504347324371,0.008449629597592278,-0.008059375257821936,0.024645327519896898,-0.9996280369476203
24504000000,20,24504000000,map,-0.00046852967352606356,0.0011150299105793238,-0.008081040345132351,0.00847031729998169,-0.00808406917456663,0.024649879379536055,-0.9996276154791353
24536000000,21,24536000000,map,-0.0005605407059192657,0.001193605363368988,-0.008199942298233509,0.008477825036644947,-0.008077580864801728,0.024676937656279985,-0.9996269411295591
24572000000,22,24572000000,map,-0.0006381134153343737,0.0012953171972185373,-0.008375128731131554,0.008451358482720892,-0.008078258815793181,0.02467832850228091,-0.9996271518638016
24604000000,23,24604000000,map,-0.0006701104575768113,0.0013399111339822412,-0.00852380134165287,0.008443970580578572,-0.008077482083125531,0.024695650857018858,-0.999626772542165
24636000000,24,24636000000,map,-0.000675005663651973,0.0013547850539907813,-0.008652178570628166,0.008389924614830032,-0.008042779956800286,0.024726628790674332,-0.9996267303953164
24672000000,25,24672000000,map,-0.0006768183666281402,0.001320085721090436,-0.008738603442907333,0.008423399131874334,-0.008073159232339006,0.02470138282841633,-0.9996268568358619
24704000000,26,24704000000,map,-0.0006536996806971729,0.001261624856851995,-0.008841699920594692,0.008420490670054829,-0.00812055369276176,0.02470176215005293,-0.9996264775142254
24736000000,27,24736000000,map,-0.0006446876795962453,0.0012171686394140124,-0.008965681307017803,0.008389335587926674,-0.00816813419200802,0.024686842165680123,-0.9996267303953165
24772000000,28,24772000000,map,-0.0006199585623107851,0.0011799356434494257,-0.00910792127251625,0.008381078057182047,-0.008176934363427224,0.02469725243726223,-0.9996264353673769
24804000000,29,24804000000,map,-0.0005843762774020433,0.0011623298050835729,-0.00921415165066719,0.008386738494182349,-0.00815788044822357,0.024739062110985033,-0.9996255081367097
24836000000,30,24836000000,map,-0.000556855695322156,0.001155933947302401,-0.009287141263484955,0.008403919971844408,-0.008181526095878407,0.02475010458529492,-0.9996249180808305
24872000000,31,24872000000,map,-0.0005452398909255862,0.0011692448752000928,-0.00934466253966093,0.008391061828587497,-0.008181695403555508,0.02474483622923107,-0.999625128815073
24904000000,32,24904000000,map,-0.0005492616328410804,0.0012017549015581608,-0.009378445334732533,0.0084190845026044,-0.008153832097309535,0.024714827673091355,-0.9996258874583462
24936000000,33,24936000000,map,-0.0005602024029940367,0.0012384786969050765,-0.00942140445113182,0.008438915181344979,-0.008140632961764344,0.024750399613234497,-0.999624960227679
24972000000,34,24972000000,map,-0.0005614834371954203,0.0012820619158446789,-0.009474209509789944,0.008467544817313325,-0.00816828912489328,0.024770882981610842,-0.9996239487033147
25004000000,35,25004000000,map,-0.0005359742790460587,0.0012575709261000156,-0.009500479325652122,0.008476177049593237,-0.008214521552662425,0.024779860260343622,-0.999623316500587
25036000000,36,25036000000,map,-0.000495081243570894,0.0012267244746908545,-0.009582466445863247,0.008420400228227438,-0.008255708978998372,0.024740073635349358,-0.9996244123186484
25072000000,37,25072000000,map,-0.0004371893883217126,0.0011705351062119007,-0.009684646502137184,0.008377930620879328,-0.008282601374554662,0.024766457562517108,-0.9996239065564663
25104000000,38,25104000000,map,-0.00035825170925818384,0.001089769066311419,-0.009786554612219334,0.008369274395456346,-0.008293987925507739,0.024761315646998905,-0.9996239908501633
25136000000,39,25136000000,map,-0.00029267536592669785,0.0010113018797710538,-0.009889661334455013,0.008358224106075339,-0.008302548916648573,0.024758154633360563,-0.9996241172907088
25172000000,40,25172000000,map,-0.00023594341473653913,0.0008916131337173283,-0.01002186443656683,0.008373772879548663,-0.008318191445251342,0.024800090747628845,-0.9996228107384051
25204000000,41,25204000000,map,-0.00021982799808029085,0.0007884097867645323,-0.010049361735582352,0.008363478366457048,-0.008390851440337938,0.02480287243963053,-0.9996222206825258
25236000000,42,25236000000,map,-0.00020900066010653973,0.0006856942782178521,-0.010061301290988922,0.008370028778126648,-0.008383023452322851,0.02484818030177982,-0.999621082717616
25272000000,43,25272000000,map,-0.00018315340275876224,0.0005781210493296385,-0.01005503162741661,0.008353500440920324,-0.008383616329525006,0.024848559623416422,-0.9996212091581615
25304000000,44,25304000000,map,-0.00016826072533149272,0.00047226258902810514,-0.01002487912774086,0.008376413354912453,-0.008462468298351448,0.024867188530458162,-0.9996198604590092
25336000000,45,25336000000,map,-0.0001781162864062935,0.00035697431303560734,-0.00998016633093357,0.008388977262541147,-0.008487051569329043,0.02486335316724375,-0.9996196497247667
25372000000,46,25372000000,map,-0.00018345135322306305,0.00020917168876621872,-0.009890922345221043,0.008377151732507391,-0.008475355206626673,0.024899473016417484,-0.999618933228342
25404000000,47,25404000000,map,-0.0002146257320418954,0.00010255943197989836,-0.00983462855219841,0.008324995491093782,-0.008510933248596324,0.02492632055891897,-0.9996184696130084
25436000000,48,25436000000,map,-0.00022482330678030849,-1.1509832802403253e-06,-0.009774420410394669,0.008355902764981533,-0.008495472794687814,0.024928006432859418,-0.9996183010256143
25472000000,49,25472000000,map,-0.0002273535938002169,-0.00010565838601905853,-0.00970701314508915,0.00837261067711405,-0.008496430997526444,0.024942757829838236,-0.9996177952634322
25504000000,50,25504000000,map,-0.00020148234034422785,-0.00018672669830266386,-0.009639743715524673,0.00833177188835653,-0.008496910227567735,0.024963915547790705,-0.999617542382341
25536000000,51,25536000000,map,-0.00017986976308748126,-0.00023550530022475868,-0.009582273662090302,0.008335437182451834,-0.00850346949550337,0.024977824007799354,-0.999617120913856
25572000000,52,25572000000,map,-0.00020179184502921999,-0.00027716043405234814,-0.009523384273052216,0.008335367968395069,-0.008524177494440314,0.024972218476947305,-0.9996170787670076
25604000000,53,25604000000,map,-0.00024110375670716166,-0.0003174265439156443,-0.009514582343399525,0.008319341516061465,-0.008563295151401825,0.024946213871416156,-0.999617542382341
25636000000,54,25636000000,map,-0.0002844657574314624,-0.00039703104994259775,-0.009511159732937813,0.008344702373756618,-0.008547267186473802,0.024979678469133848,-0.9996166151516739
25672000000,55,25672000000,map,-0.00030064271413721144,-0.0004775471752509475,-0.009474048390984535,0.008377050903169363,-0.008563602218358187,0.024997970201387498,-0.9996156879210065
25704000000,56,25704000000,map,-0.0003502728359308094,-0.0005499132676050067,-0.009406943805515766,0.00844667326267397,-0.008586342043187173,0.02504218224547544,-0.9996138756065207
25736000000,57,25736000000,map,-0.0004224897129461169,-0.0006198143237270415,-0.009326893836259842,0.008412322320642244,-0.008607818440087837,0.02502730440795109,-0.9996143392218542
25772000000,58,25772000000,map,-0.0004911449505016208,-0.0007063241209834814,-0.00925223808735609,0.008415581735235714,-0.008617783916303674,0.02503038112789241,-0.9996141284876117
25804000000,59,25804000000,map,-0.0005378187051974237,-0.0007722144946455956,-0.009255324490368366,0.008424107849242019,-0.008643330895140397,0.02503299423250005,-0.9996137913128237
25836000000,60,25836000000,map,-0.0005688276141881943,-0.0008190778899006546,-0.009266958571970463,0.008469538293277536,-0.008636259351605858,0.025006483864786655,-0.9996141706344601
25872000000,61,25872000000,map,-0.0005959544214420021,-0.0008351042633876204,-0.009281203150749207,0.008471917213284318,-0.00866283531652606,0.024947436130022982,-0.99961530859937
25904000000,62,25904000000,map,-0.0006215540925040841,-0.0008838858339004219,-0.009306976571679115,0.008512579036212393,-0.00858844284389911,0.024969141757006097,-0.9996150978651275
25936000000,63,25936000000,map,-0.0006506087374873459,-0.0009562328923493624,-0.009340343065559864,0.008472944532427012,-0.008616604185266413,0.02499308116696025,-0.9996145921029453
25972000000,64,25972000000,map,-0.0006871783407405019,-0.0010724326130002737,-0.009420470334589481,0.008477028223514682,-0.008598543545541319,0.02496421057573034,-0.999615477186764
26004000000,65,26004000000,map,-0.0007255104137584567,-0.0011987985344603658,-0.009521826170384884,0.008481271673384087,-0.008615547375677471,0.02498326095125719,-0.9996148028371878
26036000000,66,26036000000,map,-0.0007787554641254246,-0.0012797052040696144,-0.009593646973371506,0.008485007071600216,-0.008648545590116616,0.024986969873926124,-0.9996143813687028
26072000000,67,26072000000,map,-0.0008086593588814139,-0.0013565710978582501,-0.009684653952717781,0.008502899190814695,-0.00865586782302378,0.02502110882121994,-0.9996132855506416
26104000000,68,26104000000,map,-0.0007818181184120476,-0.0014221018645912409,-0.009816234931349754,0.00851853320721521,-0.008621514020439348,0.02502317401679699,-0.999613411991187
26136000000,69,26136000000,map,-0.0007397928275167942,-0.0014781734207645059,-0.009908521547913551,0.008519719593153417,-0.008599948316157109,0.025006821039574745,-0.9996140020470661
26172000000,70,26172000000,map,-0.0006825305754318833,-0.0015748461009934545,-0.010048400610685349,0.008554983406495183,-0.008617400990679359,0.02500686318642331,-0.9996135384317326
26204000000,71,26204000000,map,-0.0006413929513655603,-0.0016488315304741263,-0.01016574539244175,0.008593761905317762,-0.008646656724976474,0.02501423888491272,-0.9996128219353079
26236000000,72,26236000000,map,-0.0005726650706492364,-0.0016545713879168034,-0.010251200757920742,0.008588491738256505,-0.008645502131817853,0.02498009993761885,-0.9996137491659751
26272000000,73,26272000000,map,-0.0004940211656503379,-0.0016127709532156587,-0.010312550701200962,0.008616871837305116,-0.008622113800139752,0.024975758812222304,-0.9996137913128236
26304000000,74,26304000000,map,-0.0004268286284059286,-0.001524476450867951,-0.010354150086641312,0.008614022859933134,-0.008630549869117458,0.024967624470459693,-0.9996139177533692
26336000000,75,26336000000,map,-0.00034507762757129967,-0.0013959138887003064,-0.010373524390161037,0.008656573047018761,-0.00862291966311212,0.024934960662863714,-0.9996144656623999
26372000000,76,26372000000,map,-0.00025770760839805007,-0.0012114758137613535,-0.010413634590804577,0.008665558561416592,-0.008635655580765594,0.02496391554779065,-0.9996134962848842
26404000000,77,26404000000,map,-0.00019016563601326197,-0.0010418532183393836,-0.010456758551299572,0.008680872947066303,-0.008645522620012126,0.024943853647899528,-0.9996138334596721
26436000000,78,26436000000,map,-0.0001602706906851381,-0.0008743259822949767,-0.010497997514903545,0.008712827277138693,-0.00864595419175331,0.024951355786934415,-0.9996133276974899
26472000000,79,26472000000,map,-0.00015000361599959433,-0.0006893269019201398,-0.010513356886804104,0.008696897414762846,-0.008635430321243491,0.02494520234705183,-0.9996137491659751
26504000000,80,26504000000,map,-0.00015507658827118576,-0.0005949721089564264,-0.010519704781472683,0.008631631156754431,-0.008619997218154688,0.02491329718272911,-0.999615224305673
26536000000,81,26536000000,map,-0.0002108047774527222,-0.0004531747836153954,-0.01051719393581152,0.00860394861647413,-0.008584877002886708,0.02482183852146047,-0.9996180059976747
26572000000,82,26572000000,map,-0.0002526067546568811,-0.0003681454691104591,-0.010485650971531868,0.008644195171782474,-0.008620575117327948,0.02483368178589207,-0.999617120913856
26604000000,83,26604000000,map,-0.0002805015828926116,-0.0003055570996366441,-0.010473482310771942,0.008665768339997876,-0.008566511997266707,0.02476923925451885,-0.999618933228342
26636000000,84,26636000000,map,-0.0003109443932771683,-0.0002611784148029983,-0.010486312210559845,0.008645235169193168,-0.008506538101970532,0.0247965082655055,-0.9996189753751905
26672000000,85,26672000000,map,-0.0003075796121265739,-0.00022053385328035802,-0.01048912014812231,0.008641035949848257,-0.008509179205009555,0.024820321234914122,-0.9996184274661598
26704000000,86,26704000000,map,-0.0002902784326579422,-0.00019898243772331625,-0.010483896359801292,0.008669055917658822,-0.008543246813411601,0.024823735129643476,-0.9996177952634322
26736000000,87,26736000000,map,-0.00029189142514951527,-0.00019053930009249598,-0.010464461520314217,0.008667240876387,-0.008568270280233749,0.024843628442140553,-0.999617120913856
26772000000,88,26772000000,map,-0.0003089411766268313,-0.0001973591570276767,-0.01042871456593275,0.008656203891663007,-0.008562993800405996,0.024859939272514342,-0.9996168258859164
26804000000,89,26804000000,map,-0.00031045821378938854,-0.0002179695584345609,-0.010412080213427544,0.008653122955493397,-0.008591246941848736,0.024862425936576504,-0.9996165308579769
26836000000,90,26836000000,map,-0.0003107170050498098,-0.0002664720523171127,-0.010421129874885082,0.00870842256103802,-0.00856521832259493,0.02482322936746134,-0.9996172895012501
26872000000,91,26872000000,map,-0.00030715769389644265,-0.0002916336234193295,-0.01041585486382246,0.008736062327437684,-0.00854432468613504,0.024807424299269798,-0.9996175845291897
26904000000,92,26904000000,map,-0.0003111445112153888,-0.0003062677860725671,-0.010384977795183659,0.008811700341821221,-0.008568229625400138,0.024804979782056147,-0.9996168258859164
26936000000,93,26936000000,map,-0.0003188930859323591,-0.0003118563909083605,-0.010336840525269508,0.008885188043750068,-0.008577038913544876,0.024811006781393197,-0.9996158565084007
26972000000,94,26972000000,map,-0.0003462352033238858,-0.0003720606619026512,-0.010275661014020443,0.008881955876435615,-0.008588886160112759,0.02477429687634014,-0.9996167415922195
27004000000,95,27004000000,map,-0.0003524252970237285,-0.00041755655547603965,-0.010243323631584644,0.00888087977355054,-0.008577046888107277,0.02477547698809851,-0.9996168258859164
27036000000,96,27036000000,map,-0.00036638978053815663,-0.00046709299203939736,-0.010219430550932884,0.008894897737163102,-0.008627085548786193,0.024792757195988002,-0.9996158143615521
27072000000,97,27072000000,map,-0.0003668341087177396,-0.00046683434629812837,-0.010230273008346558,0.008904231885280703,-0.00861363944876075,0.024832628114679234,-0.999614887130885
27104000000,98,27104000000,map,-0.00034775392850860953,-0.0004231069178786129,-0.010266028344631195,0.008870404625044554,-0.008586480219201633,0.02484700019002145,-0.9996150978651275
27136000000,99,27136000000,map,-0.00029000904760323465,-0.00033919423003681004,-0.01029068324714899,0.008839461707435308,-0.008626686223860166,0.02490920893842352,-0.999613411991187
27172000000,100,27172000000,map,-0.00016405960195697844,-0.0002323305670870468,-0.010277766734361649,0.008840553450752447,-0.008646682392777648,0.024870644572036138,-0.9996142127813088
27204000000,101,27204000000,map,-3.1786374165676534e-05,-0.00015871990763116628,-0.010256786830723286,0.00883676206596338,-0.008615299598306342,0.024850287644205327,-0.9996150135714306
27236000000,102,27236000000,map,8.049685129662976e-05,-0.00011996139073744416,-0.010230200365185738,0.008793457835769465,-0.008678028257307716,0.02482436733237109,-0.999615477186764
27272000000,103,27272000000,map,0.0001691111974650994,-0.00010902550275204703,-0.010196399874985218,0.008821061119832363,-0.008672487531351256,0.024795117419504575,-0.9996160672426432
27304000000,104,27304000000,map,0.0001947734854184091,-0.00010337894491385669,-0.010165857151150703,0.008855343310846432,-0.008614900767288694,0.024742939621048066,-0.9996175002354926
27336000000,105,27336000000,map,0.00017968240717891604,-0.00012436213728506118,-0.010129710659384727,0.008820915211064812,-0.008643282111398016,0.02481113322193873,-0.9996158986552492
27372000000,106,27372000000,map,0.00012015874381177127,-0.00020652081002481282,-0.010095236822962761,0.008779999542380864,-0.008603871155176263,0.024828076255040077,-0.9996161515363402
27404000000,107,27404000000,map,7.815377466613427e-05,-0.000289410469122231,-0.010075434111058712,0.00875253861197415,-0.008586456228631002,0.02484872821081041,-0.9996160672426433
27436000000,108,27436000000,map,7.026390812825412e-05,-0.000369730347301811,-0.010080201551318169,0.008738159915172704,-0.008606578750631077,0.024878736766950238,-0.99961530859937
27472000000,109,27472000000,map,3.888336505042389e-05,-0.0004409057437442243,-0.010131079703569412,0.008763451039178317,-0.008609159864381323,0.024897154939749422,-0.9996145921029453
27504000000,110,27504000000,map,1.7827989722718485e-05,-0.0004790770763065666,-0.010176339186728,0.00874754111320847,-0.008610464590253128,0.024953083807723375,-0.9996132855506414
27536000000,111,27536000000,map,-1.543125108582899e-05,-0.0004995937342755497,-0.010270390659570694,0.008795893519225908,-0.008654905056677506,0.02501322736054845,-0.9996109674739734
27572000000,112,27572000000,map,-5.563142622122541e-05,-0.0005157829727977514,-0.010425337590277195,0.008826022717632599,-0.008632017213680591,0.025022331079826765,-0.9996107145928823
27604000000,113,27604000000,map,-9.123169002123177e-05,-0.0005175018450245261,-0.010570775717496872,0.008822483673722304,-0.00866615618669881,0.0250315190928021,-0.9996102088307002
27636000000,114,27632000000,map,-0.00012431872892193496,-0.0005219795857556164,-0.010749978013336658,0.008881221347210146,-0.008711604205640884,0.025076531927011758,-0.9996081014882747
27672000000,115,27672000000,map,-0.000159696297487244,-0.0005366618861444294,-0.01095598004758358,0.00886538535315108,-0.008720794168525389,0.025127993229043633,-0.9996068792296678
27704000000,116,27704000000,map,-0.00019687926396727562,-0.0005240656319074333,-0.011099255643785,0.008885119169255315,-0.008735928967029821,0.025180381761742587,-0.999605319796273
27736000000,117,27736000000,map,-0.00023969555331859738,-0.0005003459518775344,-0.011208155192434788,0.008898383125130633,-0.008705255728541472,0.025209083765578566,-0.9996046875935453
27772000000,118,27772000000,map,-0.0002651708491612226,-0.0004774628614541143,-0.011266481131315231,0.008942008148818001,-0.008728189798275918,0.02519951643096663,-0.9996043925656057
27804000000,119,27804000000,map,-0.0002915330114774406,-0.000441678159404546,-0.011303735896945,0.00894223965808183,-0.008697417628909883,0.025182067635683092,-0.9996050669151819
27836000000,120,27836000000,map,-0.0003064656921196729,-0.0004147276922594756,-0.011307287961244583,0.008972703587459099,-0.00872230436542856,0.02514396688462922,-0.9996055726773639
27872000000,121,27872000000,map,-0.000327372457832098,-0.00040549703408032656,-0.011286445893347263,0.009006901320140018,-0.008705488256491338,0.025122050523403605,-0.9996059098521521
27904000000,122,27904000000,map,-0.0003339890972711146,-0.00037397141568362713,-0.011213484220206738,0.008983669125248856,-0.008695795860161394,0.025089386715807627,-0.9996070478170618
27936000000,123,27936000000,map,-0.00034294879878871143,-0.0003286343708168715,-0.011086809448897839,0.00893635144699983,-0.008757841227786948,0.025085972821078273,-0.9996070056702133
27972000000,124,27972000000,map,-0.00037132733268663287,-0.0002554690290708095,-0.010894112288951874,0.008967792471211301,-0.00877942093900218,0.025052255342269514,-0.9996074271386985
28004000000,125,28004000000,map,-0.00038594688521698117,-0.00020091277838218957,-0.010745414532721043,0.008969551865472198,-0.008749485059422735,0.025065152277913894,-0.9996073428450014
28036000000,126,28036000000,map,-0.0003802681458182633,-0.0001324908807873726,-0.010587894357740879,0.008996090859292132,-0.008674877584876126,0.025107509860667288,-0.9996066263485768
28072000000,127,28072000000,map,-0.0003477228747215122,-9.470517397858202e-05,-0.010421713814139366,0.008983964595648023,-0.008694322912181956,0.025157453876152702,-0.9996053197962729
28104000000,128,28104000000,map,-0.00027053451049141586,-7.309774809982628e-05,-0.010257136076688766,0.008967441384670483,-0.008702996272624343,0.02516251149797405,-0.9996053197962729
28136000000,129,28136000000,map,-0.00015915781841613352,-6.0376067267498e-05,-0.010131992399692535,0.008962969167757741,-0.008724784258829981,0.025205585577152245,-0.9996040553908176
28172000000,130,28172000000,map,-1.635056105442345e-05,-5.713428618037142e-05,-0.009956415742635727,0.008998450568320845,-0.008728604794503285,0.02518299486635034,-0.9996043082719086
28204000000,131,28204000000,map,0.00013020099140703678,-4.14938222093042e-05,-0.009810317307710648,0.008957463591614395,-0.008771271059705092,0.02514923524069307,-0.9996051090620304
28236000000,132,28236000000,map,0.0002862632682081312,-2.3591552235302515e-05,-0.009669864550232887,0.008993538510560197,-0.008828310382920998,0.02507054707452322,-0.9996062470269402
28272000000,133,28272000000,map,0.00042900280095636845,-2.151564331143163e-05,-0.009550128132104874,0.008991437841042674,-0.008820708057657905,0.025038346882260976,-0.9996071742576074
28304000000,134,28304000000,map,0.0005487294401973486,-1.1476622603368014e-06,-0.009458777494728565,0.009074652914188693,-0.008814706010983843,0.025017905660733142,-0.9996069635233649
28336000000,135,28336000000,map,0.0005963752046227455,3.707534779096022e-05,-0.009369508363306522,0.009113878078541133,-0.008770140050671664,0.02503025468734682,-0.9996066684954252
28372000000,136,28372000000,map,0.0005942183779552579,0.00011744671064661816,-0.009280324913561344,0.00906992066480312,-0.008740427407390667,0.02501546114351949,-0.999607722166638
28404000000,137,28404000000,map,0.0005423824768513441,0.0001946810953086242,-0.00916014239192009,0.00902910966353691,-0.008772768209195201,0.025009054822545895,-0.9996079750477291
28436000000,138,28436000000,map,0.000440374220488593,0.00026003277162089944,-0.00903360266238451,0.009028120828088898,-0.008725303973923874,0.02503573377765328,-0.9996077643134865
28472000000,139,28472000000,map,0.00030982925090938807,0.0003165275265928358,-0.00887834932655096,0.009014101681154173,-0.008746796283935189,0.025024733450191905,-0.9996079750477291
28504000000,140,28504000000,map,0.00016717961989343166,0.0003729986201506108,-0.008738305419683456,0.008998843709102353,-0.008763503053904572,0.025006399571089633,-0.9996083543693657
28536000000,141,28536000000,map,8.119339327095076e-05,0.0004204116412438452,-0.008628439158201218,0.009008889219055427,-0.008774501992248593,0.025038220441715386,-0.9996073849918501
28572000000,142,28572000000,map,1.7931301044882275e-05,0.00044153022463433444,-0.008525730110704899,0.00900036791036608,-0.008809207030575335,0.025004334375512693,-0.9996080593414262
28604000000,143,28604000000,map,3.14325461658882e-07,0.0004636209923774004,-0.008471534587442875,0.008984889526554364,-0.008824396971892554,0.02497289282652354,-0.9996088179846994
28636000000,144,28636000000,map,-2.6537869416642934e-05,0.0004597104561980814,-0.008446979336440563,0.008950378532482803,-0.008854258641737755,0.02499316546065722,-0.9996083543693657
28672000000,145,28672000000,map,-9.345390571979806e-05,0.00043948140228167176,-0.008437152951955795,0.008958190418956048,-0.008845383864428626,0.025000161837510082,-0.9996081857819716
28704000000,146,28704000000,map,-0.00017598923295736313,0.00042513900552876294,-0.008449776098132133,0.008988828646543016,-0.008849441712789237,0.024957972842150733,-0.9996089865720934
28736000000,147,28736000000,map,-0.00026927064755000174,0.0004562369140330702,-0.008486133068799973,0.008968501093398725,-0.008911937187868677,0.024970659043552446,-0.9996082700756687
28772000000,148,28772000000,map,-0.0003876978880725801,0.0004962827661074698,-0.008540287613868713,0.008954893488548247,-0.008959056805641378,0.024925351181403266,-0.9996090708657904
28804000000,149,28804000000,map,-0.0004989467561244965,0.0005420618690550327,-0.00861838087439537,0.00901122423780997,-0.008968074744995797,0.024885943878045547,-0.999609534481124
28836000000,150,28832000000,map,-0.0005693497369065881,0.0006343389977701008,-0.00871441699564457,0.009010338796422152,-0.008968405691907893,0.024821037731338758,-0.9996111360613674
28872000000,151,28872000000,map,-0.0006119979661889374,0.00075682089664042,-0.008800728246569633,0.009004468122946337,-0.008980037312739542,0.024824620213462156,-0.9996110096208219
28904000000,152,28904000000,map,-0.0006579403998330235,0.0008563311421312392,-0.008947093971073627,0.009025536501361736,-0.008964649539250004,0.02482580032522047,-0.9996108410334279
28936000000,153,28936000000,map,-0.0006649575661867857,0.0009400096023455262,-0.009114190936088562,0.009058851290493577,-0.00901044438477311,0.02479254646174539,-0.9996109674739734
28972000000,154,28972000000,map,-0.0006253558676689863,0.0010146460263058543,-0.009207925759255886,0.009034136017356285,-0.00899010994520832,0.024779438791858455,-0.9996117682640951
29004000000,155,29004000000,map,-0.0005696715088561177,0.0010380058083683252,-0.009295082651078701,0.009010633384474578,-0.008965616537259231,0.024782431218102807,-0.9996120632920347
29036000000,156,29032000000,map,-0.0004923598608002067,0.0010061394423246384,-0.009358204901218414,0.009020049313015822,-0.00895160265096325,0.024798826342173563,-0.999611768264095
29072000000,157,29072000000,map,-0.0003896145790349692,0.0009156306623481214,-0.009393366985023022,0.009009866192984975,-0.00897349864361308,0.02477577201603809,-0.9996121475857317
29104000000,158,29104000000,map,-0.00026393981534056365,0.0008183106547221541,-0.009391304105520248,0.009008606259072582,-0.008988942309138404,0.02475069464117402,-0.9996126954947624
29136000000,159,29136000000,map,-0.00014968690811656415,0.0007423987844958901,-0.009346110746264458,0.009037861342542506,-0.009016997720020183,0.024706904065571245,-0.999613243403793
29172000000,160,29172000000,map,-7.701164577156305e-05,0.0006922549800947309,-0.009238772094249725,0.009053359983672049,-0.009013646590884888,0.024729241895282028,-0.9996125690542168
29204000000,161,29204000000,map,-4.897420876659453e-05,0.0007296568946912885,-0.00914784800261259,0.009095827093181422,-0.009014714541709238,0.024665431566636586,-0.9996137491659751
29236000000,162,29236000000,map,-4.4616350351134315e-05,0.0008208140498027205,-0.009034134447574615,0.009104983107582051,-0.009005079106906797,0.024660964000694452,-0.9996139177533692
29272000000,163,29272000000,map,-4.0736169466981664e-05,0.0009673404274508357,-0.008893239311873913,0.009145934569188982,-0.00900005915074442,0.02464313588377426,-0.9996140441939146
29304000000,164,29304000000,map,1.7421521079086233e-06,0.0011569607304409146,-0.00875728391110897,0.009127728072145128,-0.008993338421072113,0.02458872430234671,-0.9996155193336125
29336000000,165,29336000000,map,5.111975406180136e-05,0.001369004719890654,-0.008669206872582436,0.009115424536551276,-0.00896737656948512,0.024522300869093516,-0.9996175423823411
29372000000,166,29372000000,map,0.00011523503781063482,0.0015247719129547477,-0.008665315806865692,0.009096389863194965,-0.008984928200609454,0.024488246215496723,-0.9996183853193114
29404000000,167,29404000000,map,0.00016799650620669127,0.0015776202781125903,-0.008660362102091312,0.009061935138664684,-0.008971476446362025,0.024475475720397877,-0.9996191018157361
29436000000,168,29436000000,map,0.00022515411546919495,0.0015642880462110043,-0.008676677942276001,0.009021634562448725,-0.009014398029719754,0.024484537292827846,-0.9996188910814935
29472000000,169,29472000000,map,0.0003088630037382245,0.0015223455848172307,-0.008690768852829933,0.009020093164105491,-0.009026227210366694,0.024474084874397117,-0.9996190596688874
29504000000,170,29504000000,map,0.0004103765531908721,0.0014864708064123988,-0.008694535121321678,0.009009907051041304,-0.009059804824354428,0.024413899174723586,-0.9996203240743429
29536000000,171,29536000000,map,0.0005141420406289399,0.0014528410974889994,-0.00871258694678545,0.009049060223102335,-0.009115359572164423,0.02439527026768168,-0.9996199026058578
29572000000,172,29572000000,map,0.0005613068933598697,0.001453185686841607,-0.008691123686730862,0.00904121841658545,-0.009103016989511638,0.024422370691274176,-0.9996194389905242
29604000000,173,29604000000,map,0.0005827039713039994,0.0014793361769989133,-0.008655419573187828,0.009043216906234214,-0.009087224626598667,0.024395818176712325,-0.9996201976337973
29636000000,174,29636000000,map,0.0005833452451042831,0.0015368941240012646,-0.00860550720244646,0.0090573485858204,-0.00907498955519547,0.024389201121496173,-0.9996203240743429
29672000000,175,29672000000,map,0.0005424665869213641,0.001621397677809,-0.00854015164077282,0.009006404095884536,-0.009083756903573074,0.024386545870039966,-0.9996207876896763
29704000000,176,29704000000,map,0.0004987713764421642,0.0017323271604254842,-0.00847273413091898,0.009017337815170312,-0.009064920650191505,0.024388990387253562,-0.9996207876896765
29736000000,177,29736000000,map,0.0004360402817837894,0.001842847908847034,-0.00840612780302763,0.009015672927191189,-0.009095774864942455,0.02437731571021612,-0.999620829836525
29772000000,178,29772000000,map,0.00032083698897622526,0.001926272176206112,-0.008322259411215782,0.009024057955753976,-0.009094951244420325,0.024364503068268817,-0.999621082717616
29804000000,179,29804000000,map,0.0001983691763598472,0.001957677537575364,-0.008254424668848515,0.00900521466417798,-0.009067725396395884,0.024382626213128478,-0.999621082717616
29836000000,180,29836000000,map,8.10412602731958e-05,0.001940303249284625,-0.008200109004974365,0.008979928957729921,-0.009045360139335329,0.024440578129830914,-0.9996200290464032
29872000000,181,29872000000,map,-4.693257506005466e-05,0.001877069240435958,-0.008152414113283157,0.00896719887051054,-0.009043777420218214,0.024454149415051418,-0.9996198604590092
29904000000,182,29904000000,map,-0.00022486182569991797,0.0017802726943045855,-0.008082936517894268,0.008942049585673212,-0.009046964245714315,0.02453410198667655,-0.9996181324382203
29936000000,183,29936000000,map,-0.00041268658242188394,0.0016689628828316927,-0.008007149212062359,0.008928608296109605,-0.009026364052571281,0.02455880003990396,-0.9996177952634322
29972000000,184,29972000000,map,-0.0006118431920185685,0.0015478794230148196,-0.007966911420226097,0.0088630275683071,-0.009017983646682246,0.024589019330286288,-0.9996177531165836
30004000000,185,30004000000,map,-0.0007144605624489486,0.0014592382358387113,-0.007957951165735722,0.008880238742210566,-0.009055369763757596,0.024658224455541222,-0.999615477186764
30036000000,186,30036000000,map,-0.0007697679102420807,0.0013827960938215256,-0.007920743897557259,0.008886093933459346,-0.00909703514420485,0.02466707529372847,-0.999614887130885
30072000000,187,30072000000,map,-0.0007773892139084637,0.0013438818277791142,-0.00787118449807167,0.008891882241281533,-0.00911021423530158,0.024664883657605885,-0.9996147185434909
30104000000,188,30104000000,map,-0.0007474208250641823,0.0013299670536071062,-0.00781995989382267,0.00890166111273718,-0.009183240750279681,0.024663324224211025,-0.9996140020470662
30136000000,189,30136000000,map,-0.0006836896645836532,0.0013348982902243733,-0.007766278926283121,0.008912115496511648,-0.009200617774501579,0.02472515365097644,-0.9996122740262773
30172000000,190,30172000000,map,-0.0005963834701105952,0.0013701958814635873,-0.007669744547456503,0.008935600294670411,-0.009190813579951647,0.024740115782197813,-0.9996117261172466
30204000000,191,30204000000,map,-0.0005441941320896149,0.0013924089726060629,-0.007592494133859873,0.008953710793417592,-0.009174839399588365,0.024814083501334516,-0.9996099138027607
30236000000,192,30236000000,map,-0.0004893091972917318,0.0014254008419811726,-0.007520212791860104,0.008910165114053677,-0.009237186524655184,0.02483005715692016,-0.99960936589373
30272000000,193,30272000000,map,-0.00039487710455432534,0.0014558795373886824,-0.007440175395458937,0.008870260187712389,-0.009225300876710679,0.024870307397248048,-0.9996088179846994
30304000000,194,30304000000,map,-0.00028899742756038904,0.0014755302108824253,-0.007366337347775698,0.00881105320865479,-0.009267394918183838,0.024867694292640297,-0.9996089865720934
30336000000,195,30336000000,map,-0.0002008486626436934,0.0015083887847140431,-0.00728966249153018,0.008742766279659673,-0.009162179076927799,0.02486954875397479,-0.9996105038586397
30372000000,196,30372000000,map,-0.00011566176544874907,0.0015760983806103468,-0.0071982815861701965,0.008750971353218336,-0.009159532119016508,0.024909040351029477,-0.999609534481124
30404000000,197,30404000000,map,-8.39262138470076e-05,0.0016374763799831271,-0.0071197389625012875,0.008743775108107355,-0.00915060192621601,0.02493824811704759,-0.9996089022783963
30436000000,198,30436000000,map,-7.108860154403374e-05,0.001732956967316568,-0.007066872902214527,0.008726191846267122,-0.00921032413403304,0.024984946825197585,-0.9996073849918501
30472000000,199,30472000000,map,-4.6598488552263007e-05,0.0018291898304596543,-0.007027441170066595,0.008720800342380267,-0.009242885867230247,0.02507501464046541,-0.9996048140340907
30504000000,200,30504000000,map,-3.6592446122085676e-05,0.0019471917767077684,-0.006985663436353207,0.008660678500944468,-0.00925242227082986,0.025093264225870604,-0.9996047718872423
30536000000,201,30536000000,map,-7.354127592407167e-05,0.00208759936504066,-0.006954101379960775,0.008625236890875307,-0.009232884634105577,0.02517401758761756,-0.9996032546006959
30572000000,202,30572000000,map,-0.00013895859592594206,0.0022542972583323717,-0.006942928768694401,0.008619341209429044,-0.009199020032337874,0.02520520625551559,-0.9996028331322108
30604000000,203,30604000000,map,-0.00019524704839568585,0.0023915984202176332,-0.006950937211513519,0.008564674812435924,-0.009207298554188694,0.025203351794181095,-0.9996033388943929
30636000000,204,30636000000,map,-0.0002654257696121931,0.0025201698299497366,-0.006960381753742695,0.008478152209788318,-0.009180255156434676,0.025213087716187133,-0.9996040553908176
30672000000,205,30672000000,map,-0.0003551394329406321,0.0026354363653808832,-0.006949324160814285,0.00843694633906127,-0.009180050431410758,0.025184217124957164,-0.9996051090620304
30704000000,206,30704000000,map,-0.0004502698720898479,0.0027687617111951113,-0.00690040597692132,0.00840089300288274,-0.009154205852194976,0.025220969176858676,-0.9996046875935453
30736000000,207,30736000000,map,-0.0005189620424062014,0.00285523384809494,-0.006831831764429808,0.00833939074926063,-0.009155002155982223,0.02522889278437873,-0.9996050247683334
30772000000,208,30772000000,map,-0.0006129040848463774,0.0029434303287416697,-0.006704252678900957,0.008297198666973843,-0.009199221238264579,0.025275254317740692,-0.999603844656575
30804000000,209,30804000000,map,-0.0006948859081603587,0.002968187676742673,-0.00657158438116312,0.008320940390098541,-0.009242478516293028,0.025293714637388387,-0.9996027488385137
30836000000,210,30836000000,map,-0.0007681649876758456,0.002970467321574688,-0.006468677893280983,0.008268112649371709,-0.009222332940090295,0.025335819339050825,-0.9996022852231801
30872000000,211,30872000000,map,-0.0008357770275324583,0.002968248911201954,-0.006353055126965046,0.00822232125091751,-0.009243930730410225,0.025332616178564027,-0.9996025381042712
30904000000,212,30904000000,map,-0.0009106987854465842,0.0029616057872772217,-0.006229844875633717,0.008210255233806125,-0.009164738283783396,0.025363214790582844,-0.9996026223979683
30936000000,213,30936000000,map,-0.0009893999667838216,0.002970614470541477,-0.006096151191741228,0.008166601347347743,-0.009182117561462285,0.025408101184246967,-0.9996016530204526
30972000000,214,30972000000,map,-0.0010868399403989315,0.002931699389591813,-0.005934890825301409,0.00810399833658054,-0.009157916503543268,0.025412526603340646,-0.9996022852231803
31004000000,215,31004000000,map,-0.0011775102466344833,0.002895545680075884,-0.00582099799066782,0.008072387088903513,-0.009160376620029933,0.025417794959404494,-0.9996024116637257
31036000000,216,31036000000,map,-0.0012446459149941802,0.0028385589830577374,-0.00574029004201293,0.007995081372292056,-0.0091342328969714,0.025447297753362075,-0.9996024959574228
31072000000,217,31072000000,map,-0.0012910680379718542,0.0027592871338129044,-0.005701473448425531,0.007933636576678268,-0.009129546653093562,0.02541749993146486,-0.9996038025097266
31104000000,218,31104000000,map,-0.0013596339849755168,0.0026504602283239365,-0.005673311185091734,0.007878078880852624,-0.009180904152047293,0.025441186460328058,-0.9996031281601503
31136000000,219,31136000000,map,-0.0014342390932142735,0.0025029026437550783,-0.005659628193825483,0.007799200148365788,-0.009193074960053513,0.02546575807300988,-0.9996030017196049
31172000000,220,31172000000,map,-0.0015835139201954007,0.002331456169486046,-0.005651344545185566,0.007794370794534561,-0.009200797958452817,0.02544683413802845,-0.9996034653349385
31204000000,221,31204000000,map,-0.0017426364356651902,0.0021876783575862646,-0.005659276153892279,0.00767234998814914,-0.009211136201729447,0.02543545448893053,-0.9996046454466968
31236000000,222,31236000000,map,-0.0019300614949315786,0.0020343137439340353,-0.005707348231226206,0.0075212895915493985,-0.009190728730607696,0.02541682558188879,-0.9996064156143343
31272000000,223,31268000000,map,-0.002131935441866517,0.0018697755876928568,-0.005743070039898157,0.007513242506934102,-0.009205111013389786,0.02537307715313447,-0.9996074271386984
31304000000,224,31304000000,map,-0.0023515585344284773,0.001714046811684966,-0.005793123506009579,0.007428401806380372,-0.009189750215786899,0.025371939188224613,-0.9996083122225172
31336000000,225,31336000000,map,-0.0025571996811777353,0.0015489005018025637,-0.005821431055665016,0.007365317440736866,-0.009219994283906323,0.025284358037019006,-0.9996106724460339
31372000000,226,31372000000,map,-0.002852842677384615,0.0013174924533814192,-0.005842236801981926,0.007345719403133491,-0.00922896868150692,0.02524663660760179,-0.9996117261172466
31404000000,227,31404000000,map,-0.0030925546307116747,0.0010817417642101645,-0.00589402299374342,0.007246796222184929,-0.009216431887390391,0.025222149288616935,-0.9996132012569444
31436000000,228,31436000000,map,-0.0033381700050085783,0.000803128641564399,-0.005959149915724993,0.007124609297947371,-0.009172520715824545,0.025215700820794773,-0.9996145921029453
31472000000,229,31472000000,map,-0.003613773500546813,0.0005033280467614532,-0.00602768687531352,0.007092335101745963,-0.009174737623592607,0.025183711362774974,-0.9996155614804612
31504000000,230,31504000000,map,-0.0038940284866839647,0.00020080713147763163,-0.006080770865082741,0.0069969041823232355,-0.009167975606266575,0.02516453454670259,-0.9996167837390679
31536000000,231,31536000000,map,-0.004166238009929657,-0.00014704775821883231,-0.0061534130945801735,0.006882346249256465,-0.009203466051526908,0.0251126517761856,-0.999618596053554
31572000000,232,31572000000,map,-0.0045251017436385155,-0.0006528383819386363,-0.006241414230316877,0.006846407993730707,-0.009227082939308313,0.025113705447398382,-0.9996185539067054
31604000000,233,31604000000,map,-0.004809764213860035,-0.0010897971224039793,-0.006284081842750311,0.006768074124506161,-0.009216114221983351,0.02501803210127873,-0.9996216727734952
31636000000,234,31636000000,map,-0.005089101381599903,-0.0015509960940107703,-0.006338468752801418,0.006598622802386176,-0.009187375257336922,0.025060010362395524,-0.9996220099482832
31672000000,235,31672000000,map,-0.0053782095201313496,-0.0020543925929814577,-0.0063918158411979675,0.006523421135477724,-0.009193427116729156,0.02504521681856825,-0.999622810738405
31704000000,236,31704000000,map,-0.005693267565220594,-0.0025963911321014166,-0.006445854436606169,0.006396174284513082,-0.009202058248004968,0.024976728189738007,-0.9996252131087701
31736000000,237,31736000000,map,-0.006019095424562693,-0.003197093727067113,-0.006609803065657616,0.006416995486221971,-0.009107069129629034,0.024998686697812245,-0.9996254238430127
31772000000,238,31772000000,map,-0.006411702372133732,-0.003982460591942072,-0.006829928141087294,0.006443356035059757,-0.009041523865477259,0.024973862204039243,-0.9996264775142254
31804000000,239,31804000000,map,-0.006695294752717018,-0.004605052061378956,-0.007008049171417952,0.006525529383401968,-0.008848225082680012,0.02496758232361118,-0.9996278683602262
31836000000,240,31836000000,map,-0.006966233253479004,-0.005226851440966129,-0.0071695661172270775,0.006622229482727706,-0.008801131824051596,0.024993123313808763,-0.9996269411295591
31872000000,241,31872000000,map,-0.007297019008547068,-0.005887917708605528,-0.007331440690904856,0.006616825301859072,-0.00872918336701258,0.024996790089629184,-0.9996275733322866
31904000000,242,31904000000,map,-0.007639549672603607,-0.006583200301975012,-0.0074944207444787025,0.006629195731169274,-0.008606809663088945,0.02501592475885317,-0.9996280790944688
31936000000,243,31936000000,map,-0.008010868914425373,-0.007335096597671509,-0.0076561602763831615,0.006682406785958786,-0.008571358236590712,0.025042224392323897,-0.9996273204511956
31972000000,244,31972000000,map,-0.00852290540933609,-0.008337086997926235,-0.007886129431426525,0.006700247909132926,-0.008440470046087242,0.025065236571610916,-0.9996277419196807
32004000000,245,32004000000,map,-0.008980488404631615,-0.009187999181449413,-0.0080559141933918,0.006685216054511777,-0.008360836127685874,0.0250518338737844,-0.999628837737742
32036000000,246,32036000000,map,-0.009466785937547684,-0.010101566091179848,-0.008246537297964096,0.006747722053441147,-0.008251449662322231,0.02511400047533796,-0.9996277840665293
32072000000,247,32072000000,map,-0.00999106839299202,-0.01109590195119381,-0.00843816064298153,0.006755627550987226,-0.008253679164754005,0.025152733429119556,-0.9996267303953165
32104000000,248,32104000000,map,-0.010567538440227509,-0.012127887457609177,-0.008635958656668663,0.006802283165631054,-0.00811386320983291,0.025200738689573343,-0.9996263510736799
32136000000,249,32136000000,map,-0.011364337988197803,-0.013487828895449638,-0.008914678357541561,0.006806547817546687,-0.007996614710860713,0.025174228321860004,-0.9996279105070749
32172000000,250,32172000000,map,-0.012004466727375984,-0.014587584882974625,-0.009111840277910233,0.0067970055899440815,-0.007942636369401339,0.02513562180862411,-0.9996294277936212
32204000000,251,32204000000,map,-0.012584179639816284,-0.015590445138514042,-0.009357684291899204,0.006869430750888815,-0.007871957668491776,0.0251722895668286,-0.999628584856651
32236000000,252,32236000000,map,-0.013111944310367107,-0.016492700204253197,-0.00965265091508627,0.006876860779300129,-0.007763088078248834,0.025085762086835717,-0.9996314929891982
32272000000,253,32272000000,map,-0.013699185103178024,-0.017392035573720932,-0.0099701639264822,0.006906559490248879,-0.007675243838512258,0.025065910921187096,-0.999632546660411
32304000000,254,32304000000,map,-0.014323903247714043,-0.018320860341191292,-0.010304820723831654,0.006955664849303374,-0.007531584659001606,0.024979425588042725,-0.9996354126461098
32336000000,255,32336000000,map,-0.014976631850004196,-0.019291231408715248,-0.010615963488817215,0.006928087824702732,-0.007447243361559599,0.024944359410081607,-0.9996370985200501
32372000000,256,32372000000,map,-0.015856435522437096,-0.02052626945078373,-0.01101349201053381,0.00694782183116749,-0.007440455023032766,0.024920082825339307,-0.9996376885759293
32404000000,257,32404000000,map,-0.016642896458506584,-0.02154676429927349,-0.011332741007208824,0.0069013055810051615,-0.007455259720957694,0.024878652473253104,-0.9996389108345362
32436000000,258,32436000000,map,-0.017480600625276566,-0.022577660158276558,-0.011657090857625008,0.006846944357652943,-0.0074106943883207495,0.024868790110701644,-0.9996398380652034
32472000000,259,32472000000,map,-0.018370522186160088,-0.023673254996538162,-0.011986290104687214,0.006832849858820843,-0.00738441352336843,0.0248360841562571,-0.9996409338832647
32504000000,260,32504000000,map,-0.019267357885837555,-0.02481670491397381,-0.012301529757678509,0.006804785902295095,-0.0073136299492459695,0.024819394004246875,-0.9996421139950229
32536000000,261,32536000000,map,-0.020202836021780968,-0.025991171598434448,-0.012551521882414818,0.006623780293305457,-0.00725082130795615,0.024849739735174736,-0.9996429569319931
32572000000,262,32572000000,map,-0.021497048437595367,-0.02754439227283001,-0.012590330094099045,0.006273324905659524,-0.007217072610021853,0.024806581362299573,-0.9996465815609651
32604000000,263,32604000000,map,-0.022379109635949135,-0.028568074107170105,-0.012377067469060421,0.005211240087094155,-0.007062288350024626,0.024718199420972198,-0.999655980308183
32636000000,264,32636000000,map,-0.02327490970492363,-0.02958860993385315,-0.012000394985079765,0.003715392210205156,-0.006881290273137799,0.024543037118560873,-0.9996682028942512
32672000000,265,32672000000,map,-0.024250011891126633,-0.030687250196933746,-0.011526078917086124,0.0029037762753314415,-0.006714046968435015,0.02439164563870977,-0.9996757050332861
32704000000,266,32704000000,map,-0.025259969756007195,-0.03184116259217262,-0.010913299396634102,0.0010911178644937049,-0.006153677781793978,0.024033776748003777,-0.9996916786888717
32736000000,267,32736000000,map,-0.026202335953712463,-0.03311283141374588,-0.010081077925860882,-0.0006205059893848156,-0.005501836762994141,0.023527171628902777,-0.9997078630787
32772000000,268,32772000000,map,-0.027259455993771553,-0.034872084856033325,-0.008521322160959244,-0.0012996535562081555,-0.005248035191342745,0.023229151263082337,-0.9997155759519775
32804000000,269,32804000000,map,-0.028103908523917198,-0.03647240623831749,-0.006617712788283825,-0.0022471655421372632,-0.003578730107250733,0.022757991643579,-0.9997321396634422
32836000000,270,32836000000,map,-0.02904839813709259,-0.03824638947844505,-0.003946834243834019,-0.002809250443016753,-0.0011646616456031903,0.02242802396658722,-0.9997438986341767
32872000000,271,32872000000,map,-0.03024129942059517,-0.04020506888628006,-0.0006047934293746948,-0.002953062157899067,-0.0009447100025246766,0.022254716125510443,-0.9997475232631488
32904000000,272,32904000000,map,-0.03162185475230217,-0.04233355075120926,0.0033540362492203712,-0.0028813388819227486,-0.002189230912228118,0.022113987798332513,-0.9997489141091496
32936000000,273,32936000000,map,-0.03308184817433357,-0.044615935534238815,0.007990811951458454,-0.0021487809271191374,-0.00416244687812844,0.02190481298917296,-0.9997491248433921
32972000000,274,32972000000,map,-0.03489794582128525,-0.04772844538092613,0.01478803064674139,-0.0017768302968808782,-0.005025198217820568,0.02177247188484882,-0.999748787668604
33004000000,275,33004000000,map,-0.03593294322490692,-0.05001617595553398,0.021169882267713547,-0.0007334506530431542,-0.007287332353147243,0.021431756761486787,-0.9997434771656917
33036000000,276,33036000000,map,-0.03660258278250694,-0.05211735889315605,0.02835928276181221,0.0006270236043804403,-0.009278588199186021,0.021050833544645264,-0.9997352163833835
33072000000,277,33072000000,map,-0.03732181340456009,-0.054389942437410355,0.03623025491833687,0.00131625101807909,-0.010168853446103602,0.02084258596615285,-0.9997302009084108
33104000000,278,33104000000,map,-0.03806111589074135,-0.056805793195962906,0.044856615364551544,0.0028115494218942396,-0.011668176873951544,0.02043776548620574,-0.9997191162872524
33136000000,279,33136000000,map,-0.038837503641843796,-0.05931392312049866,0.05424260348081589,0.004340397046396316,-0.01280362120464138,0.01996791241900636,-0.9997092539247008
33172000000,280,33172000000,map,-0.03987570479512215,-0.06250528991222382,0.06716351211071014,0.005210036679323878,-0.013204367928262135,0.019687973051197016,-0.9997054607083349
33204000000,281,33204000000,map,-0.040755949914455414,-0.06512077897787094,0.07847219705581665,0.006415645305344479,-0.013542848610108618,0.019092775256526195,-0.9997054607083349
33236000000,282,33236000000,map,-0.04162527620792389,-0.06771928071975708,0.09068974107503891,0.007620929927467152,-0.01375639286207865,0.018397689430884434,-0.9997071465822752
33272000000,283,33272000000,map,-0.042446061968803406,-0.07027324289083481,0.10376358777284622,0.008169098095372664,-0.013860044145640337,0.018038724722117205,-0.9997078630787
33304000000,284,33304000000,map,-0.04316317290067673,-0.07275798916816711,0.11764070391654968,0.009184477579183852,-0.014127921612241483,0.01735952825836412,-0.9997073151696693
33336000000,285,33336000000,map,-0.04377124458551407,-0.07514946907758713,0.13229084014892578,0.009933964449540951,-0.014407679221766638,0.016601938656380766,-0.9997090431904583
33372000000,286,33372000000,map,-0.04433513432741165,-0.07802502810955048,0.15172626078128815,0.01017080767693116,-0.014445464859273416,0.01622308063511635,-0.9997123727914905
33404000000,287,33404000000,map,-0.04413909465074539,-0.0796610489487648,0.16802899539470673,0.010636287350053094,-0.014400460586142385,0.015462414313191728,-0.9997202121053137
33436000000,288,33436000000,map,-0.04365919530391693,-0.08106457442045212,0.1850663423538208,0.010929468730828968,-0.014162006888157908,0.014742546140625756,-0.9997313388733206
33472000000,289,33472000000,map,-0.0430738665163517,-0.08243117481470108,0.2028833031654358,0.011101707918805435,-0.014016072602008302,0.014378018047854935,-0.9997367758167784
33504000000,290,33504000000,map,-0.04236317053437233,-0.08379711955785751,0.22147545218467712,0.011349673139754836,-0.013629889425545454,0.013706955925864517,-0.9997487455217555
33536000000,291,33532000000,map,-0.04152614250779152,-0.08514481782913208,0.2407977432012558,0.01139800380351375,-0.013200532812001833,0.013026031441322528,-0.9997630754502491
33572000000,292,33572000000,map,-0.04018930345773697,-0.08681533485651016,0.2658935785293579,0.011428107437016848,-0.012956678802097707,0.01272084611125518,-0.9997698610928595
33604000000,293,33604000000,map,-0.0387907512485981,-0.08812028169631958,0.2866557240486145,0.011436577471842395,-0.012636374771852183,0.012250445135025045,-0.9997796813085624
33636000000,294,33636000000,map,-0.03706256300210953,-0.08942088484764099,0.30802586674690247,0.011449256871714176,-0.011773580266625507,0.01189936188692925,-0.9997943484118443
33672000000,295,33668000000,map,-0.03500983864068985,-0.09073769301176071,0.33000919222831726,0.011465538962793974,-0.01097212346121201,0.011787799178920977,-0.9998045900960324
33704000000,296,33704000000,map,-0.03211561217904091,-0.0923938900232315,0.35842669010162354,0.011388662596622207,-0.009145869419586486,0.011645595712045265,-0.9998254949328939
33736000000,297,33736000000,map,-0.030227458104491234,-0.09340162575244904,0.37596142292022705,0.011568762336482083,-0.0070475322609161945,0.011643277635377092,-0.9998404570641153
33772000000,298,33772000000,map,-0.02689828723669052,-0.09508117288351059,0.4060184061527252,0.011729797542108112,-0.006044321362523511,0.011715601627421857,-0.9998443345741783
33804000000,299,33804000000,map,-0.023335102945566177,-0.09526331722736359,0.43163400888442993,0.012030145862764364,-0.004127462277368304,0.011900668439233097,-0.9998483385247867
33836000000,300,33836000000,map,-0.019427841529250145,-0.09522686898708344,0.45808809995651245,0.012504012100195458,-0.0023376133787451816,0.012088727677288746,-0.9998460625949672
33872000000,301,33872000000,map,-0.015350651927292347,-0.09533485025167465,0.4850008189678192,0.012810300163041459,-0.0015038851656546763,0.01219843592396258,-0.9998423958191467
33904000000,302,33904000000,map,-0.011007803492248058,-0.09555235505104065,0.5122783780097961,0.01340382459611752,7.785642445631682e-05,0.012519932084403718,-0.999831774813322
33936000000,303,33936000000,map,-0.00651302607730031,-0.09589391946792603,0.5397375822067261,0.01411818536096333,0.0010583481958681036,0.012983083802689976,-0.9998154639829483
33972000000,304,33972000000,map,-0.0006948009831830859,-0.09647998958826065,0.5738682746887207,0.014511870511824988,0.001369778503504687,0.013206082778161043,-0.9998065709979125
34004000000,305,34004000000,map,0.004180983640253544,-0.09707679599523544,0.600626528263092,0.015201276391085301,0.001693946379014673,0.01360976529319835,-0.9997904709017813
34036000000,306,34036000000,map,0.009364889934659004,-0.09777898341417313,0.6269163489341736,0.015980290421546826,0.003900167286799457,0.013976316434697711,-0.9997670794008577
34072000000,307,34072000000,map,0.014764131046831608,-0.09850888699293137,0.6533864736557007,0.016463355537937676,0.00789796544326856,0.014087120499432781,-0.9997340784184738
34104000000,308,34104000000,map,0.021396130323410034,-0.09935706853866577,0.6872206926345825,0.017265307393895292,0.017239298055075417,0.014157337149051931,-0.9996020744889376
34136000000,309,34136000000,map,0.025098731741309166,-0.09983369708061218,0.7076797485351562,0.01775177580656485,0.02402515508330525,0.014186123446584877,-0.9994530853794517
34172000000,310,34172000000,map,0.03058825246989727,-0.10057332366704941,0.7418026328086853,0.017863470223474783,0.026379804679199752,0.0141664408683303,-0.9993920145959593
34204000000,311,34204000000,map,0.03706962242722511,-0.0995505228638649,0.7694693803787231,0.018025242340405246,0.02996922325192833,0.014243948922741891,-0.9992867739152276
34236000000,312,34236000000,map,0.04370821639895439,-0.0981258973479271,0.7969126105308533,0.01808108362195964,0.030083244306584964,0.014439046684498693,-0.9992795668041323
34272000000,313,34272000000,map,0.04963891580700874,-0.09683825075626373,0.8240758180618286,0.018112810320720724,0.030267082932888913,0.014527049304189578,-0.9992721489587943
34304000000,314,34304000000,map,0.05487123504281044,-0.09564512223005295,0.8509817123413086,0.01802844089108052,0.029986571289902116,0.014568184628336147,-0.9992815898528608
34336000000,315,34336000000,map,0.05941104516386986,-0.09454541653394699,0.8776388168334961,0.01793144024850495,0.028829313330929862,0.014597350247505693,-0.9993169089119129
34372000000,316,34372000000,map,0.06418994069099426,-0.09327220171689987,0.910476803779602,0.01786703953470805,0.028169009521294065,0.014573115809611905,-0.9993372658397437
34404000000,317,34404000000,map,0.07053668051958084,-0.09067495912313461,0.9362662434577942,0.01762550878751002,0.026528915290147483,0.014620109545701533,-0.9993857768623796
34436000000,318,34436000000,map,0.07713241875171661,-0.0877891331911087,0.9615765810012817,0.01755933099135833,0.02469307693580939,0.014666260344820938,-0.9994332763606515
34472000000,319,34472000000,map,0.08300627768039703,-0.08520996570587158,0.9862556457519531,0.017539498264955922,0.02377674386308782,0.014730492141951603,-0.999454939840786
34504000000,320,34504000000,map,0.08820577710866928,-0.08295892924070358,1.0099221467971802,0.0174638082872948,0.0221710906865281,0.014787221800047214,-0.9994922819485668
34536000000,321,34536000000,map,0.0929918959736824,-0.08101286739110947,1.0324218273162842,0.017509518190866134,0.021142542617463036,0.014843150668021167,-0.9995129760511856
34572000000,322,34572000000,map,0.09862826019525528,-0.07906922698020935,1.0585148334503174,0.017609531674565727,0.02086037835703346,0.01488196791549973,-0.999516558533309
34604000000,323,34604000000,map,0.10300277173519135,-0.07788636535406113,1.0776699781417847,0.017898030145345335,0.020954307218751543,0.014942448643112895,-0.9995085927789404
34636000000,324,34636000000,map,0.10729556530714035,-0.07703542709350586,1.0953783988952637,0.018489310094102065,0.021773819266912096,0.014963227039428763,-0.9994799750688015
34672000000,325,34672000000,map,0.11161551624536514,-0.07655172795057297,1.1114495992660522,0.01878963256688638,0.0223851146881722,0.014977472674225447,-0.9994606718121835
34704000000,326,34704000000,map,0.11605189740657806,-0.07642749696969986,1.125762701034546,0.019502877098791158,0.024164181896110627,0.015064000154218273,-0.9994042371820275
34736000000,327,34736000000,map,0.12047651410102844,-0.07665931433439255,1.1384562253952026,0.020490281117994856,0.0265183696876689,0.015071755174344338,-0.9993246639320389
34772000000,328,34772000000,map,0.12575763463974,-0.07737274467945099,1.152782678604126,0.020955729839524918,0.027758835733041536,0.015080648159380096,-0.9992812105312241
34804000000,329,34804000000,map,0.13367150723934174,-0.07603482902050018,1.165113925933838,0.021837599961054735,0.029971397765893686,0.015063536538884705,-0.9991986870018399
34836000000,330,34836000000,map,0.1420823484659195,-0.0743267759680748,1.1778286695480347,0.02269458368562789,0.03146800996600226,0.015058478917063358,-0.999133612267739
34872000000,331,34872000000,map,0.1498127281665802,-0.07297876477241516,1.1901556253433228,0.023006166775590323,0.03194182812968427,0.015028512507772098,-0.9991119066407559
34904000000,332,34904000000,map,0.15694652497768402,-0.07200595736503601,1.2017810344696045,0.023463754451328592,0.03271478091649432,0.014995637965933563,-0.9990767561690979
34936000000,333,34936000000,map,0.16348369419574738,-0.07140310853719711,1.2125506401062012,0.023927514006195673,0.033450731404489835,0.014931321875105931,-0.9990423643407129
34972000000,334,34972000000,map,0.17085957527160645,-0.07111964374780655,1.2247954607009888,0.02415313826934789,0.03378258350659122,0.014872653461978915,-0.9990266014193698
35004000000,335,35004000000,map,0.1761511266231537,-0.07122465968132019,1.2337714433670044,0.024720452301733985,0.03435648495969067,0.014798306421205666,-0.9989943169334106
35036000000,336,35036000000,map,0.1808641403913498,-0.07157738506793976,1.242218017578125,0.02529087400565325,0.03457344541129585,0.014690241901623715,-0.9989741707398223
35072000000,337,35072000000,map,0.18490347266197205,-0.07214245200157166,1.2503842115402222,0.025576332964256265,0.03459776052089185,0.014608561309209568,-0.9989671743629694
35104000000,338,35104000000,map,0.1882326900959015,-0.07283633947372437,1.2587429285049438,0.026021666114517734,0.034179248571351496,0.014450426333596668,-0.998972400572185
35136000000,339,35136000000,map,0.19105736911296844,-0.07362676411867142,1.2674764394760132,0.02643683232868528,0.03311588490051066,0.01430265948271753,-0.9989994588489288
35172000000,340,35172000000,map,0.19400545954704285,-0.0748538076877594,1.2782433032989502,0.026602010108538778,0.032604702567806974,0.014230630518612343,-0.9990129036936038
35204000000,341,35204000000,map,0.2000506967306137,-0.07428044080734253,1.2864549160003662,0.027052676646134276,0.03162386555443688,0.014013742836175293,-0.9990354101107086
35236000000,342,35236000000,map,0.20931948721408844,-0.07233232259750366,1.2942038774490356,0.027688975191365085,0.03058013869300732,0.013779237771060661,-0.9990537018429624
35272000000,343,35272000000,map,0.2174791395664215,-0.07082745432853699,1.3014072179794312,0.02800897950154141,0.030214615786439226,0.013701729716649182,-0.9990570314439947
35304000000,344,35304000000,map,0.22457075119018555,-0.06967421621084213,1.3082669973373413,0.028634276114108636,0.02951817529358561,0.013429376781571802,-0.9990637749397564
35336000000,345,35336000000,map,0.23059026896953583,-0.06884799152612686,1.3150054216384888,0.029109206847577854,0.028730098744036515,0.013226692587082924,-0.999075786791582
35372000000,346,35372000000,map,0.236599862575531,-0.0682278722524643,1.3234877586364746,0.02932583041250818,0.028408777139049064,0.01312149405319968,-0.9990800014764332
35404000000,347,35404000000,map,0.2404509037733078,-0.06799353659152985,1.3305779695510864,0.029561126513053978,0.027591654331522504,0.012843114118785194,-0.9990995997609908
35436000000,348,35436000000,map,0.2436729371547699,-0.06802614033222198,1.3375338315963745,0.0299203231941242,0.026674949675062305,0.012562078932914557,-0.9991173857310623
35472000000,349,35472000000,map,0.24617712199687958,-0.0683591440320015,1.3440771102905273,0.030106163795732416,0.02654112882122866,0.012421814221070306,-0.9991170485562743
35504000000,350,35504000000,map,0.24797029793262482,-0.06895013153553009,1.350117564201355,0.030390801055425597,0.026529608408242134,0.01212290877143113,-0.999112412402938
35536000000,351,35536000000,map,0.2490164339542389,-0.06976594775915146,1.3556535243988037,0.030950291743692983,0.026278690602991196,0.011731575283007447,-0.999106553990995
35572000000,352,35572000000,map,0.24926891922950745,-0.07105852663516998,1.3621386289596558,0.031209744450403507,0.02608263202479712,0.011482360967762508,-0.9991065118441464
35604000000,353,35604000000,map,0.25357362627983093,-0.07024489343166351,1.3675260543823242,0.03170701486573992,0.025442952676698452,0.01101495241777667,-0.9991126652840292
35636000000,354,35636000000,map,0.2614439129829407,-0.06777273863554001,1.373439073562622,0.03236599664727594,0.02437429825928048,0.010482174105750476,-0.9991238341988844
35672000000,355,35672000000,map,0.26783686876296997,-0.06571955978870392,1.379799485206604,0.032585119100500846,0.02373382849313611,0.010222001609892785,-0.9991348345263458
35704000000,356,35704000000,map,0.2729097008705139,-0.06400609016418457,1.386715292930603,0.03292799951820516,0.02251375098573062,0.009602316496237108,-0.9991579731461784
35736000000,357,35736000000,map,0.2769699990749359,-0.06254056096076965,1.3943265676498413,0.0329293597418864,0.021399202930823584,0.008839880006675018,-0.9991894989888644
35772000000,358,35772000000,map,0.2809169292449951,-0.06129167601466179,1.4041627645492554,0.03317282628066564,0.02114501001909832,0.008433795121272571,-0.9991903840726832
35804000000,359,35804000000,map,0.2830776572227478,-0.06071177124977112,1.4121369123458862,0.03351022694951903,0.021136913214372673,0.007411101842155655,-0.9991873916464389
35836000000,360,35836000000,map,0.2843473255634308,-0.060466695576906204,1.4203450679779053,0.03373613537462644,0.021428899995411067,0.0062750756873929964,-0.9991813225002534
35872000000,361,35872000000,map,0.2846674621105194,-0.060533422976732254,1.4290642738342285,0.03391427561530281,0.021443797589270654,0.0057022157224330145,-0.9991784565145546
35904000000,362,35904000000,map,0.2840113341808319,-0.060896456241607666,1.438651204109192,0.03439188172699474,0.021226601049459348,0.004437009476984445,-0.9991731881584907
35936000000,363,35936000000,map,0.2823970317840576,-0.061490628868341446,1.4490883350372314,0.03491675552929163,0.0205489976048711,0.00313762213739366,-0.999174031095461
35972000000,364,35972000000,map,0.2790832817554474,-0.06249038502573967,1.4635547399520874,0.035232897064338325,0.019934935802769088,0.0024866640621428195,-0.9991771921090993
36004000000,365,36004000000,map,0.2836618721485138,-0.05996549502015114,1.475425124168396,0.03570705371989744,0.018202305860811063,0.0010127466228683779,-0.9991960317503836
36036000000,366,36036000000,map,0.289379745721817,-0.056795209646224976,1.4877642393112183,0.03608334341758073,0.015928243673447424,-0.0006363752656658995,-0.9992216570342782
36072000000,367,36072000000,map,0.2935357391834259,-0.054170385003089905,1.5005899667739868,0.03628863808249927,0.01463687213760773,-0.0014795651169748894,-0.9992330366833762
36104000000,368,36104000000,map,0.29624879360198975,-0.05208292976021767,1.5132395029067993,0.0362921718323291,0.012091504100934385,-0.003214034373743623,-0.9992629187989704
36136000000,369,36136000000,map,0.2976093888282776,-0.050537142902612686,1.5253609418869019,0.035979663487332954,0.009621767266824826,-0.00506777921179835,-0.9992933909704438
36172000000,370,36172000000,map,0.2977069020271301,-0.04940405488014221,1.5395408868789673,0.03598361475438085,0.008433563313605702,-0.005985442544426011,-0.9992989122075988
36204000000,371,36204000000,map,0.29693514108657837,-0.049191996455192566,1.5500483512878418,0.03663849512072115,0.0062212620643787115,0.012996022885182812,-0.999224691607371
36236000000,372,36236000000,map,0.29556480050086975,-0.04976934194564819,1.5594532489776611,0.037695697449145305,0.006354734548167633,0.010316579137951198,-0.9992158407691838
36272000000,373,36272000000,map,0.2936018407344818,-0.05096061900258064,1.5678110122680664,0.03832057979605798,0.006752371624621694,0.00885033242510569,-0.9992034917425701
36304000000,374,36304000000,map,0.29107969999313354,-0.052609141916036606,1.5755068063735962,0.04019500820001935,0.007909998039246167,0.006179402341273289,-0.999141451581562
36336000000,375,36336000000,map,0.28805065155029297,-0.054549459367990494,1.5830165147781372,0.04190685250167192,0.009606906551457687,0.003398764010767053,-0.9990695912048511
36372000000,376,36372000000,map,0.2834998369216919,-0.0571732260286808,1.5925959348678589,0.04263123565538472,0.01039827158416642,0.0021717428100693774,-0.9990343985863444
36404000000,377,36404000000,map,0.28719839453697205,-0.05507832393050194,1.6011638641357422,0.04400598946264716,0.011598832466533333,-7.042738386159249e-05,-0.9989639712024827
36436000000,378,36436000000,map,0.2921656668186188,-0.051805391907691956,1.6105040311813354,0.04466776478998604,0.012171585747283113,-0.0019538857501164566,-0.9989258704514288
36472000000,379,36472000000,map,0.2956588864326477,-0.048646003007888794,1.620566725730896,0.04462888300514572,0.01225210335009613,-0.0027897420497845484,-0.9989246903396705
36504000000,380,36504000000,map,0.29779016971588135,-0.04553688317537308,1.6313632726669312,0.04411585576000293,0.01212653735167005,-0.004128916014369598,-0.9989443307710766
36536000000,381,36536000000,map,0.2986748516559601,-0.04238085821270943,1.642809271812439,0.04273552144657985,0.011826766574547298,-0.005205009350549738,-0.9990029148905066
36572000000,382,36568000000,map,0.2981480062007904,-0.03842863813042641,1.6577703952789307,0.0419160655393386,0.011654744212350084,-0.005619945074139542,-0.9990373488657401
36604000000,383,36604000000,map,0.29649507999420166,-0.035296857357025146,1.6700319051742554,0.04006700690400275,0.011225797295808491,-0.006265761233872013,-0.9991143511579696
36636000000,384,36636000000,map,0.29384467005729675,-0.03230693191289902,1.6823927164077759,0.038093400380050164,0.01074224255157596,-0.0067815965127968605,-0.9991934607926245
36672000000,385,36672000000,map,0.2903482913970947,-0.029505565762519836,1.6953907012939453,0.03723819340855955,0.010676482931186837,-0.006921397609307488,-0.9992254502506442
36704000000,386,36704000000,map,0.2861788868904114,-0.02682783454656601,1.708893895149231,0.035854770521394026,0.010766745675628978,-0.007280404464923284,-0.9992724861335824
36736000000,387,36736000000,map,0.28151270747184753,-0.024361377581954002,1.7223392724990845,0.03466738843172087,0.011589910505539185,-0.007436137070170989,-0.9993040541231171
36772000000,388,36772000000,map,0.27496418356895447,-0.021823609247803688,1.7382111549377441,0.03420509150420601,0.012053329592895642,-0.007522032347436257,-0.9993139164856686
36804000000,389,36804000000,map,0.276269793510437,-0.01710008643567562,1.7505505084991455,0.0337455947079391,0.013018599108005409,-0.00751284433446081,-0.9993174568209435
36836000000,390,36836000000,map,0.27908653020858765,-0.01203212421387434,1.762128472328186,0.03424815702230554,0.013458735354282136,-0.007275093962010925,-0.9992962569561425
36872000000,391,36872000000,map,0.28105953335762024,-0.007681569550186396,1.7729016542434692,0.03461194622813831,0.013635737630048715,-0.00711337650427457,-0.9992824749366794
36904000000,392,36904000000,map,0.2822163999080658,-0.0040045930072665215,1.7831988334655762,0.03541887135048166,0.014121598597148207,-0.006847809211807387,-0.9992493053669014
36936000000,393,36936000000,map,0.2825852930545807,-0.0001864260993897915,1.796032428741455,0.03658070388887862,0.014818115440005717,-0.0063850789620062956,-0.9992004571694773
36972000000,394,36972000000,map,0.2820103168487549,0.0022740319836884737,1.8068009614944458,0.036891954413864524,0.015064678455061495,-0.006240220243674376,-0.9991862536815291
37004000000,395,37004000000,map,0.28069961071014404,0.004341965075582266,1.8184294700622559,0.03763472281315119,0.015701676703832036,-0.005827729037298278,-0.9991512296504166
37036000000,396,37036000000,map,0.27874016761779785,0.006077739410102367,1.8307247161865234,0.03833261930675292,0.016130634157085752,-0.005350879593245982,-0.9991205467447006
37072000000,397,37072000000,map,0.2762903571128845,0.007482605054974556,1.8428913354873657,0.03856867195146129,0.01643687447545493,-0.005103941207820705,-0.9991077762496019
37104000000,398,37104000000,map,0.2733554542064667,0.008396241813898087,1.854085922241211,0.03897871864062378,0.017199210866251785,-0.004592194173201335,-0.999081476616131
37136000000,399,37136000000,map,0.269868403673172,0.008795630186796188,1.863824725151062,0.03944767411165885,0.017769212089502703,-0.004074082964456992,-0.9990553877169028
37172000000,400,37172000000,map,0.2647359371185303,0.008625159040093422,1.8741352558135986,0.039926925926076225,0.017910825500499307,-0.0037651465648721448,-0.9990349886422236
37204000000,401,37204000000,map,0.2665310204029083,0.01184665784239769,1.882610559463501,0.04087309962608802,0.017908646376722397,-0.0031430590808512724,-0.9989989109398982
37236000000,402,37236000000,map,0.2696215808391571,0.015868524089455605,1.8912041187286377,0.04229900785364153,0.01713456550317017,-0.0025500950691514914,-0.9989548674832043
37272000000,403,37272000000,map,0.27215951681137085,0.01963641121983528,1.9006990194320679,0.04301382630692039,0.016918481245032847,-0.0022676690372800947,-0.9989286942902791
37304000000,404,37304000000,map,0.2743982970714569,0.02322513423860073,1.911051869392395,0.04373968986868714,0.017795420185286896,-0.001788375076014147,-0.9988829228127962
37336000000,405,37336000000,map,0.27630287408828735,0.026578586548566818,1.9217039346694946,0.043777602276011705,0.019654474209164895,-0.001318226980875191,-0.9988470558447133
37372000000,406,37372000000,map,0.2779916822910309,0.030315406620502472,1.9345167875289917,0.043594090946328226,0.02065097717319927,-0.0010696448683579205,-0.9988353390208274
37404000000,407,37404000000,map,0.2787535488605499,0.03288290277123451,1.9439127445220947,0.04308852896172793,0.022888247795990926,-0.0006670581713818499,-0.9988088707999626
37436000000,408,37436000000,map,0.2789110541343689,0.035016417503356934,1.9527217149734497,0.04275368081138748,0.024561110872582476,-0.00029995912085195434,-0.9987836669845531
37472000000,409,37472000000,map,0.2784266769886017,0.036753758788108826,1.961268663406372,0.042681952143578,0.025075328766195698,-7.422060022760204e-05,-0.9987739732093955
37504000000,410,37504000000,map,0.27724403142929077,0.038133654743433,1.9699268341064453,0.04268445000289678,0.025607137042161658,0.00024727556021353505,-0.998760401924175
37536000000,411,37536000000,map,0.2754296362400055,0.03916673734784126,1.9789708852767944,0.04277963931880314,0.025438812407376762,0.0004107210387387388,-0.9987605705115692
37572000000,412,37572000000,map,0.27253440022468567,0.03976782411336899,1.9905352592468262,0.04307668108748481,0.025384504875981456,0.0004733934024744884,-0.9987491487156226
37604000000,413,37604000000,map,0.2726357579231262,0.041299864649772644,2.0000743865966797,0.04360751142485641,0.024892576079785414,0.0005271727811743136,-0.9987384434161009
37636000000,414,37636000000,map,0.27500954270362854,0.043879423290491104,2.0097975730895996,0.04424209808363872,0.023691467288387863,0.00043579841360275186,-0.9987397921152532
37672000000,415,37672000000,map,0.2766009569168091,0.04601476341485977,2.020380973815918,0.044638513560030464,0.023050089060094727,0.0003964332570935439,-0.9987371790106455
37704000000,416,37704000000,map,0.27760687470436096,0.047810446470975876,2.032474994659424,0.045407377443990454,0.022197458314719344,0.0002592031183421009,-0.9987219218514846
37736000000,417,37736000000,map,0.2781124413013458,0.049318745732307434,2.04573917388916,0.04597314620168857,0.02198396872194347,-6.8699363072175364e-06,-0.9987008062803806
37772000000,418,37772000000,map,0.2781740128993988,0.05065315216779709,2.062922239303589,0.04613565127865641,0.022130099748264836,-0.0001900401399355087,-0.9986900166871618
37804000000,419,37804000000,map,0.27789539098739624,0.05118823051452637,2.0762362480163574,0.04644041382314967,0.022949504289034466,-0.0006366281467569665,-0.9986572264390203
37836000000,420,37836000000,map,0.2774078845977783,0.05115067586302757,2.0885255336761475,0.046858934663040884,0.024313220890343115,-0.0011442026433736692,-0.9986050064937153
37872000000,421,37872000000,map,0.27668485045433044,0.05053434520959854,2.099510431289673,0.04719577491051798,0.02501576934234924,-0.0014488400644103712,-0.9985713733086037
37904000000,422,37904000000,map,0.275739848613739,0.04941542446613312,2.1096980571746826,0.04814435229798391,0.02649377568447378,-0.002011921960515915,-0.9984869110241879
37936000000,423,37936000000,map,0.2745603621006012,0.047874610871076584,2.1194679737091064,0.04919406302408525,0.02784419627216625,-0.0026575695328543408,-0.9983975175584963
37972000000,424,37972000000,map,0.2727064788341522,0.045548420399427414,2.1314055919647217,0.049620024758372155,0.028402389792389043,-0.0030130782000437045,-0.998359711835382
38004000000,425,38004000000,map,0.2712787091732025,0.04471518471837044,2.1413166522979736,0.05042456792523014,0.029018348202674044,-0.0036697682466919606,-0.9982994839888599
38036000000,426,38036000000,map,0.26983368396759033,0.04498544707894325,2.15187406539917,0.050700259680963006,0.029339882558696604,-0.004318998301153785,-0.9982735215301772
38072000000,427,38072000000,map,0.26811546087265015,0.045030463486909866,2.16269588470459,0.0507125599752831,0.029435061996435342,-0.004680997583013878,-0.9982685060552043
38104000000,428,38104000000,map,0.2662295699119568,0.044967640191316605,2.1733038425445557,0.05047271543129777,0.029503284573284324,-0.005502523954188153,-0.9982744066139959
38136000000,429,38136000000,map,0.2641538083553314,0.04470449313521385,2.1831932067871094,0.04989619725159586,0.02902277032904515,-0.0063788833752752554,-0.9983122966308073
38172000000,430,38172000000,map,0.2613198161125183,0.04412582516670227,2.1946139335632324,0.0496524989051498,0.028751423649975943,-0.00685088593174865,-0.9983291975170601
38204000000,431,38204000000,map,0.2589101791381836,0.043603479862213135,2.2039976119995117,0.049414095256547934,0.028175866286711176,-0.007855118891217814,-0.998349975913376
38236000000,432,38236000000,map,0.25644952058792114,0.04315457120537758,2.2145628929138184,0.0491297943484622,0.027884414902357775,-0.00882344273575558,-0.9983641794013242
38272000000,433,38272000000,map,0.25394415855407715,0.0427866093814373,2.2263901233673096,0.048893879339556,0.02771694242416621,-0.009296246082350799,-0.9983760648126043
38304000000,434,38304000000,map,0.2513968348503113,0.04252500459551811,2.238990306854248,0.048331544232922505,0.027503116973691268,-0.010256393438277498,-0.9983999620757099
38336000000,435,38336000000,map,0.24896028637886047,0.04224400594830513,2.2516558170318604,0.04780719792477651,0.02763665136066394,-0.01122092406644931,-0.9984111309905653
38372000000,436,38372000000,map,0.2462005317211151,0.04169578477740288,2.2658851146698,0.04760183938104069,0.027953593685832338,-0.011706497908143319,-0.9984065369840776
38404000000,437,38404000000,map,0.24377499520778656,0.04131503403186798,2.274974822998047,0.047512622405277226,0.028890146709127013,-0.012676128304984933,-0.9983723137430868
38436000000,438,38436000000,map,0.24103820323944092,0.04098973050713539,2.2817792892456055,0.0481148923094193,0.030410397364349633,-0.01365755981940958,-0.9982854069414573
38472000000,439,38472000000,map,0.2385202944278717,0.04036495462059975,2.2869036197662354,0.0487190041625502,0.031223525975958177,-0.014071821193423149,-0.9982252633886323
38504000000,440,38504000000,map,0.23633374273777008,0.03961064666509628,2.2905218601226807,0.0495722960866116,0.03317783582873786,-0.01489229389338481,-0.9981082215903174
38536000000,441,38536000000,map,0.23436792194843292,0.03899047523736954,2.293475866317749,0.05016721465841106,0.03558421014446735,-0.01568258944981254,-0.9979835090655738
38572000000,442,38572000000,map,0.23197327554225922,0.03837117552757263,2.2965874671936035,0.05047940624349887,0.03668828964660324,-0.016032197558210334,-0.9979222696946874
38604000000,443,38604000000,map,0.2301306426525116,0.038102731108665466,2.2985923290252686,0.05064452310798538,0.038426318994982216,-0.016512165869052405,-0.9978406733959704
38636000000,444,38636000000,map,0.22828689217567444,0.03808989003300667,2.299992799758911,0.050203425715999256,0.03981528847326622,-0.016894648519288843,-0.9978021090295829
38672000000,445,38672000000,map,0.22637154161930084,0.03834624961018562,2.3013052940368652,0.04995533059714565,0.04036511288060931,-0.017006253374145682,-0.9977905607930909
38704000000,446,38704000000,map,0.22377993166446686,0.03909055143594742,2.3034214973449707,0.049016365325318244,0.04093841209475621,-0.017243287250170877,-0.9978096954623148
38736000000,447,38736000000,map,0.22211124002933502,0.039791397750377655,2.305135726928711,0.04818923935019252,0.04111302056123627,-0.01729761453790146,-0.9978418535077287
38772000000,448,38772000000,map,0.21911418437957764,0.04135721176862717,2.3089327812194824,0.04760341297314252,0.041138578344318825,-0.017313967515123704,-0.9978686589033815
38804000000,449,38804000000,map,0.2160518318414688,0.0429127961397171,2.312727212905884,0.04622802218870474,0.04087399310634921,-0.01729373702783848,-0.9979445232307012
38836000000,450,38836000000,map,0.21229197084903717,0.044683147221803665,2.317101240158081,0.04479262021888801,0.04055840952313691,-0.017152924406963584,-0.9980253187392967
38872000000,451,38872000000,map,0.20828714966773987,0.04668327793478966,2.3221845626831055,0.04401408511491992,0.040349839093199544,-0.017117352466820442,-0.9980689828743539
38904000000,452,38904000000,map,0.2040742188692093,0.04885415732860565,2.327817440032959,0.04221328750226127,0.03983407732430541,-0.0168464746714409,-0.99817211621266
38936000000,453,38932000000,map,0.19966575503349304,0.05106697604060173,2.333893060684204,0.04064637600519779,0.03907337642879413,-0.016401151070074723,-0.9982746173482384
38972000000,454,38972000000,map,0.1939442753791809,0.053842026740312576,2.341848850250244,0.04018350606164293,0.03878446249874804,-0.01618059661181725,-0.9983082083865017
39004000000,455,39004000000,map,0.1891697198152542,0.05623504891991615,2.3494153022766113,0.03890310674164589,0.0378685157858575,-0.015603058346672414,-0.9984033338235907
39036000000,456,39036000000,map,0.18419621884822845,0.05879282206296921,2.358670234680176,0.037408477110358114,0.037001309783579676,-0.014757044656513228,-0.9985057928123207
39072000000,457,39072000000,map,0.17913129925727844,0.06147005781531334,2.3693501949310303,0.036932757780130346,0.03670343424610211,-0.014399976555929004,-0.9985396788785235
39104000000,458,39104000000,map,0.17406272888183594,0.06421009451150894,2.381135940551758,0.035344615003634915,0.03582675556469557,-0.013439407731517248,-0.9986423907483446
39136000000,459,39136000000,map,0.1691254824399948,0.06701833754777908,2.3933870792388916,0.0335281359027775,0.035384358514543426,-0.012336930468169303,-0.9987350295213715
39172000000,460,39172000000,map,0.1633501648902893,0.0705593153834343,2.4082190990448,0.03249164973821321,0.03533514712982314,-0.01177165693594112,-0.9987778507194586
39204000000,461,39204000000,map,0.15719041228294373,0.07332441955804825,2.4199182987213135,0.03089621980659541,0.03569041131236395,-0.010562843173800183,-0.9988293963151874
39236000000,462,39236000000,map,0.14963363111019135,0.07597935944795609,2.4314682483673096,0.029574664541776843,0.03674339105340292,-0.009261390638632292,-0.9988441055653177
39272000000,463,39272000000,map,0.14267756044864655,0.07843226939439774,2.4422271251678467,0.029027432165617168,0.037403745570965825,-0.00856862288965876,-0.9988417874886495
39304000000,464,39304000000,map,0.1362585425376892,0.08069673180580139,2.45237135887146,0.028336677916476764,0.039079155568442,-0.007172972148068999,-0.9988085757720231
39336000000,465,39336000000,map,0.13033561408519745,0.08277856558561325,2.4621236324310303,0.027735454768830124,0.04053253530941827,-0.00564750911306566,-0.9987773028104279
39372000000,466,39372000000,map,0.12359418720006943,0.08511228114366531,2.4739017486572266,0.027476221357440763,0.0411796303625852,-0.0048220630849798414,-0.9987622563855094
39404000000,467,39404000000,map,0.11871223151683807,0.0867072343826294,2.483048677444458,0.027228287252719363,0.042433820475504196,-0.003265158500987406,-0.9987228912290005
39436000000,468,39436000000,map,0.11421356350183487,0.08808821439743042,2.492058277130127,0.02727717693844749,0.0434456457946058,-0.0016732298858823632,-0.9986819666390963
39472000000,469,39472000000,map,0.10998246818780899,0.08922847360372543,2.5010969638824463,0.027444013262644347,0.043848007927904636,-0.0009240275067527421,-0.9986608089211438
39504000000,470,39504000000,map,0.10598234087228775,0.09012515842914581,2.5102078914642334,0.028018402367951948,0.04438268153102483,0.000603079255342423,-0.9986214859114831
39536000000,471,39536000000,map,0.10219442844390869,0.09080927819013596,2.519451856613159,0.028885135843965785,0.04452691924188574,0.0020543216901180465,-0.9985884006354021
39572000000,472,39572000000,map,0.09783601015806198,0.09149020910263062,2.5309367179870605,0.029265357710906242,0.04461980628619219,0.0027832092882654784,-0.9985714576023006
39604000000,473,39604000000,map,0.0915299504995346,0.09235560894012451,2.540627956390381,0.030174640406125355,0.04483017042673318,0.004123605511457465,-0.9985303644250025
39636000000,474,39636000000,map,0.0845620408654213,0.09318464249372482,2.5503294467926025,0.03124293591678648,0.04493315164125799,0.0054614729237387775,-0.9984864052620057
39672000000,475,39672000000,map,0.07793380320072174,0.09379243105649948,2.559823513031006,0.03160217523861359,0.04494962513212518,0.005928249270996835,-0.9984716960118755
39704000000,476,39704000000,map,0.07160138338804245,0.09427168220281601,2.569065809249878,0.032428136907049196,0.044793176688997245,0.006912757505362857,-0.9984459442874354
39736000000,477,39736000000,map,0.0655784159898758,0.09465328603982925,2.5779829025268555,0.03311778447214394,0.04471259323173343,0.007739931554237636,-0.9984208247657228
39772000000,478,39772000000,map,0.058550406247377396,0.09499809890985489,2.588547468185425,0.03336748413469124,0.04461089222773214,0.008151790557886122,-0.9984137440951729
39804000000,479,39804000000,map,0.05332666262984276,0.095205157995224,2.596726655960083,0.03384358514291017,0.04447089126296333,0.008849615928681002,-0.9983981076143755
39836000000,480,39836000000,map,0.04850490391254425,0.09535526484251022,2.6049084663391113,0.03427014154288779,0.04448791990685075,0.009428840067766179,-0.9983774135117566
39872000000,481,39872000000,map,0.04409181699156761,0.09542866796255112,2.6129415035247803,0.034471131631629896,0.04458724191881695,0.009657528867786317,-0.9983639265202331
39904000000,482,39904000000,map,0.040214505046606064,0.09536141902208328,2.620638370513916,0.03492229323005926,0.04511421911227235,0.010056153761002388,-0.9983205995599638
39936000000,483,39932000000,map,0.03685637190937996,0.09512431919574738,2.6277358531951904,0.03550646567257747,0.04589905006637288,0.010319529417346988,-0.9982615518252
39972000000,484,39968000000,map,0.03339865431189537,0.09455080330371857,2.635927677154541,0.03596152783012762,0.04638662851754918,0.010382960424355828,-0.9982220602281453
40004000000,485,40004000000,map,0.029040392488241196,0.09446550905704498,2.6429548263549805,0.03704712659773599,0.047428033680315854,0.010373814558229003,-0.9981335096994239
40036000000,486,40036000000,map,0.023151397705078125,0.09468544274568558,2.650390148162842,0.038353146468339004,0.04854019977973752,0.010343595267846731,-0.998031050710694
40072000000,487,40072000000,map,0.017870144918560982,0.09474615752696991,2.657047986984253,0.03899033569501686,0.048900194452115284,0.01028071216986837,-0.9979894096243653
40104000000,488,40104000000,map,0.013110761530697346,0.09463664144277573,2.663154363632202,0.04023810071844372,0.049321044234658974,0.01006795487858542,-0.9979213846108687
40136000000,489,40136000000,map,0.008806218393146992,0.09443537145853043,2.669276714324951,0.04128217397428447,0.049109950756075396,0.009721086315340802,-0.9978925561664872
40172000000,490,40172000000,map,0.003931133076548576,0.09415919333696365,2.6767969131469727,0.041798431050966665,0.04880539729946343,0.009502006996781168,-0.997888088600545
40204000000,491,40204000000,map,0.00038444221718236804,0.09400726109743118,2.682950019836426,0.04257522216444149,0.04777500859849855,0.008975002803000957,-0.9979100049617707
40236000000,492,40236000000,map,-0.002847439842298627,0.09394584596157074,2.6895573139190674,0.04292526705248428,0.04641449301740708,0.008312665078652196,-0.9979649223053804
40272000000,493,40272000000,map,-0.005687845405191183,0.09401354193687439,2.6962997913360596,0.042965770173903246,0.04573758302018574,0.007962509061223703,-0.9979973753787338
40304000000,494,40304000000,map,-0.008056462742388248,0.09417254477739334,2.7026989459991455,0.04287497046873291,0.04443771058024668,0.0072363610082295,-0.998065526832776
40336000000,495,40336000000,map,-0.009901518002152443,0.09437867254018784,2.7085118293762207,0.04263748907055543,0.04351056391859081,0.00638402529079374,-0.9981222986377201
40372000000,496,40372000000,map,-0.011454442515969276,0.09467695653438568,2.714888572692871,0.042457008486174785,0.04325466657020179,0.005797383306370643,-0.9981446786142794
40404000000,497,40404000000,map,-0.014937175437808037,0.09520705044269562,2.721200466156006,0.04228103181116132,0.04326547501425712,0.004893375552660453,-0.998156606172408
40436000000,498,40436000000,map,-0.020501330494880676,0.09596145898103714,2.7288849353790283,0.04204971122033313,0.043676862746992055,0.003900648682834798,-0.9981528129560421
40472000000,499,40472000000,map,-0.02541361190378666,0.09675958752632141,2.7366456985473633,0.04192506899521562,0.043976567175755626,0.003397457458463207,-0.9981467016630079
40504000000,500,40504000000,map,-0.02977580577135086,0.09763308614492416,2.744641065597534,0.04171686348125374,0.044453927732664135,0.002372867571163453,-0.9981372607689415
40536000000,501,40536000000,map,-0.03363129124045372,0.09859327971935272,2.7528204917907715,0.04131252678456578,0.04444562570900619,0.0013928269027395663,-0.9981562689976199
40572000000,502,40572000000,map,-0.037727177143096924,0.09981438517570496,2.762866973876953,0.04111360831220966,0.044217254162802797,0.0009007624463749391,-0.9981751929326013
40604000000,503,40604000000,map,-0.04036766290664673,0.10078152269124985,2.7704508304595947,0.040812761308724736,0.04363195313963405,-9.08686053893688e-05,-0.9982137151521402
40636000000,504,40636000000,map,-0.04231661930680275,0.10157258808612823,2.7771153450012207,0.04059509045223156,0.042971109817410084,-0.0011126346538389816,-0.9982506779382843
40672000000,505,40672000000,map,-0.04356177896261215,0.10216911137104034,2.7828776836395264,0.040719757784358435,0.042684461609743714,-0.0016064692778411912,-0.9982572106998036
40704000000,506,40704000000,map,-0.044156938791275024,0.10258268564939499,2.7877352237701416,0.041372190176126436,0.042372359751345116,-0.00256075822182483,-0.9982416163658545
40736000000,507,40736000000,map,-0.044107239693403244,0.10292794555425644,2.7918612957000732,0.042003871892186455,0.04260559985535747,-0.003527649073513159,-0.9982023776498907
40772000000,508,40772000000,map,-0.04321112111210823,0.10335773229598999,2.7966115474700928,0.042387853101609765,0.0428649270681802,-0.004006690153688095,-0.9981732963244183
40804000000,509,40804000000,map,-0.04457322880625725,0.10400824248790741,2.8017470836639404,0.04309994751640063,0.043393699093822825,-0.004999290582968161,-0.9981154287014129
40836000000,510,40836000000,map,-0.047863081097602844,0.10491538047790527,2.808238983154297,0.04366911791372642,0.04425310139512984,-0.005939839654337251,-0.9980478251564013
40872000000,511,40872000000,map,-0.05047529563307762,0.10582885891199112,2.814295530319214,0.04385305830573637,0.044552453646638256,-0.006274064163028612,-0.9980243915086293
40904000000,512,40904000000,map,-0.05245201662182808,0.10679442435503006,2.8197669982910156,0.04433627951775513,0.04502018124085867,-0.007037175002166826,-0.997977018450903
40936000000,513,40936000000,map,-0.05385647341609001,0.10782583057880402,2.8246278762817383,0.04449698551286571,0.04518417456667601,-0.007770445872559481,-0.9979569565510118
40972000000,514,40972000000,map,-0.05481896921992302,0.10920555144548416,2.829838514328003,0.04462416253753299,0.04519853719602045,-0.008099106997247415,-0.9979480214191275
41004000000,515,41004000000,map,-0.055023662745952606,0.11042250692844391,2.833434581756592,0.04481383636208605,0.04526273491347276,-0.008670323235115514,-0.9979317948824509
41036000000,516,41036000000,map,-0.054785627871751785,0.11172593384981155,2.8366477489471436,0.044960797473469975,0.045242656889530886,-0.009323093624852282,-0.9979202466459589
41072000000,517,41072000000,map,-0.05411688983440399,0.11311443895101547,2.8396313190460205,0.04503604210011781,0.04523095917372534,-0.009655674406451705,-0.9979142196466219
41104000000,518,41104000000,map,-0.05291754752397537,0.11460106819868088,2.842402696609497,0.0449167061385324,0.04541480088695667,-0.010122155725770295,-0.9979066332138898
41136000000,519,41136000000,map,-0.05134628713130951,0.116129569709301,2.845108985900879,0.04503656082739494,0.04583950455427914,-0.010543877091970296,-0.9978773833010234
41172000000,520,41172000000,map,-0.04885436221957207,0.11804106831550598,2.848262071609497,0.04520222984029236,0.046172938521447736,-0.010755833593131588,-0.9978523059261593
41204000000,521,41204000000,map,-0.049881067126989365,0.12105267494916916,2.8520331382751465,0.04535373635963723,0.046840218828123996,-0.011158209555865103,-0.9978098640497088
41236000000,522,41236000000,map,-0.05151299759745598,0.1244746521115303,2.8562214374542236,0.04562548960762204,0.047760304699042376,-0.011446789027619138,-0.9977506477275511
41272000000,523,41272000000,map,-0.05267439782619476,0.12782613933086395,2.860339403152466,0.045698971814820154,0.0481883699891239,-0.011618579582149565,-0.9977246852688684
41304000000,524,41304000000,map,-0.05346686765551567,0.13118283450603485,2.864595413208008,0.04570471391133945,0.048872898440803905,-0.011895990139048292,-0.9976878489232698
41336000000,525,41336000000,map,-0.054006367921829224,0.13459156453609467,2.86958384513855,0.045202527625887064,0.049259180892851334,-0.01214533089483871,-0.997688776153937
41372000000,526,41372000000,map,-0.05441885441541672,0.13901770114898682,2.8766441345214844,0.04478885828338616,0.04930545615688277,-0.012181787918800643,-0.9977046655158257
41404000000,527,41404000000,map,-0.05469482019543648,0.14270488917827606,2.8832921981811523,0.043433910202201303,0.049068012007629024,-0.012320493197249979,-0.9977745871375052
41436000000,528,41436000000,map,-0.054974161088466644,0.14652545750141144,2.8906869888305664,0.04167354862173987,0.04850146715522826,-0.0123083127580304,-0.9978774675947203
41472000000,529,41472000000,map,-0.05532824620604515,0.15050151944160461,2.898660659790039,0.04061600319162706,0.048027375037030924,-0.012259548854303245,-0.9979446075243983
41504000000,530,41504000000,map,-0.0557066835463047,0.1545824259519577,2.9070076942443848,0.03836928080878457,0.046847453268816446,-0.012116418156760175,-0.9980913628509132
41536000000,531,41536000000,map,-0.05611468851566315,0.15866082906723022,2.915339946746826,0.03610370265031728,0.045434644150071216,-0.011842800816227569,-0.9982444402047046
41572000000,532,41572000000,map,-0.05656192824244499,0.16356174647808075,2.925339698791504,0.035090229982128955,0.044776082849203536,-0.011660642136963491,-0.9983124652182012
41604000000,533,41604000000,map,-0.06090458109974861,0.16795919835567474,2.9337306022644043,0.03332289474460024,0.04367382356408771,-0.011232135128153128,-0.9984268096182113
41636000000,534,41636000000,map,-0.06616343557834625,0.17229704558849335,2.9415390491485596,0.032222506384431596,0.04287355237545302,-0.010808390713224699,-0.9985022524770457
41672000000,535,41672000000,map,-0.07095928490161896,0.17630119621753693,2.9483325481414795,0.031857348064566735,0.04253198707113114,-0.010596223477820795,-0.9985308280403362
41704000000,536,41704000000,map,-0.07529208809137344,0.17997503280639648,2.9542829990386963,0.03147139290913977,0.041758255884712665,-0.010161984497613017,-0.9985802662936395
41736000000,537,41736000000,map,-0.07922055572271347,0.1833353191614151,2.959653615951538,0.031368035007156396,0.0410288763538178,-0.009572307940097112,-0.9986195893033001
41772000000,538,41772000000,map,-0.08363715559244156,0.1871369630098343,2.966006278991699,0.031413505200526826,0.040674143122786555,-0.009274371867973695,-0.9986354786651888
41804000000,539,41804000000,map,-0.08681165426969528,0.18987758457660675,2.9711365699768066,0.03154112585781781,0.040062355274870606,-0.00860014873234488,-0.9986622419139932
41836000000,540,41836000000,map,-0.08968427777290344,0.19239309430122375,2.976302146911621,0.03168504944294842,0.03913652862452196,-0.007753797867397602,-0.9987013120425627
41872000000,541,41872000000,map,-0.09222497045993805,0.19470207393169403,2.9818594455718994,0.03176582947574786,0.03871600811423226,-0.00737009295855445,-0.9987180864882701
41904000000,542,41904000000,map,-0.09494014084339142,0.19732019305229187,2.9891133308410645,0.031891696099741844,0.03801448929656437,-0.006613725615177976,-0.9987463248767724
41936000000,543,41936000000,map,-0.09631207585334778,0.1987333744764328,2.993619441986084,0.03198829321917014,0.037504673937623134,-0.005791862069215501,-0.9987675668884219
41972000000,544,41972000000,map,-0.09815841168165207,0.20086652040481567,3.001269817352295,0.03202462067450012,0.037301049835485225,-0.005362807151374546,-0.9987764177266092
42004000000,545,42004000000,map,-0.10226646065711975,0.20318163931369781,3.009105682373047,0.032088861691253835,0.03714834785206321,-0.004446450371050734,-0.9987845099215233
42036000000,546,42036000000,map,-0.10872983187437057,0.20598943531513214,3.0181665420532227,0.032047147341848554,0.03726013660547391,-0.00364979064049775,-0.9987849313900083
42072000000,547,42072000000,map,-0.11435431241989136,0.2084747850894928,3.0267333984375,0.03197697366225856,0.03741903993789147,-0.00322756351211567,-0.9987827397538859
42104000000,548,42104000000,map,-0.11917958408594131,0.21059878170490265,3.034681558609009,0.03180001452115725,0.03780291376340095,-0.002400052288452801,-0.9987762491392151
42136000000,549,42136000000,map,-0.12323562800884247,0.21237048506736755,3.04195499420166,0.031542640510186175,0.03816727228096087,-0.0015120181903281991,-0.9987722873354551
42172000000,550,42172000000,map,-0.12729807198047638,0.21413446962833405,3.0501811504364014,0.031431646784632734,0.03834647014411706,-0.0010518588982863484,-0.9987695056434533
42204000000,551,42204000000,map,-0.12975499033927917,0.21523916721343994,3.0561039447784424,0.03120043839332508,0.03874106079367719,-1.2011851825530621e-05,-0.9987620877981155
42236000000,552,42236000000,map,-0.1316305249929428,0.21607606112957,3.061532735824585,0.031032794035016936,0.03913267877332829,0.0009109198368660333,-0.9987516353796848
42272000000,553,42272000000,map,-0.13296692073345184,0.21664316952228546,3.0667331218719482,0.03096275585095945,0.03931896323393489,0.001249569764651073,-0.9987461141425298
42304000000,554,42304000000,map,-0.13385942578315735,0.2169916033744812,3.0718119144439697,0.030763471063220766,0.03973040472036528,0.0019693957903685914,-0.9987348609339775
42336000000,555,42336000000,map,-0.1343887597322464,0.2171408236026764,3.0768702030181885,0.030520994646109276,0.040027471843010504,0.0027424111389069443,-0.9987285810535493
42372000000,556,42372000000,map,-0.1346191167831421,0.21702788770198822,3.0833489894866943,0.030398783273406855,0.040199189957645036,0.003103103868463189,-0.9987243663686982
42404000000,557,42404000000,map,-0.13864795863628387,0.21802625060081482,3.08978009223938,0.030201981198463273,0.04024307799783504,0.003829336215154358,-0.9987260100957902
42436000000,558,42436000000,map,-0.14618757367134094,0.21997496485710144,3.0971696376800537,0.030166613077845295,0.04024341681898439,0.00450242138587337,-0.9987243242218498
42472000000,559,42472000000,map,-0.15299269556999207,0.22152690589427948,3.104290008544922,0.030156858387320806,0.040175189303051605,0.0047609501546391235,-0.9987261786831843
42504000000,560,42504000000,map,-0.1591610312461853,0.22273500263690948,3.110936403274536,0.030190020713109285,0.03973748045183131,0.005319311603711521,-0.9987398342621017
42536000000,561,42536000000,map,-0.1647484302520752,0.22359736263751984,3.117333173751831,0.030282766170346524,0.03884379209056123,0.005734753089483405,-0.99876988496509
42572000000,562,42572000000,map,-0.17095455527305603,0.2242324948310852,3.124600887298584,0.03036218235746994,0.038203243299075894,0.005940724738156158,-0.998791000536194
42604000000,563,42604000000,map,-0.17531251907348633,0.22441823780536652,3.1298935413360596,0.03056512140868342,0.03689433406444411,0.0062979192792859155,-0.9988318408324011
42636000000,564,42636000000,map,-0.17913639545440674,0.22434073686599731,3.1349191665649414,0.030984662004745242,0.03559483049174759,0.006550589636108719,-0.9988644203463
42672000000,565,42672000000,map,-0.18240712583065033,0.22399327158927917,3.139552116394043,0.0312170218611251,0.034950158553097785,0.0066396880738608405,-0.9988793403306728
42704000000,566,42704000000,map,-0.1850961148738861,0.22336649894714355,3.1434926986694336,0.031763589683558156,0.0340030692292657,0.006710368338813612,-0.9988943024618941
42736000000,567,42736000000,map,-0.18721622228622437,0.22244079411029816,3.1467394828796387,0.032321196811055615,0.03350090628098432,0.006675639335640528,-0.9988937124060151
42772000000,568,42772000000,map,-0.18908734619617462,0.22090411186218262,3.150179147720337,0.03262133044620227,0.03336842754085795,0.006675723629337606,-0.9988883176094056
42804000000,569,42804000000,map,-0.1955697387456894,0.22159156203269958,3.1553635597229004,0.033361448104805375,0.033383939655782395,0.006531960729066923,-0.9988643360526028
42836000000,570,42836000000,map,-0.20296825468540192,0.22261519730091095,3.161086082458496,0.034177059980997286,0.03382171710238777,0.006313302878992457,-0.9988234536095473
42872000000,571,42872000000,map,-0.20942382514476776,0.22329218685626984,3.166433811187744,0.03449972491388345,0.0340279845816012,0.006212276883111824,-0.9988059626674153
42904000000,572,42904000000,map,-0.21503928303718567,0.2237008810043335,3.171705722808838,0.03484919024160017,0.03431896169043176,0.005976423118844889,-0.998785310711645
42936000000,573,42936000000,map,-0.21986941993236542,0.2238805890083313,3.1766812801361084,0.03491214750815364,0.034369922087047186,0.005713216049894278,-0.9987829083412799
42972000000,574,42972000000,map,-0.2248518019914627,0.22380954027175903,3.182551383972168,0.03482374023344225,0.03435840972065137,0.005503156156915991,-0.9987875444946162
43004000000,575,43004000000,map,-0.22806939482688904,0.22351409494876862,3.186864137649536,0.03445068150946149,0.034259681890757246,0.005120842094073765,-0.9988059626674153
43036000000,576,43036000000,map,-0.23058290779590607,0.22302989661693573,3.190532922744751,0.03397606526186411,0.03428686192620691,0.004748221806388843,-0.9988230321410623
43072000000,577,43072000000,map,-0.2324020266532898,0.2223304659128189,3.193610668182373,0.033794121947233656,0.034359702855110856,0.004541491514442943,-0.9988277104412469
43104000000,578,43104000000,map,-0.2335629165172577,0.22144055366516113,3.1960408687591553,0.03345905248477949,0.034509626480412725,0.00413329928661499,-0.9988355919019185
43136000000,579,43136000000,map,-0.23409201204776764,0.22037352621555328,3.198246955871582,0.0334160084105355,0.03484688189904307,0.0037365710015818698,-0.9988268675042766
43172000000,580,43172000000,map,-0.23399105668067932,0.21887105703353882,3.200507164001465,0.033365302952962736,0.03496603383859753,0.0035097366628962256,-0.9988252659240333
43204000000,581,43204000000,map,-0.23814985156059265,0.21934714913368225,3.2044124603271484,0.03331580353733828,0.035370451865532226,0.003080344570267237,-0.9988140548623294
43236000000,582,43236000000,map,-0.24607300758361816,0.2212843894958496,3.2101986408233643,0.03333743911164935,0.03583066013682194,0.0026459370026654682,-0.9987981655004409
43272000000,583,43272000000,map,-0.25291651487350464,0.22286111116409302,3.215419292449951,0.033267073795607525,0.035957581255209335,0.0023835307238366265,-0.9987966482138945
43304000000,584,43304000000,map,-0.25878724455833435,0.22418522834777832,3.21991229057312,0.03304547760225646,0.03593867699424511,0.0019093365312406485,-0.9988057097863243
43336000000,585,43336000000,map,-0.26373186707496643,0.22530214488506317,3.223693370819092,0.03279391055443871,0.03544321222563152,0.001336940181614179,-0.9988326416225227
43372000000,586,43372000000,map,-0.2687373757362366,0.2264537662267685,3.2277238368988037,0.03262374841584041,0.03508207119190149,0.0011100636960800236,-0.998851228382716
43404000000,587,43404000000,map,-0.27190378308296204,0.2272101789712906,3.2303085327148438,0.032273518394472824,0.03413797149549952,0.0005785076426606549,-0.9988957354547435
43436000000,588,43436000000,map,-0.2743689715862274,0.2278197854757309,3.232879400253296,0.03187813139996641,0.033149877650923705,-7.316692901482088e-05,-0.9989419284007115
43472000000,589,43472000000,map,-0.27618250250816345,0.22836729884147644,3.2350738048553467,0.03165893288485084,0.03263973022091432,-0.000409667367525788,-0.9989656149295746
43504000000,590,43504000000,map,-0.2773394286632538,0.22878603637218475,3.2368571758270264,0.03124673121168356,0.031732482654599554,-0.00098783783539824,-0.9990074246032974
43536000000,591,43536000000,map,-0.2779179811477661,0.2290997952222824,3.238152503967285,0.031013442035815592,0.030886733483247674,-0.0016173431647569772,-0.999040383438833
43572000000,592,43572000000,map,-0.27790483832359314,0.22937247157096863,3.239473581314087,0.03088079109659014,0.030524364418356615,-0.0019116546079085397,-0.9990550926889632
43604000000,593,43604000000,map,-0.283252090215683,0.23156742751598358,3.243544101715088,0.030689288370461316,0.029935597269647188,-0.002572264311468229,-0.9990773462249769
43636000000,594,43632000000,map,-0.2896024286746979,0.23422813415527344,3.2483365535736084,0.030689979883353733,0.029558566009688876,-0.0031712553225051714,-0.9990867871190434
43672000000,595,43672000000,map,-0.2950840890407562,0.23671527206897736,3.252964973449707,0.03061133423446369,0.029249054988861774,-0.0034488766136463993,-0.9990973659780197
43704000000,596,43704000000,map,-0.3008655607700348,0.23956705629825592,3.258618116378784,0.030283418870271996,0.028509480242325608,-0.00404854197425941,-0.9991265315971891
43736000000,597,43732000000,map,-0.30382391810417175,0.2411746382713318,3.2620089054107666,0.029837461090544703,0.02743172934961887,-0.0046034052349053205,-0.9991677090681843
43772000000,598,43772000000,map,-0.30797383189201355,0.24365931749343872,3.2673866748809814,0.029546230071647285,0.02674942611983134,-0.004888191490293346,-0.9991935450863214
43804000000,599,43804000000,map,-0.31061023473739624,0.24549894034862518,3.2712996006011963,0.028936492602056944,0.025343316703638066,-0.005411655348798726,-0.999245301416293
43836000000,600,43836000000,map,-0.31260719895362854,0.2471923679113388,3.2749886512756348,0.02835121067667892,0.023864883460036228,-0.006037831077125076,-0.9992948239632933
43872000000,601,43872000000,map,-0.3139897584915161,0.24867776036262512,3.2783010005950928,0.028191725520188553,0.023405942639970184,-0.0062838422318831615,-0.9993087745701503
43904000000,602,43904000000,map,-0.31482967734336853,0.24996474385261536,3.281235933303833,0.027971496876826367,0.02244056989800879,-0.0069176886866384995,-0.9993328404206501
43936000000,603,43936000000,map,-0.31516745686531067,0.2510792016983032,3.283970355987549,0.027833834403605408,0.0218494975554082,-0.007442922712781295,-0.9993460745310825
43972000000,604,43972000000,map,-0.314986914396286,0.25228697061538696,3.2874653339385986,0.027749330960157824,0.02160411761556101,-0.007721260500347214,-0.9993516379150857
44004000000,605,44004000000,map,-0.321259081363678,0.2556765079498291,3.2924511432647705,0.02771652556549267,0.021292772918710467,-0.008150694739824658,-0.9993558104530884
44036000000,606,44036000000,map,-0.32886555790901184,0.25958681106567383,3.2982535362243652,0.027597791966336906,0.021134954703005932,-0.008569465826628929,-0.9993589293198784
44072000000,607,44072000000,map,-0.33710965514183044,0.26405519247055054,3.305246114730835,0.0274709780260682,0.02096544995646274,-0.008843167460858612,-0.9993636497669114
44104000000,608,44104000000,map,-0.34281474351882935,0.26735058426856995,3.3106331825256348,0.026906524052480275,0.020379042084612192,-0.00932144989776029,-0.9993868305335925
44136000000,609,44136000000,map,-0.34780123829841614,0.2703847587108612,3.3158822059631348,0.026226743789020887,0.019414879253548088,-0.009686525899561592,-0.9994205480124012
44172000000,610,44172000000,map,-0.3521137535572052,0.2731940746307373,3.3209280967712402,0.025854919681646223,0.018815929730815265,-0.009794759006537644,-0.9994406099122923
44204000000,611,44204000000,map,-0.355753630399704,0.27576202154159546,3.32572078704834,0.025111488786584535,0.017679505815169808,-0.010019781030737305,-0.9994781627543157
44236000000,612,44236000000,map,-0.35873791575431824,0.2780669331550598,3.3298568725585938,0.024425345995361274,0.01649293241815245,-0.010255845529246797,-0.9995130181980341
44272000000,613,44272000000,map,-0.36102738976478577,0.2800920605659485,3.333401918411255,0.024191740831316817,0.01595816892370692,-0.01038148528465782,-0.999526041574224
44304000000,614,44304000000,map,-0.36267393827438354,0.28183794021606445,3.3360559940338135,0.023932662507159082,0.015165559571150351,-0.010562505999012093,-0.9995427738730829
44336000000,615,44336000000,map,-0.36370590329170227,0.2833249270915985,3.338064432144165,0.02378326081953882,0.014809986695871434,-0.010771385780232122,-0.9995494330751475
44372000000,616,44372000000,map,-0.36414292454719543,0.28483134508132935,3.339677095413208,0.023770172576714918,0.014792555352017383,-0.010921934323113001,-0.9995483372570863
44404000000,617,44404000000,map,-0.3683973252773285,0.2878231406211853,3.342207670211792,0.023679699427302473,0.014868342958901812,-0.011088793696367614,-0.9995475364669646
44436000000,618,44432000000,map,-0.37612074613571167,0.2923845052719116,3.345931053161621,0.023686881842978787,0.015194233916116934,-0.011240480204158408,-0.9995407508243542
44472000000,619,44472000000,map,-0.3827466368675232,0.29647213220596313,3.3492183685302734,0.02365061250420164,0.015395165723670081,-0.011308673805048962,-0.9995378005449584
44504000000,620,44504000000,map,-0.3883589506149292,0.30008774995803833,3.351703643798828,0.02370471687461623,0.01559322067954011,-0.011414083073174706,-0.9995322793078036
44536000000,621,44532000000,map,-0.39306244254112244,0.3032183051109314,3.3532867431640625,0.02374539813232461,0.015579787359394023,-0.011467230249146919,-0.9995308884618027
44572000000,622,44572000000,map,-0.3977459967136383,0.3065279722213745,3.3544187545776367,0.023750658256582118,0.015451919418640289,-0.011511526586931884,-0.9995321950141065
44604000000,623,44604000000,map,-0.4005952477455139,0.3087567985057831,3.3545868396759033,0.0236691544833684,0.015176376164693965,-0.01159350220728561,-0.9995374633701704
44636000000,624,44636000000,map,-0.40275323390960693,0.3106366991996765,3.35434627532959,0.023524726782416933,0.014911544795714495,-0.011690060637224052,-0.9995437432505986
44672000000,625,44672000000,map,-0.40425682067871094,0.3121899962425232,3.3537540435791016,0.023393387324289368,0.014769348572828325,-0.011704348418869246,-0.9995487587255713
44704000000,626,44704000000,map,-0.40514224767684937,0.313432514667511,3.3530447483062744,0.023033539178064624,0.014507591289612116,-0.011743081372650675,-0.9995605176963058
44736000000,627,44736000000,map,-0.40548017621040344,0.3144418001174927,3.3521971702575684,0.022561512255444328,0.014339465535268638,-0.01179091804571064,-0.9995731196040107
44772000000,628,44772000000,map,-0.40519365668296814,0.31538254022598267,3.351137161254883,0.02228605395373954,0.014254586721451506,-0.011823792587549118,-0.9995801159808635
44804000000,629,44804000000,map,-0.40913262963294983,0.3183545470237732,3.3516855239868164,0.021962558781444454,0.014161855422921189,-0.011850345102111026,-0.9995882924694746
44836000000,630,44836000000,map,-0.4167359471321106,0.3232986629009247,3.353163003921509,0.021738377060036975,0.014345929149614488,-0.011928358918704583,-0.9995895990217784
44872000000,631,44872000000,map,-0.4232051372528076,0.3276120126247406,3.3540356159210205,0.02166245115880587,0.014498348946714833,-0.01190838131251054,-0.9995892618469903
44904000000,632,44904000000,map,-0.42865368723869324,0.33135464787483215,3.3543343544006348,0.021457765647557223,0.014584348932556805,-0.011832011223008752,-0.9995933922381444
44936000000,633,44936000000,map,-0.43314698338508606,0.334561824798584,3.3544533252716064,0.02105899027692111,0.014435734205623583,-0.01180044323347401,-0.9996043925656057
44972000000,634,44972000000,map,-0.4375770688056946,0.33789384365081787,3.3541018962860107,0.02081208053818188,0.014313893264206904,-0.011806512379659571,-0.9996112203550644
45004000000,635,45004000000,map,-0.4402702748775482,0.34008538722991943,3.3538384437561035,0.020170956837341086,0.013800643760292669,-0.011788768556436513,-0.9996318301639863
45036000000,636,45036000000,map,-0.44224095344543457,0.341918021440506,3.3534438610076904,0.019381342215934565,0.013107982695529397,-0.01178071850837098,-0.9996568232451533
45072000000,637,45072000000,map,-0.44353845715522766,0.34345442056655884,3.3528025150299072,0.01895587998765696,0.012738170770898876,-0.011758296384963174,-0.9996700573555857
45104000000,638,45104000000,map,-0.44424498081207275,0.34467458724975586,3.3523433208465576,0.017994738229523233,0.012112668075059677,-0.011645932886833188,-0.9996968627512386
45136000000,639,45136000000,map,-0.4443286657333374,0.3455474376678467,3.3513989448547363,0.017085996034709054,0.011605355185248778,-0.011569267769391767,-0.99971974848998
45172000000,640,45172000000,map,-0.443563312292099,0.34612593054771423,3.3498752117156982,0.016736175545707364,0.011390331513041562,-0.011516879236692756,-0.9997288100624099
45204000000,641,45204000000,map,-0.44738203287124634,0.34921205043792725,3.3493189811706543,0.01625142208583417,0.011242508191970809,-0.011465923696843128,-0.999739051746598
45236000000,642,45236000000,map,-0.4551236629486084,0.3546219766139984,3.349492311477661,0.015838402726762648,0.011362704418478798,-0.011408772570262349,-0.9997449523053896
45272000000,643,45272000000,map,-0.4616376757621765,0.3593180775642395,3.34930157661438,0.01570777647233723,0.011461931270763602,-0.011356974093442496,-0.9997465117387845
45304000000,644,45304000000,map,-0.46708452701568604,0.3633595108985901,3.348857879638672,0.01525845089599611,0.011478632618030553,-0.011212199668807543,-0.9997548146679411
45336000000,645,45336000000,map,-0.47155067324638367,0.36675772070884705,3.3484668731689453,0.014712514700064279,0.011228483334220428,-0.011081291557332673,-0.9997673744287974
45372000000,646,45372000000,map,-0.4759078025817871,0.3702196180820465,3.3475942611694336,0.014373143995315257,0.01089797466291533,-0.010991687357398527,-0.9997768996165608
45404000000,647,45404000000,map,-0.47852441668510437,0.3724158704280853,3.3466310501098633,0.01362755208645062,0.010050370917041631,-0.010832540857421413,-0.9997979730408163
45436000000,648,45436000000,map,-0.48038697242736816,0.37411874532699585,3.3454654216766357,0.012786700068145012,0.009113189642286343,-0.010687639992240927,-0.9998196365209508
45472000000,649,45472000000,map,-0.4815037250518799,0.3753986954689026,3.3440499305725098,0.012402899176439795,0.008581512252041353,-0.010592345967757821,-0.999830215379927
45504000000,650,45504000000,map,-0.4819462299346924,0.3762248754501343,3.342418670654297,0.011814117910182479,0.007609216396303664,-0.010457560346219918,-0.9998465683571494
45536000000,651,45536000000,map,-0.48173898458480835,0.37662607431411743,3.340332508087158,0.01123623473235164,0.00693388805835437,-0.010334365108022658,-0.9998594231459452
45572000000,652,45572000000,map,-0.48064225912094116,0.3765637278556824,3.3375003337860107,0.01103720743551558,0.006707469261253276,-0.010242147803480817,-0.9998641435929784
45604000000,653,45604000000,map,-0.4844021797180176,0.3785688579082489,3.337270975112915,0.010862581517606057,0.006421171975491598,-0.010095729651753926,-0.9998694540958908
45636000000,654,45636000000,map,-0.49227866530418396,0.38238516449928284,3.3390865325927734,0.010665297388082624,0.0063572773531490835,-0.009968825490887678,-0.9998732051654082
45672000000,655,45672000000,map,-0.49886029958724976,0.38549575209617615,3.340294599533081,0.010584880871851585,0.006374199642098461,-0.00987239350149477,-0.9998749753330456
45704000000,656,45704000000,map,-0.5043110847473145,0.38796401023864746,3.3409667015075684,0.010534401953589567,0.006174680577151064,-0.009751179165177315,-0.9998779256124414
45736000000,657,45736000000,map,-0.508766233921051,0.3898378908634186,3.3412117958068848,0.010386288214390792,0.00574897024223008,-0.009609144285695648,-0.9998834047027478
45772000000,658,45772000000,map,-0.5129998326301575,0.39141976833343506,3.3408195972442627,0.010289913518370062,0.00548111977595376,-0.009512375121514705,-0.9998867764506287
45804000000,659,45804000000,map,-0.5153462886810303,0.3921293020248413,3.3399405479431152,0.01013977738898727,0.0047485665544388005,-0.009402540434295226,-0.9998930984779053
45836000000,660,45836000000,map,-0.5168393850326538,0.39237913489341736,3.3384222984313965,0.009965887394565418,0.003915393165096272,-0.009256037988871368,-0.9998998419736671
45872000000,661,45872000000,map,-0.5175719857215881,0.3922237753868103,3.3366143703460693,0.009825750440355711,0.003537213444675067,-0.009177602703792642,-0.9999034244557905
45904000000,662,45904000000,map,-0.5175816416740417,0.3916683793067932,3.334291458129883,0.009534035967471368,0.002849445694878361,-0.009009563218779715,-0.9999099572173096
45936000000,663,45936000000,map,-0.516918420791626,0.39076513051986694,3.331949472427368,0.009253775229942115,0.0022822610664880844,-0.008868877038450296,-0.9999152677202221
45972000000,664,45972000000,map,-0.5152204632759094,0.3891910910606384,3.3285651206970215,0.009139715650431762,0.0020812163185518176,-0.008864409472508161,-0.9999167850067685
46004000000,665,46004000000,map,-0.5207931995391846,0.39130163192749023,3.328120708465576,0.008973473662653367,0.0017766529837722244,-0.008707328168108153,-0.9999202831951948
46036000000,666,46036000000,map,-0.527625322341919,0.39398112893104553,3.327955722808838,0.008909590564839741,0.0016896852667757723,-0.008508900805318798,-0.9999227277124085
46072000000,667,46072000000,map,-0.5332208275794983,0.3960057497024536,3.3271915912628174,0.008878927415459049,0.001710144927549779,-0.00842684089126805,-0.9999236127962272
46104000000,668,46104000000,map,-0.5377256870269775,0.3974401354789734,3.3260865211486816,0.008868507594981492,0.0015895269032844268,-0.008211976257559539,-0.9999257201386528
46136000000,669,46136000000,map,-0.5411990880966187,0.3983002305030823,3.3244516849517822,0.008815767728787442,0.0011523201922514614,-0.008112341107679721,-0.9999275745999872
46172000000,670,46172000000,map,-0.5441948175430298,0.3986392617225647,3.322172164916992,0.008767468757482974,0.0008863103578749537,-0.008029522550355828,-0.9999289654459881
46204000000,671,46204000000,map,-0.5456283688545227,0.39839112758636475,3.3199636936187744,0.008688884641345396,0.00022512837913776313,-0.007929803106779099,-0.9999308199073226
46236000000,672,46236000000,map,-0.5462453961372375,0.39772364497184753,3.3175783157348633,0.008559894211477804,-0.000457952180123376,-0.007778369480079483,-0.9999330536902936
46272000000,673,46272000000,map,-0.5460861325263977,0.3966819941997528,3.314833164215088,0.008487851747210274,-0.000782567536626535,-0.0076813895816558175,-0.9999341916552034
46304000000,674,46304000000,map,-0.5448620915412903,0.3948233127593994,3.311185598373413,0.008399292328138026,-0.001370858845769912,-0.007561861119279034,-0.9999352031795676
46336000000,675,46336000000,map,-0.5436205863952637,0.3934454023838043,3.3090691566467285,0.008344652561038448,-0.0017262084744606252,-0.007410511786276441,-0.9999362568507805
46372000000,676,46372000000,map,-0.5408047437667847,0.3907562792301178,3.305176019668579,0.008337507353126834,-0.0018548610709956215,-0.00728112096134792,-0.9999370154940537
46404000000,677,46404000000,map,-0.5433775782585144,0.3911139965057373,3.303725481033325,0.008337073372296075,-0.0019275011644041468,-0.007085559584257328,-0.999938279899509
46436000000,678,46436000000,map,-0.5502212643623352,0.393701434135437,3.303527355194092,0.008543217559629904,-0.0018599700592885514,-0.006909343610633389,-0.9999379848715694
46472000000,679,46472000000,map,-0.5557646155357361,0.395614355802536,3.3031373023986816,0.008634344314466521,-0.0017670514048457138,-0.006803049258688909,-0.9999380691652664
46504000000,680,46504000000,map,-0.5601116418838501,0.3969326913356781,3.3024003505706787,0.008666154648380118,-0.0015843020111579696,-0.006651109869807104,-0.9999391228364793
46536000000,681,46536000000,map,-0.5640000104904175,0.39776474237442017,3.300898313522339,0.008782565561056223,-0.0016245792518107005,-0.006488675915646058,-0.9999391228364792
46572000000,682,46572000000,map,-0.5659841299057007,0.3978630006313324,3.2994143962860107,0.008780554695401099,-0.0016844781553510303,-0.006421451692271263,-0.9999394178644188
46604000000,683,46604000000,map,-0.5670881867408752,0.3975162208080292,3.2975783348083496,0.008693735480191197,-0.001989702339544385,-0.006266604170842183,-0.9999406822698742
46636000000,684,46636000000,map,-0.5673759579658508,0.396768182516098,3.295769453048706,0.008505800377775341,-0.002486327545899107,-0.006179950250303878,-0.9999416095005413
46672000000,685,46672000000,map,-0.5668858885765076,0.39563414454460144,3.293525457382202,0.008353697999127843,-0.0027492438674493664,-0.006138309163975009,-0.9999425367312086
46704000000,686,46704000000,map,-0.5656496286392212,0.3941501975059509,3.2913875579833984,0.008109980554891058,-0.003386452191917953,-0.006030118203847579,-0.9999432532276332
46736000000,687,46736000000,map,-0.5630878806114197,0.39186984300613403,3.288543224334717,0.00782104909109745,-0.0038670438151368206,-0.005879527514118188,-0.9999447283673311
46772000000,688,46772000000,map,-0.5603026151657104,0.38971570134162903,3.286247968673706,0.007686111181142141,-0.00404308543910238,-0.0058385607773655535,-0.9999452341295134
46804000000,689,46804000000,map,-0.5647487044334412,0.39066100120544434,3.2853832244873047,0.007575654169362706,-0.004167007051892029,-0.005746933528702869,-0.9999461613601806
46836000000,690,46836000000,map,-0.5705010890960693,0.39212265610694885,3.2847304344177246,0.007461480497016346,-0.0040463477039588,-0.005579989861751233,-0.9999483951431516
46872000000,691,46872000000,map,-0.5749956369400024,0.39297112822532654,3.2837843894958496,0.007456948064440155,-0.0039800800164817695,-0.00550340903800689,-0.9999491959332734
46904000000,692,46904000000,map,-0.5783289670944214,0.39325764775276184,3.2823588848114014,0.007481680526618081,-0.003944324836329229,-0.005408873656797042,-0.9999496595486069
46936000000,693,46936000000,map,-0.580572247505188,0.39302822947502136,3.280704975128174,0.00751934828465793,-0.004065463769300396,-0.0052092661822493724,-0.999949912429698
46972000000,694,46972000000,map,-0.5819936990737915,0.39210057258605957,3.2781355381011963,0.0075211044582245935,-0.004227041121692623,-0.005117807520980788,-0.999949743842304
47004000000,695,47004000000,map,-0.5820853114128113,0.3908640742301941,3.275681257247925,0.007497307952428638,-0.004717575779165267,-0.00498765805277912,-0.9999483108494547
47036000000,696,47036000000,map,-0.5813440084457397,0.38923513889312744,3.2729508876800537,0.00743066966902974,-0.005154987791448596,-0.0048755052888916905,-0.9999472571782417
47072000000,697,47072000000,map,-0.5798325538635254,0.3872327208518982,3.2702789306640625,0.007435502891809951,-0.00540396815875705,-0.00483276838450164,-0.9999460770664834
47104000000,698,47104000000,map,-0.5775905251502991,0.38490885496139526,3.267509698867798,0.0074317435904861315,-0.0057266315893385504,-0.004747378869418506,-0.9999447283673312
47136000000,699,47136000000,map,-0.5746520757675171,0.3822915554046631,3.2646448612213135,0.007424525860360578,-0.005970679046691897,-0.004640157286806779,-0.999943885430361
47172000000,700,47172000000,map,-0.5700131058692932,0.37864217162132263,3.260984420776367,0.007437168515506766,-0.0060410380242428355,-0.004601719360964929,-0.9999435482555729
47204000000,701,47204000000,map,-0.574794352054596,0.37987738847732544,3.2605252265930176,0.007426279605544367,-0.0061130108885876795,-0.004464573515910397,-0.9999438011366639
47236000000,702,47236000000,map,-0.5811842083930969,0.38193219900131226,3.2607312202453613,0.007507318405176419,-0.005760398870575682,-0.0044008474809619225,-0.9999455713043014
47272000000,703,47272000000,map,-0.5861350893974304,0.3833076059818268,3.2602994441986084,0.007492067749142492,-0.0055599274679516775,-0.004317185986667749,-0.9999472150313933
47304000000,704,47304000000,map,-0.5897551774978638,0.38407519459724426,3.259688138961792,0.007559246862218571,-0.005218340760933296,-0.004212914683451863,-0.9999489851990309
47336000000,705,47336000000,map,-0.5921916961669922,0.3842834234237671,3.258556842803955,0.007541945086996468,-0.005134033069840713,-0.004117620658968757,-0.9999499545765466
47372000000,706,47372000000,map,-0.5936976671218872,0.38383087515830994,3.2566964626312256,0.007484367882119031,-0.0051849576580985084,-0.0040483733868653116,-0.9999504181918801
47404000000,707,47404000000,map,-0.5937856435775757,0.3829362392425537,3.254775285720825,0.0073956839981347755,-0.005431960910157872,-0.003971708269424001,-0.9999500388702436
47436000000,708,47436000000,map,-0.5929532051086426,0.38159435987472534,3.2525484561920166,0.007267602853596583,-0.0057732919372710315,-0.0039176338627845975,-0.9999492380801218
47472000000,709,47472000000,map,-0.5912855267524719,0.37984851002693176,3.2502992153167725,0.007177462804228082,-0.005998072728385614,-0.0038666361760862915,-0.9999488166116367
47504000000,710,47504000000,map,-0.5888572931289673,0.3777256906032562,3.247753381729126,0.007143620695871231,-0.006340420548219097,-0.003776062598636443,-0.9999472571782418
47536000000,711,47536000000,map,-0.5856916308403015,0.3752360939979553,3.2451436519622803,0.0070507776917287475,-0.0067371897453297,-0.0036416141518866856,-0.9999458241853925
47572000000,712,47572000000,map,-0.580765426158905,0.3716910779476166,3.2415337562561035,0.007044805505932222,-0.006865241594927048,-0.003591923017492338,-0.9999451919826647
47604000000,713,47604000000,map,-0.5815061330795288,0.3715773820877075,3.239644765853882,0.007153887919238578,-0.007024272407155695,-0.0034791380508771845,-0.9999436746961183
47636000000,714,47636000000,map,-0.5864180326461792,0.3738710880279541,3.2386107444763184,0.007264406360872898,-0.006871031549110506,-0.003378027761299585,-0.9999443068988461
47672000000,715,47672000000,map,-0.589992344379425,0.3754497468471527,3.2376270294189453,0.007245826330181284,-0.006756694907577934,-0.003378702110875709,-0.9999452341295133
47704000000,716,47704000000,map,-0.5923320055007935,0.37636324763298035,3.236323118209839,0.007349859754773242,-0.006631867281601913,-0.0032646105919567074,-0.9999456977448469
47736000000,717,47736000000,map,-0.5935380458831787,0.3766862452030182,3.234701633453369,0.007310361757489098,-0.0067358789330660765,-0.00318132841929919,-0.9999455291574528
47772000000,718,47772000000,map,-0.593544602394104,0.37635454535484314,3.232407569885254,0.007213230723100949,-0.006766436386053237,-0.0031374114031508253,-0.999946203507029
47804000000,719,47804000000,map,-0.592458963394165,0.37556833028793335,3.230243444442749,0.007145508969350293,-0.007004685605967988,-0.0029893916711806194,-0.9999455291574528
47836000000,720,47836000000,map,-0.5904927849769592,0.37434542179107666,3.2280542850494385,0.006897094312353709,-0.00722328531891016,-0.0028866376545110266,-0.999945950625938
47872000000,721,47872000000,map,-0.5877174139022827,0.3727412521839142,3.2254223823547363,0.0067887787020985925,-0.007330642088361654,-0.002821562920410248,-0.999946119213332
47904000000,722,47904000000,map,-0.5842244029045105,0.37074437737464905,3.2228517532348633,0.00652154251379161,-0.007609805834797219,-0.0027479323760616907,-0.9999460770664835
47936000000,723,47936000000,map,-0.5800603628158569,0.36839109659194946,3.2199838161468506,0.006323746736344508,-0.007699355334378186,-0.002692467123421361,-0.9999467514160597
47972000000,724,47972000000,map,-0.5739602446556091,0.3649592399597168,3.2163305282592773,0.006204825040413656,-0.007783811444939255,-0.002661826364553977,-0.9999469621503022
48004000000,725,48004000000,map,-0.5761438012123108,0.36552804708480835,3.2156922817230225,0.00624205799444211,-0.007811335806558774,-0.002619932397134151,-0.9999466249755141
48036000000,726,48036000000,map,-0.5796108841896057,0.3667030930519104,3.2155771255493164,0.006368498951565109,-0.007659992647410916,-0.002621533977377522,-0.9999469621503023
48072000000,727,48072000000,map,-0.5817939639091492,0.3672231137752533,3.2151474952697754,0.006464140440594265,-0.007535089391714056,-0.0025497578943634584,-0.9999475100593329
48104000000,728,48104000000,map,-0.582888126373291,0.3671093285083771,3.213960647583008,0.00655729106734004,-0.007272825852407335,-0.0024759166157724004,-0.9999490273458793
48136000000,729,48136000000,map,-0.5827492475509644,0.3666722774505615,3.2131307125091553,0.006581833168996127,-0.007218322609816066,-0.0024505442129688086,-0.9999493645206674
48172000000,730,48172000000,map,-0.5813012719154358,0.3653066158294678,3.2112839221954346,0.006574851280122493,-0.007278443772127841,-0.0024470460245424324,-0.9999489009053337
48204000000,731,48204000000,map,-0.5791383981704712,0.3637447953224182,3.2097842693328857,0.006421670987592523,-0.007451327716336655,-0.0024162366782808924,-0.9999487744647881
48236000000,732,48236000000,map,-0.576175332069397,0.3618006706237793,3.2079250812530518,0.006281231514499461,-0.0076586252620581535,-0.002424455313740637,-0.9999480579683635
48272000000,733,48272000000,map,-0.5724561214447021,0.3594614267349243,3.205953359603882,0.006282804365738715,-0.0078022153767135305,-0.002399504379422102,-0.9999469621503023
48304000000,734,48304000000,map,-0.5680391788482666,0.3567829728126526,3.2037603855133057,0.006248457812288748,-0.008011297495733599,-0.002369453676433875,-0.9999456555979984
48336000000,735,48336000000,map,-0.5616248250007629,0.3530057370662689,3.200737953186035,0.006221522930321939,-0.008055495463432668,-0.0022968346564496427,-0.99994561345115
48372000000,736,48372000000,map,-0.5558568239212036,0.3496357500553131,3.1981899738311768,0.00623899271671164,-0.008071681252667932,-0.002262611415458749,-0.9999454448637559
48404000000,737,48404000000,map,-0.5555607080459595,0.34876957535743713,3.196969509124756,0.006347996814670337,-0.008054181914093433,-0.002232181390833921,-0.9999449391015737
48436000000,738,48436000000,map,-0.5600462555885315,0.35009393095970154,3.197158098220825,0.006570136801148877,-0.007805402485177976,-0.0021844711583195457,-0.99994561345115
48472000000,739,48472000000,map,-0.5632085204124451,0.35079970955848694,3.19681453704834,0.0067366274717971,-0.007655608551985148,-0.0022006976949963124,-0.9999455713043013
48504000000,740,48504000000,map,-0.5651653409004211,0.3509221374988556,3.196256399154663,0.00692196408106155,-0.007391774754458174,-0.002183670368197888,-0.9999463299475746
48536000000,741,48536000000,map,-0.566025972366333,0.3505204916000366,3.1954686641693115,0.006905865487235047,-0.0073978121052917165,-0.0021521023786632014,-0.9999465406818172
48572000000,742,48572000000,map,-0.5656904578208923,0.34934526681900024,3.1941232681274414,0.006915508883737692,-0.0075810603464442575,-0.0021067945165140216,-0.9999451498358163
48604000000,743,48604000000,map,-0.5643628835678101,0.3479290008544922,3.193154811859131,0.006778498143204958,-0.007944528738204058,-0.002049980564721277,-0.9999433796681789
48636000000,744,48636000000,map,-0.5621960163116455,0.34612590074539185,3.191697597503662,0.006601028383155775,-0.00841872679974911,-0.0020158837642759724,-0.9999408087104197
48672000000,745,48672000000,map,-0.5592501759529114,0.34396782517433167,3.1902599334716797,0.006526959165846864,-0.008634961288352314,-0.001997339150931255,-0.9999394600112672
48704000000,746,48704000000,map,-0.5555992126464844,0.3414776623249054,3.188527822494507,0.006407370693601678,-0.009083731135446759,-0.0019886147532894864,-0.999936298997629
48736000000,747,48736000000,map,-0.5512725114822388,0.3386613726615906,3.18678879737854,0.0062341124079991084,-0.00949975131720503,-0.002033585440650632,-0.9999333908650817
48772000000,748,48772000000,map,-0.5449779629707336,0.3347136080265045,3.1843760013580322,0.006205764701108484,-0.009631067726274816,-0.002000837339357631,-0.999932421487566
48804000000,749,48804000000,map,-0.5470306873321533,0.3350776135921478,3.185002326965332,0.006176915183302778,-0.009776877382876286,-0.001990764242563448,-0.9999311992289592
48836000000,750,48836000000,map,-0.5504029989242554,0.3360731601715088,3.186180591583252,0.006367628520361684,-0.009670059981956348,-0.0019867181451064257,-0.9999310306415652
48872000000,751,48872000000,map,-0.5524839162826538,0.3364487588405609,3.1868274211883545,0.0064486341046551135,-0.009553136063108522,-0.0019566252952696876,-0.9999317049911414
48904000000,752,48904000000,map,-0.553402841091156,0.3362261652946472,3.1872663497924805,0.006583895689236098,-0.009391145474037535,-0.0019913121515941494,-0.999932252900172
48936000000,753,48936000000,map,-0.5532564520835876,0.33546674251556396,3.1872212886810303,0.006601386796004245,-0.009429895385340128,-0.0019548551276321606,-0.9999318735785354
48972000000,754,48972000000,map,-0.5517206192016602,0.3338888883590698,3.1868820190429688,0.006626701082254975,-0.009454193208142786,-0.0019397665558652528,-0.9999315364037473
49004000000,755,49004000000,map,-0.5494853258132935,0.33217689394950867,3.1860897541046143,0.006625807766629896,-0.009622331804104172,-0.0018815196112232375,-0.9999300191172009
49036000000,756,49036000000,map,-0.5464158058166504,0.33007746934890747,3.1850523948669434,0.006531001394354924,-0.009794806915650623,-0.0018700978152768617,-0.9999289654459881
49072000000,757,49072000000,map,-0.5425857901573181,0.3276161551475525,3.183673620223999,0.006505206699885624,-0.00991427824929145,-0.0018749025560070305,-0.9999279539216239
49104000000,758,49104000000,map,-0.5380440950393677,0.32481759786605835,3.1820240020751953,0.0063946999679958365,-0.010012387222273956,-0.001879749443585766,-0.9999277431873813
49136000000,759,49136000000,map,-0.5328578948974609,0.32173529267311096,3.1801536083221436,0.0064207931477633816,-0.010015424100272518,-0.0018742282064307953,-0.9999275324531387
49172000000,760,49172000000,map,-0.52556312084198,0.31748807430267334,3.177490472793579,0.006442946585011921,-0.009946536393470477,-0.001888052372742422,-0.9999280382153208
49204000000,761,49204000000,map,-0.5244507789611816,0.31647664308547974,3.176708459854126,0.0065042718959565414,-0.009800667138591035,-0.0018450625872613597,-0.9999291340333822
49236000000,762,49236000000,map,-0.5275347232818604,0.317575067281723,3.176689386367798,0.006690198519941112,-0.009409888391597296,-0.0018245370720365035,-0.9999317049911414
49272000000,763,49272000000,map,-0.529371976852417,0.31807172298431396,3.1763954162597656,0.006744785356525863,-0.009192917650234167,-0.0018381926509540298,-0.9999333065713847
49304000000,764,49304000000,map,-0.5300942063331604,0.31805065274238586,3.1756393909454346,0.006912106781070906,-0.00873768715224416,-0.001828498875796503,-0.9999362568507805
49336000000,765,49336000000,map,-0.5297977924346924,0.3175128996372223,3.174589157104492,0.0068148838797238934,-0.00861639708330841,-0.0018166977582134707,-0.9999380270184179
49372000000,766,49372000000,map,-0.5281334519386292,0.3161717355251312,3.1729819774627686,0.0068166284464436025,-0.008639099005814034,-0.0018287939037360816,-0.9999378162841754
49404000000,767,49404000000,map,-0.5258458852767944,0.31459689140319824,3.1715826988220215,0.006746457894940012,-0.00881729061296203,-0.0018451468809583265,-0.999936720466114
49436000000,768,49436000000,map,-0.5227664709091187,0.31261107325553894,3.1700708866119385,0.00664951833236756,-0.009136010843665856,-0.0018325871201020922,-0.9999345288299916
49472000000,769,49472000000,map,-0.5189900398254395,0.3102644383907318,3.16825532913208,0.006626964993966548,-0.009334641861344238,-0.0018338936724059958,-0.9999328008092025
49504000000,770,49504000000,map,-0.5145586133003235,0.3075924515724182,3.166515827178955,0.006640328837667042,-0.009631091598513232,-0.0018830368977696417,-0.9999298505298069
49536000000,771,49536000000,map,-0.5095282196998596,0.3045733571052551,3.164548873901367,0.006613217054181775,-0.009928101263150135,-0.0018746496749159076,-0.9999271109846536
49572000000,772,49572000000,map,-0.5024119019508362,0.300367146730423,3.16202712059021,0.006631075628785376,-0.010042394132052442,-0.0018756611992802325,-0.9999258465791983
49604000000,773,49604000000,map,-0.5010290145874023,0.29919683933258057,3.1616644859313965,0.006733981933872407,-0.010143462768689946,-0.0018529861947813593,-0.9999241607052578
49636000000,774,49636000000,map,-0.503433108329773,0.30001702904701233,3.162536382675171,0.006996711887326907,-0.009965619202314419,-0.0018118930174832466,-0.9999242028521064
49672000000,775,49672000000,map,-0.5046597719192505,0.3002432584762573,3.162947177886963,0.007117743148271019,-0.009879056160918123,-0.0017768689863707505,-0.9999243292926518
49704000000,776,49704000000,map,-0.5048484802246094,0.29990556836128235,3.1628613471984863,0.00731009831910639,-0.00967432957295579,-0.0017494735348386199,-0.999925003642228
49736000000,777,49732000000,map,-0.5040916800498962,0.29904139041900635,3.1627399921417236,0.007296777610071169,-0.00959911292415978,-0.001701173246445143,-0.9999258465791983
49772000000,778,49772000000,map,-0.5019180774688721,0.29731228947639465,3.1619861125946045,0.007306578563347348,-0.00961012329442487,-0.001681996430372646,-0.9999257201386528
49804000000,779,49804000000,map,-0.4992621839046478,0.29543378949165344,3.1611413955688477,0.007408642178418352,-0.009814413267378412,-0.0016407768125290551,-0.9999231070340451
49836000000,780,49836000000,map,-0.49583858251571655,0.2931821942329407,3.1600468158721924,0.007402861145455026,-0.010065317737103067,-0.0016643369008466087,-0.999920620369983
49872000000,781,49872000000,map,-0.4917095899581909,0.29056522250175476,3.158721685409546,0.007392083241401254,-0.010160141725443625,-0.0016487004200491102,-0.9999197352861642
49904000000,782,49904000000,map,-0.48695364594459534,0.287602037191391,3.1573359966278076,0.007469041905057003,-0.010290882731249562,-0.0016132549204514463,-0.9999178386779812
49936000000,783,49936000000,map,-0.4816060960292816,0.28432556986808777,3.1558704376220703,0.0073985536058283115,-0.010239624590198473,-0.0016192819197884407,-0.999918892349194
49972000000,784,49972000000,map,-0.47414565086364746,0.279814749956131,3.1538784503936768,0.007514345815939166,-0.010215946951686207,-0.001586955286980552,-0.9999183444401634
50004000000,785,50004000000,map,-0.4722297489643097,0.27870097756385803,3.1531870365142822,0.007580348274615607,-0.010054325147539692,-0.0015601498913276341,-0.9999195245519217
50036000000,786,50036000000,map,-0.47390127182006836,0.2798004150390625,3.153958797454834,0.007920776848798638,-0.00969480931933729,-0.0015721195963047114,-0.9999204517825888
50072000000,787,50072000000,map,-0.4744866192340851,0.28027552366256714,3.1542677879333496,0.008091614983334371,-0.009489591210217809,-0.0015487280953812028,-0.9999210839853165
50104000000,788,50104000000,map,-0.47409987449645996,0.28019979596138,3.1543941497802734,0.008288263329294379,-0.008966781574522156,-0.001499500576320479,-0.9999243714395004
50136000000,789,50132000000,map,-0.4727824628353119,0.2795913815498352,3.1541121006011963,0.008439838491614447,-0.00871301215836431,-0.0014579859305373093,-0.9999254251107133
50172000000,790,50172000000,map,-0.46999654173851013,0.27817925810813904,3.1534242630004883,0.008446735253320665,-0.008671432491600677,-0.0014105285791140014,-0.9999257622855013
50204000000,791,50204000000,map,-0.46693065762519836,0.27655279636383057,3.15255069732666,0.008387640504652887,-0.008703953652282334,-0.001390803854010914,-0.9999260151665923
50236000000,792,50236000000,map,-0.4631652235984802,0.2745317816734314,3.151254177093506,0.00828003928142208,-0.008867861748034682,-0.001401677740926755,-0.9999254251107133
50272000000,793,50272000000,map,-0.45880258083343506,0.2721570134162903,3.1500062942504883,0.008277578712186064,-0.008918752997476761,-0.001411329369235715,-0.9999249614953796
50304000000,794,50304000000,map,-0.453865647315979,0.2694329023361206,3.1484975814819336,0.008248921180683952,-0.009105174085489246,-0.0013937119865581333,-0.9999236127962272
50336000000,795,50336000000,map,-0.44837868213653564,0.26635411381721497,3.1471564769744873,0.008152959103956501,-0.009223857264831114,-0.001350469319985948,-0.9999232756214391
50372000000,796,50367969368,map,-0.44086673855781555,0.26208552718162537,3.144987106323242,0.008146668563339158,-0.009192422424764162,-0.0013100926391125818,-0.9999236970899241
50404000000,797,50399969368,map,-0.43896785378456116,0.2613016963005066,3.1448707580566406,0.008283350011038382,-0.009113370206958505,-0.001294666892557584,-0.999923359915136
50436000000,798,50431969368,map,-0.4407143294811249,0.2628806531429291,3.1462454795837402,0.008606205304446378,-0.008859693697025077,-0.0012781453279412942,-0.999922938446651
50472000000,799,50463969338,map,-0.44142183661460876,0.2637884318828583,3.147237539291382,0.008827773792624206,-0.008680381375746468,-0.001263056756174386,-0.9999226012718629
50504000000,800,50495969338,map,-0.4411618113517761,0.26410478353500366,3.147801399230957,0.009158673479875798,-0.008471046370490455,-0.00126044365156669,-0.9999214211601046
50536000000,801,50527969338,map,-0.4398767650127411,0.26382380723953247,3.1479508876800537,0.00956421459273031,-0.008135421610959452,-0.001264279014781156,-0.9999204517825888
50572000000,802,50567969308,map,-0.43604516983032227,0.26255685091018677,3.1475143432617188,0.0104284320994514,-0.007226835326557535,-0.001263436077810987,-0.9999186816149515
50604000000,803,50599969308,map,-0.4313097298145294,0.2608805298805237,3.1464922428131104,0.01245169962938709,-0.004124351642384845,-0.0013398061673126629,-0.999913118230948
50636000000,804,50631969308,map,-0.4252240061759949,0.2587451934814453,3.1451451778411865,0.014400442805440788,0.0005898951942926281,-0.0015459464033795167,-0.9998949529392398
50672000000,805,50663969278,map,-0.4178416430950165,0.256193608045578,3.142963409423828,0.015459807135484649,0.003456288532083865,-0.001697717204867277,-0.9998730787248626
50704000000,806,50703969278,map,-0.4067583978176117,0.25238409638404846,3.1387887001037598,0.017891549573478403,0.01058137823824975,-0.0020887978121998936,-0.9997818307978366
50736000000,807,50727969278,map,-0.39912447333335876,0.24978138506412506,3.1351685523986816,0.020283923973830754,0.017837313082571898,-0.0025150288911904837,-0.9996319987513804
50772000000,808,50767969248,map,-0.3847092390060425,0.24498610198497772,3.127359390258789,0.021527130109713768,0.02169241628187737,-0.002713414107131272,-0.9995292868815593
50804000000,809,50799969248,map,-0.3766443431377411,0.24379263818264008,3.1222195625305176,0.023976406655374087,0.02955560692226032,-0.003173531252324722,-0.9992705473785508
50836000000,810,50831969248,map,-0.3716936409473419,0.24505938589572906,3.118420362472534,0.026195283142241038,0.03764322067148219,-0.0036307402649708976,-0.9989412961979838
50872000000,811,50871969219,map,-0.36301448941230774,0.24594350159168243,3.113518238067627,0.02703430440681445,0.04150295661821398,-0.0038282403970929498,-0.9987652909586024
50904000000,812,50903969219,map,-0.35441485047340393,0.246287539601326,3.109860897064209,0.02795421996165945,0.04833658604967561,-0.004147713508805548,-0.998431235037305
50936000000,813,50935969219,map,-0.3445585370063782,0.2463727444410324,3.1067638397216797,0.02797093118709402,0.05396181001659123,-0.00440657945235939,-0.998141433306944
50972000000,814,50967969191,map,-0.33359113335609436,0.2462327480316162,3.1041646003723145,0.027708772521000194,0.056251785273445765,-0.0044546268596618,-0.9980221577256583
51004000000,815,50999969191,map,-0.321633517742157,0.24589672684669495,3.1021547317504883,0.02669441904953244,0.059546725791262245,-0.0044703054873079205,-0.9978584593660419
51036000000,816,51031969191,map,-0.30880165100097656,0.24538809061050415,3.1007516384124756,0.025254125575746546,0.061385991869764386,-0.004237612736679216,-0.9977855874649666
51072000000,817,51063969162,map,-0.29517579078674316,0.2447245866060257,3.099846839904785,0.024411046359914944,0.06184331678624397,-0.004034970689038905,-0.9977791811439929
51104000000,818,51095969162,map,-0.2808702290058136,0.24389152228832245,3.099329710006714,0.022623238949266572,0.061888589086989756,-0.0034766092399665066,-0.9978205693492306
51136000000,819,51127969162,map,-0.2659703493118286,0.24289913475513458,3.099235773086548,0.02079099295521952,0.06110218289442612,-0.0028552803992189474,-0.997910932192438
51172000000,820,51167969134,map,-0.2465774565935135,0.2413991093635559,3.099806070327759,0.019762359604640675,0.06035971084016806,-0.002452988730182511,-0.9979780721221159
51204000000,821,51199969134,map,-0.2359689176082611,0.2450227290391922,3.1026155948638916,0.017624983598264914,0.05857141347240574,-0.001497983289774126,-0.9981265554694196
51236000000,822,51231969134,map,-0.22617299854755402,0.2496519535779953,3.106368064880371,0.015582958251199963,0.05657419549366395,-0.0005340005706329053,-0.9982766825438155
51272000000,823,51263969107,map,-0.2153019905090332,0.25354793667793274,3.1097793579101562,0.01454404238667348,0.05555805736657956,-4.952254700024354e-05,-0.9983495544448908
51304000000,824,51295969107,map,-0.2034948617219925,0.256743848323822,3.112981081008911,0.012251663442364802,0.05348401753680355,0.0010358852427008213,-0.9984929801703735
51336000000,825,51327969107,map,-0.19077005982398987,0.25921961665153503,3.115669012069702,0.009601287849715581,0.051410953669988366,0.002225058573435693,-0.9986289880505181
51372000000,826,51367969080,map,-0.17331692576408386,0.26137351989746094,3.1184232234954834,0.008310497150131926,0.050419566279692005,0.002807612313553257,-0.9986895952186767
51404000000,827,51399969080,map,-0.1581607609987259,0.2623700797557831,3.1202123165130615,0.005775897633253118,0.04890137225896782,0.0041337207551001036,-0.9987783564816407
51436000000,828,51431969080,map,-0.14197085797786713,0.26270997524261475,3.1216442584991455,0.0029784361247459563,0.04840498906771978,0.005436859164208332,-0.9988085757720231
51472000000,829,51463969053,map,-0.1247614249587059,0.26238948106765747,3.12300181388855,0.0015068631039198998,0.0484646110532945,0.0060578086833194015,-0.9988054147583847
51504000000,830,51495969053,map,-0.10652940720319748,0.2613576352596283,3.12394380569458,-0.0013793135694356458,0.049231997163378574,0.007263630019216097,-0.9987599804556899
51536000000,831,51527969053,map,-0.0872793197631836,0.25963935256004333,3.1246817111968994,-0.004064887048947527,0.051144713345034065,0.00840016193616078,-0.99864761695756
51572000000,832,51567969026,map,-0.061844781041145325,0.25654032826423645,3.125162363052368,-0.005238890148396508,0.05246453927197468,0.00899025996216191,-0.998568591616602
51604000000,833,51599969026,map,-0.04473760724067688,0.2570919692516327,3.1273105144500732,-0.007346058718191105,0.05591351071603028,0.009988465922293858,-0.9983586160173206
51636000000,834,51631969026,map,-0.030618375167250633,0.26026463508605957,3.131129264831543,-0.008937139127969803,0.06070574963733266,0.010833805262876865,-0.9980568867288313
51672000000,835,51663969000,map,-0.015251265838742256,0.2621041238307953,3.134232759475708,-0.009304635939382513,0.06258713490547636,0.011140887201127218,-0.9979339865185735
51704000000,836,51695969000,map,0.0011376304319128394,0.2627190053462982,3.136861801147461,-0.010021980569393988,0.06706644928165353,0.011738950981496802,-0.9976291805101427
51736000000,837,51727969000,map,0.018348317593336105,0.2621760964393616,3.1387646198272705,-0.010295273906028789,0.07134066392208654,0.012202524168268175,-0.9973242480611664
51772000000,838,51767968974,map,0.040751297026872635,0.25997692346572876,3.1407408714294434,-0.010254683856734762,0.07322900868859061,0.012390035497293122,-0.9971854584890198
51804000000,839,51799968974,map,0.059197671711444855,0.2571336030960083,3.141848087310791,-0.009986679949588082,0.07649508124935517,0.012581972245411749,-0.9969405852991716
51836000000,840,51831968974,map,0.07795004546642303,0.2533630132675171,3.1425955295562744,-0.009329173307749941,0.07912778940994422,0.012610674249247672,-0.9967411042651696
51872000000,841,51863968949,map,0.09687487781047821,0.24875357747077942,3.142829656600952,-0.00893932286155827,0.08014671318029737,0.012511882036338134,-0.9966644812945769
51904000000,842,51895968949,map,0.11584844440221786,0.24337342381477356,3.142576217651367,-0.007991477117040709,0.08181562828256356,0.012272656524190356,-0.9965398952103786
51936000000,843,51927968949,map,0.1348060816526413,0.237329363822937,3.1419317722320557,-0.00681956818912711,0.08304364520255729,0.011925872254642705,-0.9964513025348087
51972000000,844,51967968924,map,0.15840087831020355,0.22891449928283691,3.140402317047119,-0.006149741496633632,0.08347378276756931,0.01167417127533566,-0.9964226426778213
52004000000,845,51999968924,map,0.17253196239471436,0.2272634655237198,3.141335964202881,-0.004632123043809425,0.08417699766661751,0.011126768006876125,-0.9963779670183998
52036000000,846,52031968924,map,0.18538141250610352,0.22652128338813782,3.142436981201172,-0.002947932343136063,0.08461895742263684,0.010501013747034832,-0.9963537325805059
52072000000,847,52063968899,map,0.1984473615884781,0.2248159945011139,3.1431334018707275,-0.002110561391099651,0.08474886191228151,0.010178211034289958,-0.996348127049654
52104000000,848,52095968899,map,0.21166905760765076,0.22229351103305817,3.1431703567504883,-0.0004462798079916273,0.08472063142631331,0.009546851243596726,-0.9963589166428728
52136000000,849,52127968899,map,0.2249898761510849,0.21906280517578125,3.1426897048950195,0.0010558839223192408,0.08441826730091814,0.008932350192307875,-0.9963898524296797
52172000000,850,52167968875,map,0.24166494607925415,0.21414309740066528,3.1415460109710693,0.001784473858349031,0.08416761209028975,0.008549446073586436,-0.9964133282243004
52204000000,851,52199968875,map,0.25499656796455383,0.20957700908184052,3.140155792236328,0.003152489438205798,0.08362824043064962,0.007866034924982229,-0.9964609963099662
52236000000,852,52231968875,map,0.2682722806930542,0.20456084609031677,3.1383845806121826,0.0043548099514980395,0.08312798104642759,0.007170780511946589,-0.9965036489206592
52272000000,853,52263968851,map,0.28151223063468933,0.19916275143623352,3.136202573776245,0.004957436128218922,0.0829329201631631,0.006855479938236602,-0.9965192854014567
52304000000,854,52295968851,map,0.29472100734710693,0.19340966641902924,3.1342575550079346,0.006104246607844288,0.08256536803401172,0.006193395094978965,-0.9965477345242015
52336000000,855,52327968851,map,0.3079380989074707,0.18730764091014862,3.1319847106933594,0.007085554315901464,0.08235024788503409,0.005461767951678359,-0.9965632867113021
52372000000,856,52367968827,map,0.32439106702804565,0.17928120493888855,3.1295082569122314,0.007647366538195621,0.08232645072069363,0.0051364364280227,-0.9965629073896656
52404000000,857,52399968827,map,0.3332170844078064,0.17670780420303345,3.1303558349609375,0.008753853020508183,0.08252677996002197,0.004476248192948068,-0.9965404009725607
52436000000,858,52431968827,map,0.34091636538505554,0.17492227256298065,3.1317644119262695,0.009975777086714049,0.08295581117026057,0.0038047224556240263,-0.9964960203410786
52472000000,859,52463968804,map,0.3489566743373871,0.1725742220878601,3.132997512817383,0.010531551772959022,0.08311153850715228,0.00349410018209873,-0.9964784872520982
52504000000,860,52495968804,map,0.35731351375579834,0.16975603997707367,3.133589744567871,0.011477853889149873,0.08320160632242005,0.0027882669100867726,-0.9964627664776037
52536000000,861,52527968804,map,0.36593782901763916,0.16648899018764496,3.133864164352417,0.012192121799220057,0.08327456778554848,0.0020352713145911413,-0.9964500381293533
52572000000,862,52567968781,map,0.3770233988761902,0.16188302636146545,3.1336922645568848,0.012498966661447555,0.0832479573190699,0.001678540388794952,-0.9964491108986862
52604000000,863,52599968781,map,0.38612982630729675,0.1578325629234314,3.1332924365997314,0.01304400180385634,0.08318881211971896,0.0009322461422125501,-0.9964480572274734
52636000000,864,52631968781,map,0.3953402042388916,0.15350671112537384,3.1326770782470703,0.013517729746940757,0.08315195733487422,0.0001827065882948393,-0.9964451912417747
52672000000,865,52663968758,map,0.404671311378479,0.1489107608795166,3.13181471824646,0.013722073473589764,0.08310005875928911,-0.00020222057915519388,-0.9964467506751695
52704000000,866,52695968758,map,0.41417360305786133,0.1440877914428711,3.130794048309326,0.014250850469185476,0.08300733305838712,-0.0009327519043945081,-0.9964466242346239
52736000000,867,52727968758,map,0.4238297641277313,0.1390737146139145,3.12949275970459,0.014940609986846569,0.08299372489467416,-0.001708464651237524,-0.9964366354315268
52772000000,868,52767968736,map,0.43606001138687134,0.13260184228420258,3.127650022506714,0.015261955999139853,0.08301855202262512,-0.002064984842791157,-0.9964290068519464
52804000000,869,52799968736,map,0.4411483705043793,0.1314304769039154,3.128073215484619,0.01599617517362388,0.0832757320922386,-0.0027043946815499768,-0.996394488583016
52836000000,870,52831968736,map,0.4451722204685211,0.13119252026081085,3.1290271282196045,0.016804925781343363,0.08370432866310193,-0.003421691896356877,-0.9963431115746813
52872000000,871,52863968714,map,0.4497312605381012,0.130568727850914,3.129639148712158,0.017111549372616185,0.08384891869527462,-0.0038241521527873582,-0.9963242719333969
52904000000,872,52895968714,map,0.4547460377216339,0.1295841932296753,3.1301429271698,0.01757964544306833,0.08400189858447901,-0.0044637305789401675,-0.9963005432576852
52936000000,873,52927968714,map,0.46013978123664856,0.12825725972652435,3.130479574203491,0.017788846594008215,0.08407175171752974,-0.0051928289113301,-0.9962873512941013
52972000000,874,52967968692,map,0.4673897922039032,0.12625449895858765,3.130596399307251,0.017886935481383225,0.08403869541740705,-0.005558452822162158,-0.9962864662102826
53004000000,875,52999968692,map,0.4700830280780792,0.12810711562633514,3.1330502033233643,0.01796354264690784,0.08397461640260229,-0.006220621959116818,-0.9962865926508282
53036000000,876,53031968692,map,0.47221189737319946,0.1306546926498413,3.1357264518737793,0.018051352971602257,0.08404739610744652,-0.006834195779738478,-0.9962748758269421
53072000000,877,53063968671,map,0.4749543070793152,0.13267703354358673,3.1378817558288574,0.018039212045053092,0.08410266379673445,-0.007134197047439001,-0.9962683009185744
53104000000,878,53095968671,map,0.4782120883464813,0.13427254557609558,3.1393399238586426,0.017874997386542517,0.08412677179408269,-0.007695677363301118,-0.9962650134643904
53136000000,879,53127968671,map,0.481957346200943,0.13547533750534058,3.140549898147583,0.01764985682433142,0.0842030075405048,-0.008305626554950757,-0.9962576799127497
53172000000,880,53167968650,map,0.4872836172580719,0.13653583824634552,3.1413626670837402,0.017587682320243755,0.08418806384852966,-0.008463297915230034,-0.9962587335839623
53204000000,881,53199968650,map,0.4920368790626526,0.13703805208206177,3.1415634155273438,0.017269062682213523,0.08427784717256999,-0.008919874725148541,-0.9962527908783223
53236000000,882,53231968650,map,0.4971957504749298,0.1372605413198471,3.141437530517578,0.01705330769633019,0.08459212041684752,-0.009292284278590796,-0.9962264069511546
53272000000,883,53263968629,map,0.5026960968971252,0.1372385323047638,3.1410388946533203,0.016966119037651307,0.08483294487506074,-0.009470818328882908,-0.9962057549953842
53304000000,884,53303968629,map,0.5100217461585999,0.13687239587306976,3.14037823677063,0.01681640289502849,0.08546935175086312,-0.009746500864992675,-0.9961512591202597
53336000000,885,53327968629,map,0.5146084427833557,0.1365259438753128,3.139725685119629,0.01678607296916884,0.08619157487858974,-0.009969879162100398,-0.9960873644979171
53372000000,886,53367968609,map,0.5225037932395935,0.13573504984378815,3.1384425163269043,0.016820261965845268,0.08667043946883643,-0.010056533082638758,-0.996044290418739
53404000000,887,53399968609,map,0.5241281986236572,0.13783098757266998,3.1395251750946045,0.016890792082650215,0.08764989271555912,-0.01017816888744127,-0.9959561192116542
53436000000,888,53431968609,map,0.5247384309768677,0.14049717783927917,3.1410322189331055,0.017099698205650528,0.08860019351400245,-0.010254033214760922,-0.9958676951234784
53472000000,889,53463968589,map,0.5259360074996948,0.1427532583475113,3.142068386077881,0.01723069587917845,0.08909810057724195,-0.010213782974432978,-0.9958214600306619
53504000000,890,53495968589,map,0.527640163898468,0.1446235030889511,3.1429505348205566,0.017319557240907606,0.08994700659488018,-0.010160045742581553,-0.9957442048573415
53536000000,891,53527968589,map,0.5297514796257019,0.14615188539028168,3.143540143966675,0.017391430788508834,0.09047866538124283,-0.010068376347070413,-0.9956956938347054
53572000000,892,53567968570,map,0.5329206585884094,0.14764174818992615,3.1437458992004395,0.01735366984642111,0.09071454812146815,-0.009989730327749075,-0.9956756319348141
53604000000,893,53599968570,map,0.5358466506004333,0.1484958380460739,3.14351224899292,0.017232487120240163,0.09109540811803683,-0.00982801287001272,-0.9956445697074616
53636000000,894,53631968570,map,0.5391334891319275,0.14907681941986084,3.1427714824676514,0.017002536548942758,0.09144434977939261,-0.009671563768340325,-0.9956181014865968
53672000000,895,53663968551,map,0.5427256226539612,0.14941321313381195,3.142075300216675,0.01687903311191568,0.09157935930606317,-0.009596078762657273,-0.9956085341519849
53704000000,896,53695968551,map,0.5465974807739258,0.14950953423976898,3.140861749649048,0.016590503689544192,0.091924755363788,-0.009404732070417804,-0.9955833303365753
53736000000,897,53735968551,map,0.5517433881759644,0.14934295415878296,3.139244556427002,0.016348056577663306,0.09246901605785537,-0.00911105282999391,-0.9955396662015181
53772000000,898,53767968532,map,0.5560434460639954,0.14893858134746552,3.138007402420044,0.016213861012004623,0.09278024946068408,-0.008976014327364995,-0.9955142095050176
53804000000,899,53799968532,map,0.5574095249176025,0.15067704021930695,3.138307571411133,0.015974032273087475,0.09331501130876833,-0.008761276134202018,-0.9954699974609296
53836000000,900,53831968532,map,0.5561551451683044,0.15427842736244202,3.1403555870056152,0.01570631285716824,0.09388901187281623,-0.00842389061187226,-0.9954230880185369
53872000000,901,53863968513,map,0.5554815530776978,0.15729175508022308,3.1417081356048584,0.015645242073675958,0.09424746028268927,-0.008224536018415768,-0.9953918993506389
53904000000,902,53895968513,map,0.5553414821624756,0.1598125696182251,3.1426870822906494,0.015412196343191032,0.09473247041028443,-0.007824520279198938,-0.9953527449283722
53936000000,903,53927968513,map,0.5556542873382568,0.16186662018299103,3.1431210041046143,0.015024537533121924,0.0950898993932591,-0.0074925717003270715,-0.9953271196444776
53972000000,904,53967968495,map,0.5565274953842163,0.1638420969247818,3.143148422241211,0.014738997902816678,0.0952079263741578,-0.007317114369976224,-0.9953214298199287
54004000000,905,53999968495,map,0.5575719475746155,0.16494444012641907,3.142817497253418,0.014151910742306149,0.09526260400756659,-0.006893285661350717,-0.9953277518472052
54036000000,906,54031968495,map,0.5588774681091309,0.16567496955394745,3.1422252655029297,0.013393288542534318,0.09518381047427546,-0.0065042702495951505,-0.9953484038029756
54072000000,907,54063968477,map,0.5604354739189148,0.16605184972286224,3.141400098800659,0.013001220118439757,0.09517963530209486,-0.006294378944010908,-0.9953553158861315
54104000000,908,54095968477,map,0.5622615218162537,0.16604633629322052,3.140150785446167,0.012127984832498604,0.09516003174918122,-0.005997580836797183,-0.9953700672831103
54136000000,909,54127968477,map,0.5643168091773987,0.16567844152450562,3.1388092041015625,0.01130286280831067,0.09507750031726281,-0.005682027381996129,-0.9953894969802738
54172000000,910,54167968460,map,0.5671597123146057,0.16474102437496185,3.137026309967041,0.010886499360227618,0.0951479435061927,-0.005484864424662166,-0.9953885697496065
54204000000,911,54199968460,map,0.5670420527458191,0.16597087681293488,3.137505292892456,0.01025495781125022,0.09544591382263062,-0.005160839453310356,-0.9953685078497153
54236000000,912,54231968460,map,0.5647862553596497,0.16897407174110413,3.139634609222412,0.009838868317682476,0.09584067701085186,-0.00486193400367107,-0.9953362233637559
54272000000,913,54263968443,map,0.56297767162323,0.17130683362483978,3.141155242919922,0.009638057023774292,0.09601390319240966,-0.004735746339229457,-0.9953221463163533
54304000000,914,54295968443,map,0.5615824460983276,0.17302656173706055,3.1423890590667725,0.009244070918072491,0.09626947904760169,-0.0044598952157257005,-0.9953024637380987
54336000000,915,54327968443,map,0.5605509877204895,0.17416098713874817,3.1430327892303467,0.008899802288545344,0.09640147507460371,-0.004165035863543492,-0.9952940343683966
54372000000,916,54367968426,map,0.5597059726715088,0.17481166124343872,3.143465518951416,0.008778846101675146,0.09640830813241855,-0.003988651302525397,-0.9952951723333063
54404000000,917,54399968426,map,0.5593594312667847,0.17473606765270233,3.14316463470459,0.008510544532410859,0.09635675726833365,-0.003694424153070857,-0.995303643849857
54436000000,918,54431968426,map,0.5592799186706543,0.17418335378170013,3.1424973011016846,0.008194456339469315,0.0962028975636666,-0.0034824255050610537,-0.9953219355821108
54472000000,919,54463968410,map,0.5594564080238342,0.17319029569625854,3.1414992809295654,0.008066780364439653,0.09619130981450413,-0.0033441838419452858,-0.9953245486867185
54504000000,920,54495968410,map,0.5598711371421814,0.17174053192138672,3.140216112136841,0.007972289764256261,0.09626974246540487,-0.0031148628391975347,-0.9953185216873814
54536000000,921,54527968410,map,0.5604825019836426,0.16988906264305115,3.1387643814086914,0.00796787751605278,0.09640876121104003,-0.0028974693945783498,-0.995305709045434
54572000000,922,54567968393,map,0.5615076422691345,0.16707079112529755,3.136720657348633,0.008026909445748345,0.09645550733439467,-0.002749576103153622,-0.9953011150389464
54604000000,923,54599968393,map,0.5581471920013428,0.1682908982038498,3.137643814086914,0.008183964408368131,0.09672470452418983,-0.0025245119321054494,-0.9952743096432934
54636000000,924,54631968393,map,0.553891658782959,0.17013491690158844,3.1387758255004883,0.008326747394410914,0.09711600640247708,-0.002410462560034959,-0.9952352816615724
54672000000,925,54663968378,map,0.5501633882522583,0.17134127020835876,3.1395046710968018,0.0083644635554721,0.09733694545072727,-0.00233177439386511,-0.9952136603282864
54704000000,926,54703968378,map,0.546142578125,0.17205944657325745,3.1398067474365234,0.008463650895086423,0.09770691575531196,-0.0022545192205446424,-0.9951766975421423
54736000000,927,54727968378,map,0.5440354347229004,0.1721028834581375,3.1397416591644287,0.008387754957630429,0.09779135696630353,-0.002229315405135151,-0.9951691111094103
54772000000,928,54767968362,map,0.5410085320472717,0.17155560851097107,3.139207601547241,0.008318497148814904,0.09771988644794118,-0.002247312109449278,-0.9951766553952937
54804000000,929,54799968362,map,0.5389825105667114,0.17060542106628418,3.1385109424591064,0.008138919964022112,0.09762116799201653,-0.00221308886845844,-0.9951879507506947
54836000000,930,54831968362,map,0.5372852087020874,0.16923078894615173,3.1376023292541504,0.007962208764928062,0.0973681815338299,-0.0021855248295323754,-0.9952141660904684
54872000000,931,54863968347,map,0.5358766913414001,0.16743893921375275,3.136322498321533,0.007890258826163897,0.09727669653078094,-0.0021781491310429108,-0.9952237334250804
54904000000,932,54895968347,map,0.5347369313240051,0.1652534157037735,3.134782075881958,0.007771193979120626,0.0972293972300396,-0.0021430408062333922,-0.9952294232496294
54936000000,933,54927968347,map,0.5338770747184753,0.16270452737808228,3.1328794956207275,0.007838476154412207,0.09720157504166632,-0.0021465389946597685,-0.9952315727389034
54972000000,934,54967968332,map,0.533115804195404,0.15905384719371796,3.130568742752075,0.007895674696197548,0.09724850028912715,-0.0021274886191328607,-0.9952265994107792
55004000000,935,54999968332,map,0.5293929576873779,0.1584061086177826,3.1304476261138916,0.008164993058182161,0.0974525753296169,-0.0021624705033968456,-0.9952043458747654
55036000000,936,55031968332,map,0.5228924751281738,0.15977756679058075,3.132053852081299,0.008549714759745667,0.09775182322240031,-0.0022350895233811336,-0.9951715977734725
55072000000,937,55063968318,map,0.5170421004295349,0.16052494943141937,3.1332459449768066,0.008737552726846598,0.09790489003947975,-0.002207820512394592,-0.9951550340620077
55104000000,938,55095968318,map,0.5117680430412292,0.1606907844543457,3.1340548992156982,0.009054418002307557,0.0982406371030736,-0.0021974102408123747,-0.9951190828002279
55136000000,939,55127968318,map,0.5069780349731445,0.16031649708747864,3.134514808654785,0.00929015059438505,0.09818401808045527,-0.0022394306487777344,-0.9951224124012602
55172000000,940,55167968304,map,0.5016607046127319,0.15918047726154327,3.134542226791382,0.009348413344095306,0.09807380933995535,-0.0022698185265541066,-0.9951326540854484
55204000000,941,55199968304,map,0.4979037046432495,0.1578003615140915,3.1342668533325195,0.009462223005964871,0.09772508368119817,-0.0022573430593948946,-0.9951659500957719
55236000000,942,55231968304,map,0.4945516884326935,0.15605461597442627,3.13342547416687,0.009499246378203664,0.09732071891405056,-0.0022512317663608223,-0.9952051888117356
55272000000,943,55263968290,map,0.49163639545440674,0.1539398431777954,3.1324234008789062,0.00951849168290495,0.09712772322636312,-0.002307624249668399,-0.9952237334250804
55304000000,944,55295968290,map,0.4891054928302765,0.15152454376220703,3.131110668182373,0.009555918084382628,0.09676085598350004,-0.0023981135334212806,-0.995258926043587
55336000000,945,55327968290,map,0.4869239628314972,0.14881829917430878,3.1298160552978516,0.009643817971130125,0.09669032059833903,-0.002434865585322737,-0.9952648266023785
55372000000,946,55367968276,map,0.48467522859573364,0.1450212597846985,3.1278669834136963,0.009708721483658872,0.09670575951578417,-0.0024574562961246433,-0.9952626349662559
55404000000,947,55399968276,map,0.4777812957763672,0.14541572332382202,3.129601240158081,0.01002627954794223,0.0967655211127946,-0.002583686107414767,-0.9952534048064321
55436000000,948,55431968276,map,0.4698423147201538,0.14652304351329803,3.1319680213928223,0.010342913015736392,0.09708128003348215,-0.0026590868194007406,-0.9952192237122897
55472000000,949,55463968263,map,0.4626532793045044,0.14709867537021637,3.1336708068847656,0.010500655498822507,0.09719735508845917,-0.0027183874352555365,-0.9952060317487059
55504000000,950,55495968263,map,0.45618700981140137,0.14718309044837952,3.134856700897217,0.01066401668365073,0.09716781014765305,-0.0028364407579345935,-0.9952068325388275
55536000000,951,55527968263,map,0.45017585158348083,0.14680057764053345,3.135627031326294,0.01076046711228988,0.09680812103992698,-0.002948593521822079,-0.9952405921644847
55572000000,952,55567968250,map,0.44159650802612305,0.14584484696388245,3.1372780799865723,0.011110228003013594,0.09630604143868489,-0.0029560535140085104,-0.9952853942644518
55604000000,953,55599968250,map,0.43335312604904175,0.14481039345264435,3.139622688293457,0.011884578879814095,0.09368493156397042,-0.002953693290491882,-0.9955266428253282
55636000000,954,55631968250,map,0.4239892363548279,0.14356069266796112,3.142540454864502,0.012429213627162023,0.08801679947109267,-0.002851992945035126,-0.9960373361887347
55672000000,955,55663968238,map,0.4137600064277649,0.1420934796333313,3.1457455158233643,0.012571675243484908,0.08507086646908278,-0.0028253139899277416,-0.9962916081258009
55704000000,956,55695968238,map,0.40298527479171753,0.1404150426387787,3.1484715938568115,0.012864495741870414,0.07683523002444037,-0.002736131258478653,-0.9969571068637879
55736000000,957,55727968238,map,0.3918936848640442,0.13855907320976257,3.1506690979003906,0.01320010319402857,0.06786715247548547,-0.002663807266433944,-0.997603470932551
55772000000,958,55767968226,map,0.3778746426105499,0.1359981745481491,3.152221441268921,0.013357202937674893,0.06426746653533294,-0.0026416380241172615,-0.9978398304590002
55804000000,959,55799968226,map,0.3622698187828064,0.1367197483778,3.1558828353881836,0.013662261827196745,0.05819990085658336,-0.0027631473883741285,-0.9982076460059547
55836000000,960,55831968226,map,0.34572529792785645,0.13798823952674866,3.1595985889434814,0.013926876864305346,0.05379496381422676,-0.0028759745018377934,-0.998450791175014
55872000000,961,55863968214,map,0.3297635614871979,0.13883580267429352,3.162320375442505,0.013996809022697046,0.0523939656912322,-0.0029003353802770607,-0.99852421098512
55904000000,962,55895968214,map,0.3144417703151703,0.13934049010276794,3.1637940406799316,0.014032691795848007,0.04958304485007088,-0.002959088087101266,-0.998667088801572
55936000000,963,55927968214,map,0.2998311221599579,0.13947032392024994,3.1637909412384033,0.013785864045900013,0.04761410213832383,-0.003079923101781953,-0.99876592316133
55968000000,964,55967968202,map,0.28251537680625916,0.13911034166812897,3.1623620986938477,0.013581677052843912,0.04693100313981648,-0.003159707086013094,-0.9988007786050486
56004000000,965,55999968202,map,0.2693549692630768,0.13848216831684113,3.159864902496338,0.013175210211626815,0.04600947019965987,-0.0033025427556165306,-0.9988486995718053
56036000000,966,56031968202,map,0.2566821277141571,0.13757853209972382,3.1566622257232666,0.012841411122687581,0.04557224537865294,-0.0033545941135275066,-0.9988729340096991
56072000000,967,56063968191,map,0.2444063276052475,0.1364274024963379,3.1524415016174316,0.012646616291404325,0.04534688354548715,-0.003414695519504016,-0.9988854937705554
56104000000,968,56095968191,map,0.23248717188835144,0.13504059612751007,3.1475167274475098,0.012383737177618771,0.045140067642755174,-0.0034358953843049963,-0.9988980113845631
56136000000,969,56127968191,map,0.22079971432685852,0.13345719873905182,3.1417925357818604,0.012068377334903053,0.04467735451511128,-0.0034556622562566504,-0.998922667290942
56172000000,970,56167968180,map,0.20635811984539032,0.13123980164527893,3.1340644359588623,0.01197199934615978,0.04436713131955783,-0.0034479072361306403,-0.9989376715690118
56204000000,971,56199968180,map,0.18881596624851227,0.1330452412366867,3.1306707859039307,0.011804024398508627,0.04358217129073373,-0.003430416293998648,-0.9989742971803678
56236000000,972,56231968180,map,0.1697784811258316,0.13561490178108215,3.127882480621338,0.01160427204416928,0.04247320604689312,-0.0034047910101039887,-0.9990244519300958
56272000000,973,56263968169,map,0.1512184888124466,0.13771849870681763,3.1250219345092773,0.011489062316675732,0.041728999386401025,-0.0033915990465200304,-0.9990572000313888
56304000000,974,56295968169,map,0.13302895426750183,0.13942939043045044,3.122141122817993,0.01105692936180452,0.039360795627443226,-0.0034061397092562925,-0.9991581417335724
56336000000,975,56327968169,map,0.11519250273704529,0.14077313244342804,3.119751453399658,0.010493917271416821,0.03675256293203785,-0.0034090899886520787,-0.9992635088548496
56372000000,976,56367968159,map,0.09337413311004639,0.14194095134735107,3.116910696029663,0.010160363161034558,0.03515714534812958,-0.0033973310179175576,-0.9993244110509478
56404000000,977,56399968159,map,0.07633735984563828,0.14246904850006104,3.1150009632110596,0.009485328698571953,0.03200591504702312,-0.0033452375131580703,-0.999437111723866
56436000000,978,56431968159,map,0.05969316139817238,0.14265699684619904,3.1132125854492188,0.008825022584030378,0.02886804990670617,-0.0033537090297088273,-0.9995386434819287
56472000000,979,56463968149,map,0.04346013814210892,0.14252164959907532,3.1114954948425293,0.008539357830268619,0.027499298074089483,-0.003351896715222789,-0.9995797366592268
56504000000,980,56495968149,map,0.02765338122844696,0.142090305685997,3.1098008155822754,0.008026790249192397,0.025017229335523437,-0.0034089635481065455,-0.9996490260781787
56536000000,981,56527968149,map,0.012290768325328827,0.1413804590702057,3.1080782413482666,0.007675244044307537,0.02306482596909437,-0.003457137395954489,-0.999698548625179
56572000000,982,56567968139,map,-0.006232384592294693,0.14009830355644226,3.10600209236145,0.007531720195693276,0.022231169866627494,-0.003478590141846537,-0.9997184840845247
56604000000,983,56599968139,map,-0.026040006428956985,0.14211831986904144,3.106745958328247,0.007462875294284254,0.0209090607658777,-0.0035534007979534086,-0.9997471860883606
56636000000,984,56631968139,map,-0.04665423184633255,0.1446538120508194,3.1079318523406982,0.0075361535173210144,0.019859445528730015,-0.003592597367068516,-0.999767922337828
56672000000,985,56663968130,map,-0.06621532142162323,0.1465858370065689,3.108738899230957,0.007560902278475514,0.019548546007966867,-0.0036371465859445493,-0.999773696456074
56704000000,986,56695968130,map,-0.08473541587591171,0.14797139167785645,3.1093385219573975,0.00760169384238898,0.01869084842114706,-0.0036976273135576596,-0.9997895858179626
56736000000,987,56727968130,map,-0.1021857038140297,0.14888502657413483,3.109299898147583,0.007506822274207719,0.017966361546674255,-0.003760636852081499,-0.9998033678374256
56772000000,988,56767968121,map,-0.12280525267124176,0.14933355152606964,3.1084656715393066,0.007611936185121634,0.01760197602878951,-0.003796377379618631,-0.9998089312214291
56804000000,989,56799968121,map,-0.13833464682102203,0.14916308224201202,3.107689142227173,0.007801221303778853,0.016960955719436465,-0.0038412216264342427,-0.9998183721154955
56836000000,990,56831968121,map,-0.15303769707679749,0.14857898652553558,3.1069018840789795,0.007842455738873938,0.016143463262645767,-0.0038821462163384215,-0.9998313954916853
56872000000,991,56863968112,map,-0.1669691950082779,0.1476256549358368,3.106346607208252,0.007914523886377279,0.0157741096849928,-0.003877130741365641,-0.9998367481414463
56904000000,992,56895968112,map,-0.18012455105781555,0.14632371068000793,3.105764389038086,0.008118474132682766,0.01515866921996333,-0.003914093527509598,-0.9998445453084208
56936000000,993,56927968112,map,-0.19253261387348175,0.14471861720085144,3.1052825450897217,0.008236473125439873,0.014753903069938101,-0.003908951611991284,-0.9998496029302422
56972000000,994,56967968104,map,-0.20701463520526886,0.14229734241962433,3.104240655899048,0.008340780648603762,0.0146197476754944,-0.003909963136355498,-0.9998506987483033
57004000000,995,56999968104,map,-0.2231462299823761,0.14405804872512817,3.105297803878784,0.008643735159150356,0.01446361434591354,-0.003924630239637349,-0.9998503615735153
57036000000,996,57031968104,map,-0.23984704911708832,0.1465083211660385,3.106604814529419,0.008955744327409455,0.014522826716804299,-0.003967577878269956,-0.9998466105039978
57072000000,997,57063968096,map,-0.25533196330070496,0.14836442470550537,3.107609272003174,0.009116855265653903,0.014577494472045467,-0.003986543960099841,-0.9998442502804812
57104000000,998,57095968096,map,-0.2697393298149109,0.14967669546604156,3.1084139347076416,0.009344225165660651,0.014668301668159585,-0.0040028126436250635,-0.9998407099452064
57136000000,999,57127968096,map,-0.28311052918434143,0.15046179294586182,3.109004497528076,0.009265542432483004,0.014462743420801732,-0.003983382946461555,-0.9998445453084208
57172000000,1000,57167968088,map,-0.2984459400177002,0.1507854461669922,3.1096110343933105,0.009196799440836591,0.014345787397909145,-0.003977440240821472,-0.9998469476787859
57204000000,1001,57199968088,map,-0.30966249108314514,0.15056873857975006,3.10970401763916,0.008830400258482566,0.014140938732258643,-0.003968884430573748,-0.999853143265517
57236000000,1002,57231968088,map,-0.31998664140701294,0.14995215833187103,3.1099929809570312,0.008622405890353556,0.013927469883634774,-0.003963616074509956,-0.9998579901530957
57272000000,1003,57263968081,map,-0.3294525444507599,0.14896689355373383,3.109894037246704,0.008471295115098953,0.013840250767272402,-0.003959022068022232,-0.999860476817158
57304000000,1004,57295968081,map,-0.3381189703941345,0.14764651656150818,3.10959529876709,0.008203915343509713,0.01372870798023543,-0.0039351248049165335,-0.9998643964740694
57336000000,1005,57327968081,map,-0.3460330665111542,0.14600089192390442,3.1089930534362793,0.008087758629013689,0.013840481422486322,-0.003960244326629113,-0.9998637221244933
57372000000,1006,57367968074,map,-0.3549400866031647,0.14356042444705963,3.1080596446990967,0.00799941916380711,0.013892088592126641,-0.003973604877607006,-0.9998636799776448
57404000000,1007,57399968074,map,-0.36528539657592773,0.14422769844532013,3.10908579826355,0.00792487060841445,0.014026660845243894,-0.003883789943430304,-0.999862710600129
57436000000,1008,57431968074,map,-0.3784649074077606,0.14719054102897644,3.1112587451934814,0.007960427072761707,0.014387557394325345,-0.0039070128569597675,-0.9998571893629741
57472000000,1009,57463968067,map,-0.39041218161582947,0.1494588553905487,3.113063097000122,0.00797654132759979,0.014534951838285275,-0.0039573783409302945,-0.9998547869926089
57504000000,1010,57495968067,map,-0.4012525677680969,0.15111324191093445,3.114320755004883,0.007984495886711714,0.014684834592668618,-0.003988693449373969,-0.9998523846222438
57536000000,1011,57527968067,map,-0.4110523462295532,0.15222685039043427,3.1151700019836426,0.007794451795509045,0.014545348280432798,-0.0039605393545686365,-0.9998560092512158
57572000000,1012,57567968060,map,-0.4219569265842438,0.15292954444885254,3.1160008907318115,0.007651617772266896,0.014389931447276624,-0.003965765563784029,-0.9998593809990965
57604000000,1013,57599968060,map,-0.42967554926872253,0.15297831594944,3.116218328475952,0.007305919442612923,0.014092106669174962,-0.003947853153166813,-0.9998662509354039
57636000000,1014,57631968060,map,-0.4365641176700592,0.15260732173919678,3.1161701679229736,0.007045676482492819,0.013760402410315623,-0.003900353654895105,-0.9998729522843172
57672000000,1015,57663968054,map,-0.4426881670951843,0.15183918178081512,3.1156203746795654,0.006938317264078936,0.013576314854187659,-0.0038709351546344353,-0.999876324032198
57704000000,1016,57695968054,map,-0.4480736553668976,0.1507207453250885,3.1147689819335938,0.006795786500582712,0.01321796851871337,-0.003796419526467253,-0.9998823931783836
57736000000,1017,57727968054,map,-0.45274192094802856,0.1492980420589447,3.1136558055877686,0.006642484912386177,0.012991174021970472,-0.003750648048984339,-0.9998865235695376
57772000000,1018,57767968048,map,-0.45763513445854187,0.14708736538887024,3.1118967533111572,0.006595897827530211,0.012865431862888504,-0.00375309256619799,-0.9998884623245692
57804000000,1019,57799968048,map,-0.46398571133613586,0.14771150052547455,3.1116182804107666,0.006615151364037846,0.012750396978961827,-0.003764682949538466,-0.999889768876873
57836000000,1020,57831968048,map,-0.4724995493888855,0.1504543274641037,3.1120402812957764,0.006797907343170671,0.012825592883605835,-0.0038390299903117145,-0.9998873243596593
57872000000,1021,57863968043,map,-0.47998830676078796,0.15255336463451385,3.1123158931732178,0.0068835283366482985,0.012879272492812776,-0.003867184085117047,-0.9998858913668099
57904000000,1022,57895968043,map,-0.4865587651729584,0.15405842661857605,3.112107992172241,0.0069984427069300125,0.012883803608299951,-0.0038126882099924755,-0.9998852591640823
57936000000,1023,57927968043,map,-0.4922880232334137,0.155048668384552,3.1116743087768555,0.006992242510387357,0.012552483939433274,-0.0038401258083730063,-0.999889431702085
57972000000,1024,57967968037,map,-0.4982813596725464,0.15560543537139893,3.1107020378112793,0.007009718141359567,0.012321412031474901,-0.003827102432183093,-0.9998921712472381
58004000000,1025,57999968037,map,-0.5022088885307312,0.15552791953086853,3.1096513271331787,0.006977817586848375,0.011831020936704996,-0.0038289147466691867,-0.9998983668339692
58036000000,1026,58031968037,map,-0.5054143071174622,0.1550537645816803,3.108365058898926,0.007020382281849585,0.011409538951433644,-0.0037774534446373123,-0.9999031294278509
58072000000,1027,58063968032,map,-0.5080261826515198,0.1542498767375946,3.107042074203491,0.007065051849734432,0.01124845451960564,-0.0037488778813469783,-0.9999048153017913
58104000000,1028,58095968032,map,-0.5101445913314819,0.15310387313365936,3.1058874130249023,0.007155215977136506,0.010684393861725107,-0.003750015846256726,-0.9999103365389463
58136000000,1029,58127968032,map,-0.5117713212966919,0.15166082978248596,3.1046359539031982,0.0073133440380320465,0.010229093640335316,-0.0037265821984847065,-0.9999140454616152
58172000000,1030,58167968028,map,-0.5131543278694153,0.14945264160633087,3.1033761501312256,0.0073605378070159926,0.009938118548297311,-0.0037246012966046234,-0.9999166164193745
58204000000,1031,58199968028,map,-0.5166897177696228,0.15007156133651733,3.1035549640655518,0.007476424271309554,0.009342171576930573,-0.0036821594201541514,-0.9999216318943471
58236000000,1032,58231968028,map,-0.5223382115364075,0.1527896523475647,3.1049771308898926,0.007689180163185467,0.009060849347972513,-0.0036700632746315405,-0.99992268556556
58272000000,1033,58263968023,map,-0.5271065831184387,0.15487127006053925,3.105917453765869,0.007788931628488944,0.008932834469475435,-0.0036838452940946005,-0.9999229805934995
58304000000,1034,58303968023,map,-0.5319494009017944,0.15671195089817047,3.106534957885742,0.0077823496407677835,0.00856011062566674,-0.003755410642866108,-0.9999260151665923
58336000000,1035,58327968023,map,-0.5343063473701477,0.1574562042951584,3.106781244277954,0.007724236812830682,0.008133078982929037,-0.0037315555266089757,-0.9999301455577465
58372000000,1036,58367968019,map,-0.5373207330703735,0.15811197459697723,3.1067259311676025,0.007659922378654086,0.00794936316488607,-0.0037123787105364787,-0.9999322107533235
58404000000,1037,58399968019,map,-0.5389562249183655,0.15815243124961853,3.106293201446533,0.007296922150300915,0.007621610790460102,-0.003665005652810249,-0.9999376898436299
58436000000,1038,58431968019,map,-0.5399168729782104,0.1577889323234558,3.1052935123443604,0.0069720611875655515,0.0074588432526365486,-0.003645028046616094,-0.9999412301789048
58472000000,1039,58463968015,map,-0.5402597188949585,0.15704499185085297,3.1042470932006836,0.006802011474862484,0.007437422466732657,-0.003637441613884129,-0.9999426631717541
58504000000,1040,58495968015,map,-0.540014922618866,0.15591324865818024,3.1027705669403076,0.006671129334736681,0.007439657937224036,-0.003611394861504413,-0.9999435904024213
58536000000,1041,58527968015,map,-0.5392764806747437,0.15444284677505493,3.101423740386963,0.006543726202928486,0.007651365302766146,-0.00357392631317821,-0.9999429581996937
58572000000,1042,58567968012,map,-0.5376504063606262,0.15213723480701447,3.099430799484253,0.006516807537620185,0.0077605480309226324,-0.0035271011644825707,-0.9999424945843601
58604000000,1043,58599968012,map,-0.5400261282920837,0.1538132131099701,3.0988261699676514,0.0066788213403850775,0.008129371150974419,-0.0034929622171888104,-0.9999385327806001
58636000000,1044,58631968012,map,-0.5430161952972412,0.15612095594406128,3.0984749794006348,0.006945695185156058,0.008490312810354667,-0.0035226757453889475,-0.9999336858930213
58672000000,1045,58663968009,map,-0.5452636480331421,0.15781810879707336,3.0980193614959717,0.007065426973149793,0.008620756812587504,-0.0035075450267735837,-0.9999317892848383
58704000000,1046,58695968009,map,-0.5468672513961792,0.15895676612854004,3.0976593494415283,0.007103920216730397,0.008650274094524306,-0.003537595729761866,-0.9999310727884136
58736000000,1047,58727968009,map,-0.5478702783584595,0.15957070887088776,3.09714674949646,0.006980724896214993,0.008337572219760869,-0.003485755106093335,-0.9999348660047795
58772000000,1048,58767968006,map,-0.5483368039131165,0.15968668460845947,3.096388816833496,0.006833431703473164,0.008156064676379053,-0.0034466849775237614,-0.9999374369625388
58804000000,1049,58799968006,map,-0.5481492877006531,0.15925054252147675,3.095566987991333,0.006627851724146548,0.007701988524593476,-0.0034064347371959287,-0.9999425367312087
58836000000,1050,58831968006,map,-0.5474627614021301,0.15839266777038574,3.0947482585906982,0.006384914449356564,0.007237550216133822,-0.003391219724883487,-0.9999477207935754
58872000000,1051,58863968003,map,-0.5463338494300842,0.15713991224765778,3.0938048362731934,0.006321697407574216,0.006964236526357826,-0.003351812421525768,-0.9999502074576376
58904000000,1052,58895968003,map,-0.5447636842727661,0.15552513301372528,3.093050479888916,0.006366420379302759,0.006595883709982319,-0.0033363023812737476,-0.9999524833874571
58936000000,1053,58927968003,map,-0.5427749752998352,0.1535785049200058,3.092210531234741,0.006431641747599063,0.006385608694179708,-0.003287412037001169,-0.9999534949118215
58972000000,1054,58967968001,map,-0.5397581458091736,0.15070374310016632,3.0909900665283203,0.006527233840645241,0.006265908603785299,-0.0032634304801984477,-0.999953789939761
59004000000,1055,58999968001,map,-0.5414643883705139,0.15183080732822418,3.0919129848480225,0.006792202063405279,0.006211586378615661,-0.003163542449227674,-0.9999526941216996
59036000000,1056,59031968001,map,-0.5439004302024841,0.15363138914108276,3.0931005477905273,0.007188063724445335,0.006277011437815213,-0.003095306701488498,-0.9999497016954555
59072000000,1057,59063967999,map,-0.5455911159515381,0.15482592582702637,3.0942611694335938,0.007358063778776598,0.006292307368784064,-0.0030917242193650436,-0.9999483951431516
59104000000,1058,59095967999,map,-0.5466069579124451,0.15547215938568115,3.094956636428833,0.007566188332923027,0.006170147897620682,-0.003015269836166345,-0.9999478050872724
59136000000,1059,59127967999,map,-0.5469878315925598,0.15562325716018677,3.0958385467529297,0.007503352073922904,0.005931892339215043,-0.002969751239774498,-0.999949828136001
59172000000,1060,59167967997,map,-0.546678364276886,0.15525442361831665,3.0965092182159424,0.007486868951842287,0.0057347554767072095,-0.002976494735536239,-0.9999510925414563
59204000000,1061,59199967997,map,-0.5458678603172302,0.15456506609916687,3.0968236923217773,0.0073506047332479,0.005265510410724758,-0.0029285737687794185,-0.9999549279046708
59236000000,1062,59231967997,map,-0.544578492641449,0.15353013575077057,3.096886157989502,0.007131515783474844,0.004982389367443145,-0.0029175734413179884,-0.999957920330915
59272000000,1063,59263967996,map,-0.5428373217582703,0.15217937529087067,3.096717357635498,0.006981838906568308,0.004790177594674387,-0.0029263821326568347,-0.9999599012327951
59304000000,1064,59295967996,map,-0.540669322013855,0.1505509912967682,3.0963006019592285,0.0068031258144880535,0.00438682163539494,-0.002859537230918529,-0.999963188686979
59336000000,1065,59327967996,map,-0.5381004810333252,0.14861609041690826,3.0955541133880615,0.006710862741102912,0.0041444565123052975,-0.0028455023303644573,-0.9999649167077678
59372000000,1066,59367967995,map,-0.5343669056892395,0.14582768082618713,3.0949409008026123,0.006667989600317777,0.004070297074398792,-0.0028457552114555247,-0.999965506763647
59404000000,1067,59399967995,map,-0.5350903272628784,0.1475237011909485,3.0965044498443604,0.0067908931856161476,0.004050521559050516,-0.0028124170542833666,-0.9999647902672224
59436000000,1068,59431967995,map,-0.536461591720581,0.15001101791858673,3.098658323287964,0.00694223338131372,0.004186706505349755,-0.002831973191992409,-0.999963104393282
59472000000,1069,59463967994,map,-0.5371341109275818,0.151884064078331,3.100329637527466,0.007023318567174552,0.004235424393279363,-0.0027851901901453364,-0.9999625143374028
59504000000,1070,59495967994,map,-0.5371565818786621,0.15322676301002502,3.1016674041748047,0.00715552812723329,0.004315609925024229,-0.002777097995231292,-0.9999612499319475
59536000000,1071,59527967994,map,-0.5366224050521851,0.1540815234184265,3.102686882019043,0.006899796032356742,0.004197099078548293,-0.0028027654259743513,-0.9999634837149185
59572000000,1072,59567967993,map,-0.5352453589439392,0.15457765758037567,3.103525400161743,0.006722897395032106,0.004075904251612011,-0.002793450972453426,-0.9999652117357074
59604000000,1073,59599967993,map,-0.53360515832901,0.1545649915933609,3.104173183441162,0.006427348793704224,0.00380060737562974,-0.0027761707645639895,-0.9999683306024973
59636000000,1074,59631967993,map,-0.531522274017334,0.15420421957969666,3.1045024394989014,0.006017781689579675,0.0033821324692179626,-0.0027104216808869763,-0.9999725452873484
59672000000,1075,59663967993,map,-0.529038667678833,0.15349726378917694,3.104917526245117,0.005782211840313716,0.0031663457908801852,-0.002687662382691136,-0.999974736923471
59704000000,1076,59695967993,map,-0.5261936187744141,0.15245112776756287,3.1049039363861084,0.005542292386890594,0.0029579406556143233,-0.002595487224997861,-0.999976970706442
59736000000,1077,59727967993,map,-0.5230111479759216,0.1510845571756363,3.104623317718506,0.005494391258787011,0.0027291187472855364,-0.002566026577888736,-0.9999779400839577
59772000000,1078,59767967993,map,-0.5185851454734802,0.14894703030586243,3.103998899459839,0.0054318150425494765,0.00260511481643239,-0.0025702834095882587,-0.9999785722866854
59804000000,1079,59799967993,map,-0.5189051628112793,0.15092453360557556,3.105011463165283,0.005491286386067999,0.0025527847295584325,-0.002494039760632061,-0.999978614433534
59836000000,1080,59831967993,map,-0.5199382305145264,0.15362493693828583,3.1063053607940674,0.005818598976239729,0.0026285652570894012,-0.0025089597450049794,-0.9999765070911084
59872000000,1081,59863967993,map,-0.5202888250350952,0.1557118445634842,3.107311725616455,0.005914542654879986,0.0026402949225933347,-0.0024888556982652354,-0.9999759591820778
59904000000,1082,59895967993,map,-0.520041823387146,0.15729664266109467,3.108025312423706,0.005907205481244296,0.0025590914456752557,-0.0024655484910386938,-0.9999762542100173
59936000000,1083,59927967993,map,-0.5192558169364929,0.15840888023376465,3.108353853225708,0.005899424119337972,0.002394749029530137,-0.002441777668478584,-0.9999767599721995
59972000000,1084,59967967994,map,-0.5175792574882507,0.15925486385822296,3.108577251434326,0.005748412619667947,0.0021688682632920644,-0.002405152057122606,-0.9999782351118973
60004000000,1085,59999967994,map,-0.5157322287559509,0.15950414538383484,3.108675003051758,0.005354569088852119,0.0016165328257400358,-0.00233775924635371,-0.9999816490066267
60036000000,1086,60031967994,map,-0.5134731531143188,0.15940529108047485,3.108643054962158,0.005082193763261451,0.001145278375827602,-0.0023294984640455096,-0.9999837563490523
60072000000,1087,60063967995,map,-0.5108565092086792,0.1589743047952652,3.108600616455078,0.004922760137878834,0.0008782240898614334,-0.002306444137910091,-0.9999848943139621
60104000000,1088,60095967995,map,-0.5078733563423157,0.15822532773017883,3.108297824859619,0.004706673245563482,0.00042706183288755234,-0.002239978557808442,-0.9999863694536599
60136000000,1089,60127967995,map,-0.5045739412307739,0.1571592092514038,3.1079261302948,0.004597881692844735,6.039050701560022e-05,-0.0022369018378671224,-0.9999869173626906
60172000000,1090,60167967996,map,-0.5000563263893127,0.15543366968631744,3.1073079109191895,0.0045983140273142264,-8.198451070448573e-05,-0.0022286832024074887,-0.999986959509539
60204000000,1091,60199967996,map,-0.49919992685317993,0.15603190660476685,3.107452154159546,0.004706361424738951,-0.00027225184849536093,-0.002199686170631987,-0.999986538041054
60236000000,1092,60231967996,map,-0.5007982850074768,0.15843282639980316,3.108103036880493,0.004968240209416883,-0.0003119950095521179,-0.0022087477430619007,-0.9999851471950532
60272000000,1093,60263967997,map,-0.5017070174217224,0.16029787063598633,3.108351945877075,0.00511433715605996,-0.0003216810468116545,-0.002230031901559848,-0.9999844306986283
60304000000,1094,60303967997,map,-0.5019510388374329,0.16195152699947357,3.108271598815918,0.005189142543810733,-0.0003929441236539889,-0.0022907233634155144,-0.9999838406427493
60336000000,1095,60327967997,map,-0.5016458630561829,0.16261418163776398,3.107966899871826,0.005034734765476914,-0.0006394454001621435,-0.0023378856868992437,-0.999984472845477
60372000000,1096,60367967999,map,-0.5004465579986572,0.16322405636310577,3.107426166534424,0.004880740223821854,-0.0008235907435706844,-0.002343491217751126,-0.9999850207545076
60404000000,1097,60399967999,map,-0.49895885586738586,0.16328544914722443,3.1066129207611084,0.004560662732887077,-0.0011052856264021972,-0.00231263972464113,-0.9999863694536599
60436000000,1098,60431967999,map,-0.49700334668159485,0.16301625967025757,3.105623960494995,0.004314853586656811,-0.0014013390844135115,-0.0022675004498860507,-0.9999871702437817
60472000000,1099,60463968001,map,-0.4945914149284363,0.16245612502098083,3.1045711040496826,0.004194102124810529,-0.0015674445065245643,-0.002296539628510008,-0.9999873809780242
60504000000,1100,60495968001,map,-0.4917803406715393,0.16162165999412537,3.103501319885254,0.003938399746754902,-0.0017919384603468885,-0.0023221649124046673,-0.9999879710339035
60536000000,1101,60527968001,map,-0.48861491680145264,0.16051039099693298,3.102480411529541,0.0038117473968448403,-0.0018892842625627038,-0.0022718837221312183,-0.9999883503555399
60572000000,1102,60567968003,map,-0.4842413067817688,0.15878507494926453,3.1011757850646973,0.00381282312929863,-0.0018819931870425728,-0.002284991392018043,-0.9999883925023885
60604000000,1103,60599968003,map,-0.48252636194229126,0.1592331826686859,3.1011531352996826,0.0037499344336920583,-0.0018951295036155585,-0.002269692086008579,-0.999988603236631
60636000000,1104,60631968003,map,-0.48239171504974365,0.16128002107143402,3.1017932891845703,0.0038268613225752976,-0.0018179451238296979,-0.0022675004498860507,-0.9999885189429341
60672000000,1105,60663968006,map,-0.4816454350948334,0.16281236708164215,3.1022188663482666,0.003942963377877159,-0.0017193116201465858,-0.002261136275760911,-0.9999882239149944
60704000000,1106,60695968006,map,-0.4803773760795593,0.1638786643743515,3.1023647785186768,0.0039961061086739675,-0.001646413212654804,-0.0022830526369865822,-0.9999880553276004
60736000000,1107,60727968006,map,-0.4786491096019745,0.16452760994434357,3.1023924350738525,0.003893875964160508,-0.0016015660023889267,-0.0023180345212506226,-0.9999884767960854
60772000000,1108,60767968009,map,-0.47588974237442017,0.1647873967885971,3.102060556411743,0.0038223623934509504,-0.001604562297582185,-0.002285623594745767,-0.999988856117722
60804000000,1109,60799968009,map,-0.473220556974411,0.16456428170204163,3.1016106605529785,0.0036060707761116774,-0.0017304620957557494,-0.002256457975576165,-0.9999894461736012
60836000000,1110,60831968009,map,-0.4701623320579529,0.16398568451404572,3.1010987758636475,0.003464490045386282,-0.0018301537981451259,-0.0021931534091128024,-0.9999899519357833
60872000000,1111,60871968012,map,-0.46586525440216064,0.16282469034194946,3.1002142429351807,0.0034170467703518734,-0.0018686494289495731,-0.0021647042863679467,-0.9999900783763289
60904000000,1112,60903968012,map,-0.46211811900138855,0.16157524287700653,3.0994176864624023,0.003450150814951403,-0.0019450396040588069,-0.0021303124579830635,-0.9999899097889349
60936000000,1113,60927968012,map,-0.4591027498245239,0.1604667603969574,3.098766565322876,0.0035033397261818337,-0.0019378717586797322,-0.002077165282010851,-0.9999898676420863
60972000000,1114,60967968015,map,-0.4538324475288391,0.15834231674671173,3.0977046489715576,0.003623842916748607,-0.0019240745103749229,-0.0020565976199374836,-0.9999895304672983
61004000000,1115,60999968015,map,-0.4524889886379242,0.15878604352474213,3.098010778427124,0.003723801494299844,-0.0018146901852809298,-0.001991817913776228,-0.9999894883204498
61036000000,1116,61031968015,map,-0.45169374346733093,0.15961085259914398,3.098395586013794,0.003806762050283284,-0.0016565067243286553,-0.0020204777707636956,-0.9999894040267527
61072000000,1117,61063968019,map,-0.4503999948501587,0.1600354015827179,3.098792552947998,0.0038984358909699072,-0.001578539829031184,-0.002020730651854763,-0.9999891511456616
61104000000,1118,61095968019,map,-0.4486824572086334,0.16009065508842468,3.098931074142456,0.00392415057228149,-0.001585236074224479,-0.0020162209390640617,-0.9999890247051162
61136000000,1119,61127968019,map,-0.446605920791626,0.15982888638973236,3.099078416824341,0.003834419190939225,-0.0016688946873863815,-0.001972936125643421,-0.9999893197330556
61172000000,1120,61167974023,map,-0.4435105323791504,0.1590808629989624,3.098855972290039,0.003737049598803059,-0.0017513172948248638,-0.0019288926689495223,-0.9999896147609953
61204000000,1121,61199974023,map,-0.4406612515449524,0.1582092046737671,3.098590135574341,0.0035642946881587778,-0.0019297172489915729,-0.001824705659430548,-0.9999902048168745
61236000000,1122,61231974023,map,-0.43752679228782654,0.15709565579891205,3.0981481075286865,0.003441544708366894,-0.0020338663098832307,-0.0017453431436845748,-0.9999904998448139
61272000000,1123,61263980027,map,-0.43415209650993347,0.15573985874652863,3.0975351333618164,0.003333728830495757,-0.002069143839472325,-0.0017325726485857287,-0.9999907948727536
61304000000,1124,61295980027,map,-0.4305298328399658,0.15419118106365204,3.096909523010254,0.003189094634682005,-0.002195060554007939,-0.0017473661924131136,-0.999991005606996
61336000000,1125,61327980027,map,-0.42668506503105164,0.15245816111564636,3.096271276473999,0.0031946141431575983,-0.002367276281336309,-0.0017169361677881747,-0.9999906684322081
61372000000,1126,61367986032,map,-0.42159005999565125,0.15005825459957123,3.095470428466797,0.0032721652499163416,-0.002413402467354752,-0.001716346111909073,-0.99999033125742
61404000000,1127,61399986032,map,-0.419373482465744,0.14964880049228668,3.0956099033355713,0.0032832600785145808,-0.0025081719611372752,-0.0017232581950649142,-0.9999899940826318
61436000000,1128,61431986032,map,-0.41881483793258667,0.1505626142024994,3.0966858863830566,0.003426474699323313,-0.0025791140386909996,-0.0017031120014766035,-0.9999894040267527
61472000000,1129,61463986036,map,-0.4178154766559601,0.15109723806381226,3.0974385738372803,0.003498022596665349,-0.0026127488701639633,-0.001706188721417923,-0.9999890247051162
61504000000,1130,61495986036,map,-0.41640573740005493,0.15129561722278595,3.0979812145233154,0.0034981766549211854,-0.0026605941454614633,-0.0017208558246997188,-0.9999889404114191
61536000000,1131,61527986036,map,-0.4146049916744232,0.15117096900939941,3.0981411933898926,0.003371665007161157,-0.002747159141911768,-0.0017288637259167408,-0.9999891089988131
61572000000,1132,61567992041,map,-0.41188856959342957,0.15062198042869568,3.0979559421539307,0.0033032780205598583,-0.0028260281814466276,-0.001701341833839132,-0.9999891511456617
61604000000,1133,61599992041,map,-0.4093618392944336,0.1498778611421585,3.097604751586914,0.003235822287921153,-0.0029788187699742417,-0.001655823237447396,-0.9999889825582676
61636000000,1134,61631992041,map,-0.4065435826778412,0.14891833066940308,3.096967935562134,0.0030632336031714683,-0.0031951308587869313,-0.001592434377287011,-0.9999889825582676
61672000000,1135,61663992045,map,-0.40347012877464294,0.14773064851760864,3.0962884426116943,0.003032561301051092,-0.0032854778300426693,-0.0015757863721252432,-0.9999887718240251
61704000000,1136,61695992045,map,-0.40013357996940613,0.14633706212043762,3.095435857772827,0.003044547819492655,-0.003414994087120369,-0.0015304785099759524,-0.9999883925023885
61736000000,1137,61727992045,map,-0.3965563178062439,0.14477954804897308,3.0948638916015625,0.0029164561382423334,-0.003575716648741235,-0.001496508150076237,-0.9999882239149944
61772000000,1138,61767992050,map,-0.39178767800331116,0.14264172315597534,3.093865156173706,0.0028923834965023745,-0.0036257471393523486,-0.001499795604260057,-0.9999881396212974
61804000000,1139,61799992050,map,-0.39050090312957764,0.14155949652194977,3.0940146446228027,0.0029730286511547794,-0.0035615471581532878,-0.0014697449012717747,-0.999988181768146
61836000000,1140,61831992050,map,-0.38967713713645935,0.14054140448570251,3.0944371223449707,0.0029249710158329705,-0.003423389480041839,-0.001507677064931601,-0.999988771824025
61872000000,1141,61863992055,map,-0.38842689990997314,0.13931743800640106,3.094805955886841,0.002916326816564578,-0.003348862800674554,-0.0014680590273314367,-0.9999891089988131
61904000000,1142,61895992055,map,-0.38682395219802856,0.13791587948799133,3.0950069427490234,0.002964188761269937,-0.003262723614987208,-0.001450694525744867,-0.9999892775862071
61936000000,1143,61927992055,map,-0.38488465547561646,0.1363491415977478,3.095025062561035,0.0028953064257215395,-0.003261553278498943,-0.0014335829052494755,-0.9999895304672983
61972000000,1144,61967992060,map,-0.38201984763145447,0.13418811559677124,3.0946898460388184,0.0029027525884733002,-0.0032819497190001838,-0.0014227511651821458,-0.9999894040267527
62004000000,1145,61999992060,map,-0.37940505146980286,0.13234494626522064,3.0940840244293213,0.0030648485240860482,-0.003416003224260789,-0.0013881486025547065,-0.9999885189429341
62036000000,1146,62031992060,map,-0.376533180475235,0.13042005896568298,3.093493700027466,0.003069296662965217,-0.0035167727170555426,-0.0013078588561414308,-0.9999883082086914
62072000000,1147,62063992065,map,-0.3734312057495117,0.12838046252727509,3.0926766395568848,0.0030395977873803395,-0.0036100764553994237,-0.0013290587209424667,-0.9999880131807518
62104000000,1148,62095992065,map,-0.3701290786266327,0.12624309957027435,3.09183406829834,0.003085354612247868,-0.003778565232402929,-0.0013141808834181148,-0.9999872966843271
62136000000,1149,62127992065,map,-0.3666522800922394,0.12406264245510101,3.090806007385254,0.003130426283293388,-0.0038144958529282994,-0.0013487412991970984,-0.9999869595095391
62172000000,1150,62167992070,map,-0.3620637059211731,0.12127311527729034,3.0894899368286133,0.0031186425142422196,-0.0038123461372795695,-0.0013836388897640053,-0.9999869595095391
62204000000,1151,62199992070,map,-0.3602360785007477,0.11980987340211868,3.0893468856811523,0.0032312575557947964,-0.003832780793941789,-0.001379677086004061,-0.9999864537473571
62236000000,1152,62231992070,map,-0.3600500822067261,0.11901480704545975,3.089778184890747,0.0032495736953543517,-0.0037489269634923016,-0.0013747880515767588,-0.999986790922145
62272000000,1153,62263992075,map,-0.35943737626075745,0.11803163588047028,3.0900352001190186,0.0032499816636770472,-0.003658249665282383,-0.001346802544165582,-0.9999872123906302
62304000000,1154,62295992075,map,-0.3584258556365967,0.11692123860120773,3.089991569519043,0.003347201930846028,-0.0036616556574776697,-0.001328089343426653,-0.9999868752158421
62336000000,1155,62327992075,map,-0.357036828994751,0.11570815742015839,3.0896360874176025,0.0033540279195971535,-0.003641386799685093,-0.0013100926391125258,-0.9999869173626905
62372000000,1156,62367998080,map,-0.35481908917427063,0.11406801640987396,3.0888872146606445,0.003374368702797712,-0.0036824500234978593,-0.0012912951446767409,-0.9999867487752965
62404000000,1157,62399998080,map,-0.3527289927005768,0.11264979094266891,3.088257312774658,0.003220430363800505,-0.0038138536279764055,-0.001208181559413213,-0.9999868330689936
62436000000,1158,62431998080,map,-0.3503991663455963,0.11115072667598724,3.087496280670166,0.003015255759777584,-0.003911238325477223,-0.001205399867411472,-0.9999870859500846
62472000000,1159,62463998085,map,-0.3478403389453888,0.1095685288310051,3.0865724086761475,0.0029999520085927,-0.004003014240562584,-0.0012179174814191953,-0.999986790922145
62504000000,1160,62495998085,map,-0.34509536623954773,0.10790190100669861,3.0855579376220703,0.002967221399888229,-0.004136508085888983,-0.0012274848160312437,-0.9999863273068115
62536000000,1161,62527998085,map,-0.3421548306941986,0.1061578169465065,3.0844767093658447,0.0028584385317251826,-0.004308091733966785,-0.0012281591656073123,-0.9999859058383263
62572000000,1162,62567998090,map,-0.3382145166397095,0.10388123244047165,3.0831429958343506,0.0029001172374089647,-0.004398351761912833,-0.0012089823495349818,-0.9999854422229927
62604000000,1163,62599998090,map,-0.33766788244247437,0.10250856727361679,3.0834333896636963,0.0029644020473724593,-0.004557566421246545,-0.001246366604164051,-0.999984472845477
62636000000,1164,62631998090,map,-0.33762961626052856,0.101241335272789,3.083991765975952,0.002936803599495793,-0.004513392737376208,-0.001299977395469887,-0.999984641432871
62672000000,1165,62663998095,map,-0.3371380567550659,0.09988468885421753,3.0842502117156982,0.0029216863810427956,-0.004479346315585755,-0.0013130850653567674,-0.9999849364608105
62704000000,1166,62695998095,map,-0.3362768292427063,0.09846458584070206,3.0842642784118652,0.003063744062628097,-0.004502450279513503,-0.0013382888807663142,-0.9999843464049314
62736000000,1167,62727998095,map,-0.33505335450172424,0.09701722860336304,3.0840187072753906,0.0029923932347300747,-0.004477932173572926,-0.0013481933901664524,-0.999984641432871
62772000000,1168,62767998100,map,-0.33307111263275146,0.0951579213142395,3.0835249423980713,0.002986119528156714,-0.00454199645344431,-0.0013513544038047944,-0.9999843464049314
62804000000,1169,62799998100,map,-0.3311602473258972,0.09360556304454803,3.0829708576202393,0.0029186429175991533,-0.00464636209316103,-0.00139999186698625,-0.9999840092301433
62836000000,1170,62831998100,map,-0.32897377014160156,0.0920042097568512,3.082178831100464,0.0028366854895374976,-0.004723649782116581,-0.0014554149727781243,-0.9999837984959008
62872000000,1171,62863998105,map,-0.3265502452850342,0.09036345779895782,3.0813679695129395,0.002835624738971264,-0.004793412529933603,-0.0014770363060642169,-0.9999834191742643
62904000000,1172,62895998105,map,-0.32391977310180664,0.08867740631103516,3.080409049987793,0.0028726947855520564,-0.00487909847236333,-0.001484412004553626,-0.9999829555589306
62936000000,1173,62927998105,map,-0.32109400629997253,0.08694286644458771,3.079572916030884,0.0028365123746499615,-0.004908125797186192,-0.00149886837359281,-0.999982829118385
62972000000,1174,62967998110,map,-0.3172941505908966,0.0847463607788086,3.0783371925354004,0.0028282769463053837,-0.00490764209624508,-0.0014958338005000573,-0.9999829134120821
63004000000,1175,62999998110,map,-0.31642353534698486,0.08337929844856262,3.0787646770477295,0.002968446251514045,-0.004894262365158331,-0.0015168650779069928,-0.9999824497967484
63036000000,1176,63031998110,map,-0.31595882773399353,0.08211758732795715,3.079322338104248,0.002998160767530987,-0.0048417444284634716,-0.0014864350532821093,-0.9999827026778395
63072000000,1177,63063998115,map,-0.3151683807373047,0.0808156430721283,3.0795881748199463,0.0030055084778788047,-0.004796137257835382,-0.0015322908244620461,-0.9999828712652334
63104000000,1178,63095998115,map,-0.3140782117843628,0.0794668197631836,3.0796849727630615,0.0030090392642583537,-0.0047010411259768995,-0.001519436035666233,-0.9999833348805671
63136000000,1179,63127998115,map,-0.3127031922340393,0.07809163630008698,3.0796337127685547,0.0030185445310504494,-0.004769417308332364,-0.0015009335691698602,-0.9999829555589306
63172000000,1180,63167998120,map,-0.31058093905448914,0.07635713368654251,3.079514741897583,0.0030202397069320603,-0.004787467272433598,-0.0015182559239078632,-0.9999829134120821
63204000000,1181,63199998120,map,-0.3085901439189911,0.07494811713695526,3.0791234970092773,0.0029512709991555376,-0.004977082651161572,-0.0015634794923600206,-0.9999821126219604
63236000000,1182,63231998120,map,-0.30637332797050476,0.07349801063537598,3.07853102684021,0.002953283840444187,-0.005222264369111856,-0.0015001749258967136,-0.999980932510202
63272000000,1183,63263998125,map,-0.30394256114959717,0.07201164215803146,3.077723264694214,0.0029655388598293646,-0.005227324460475068,-0.0015006385412303371,-0.9999808060696566
63304000000,1184,63295998125,map,-0.30133190751075745,0.07051533460617065,3.0769317150115967,0.002879395146648526,-0.005224980206662776,-0.001527991845913901,-0.9999811010975961
63336000000,1185,63327998125,map,-0.29855966567993164,0.06901431828737259,3.075989007949829,0.0028931771661115887,-0.005287860011918491,-0.001590748503346562,-0.9999806374822624
63372000000,1186,63367998130,map,-0.2949065566062927,0.06711723655462265,3.0748209953308105,0.0028981988149391464,-0.005326665817186198,-0.0016058370751135258,-0.9999803846011713
63404000000,1187,63399998130,map,-0.2930607795715332,0.06564376503229141,3.0745716094970703,0.003020263908442728,-0.005341647787060868,-0.0015948367476521512,-0.9999799209858378
63436000000,1188,63431998130,map,-0.2921602427959442,0.0641913041472435,3.074753999710083,0.0029707609531415403,-0.005239812604616071,-0.0016497119444133237,-0.9999805110417169
63472000000,1189,63463998135,map,-0.29094037413597107,0.06273839622735977,3.0747249126434326,0.0029973027663551493,-0.005225307009374862,-0.001652746517506132,-0.999980511041717
63504000000,1190,63495998135,map,-0.2894481122493744,0.061248574405908585,3.0744266510009766,0.0030787384625303557,-0.005166586488913504,-0.0017363237181031723,-0.9999804688948684
63536000000,1191,63527998135,map,-0.2877059876918793,0.05972167104482651,3.073948860168457,0.0031604928119293623,-0.005065147585626386,-0.0017301281313720775,-0.999980679629111
63572000000,1192,63567998140,map,-0.2852223515510559,0.057837583124637604,3.0730655193328857,0.003180635630476966,-0.00509776998723639,-0.0017373773893160085,-0.999980511041717
63604000000,1193,63599998140,map,-0.28302350640296936,0.056381598114967346,3.0723233222961426,0.0033622207174745966,-0.005073112105223992,-0.001749684269081231,-0.9999800052795348
63636000000,1194,63631998140,map,-0.2806776762008667,0.05493118241429329,3.0714688301086426,0.0033741963493522627,-0.005035685045201811,-0.0017644356660599938,-0.9999800895732318
63672000000,1195,63663998146,map,-0.2781934142112732,0.053503334522247314,3.0705318450927734,0.003358881402910743,-0.0050478534659841885,-0.0017917046770465907,-0.9999800474263834
63704000000,1196,63695998146,map,-0.27555763721466064,0.052119702100753784,3.0695056915283203,0.0033620936183845563,-0.00508520495802408,-0.0018362117490740017,-0.9999797945452922
63736000000,1197,63727998146,map,-0.2727682590484619,0.0507451631128788,3.0684330463409424,0.0033618891403148273,-0.005147271131540181,-0.001832249945314002,-0.9999794573705041
63772000000,1198,63767998151,map,-0.2691226303577423,0.04902888834476471,3.0671255588531494,0.0032658354024236746,-0.005124843492822131,-0.0018491508315668927,-0.9999798366921409
63804000000,1199,63799998151,map,-0.2687259018421173,0.04715503752231598,3.0670244693756104,0.00325884758664947,-0.005044323255831084,-0.0019038995877825318,-0.9999802160137774
63836000000,1200,63831998151,map,-0.26885986328125,0.04518406465649605,3.067232131958008,0.0033082310984405227,-0.005009583798264043,-0.0018894010718948364,-0.9999802160137773
63872000000,1201,63871998156,map,-0.2685544490814209,0.04281780123710632,3.0672800540924072,0.0033131001295783565,-0.005003381214497544,-0.0019072713356634299,-0.9999802160137774
63904000000,1202,63895998156,map,-0.2681387960910797,0.04143515229225159,3.0672380924224854,0.0034234348990334956,-0.004944237743825934,-0.0019087043285128116,-0.9999801317200804
63936000000,1203,63927998156,map,-0.26735663414001465,0.039628516882658005,3.067023515701294,0.0035265915333516228,-0.0050645851886165685,-0.0018470856359898982,-0.99997928878311
63972000000,1204,63967998161,map,-0.26605328917503357,0.03746289387345314,3.0666730403900146,0.0036338819338644223,-0.005136638189596227,-0.001853491956963549,-0.999978530139837
64004000000,1205,63999998161,map,-0.26476427912712097,0.0358111709356308,3.066321611404419,0.003733598331672848,-0.0053945035570883235,-0.0018126095139079372,-0.9999768442658965
64036000000,1206,64031998161,map,-0.2632632851600647,0.03423497825860977,3.0657894611358643,0.003723977243365411,-0.005549267196410644,-0.0018136210382721511,-0.9999760856226232
64072000000,1207,64063998166,map,-0.2615724205970764,0.03274939954280853,3.0653207302093506,0.0037556136392108376,-0.005652952477332554,-0.0017897237751665078,-0.9999753691261986
64104000000,1208,64095998166,map,-0.25969651341438293,0.031305715441703796,3.0647199153900146,0.003785197187188754,-0.005803035017656007,-0.0018448518530188034,-0.9999742733081374
64136000000,1209,64127998166,map,-0.2576400935649872,0.029880434274673462,3.063999891281128,0.0037898655268877803,-0.005933966919051194,-0.0018887688691671682,-0.9999734303711671
64172000000,1210,64167998171,map,-0.25485336780548096,0.028152907267212868,3.062905788421631,0.003776064985860431,-0.005972395049043573,-0.0019030145039638517,-0.9999732617837731
64204000000,1211,64199998171,map,-0.25394847989082336,0.02636539563536644,3.0630760192871094,0.0037969112945786874,-0.006012507571251245,-0.0019238771939767423,-0.9999728824621363
64236000000,1212,64231998171,map,-0.2541959881782532,0.024231823161244392,3.063969135284424,0.0038464147437882565,-0.005969673202274017,-0.0019591962530288724,-0.9999728824621366
64272000000,1213,64263998176,map,-0.25410982966423035,0.022244742140173912,3.0645253658294678,0.0038529896521559558,-0.005929683087026766,-0.001993166612928588,-0.9999730510495305
64304000000,1214,64295998176,map,-0.2537209391593933,0.020376555621623993,3.0650036334991455,0.00386028410271669,-0.005934411025003765,-0.002003956206147351,-0.9999729667558335
64336000000,1215,64327998176,map,-0.2530892789363861,0.01861332170665264,3.065161943435669,0.0039372672148372985,-0.005957765729752928,-0.0020131020722742314,-0.9999725031404998
64372000000,1216,64367998181,map,-0.2519489526748657,0.016558684408664703,3.065020799636841,0.0040009705300002455,-0.0059895237093781405,-0.002034891992954369,-0.9999720395251662
64404000000,1217,64399998181,map,-0.2507545053958893,0.015015404671430588,3.0646772384643555,0.004030088980919399,-0.006107031510250354,-0.002032742503680352,-0.9999712387350445
64436000000,1218,64431998181,map,-0.24935026466846466,0.013574858196079731,3.0641379356384277,0.004086477677596055,-0.006229608869063083,-0.0021274886191328117,-0.9999699743295892
64472000000,1219,64463998186,map,-0.2477331906557083,0.012240760959684849,3.0634896755218506,0.0040913231657677285,-0.006261503578991766,-0.002154125427391796,-0.9999697214484982
64504000000,1220,64495998186,map,-0.24593819677829742,0.010983400978147984,3.062713623046875,0.00410785016337619,-0.006337261716009462,-0.002215322651429486,-0.999969047098922
64536000000,1221,64527998186,map,-0.2439904510974884,0.009797417558729649,3.061798334121704,0.004095420218106079,-0.006360113128118399,-0.0022556993323029077,-0.9999688785115279
64572000000,1222,64567998191,map,-0.24135804176330566,0.008425798267126083,3.0603621006011963,0.00412102615725578,-0.006330813412823422,-0.0022645501704902653,-0.999968962805225
64604000000,1223,64599998191,map,-0.24053990840911865,0.007090155500918627,3.059821605682373,0.004096075305255395,-0.00626822921173373,-0.0022919456220223404,-0.9999693842737101
64636000000,1224,64631998191,map,-0.24087698757648468,0.005498421378433704,3.0596401691436768,0.004100799127329219,-0.006205843891085448,-0.002362457299581067,-0.9999695950079526
64672000000,1225,64663998196,map,-0.24091564118862152,0.004025163594633341,3.059356689453125,0.004104967714064749,-0.006137116210598846,-0.002388124730324182,-0.9999698900358922
64704000000,1226,64695998196,map,-0.2406558394432068,0.0026612370274960995,3.0588977336883545,0.00411729245684971,-0.006129630452858544,-0.0024408082909628264,-0.9999697214484982
64736000000,1227,64727998196,map,-0.24012063443660736,0.001398964086547494,3.0585458278656006,0.004170686010785995,-0.006182458152426345,-0.002481732880866894,-0.9999691735394676
64772000000,1228,64767998201,map,-0.2390993982553482,-6.8874258431606e-05,3.0579938888549805,0.004142682887309173,-0.006233206744664382,-0.002489909369478072,-0.9999689206583764
64804000000,1229,64799998201,map,-0.23803935945034027,-0.0011170631041750312,3.0574090480804443,0.00430345228790817,-0.006398736269603205,-0.002521013743679024,-0.9999670661970419
64836000000,1230,64831998201,map,-0.23678794503211975,-0.002102137776091695,3.0568041801452637,0.004347450634303257,-0.006531227851347486,-0.0025205079814968894,-0.9999660546726776
64872000000,1231,64863998207,map,-0.23539474606513977,-0.0030246602836996317,3.056060552597046,0.004341707796921393,-0.0065942126944522235,-0.0025631184453414617,-0.999965591057344
64904000000,1232,64895998207,map,-0.23389670252799988,-0.003882673103362322,3.0555245876312256,0.004371735862442199,-0.006659626825928845,-0.002577321933289634,-0.9999649588546163
64936000000,1233,64927998207,map,-0.23225398361682892,-0.004675184842199087,3.054765462875366,0.004451458519716015,-0.00671647773853204,-0.002561516865098035,-0.9999643266518887
64972000000,1234,64967998212,map,-0.23002634942531586,-0.005595010239630938,3.0540060997009277,0.004491651302035597,-0.006755492055454588,-0.0025981424764540133,-0.9999636944491611
65004000000,1235,64999998212,map,-0.2283671498298645,-0.005943617783486843,3.0538158416748047,0.004574334199190859,-0.006847401161166688,-0.0026583281761274895,-0.9999625986310998
65036000000,1236,65031998212,map,-0.22679565846920013,-0.006001314613968134,3.054030179977417,0.004637626911853079,-0.006919024461854889,-0.0026775049921999865,-0.9999617135472811
65072000000,1237,65071998217,map,-0.2245950698852539,-0.00604928657412529,3.0539495944976807,0.004653468446946794,-0.006865282373237752,-0.0026944480253013885,-0.9999620507220692
65104000000,1238,65103998217,map,-0.22270514070987701,-0.0060220928862690926,3.0536484718322754,0.004594950511239704,-0.006811489494375439,-0.002678095048079199,-0.9999627250716453
65136000000,1239,65135998217,map,-0.2206892967224121,-0.005971911363303661,3.053252935409546,0.004499517616183451,-0.006669722560190411,-0.00271155964579678,-0.9999639894771006
65172000000,1240,65167998222,map,-0.21857140958309174,-0.005915009882301092,3.052626848220825,0.004455305654413586,-0.0065869440917634275,-0.002745951474181663,-0.9999646638266768
65204000000,1241,65199998222,map,-0.2163558453321457,-0.005804444197565317,3.052067756652832,0.004364958863228612,-0.0064688813025071115,-0.0027749906528057315,-0.9999657174978895
65236000000,1242,65231998222,map,-0.21404486894607544,-0.005670664366334677,3.051377058029175,0.004275792019165816,-0.006296231923620234,-0.0028043248593692676,-0.999967150490739
65272000000,1243,65263998227,map,-0.2116432934999466,-0.0055009303614497185,3.0507659912109375,0.004225767167342051,-0.006227977571998746,-0.0028270841575651633,-0.9999676562529212
65304000000,1244,65303998227,map,-0.20853954553604126,-0.005292025860399008,3.0497989654541016,0.0040851824851849804,-0.006010643972611718,-0.0028456709177584476,-0.9999695528611041
65336000000,1245,65327998227,map,-0.2066173553466797,-0.005156448110938072,3.0491249561309814,0.0039677076938562286,-0.005824494184357005,-0.0028841509904489753,-0.999971028000802
65372000000,1246,65367998232,map,-0.20338498055934906,-0.004916139878332615,3.047786235809326,0.003975161759142085,-0.0056757678341296785,-0.0028503070710946825,-0.9999719973783177
65404000000,1247,65399998232,map,-0.20184385776519775,-0.004947050008922815,3.047147750854492,0.003959343273106149,-0.005456507004240039,-0.002907458197675406,-0.9999730931963791
65436000000,1248,65431998232,map,-0.20123322308063507,-0.005164891481399536,3.0470876693725586,0.003913913991813279,-0.005316242539349974,-0.002906783848099282,-0.9999740204270462
65472000000,1249,65463998237,map,-0.20041488111019135,-0.005344745237380266,3.046875,0.003885760061644128,-0.005312015836061614,-0.002922715356836359,-0.9999741047207433
65504000000,1250,65495998237,map,-0.1994219869375229,-0.005521139595657587,3.0467472076416016,0.003839526862143138,-0.005254776546834835,-0.002934853649207481,-0.9999745261892283
65536000000,1251,65527998237,map,-0.19831471145153046,-0.005662102252244949,3.046445369720459,0.0038908082580471656,-0.005254323591690438,-0.0029297117336892224,-0.9999743576018344
65572000000,1252,65567998242,map,-0.1967579573392868,-0.005786052439361811,3.0457394123077393,0.00392735142786254,-0.005312847248502943,-0.002922841797381948,-0.9999738939865006
65600000000,1253,65599998242,map,-0.19535689055919647,-0.005845877807587385,3.0450565814971924,0.003996079190667203,-0.005464867556041133,-0.0029586244717677017,-0.999972756021591
65636000000,1254,65631998242,map,-0.19385531544685364,-0.0058518871665000916,3.044261932373047,0.004019526503237801,-0.005563406393951223,-0.0029492678713982094,-0.9999721659657117
65672000000,1255,65663998247,map,-0.19223354756832123,-0.005787697620689869,3.043295383453369,0.004014075483391038,-0.005623344069299461,-0.0029083011346456304,-0.9999719130846207
65704000000,1256,65695998247,map,-0.19051368534564972,-0.005697530694305897,3.0422184467315674,0.003976953082521861,-0.005722917562949654,-0.002944336690122507,-0.9999714494692871
65736000000,1257,65727998247,map,-0.18870092928409576,-0.005575377494096756,3.041250467300415,0.003923050309044778,-0.005764776874464751,-0.002981173035720986,-0.999971280881893
65772000000,1258,65767998252,map,-0.18634337186813354,-0.005385123193264008,3.040022611618042,0.0038596735496397266,-0.005737492470000328,-0.003062937921832099,-0.9999714494692871
65804000000,1259,65799998252,map,-0.18514585494995117,-0.0053666201420128345,3.039022445678711,0.0038143810809683895,-0.005738908752282808,-0.003104747595554958,-0.9999714494692871
65836000000,1260,65831998252,map,-0.18410377204418182,-0.0053975582122802734,3.0379111766815186,0.003731696455133794,-0.005732308572269615,-0.0031860488663324475,-0.9999715759098327
65872000000,1261,65863998257,map,-0.18293030560016632,-0.005418428685516119,3.036747694015503,0.0036982409124031285,-0.005714668305170409,-0.003273124255355975,-0.9999714916161355
65904000000,1262,65895998257,map,-0.18166446685791016,-0.005410109646618366,3.0355069637298584,0.0036716939131515194,-0.005819275219131241,-0.003278898373602013,-0.9999709437071049
65936000000,1263,65927998257,map,-0.1803242415189743,-0.005386450327932835,3.034205198287964,0.0037514464518823855,-0.005948465023348624,-0.0032933968894897085,-0.9999699321827407
65972000000,1264,65967998263,map,-0.1785099059343338,-0.005308194551616907,3.032705783843994,0.003732210202168084,-0.005973407561224596,-0.0032929754210045963,-0.9999698478890438
66004000000,1265,65999998263,map,-0.17696264386177063,-0.005212928634136915,3.031536102294922,0.0037626505988689494,-0.0060297679404874086,-0.0033525710647989153,-0.9999691735394675
66036000000,1266,66031998263,map,-0.17532527446746826,-0.005090109538286924,3.0305559635162354,0.0038134574722959434,-0.006120799041734241,-0.003437328377154381,-0.9999681198682547
66072000000,1267,66063998268,map,-0.1735781729221344,-0.004953138530254364,3.029585599899292,0.0038286997318873945,-0.0061144840114930035,-0.0034822147708184485,-0.9999679091340121
66104000000,1268,66095998268,map,-0.17175881564617157,-0.004807020537555218,3.028881788253784,0.0037288158168197498,-0.005928328460973846,-0.0035785203196658792,-0.999969047098922
66136000000,1269,66127998268,map,-0.16988226771354675,-0.00465104216709733,3.0280983448028564,0.003672203626600698,-0.005874948571836101,-0.00357873105390838,-0.9999695950079526
66172000000,1270,66167998273,map,-0.16746672987937927,-0.004426971543580294,3.0271289348602295,0.003678146579194925,-0.005842637497142246,-0.003603134079196269,-0.9999697214484982
66204000000,1271,66199998273,map,-0.16679948568344116,-0.004435868933796883,3.027186870574951,0.003709945059307378,-0.00573866122186587,-0.0037048765715014813,-0.9999698057421951
66236000000,1272,66231998273,map,-0.16639496386051178,-0.004470632411539555,3.0274555683135986,0.0037368866913553957,-0.005539048561280275,-0.0038215390481797233,-0.9999703957980742
66272000000,1273,66263998278,map,-0.1658163070678711,-0.004485764540731907,3.027776002883911,0.0037587474878881997,-0.00544929314306347,-0.0038600191208700845,-0.9999706908260139
66304000000,1274,66295998278,map,-0.16507157683372498,-0.004480322822928429,3.028139591217041,0.0037569038102200384,-0.005422626453347535,-0.003897150494408253,-0.9999706486791654
66336000000,1275,66327998278,map,-0.16418002545833588,-0.0044420878402888775,3.028533935546875,0.003799168373561735,-0.0053743776960618,-0.003921806400787153,-0.9999706908260139
66372000000,1276,66367998283,map,-0.16286708414554596,-0.004379418212920427,3.0288639068603516,0.0038208152254475074,-0.005367637657658724,-0.0039345768958858884,-0.9999705643854684
66404000000,1277,66399998283,map,-0.16169489920139313,-0.004325676243752241,3.0290043354034424,0.0038306082761895917,-0.005331084650834762,-0.003997881462349306,-0.9999704800917714
66436000000,1278,66431998283,map,-0.16042271256446838,-0.004244370386004448,3.0290610790252686,0.0038720330306474824,-0.005426170245981117,-0.004012422125085624,-0.9999697635953466
66472000000,1279,66463998288,map,-0.15906749665737152,-0.004126355983316898,3.0290274620056152,0.0038793393350093604,-0.00539625347448216,-0.004034970689038908,-0.9999698057421951
66504000000,1280,66495998288,map,-0.15763232111930847,-0.00399764021858573,3.0289173126220703,0.003906477460274948,-0.005409723179212312,-0.004052335190625422,-0.9999695528611041
66536000000,1281,66527998288,map,-0.1561320424079895,-0.0038494952023029327,3.0286829471588135,0.0038899580359283282,-0.005438510629198142,-0.004111846540722663,-0.999969215686316
66572000000,1282,66567998293,map,-0.15418463945388794,-0.00366154289804399,3.028362989425659,0.0038922014501128342,-0.005441461814092602,-0.004083903180159942,-0.9999693421268615
66604000000,1283,66599998293,map,-0.15297572314739227,-0.003486999776214361,3.0283970832824707,0.003912403702302284,-0.005480235515315545,-0.004094229158045193,-0.999968962805225
66636000000,1284,66631998293,map,-0.15203841030597687,-0.0032544881105422974,3.028719186782837,0.003959668923365346,-0.005497690731408008,-0.004159388185842994,-0.9999684570430428
66672000000,1285,66663998298,map,-0.150985985994339,-0.003052244894206524,3.0288937091827393,0.003952294541964957,-0.0054840397623020344,-0.0041905347068926235,-0.9999684148961943
66704000000,1286,66695998298,map,-0.14980125427246094,-0.002859765198081732,3.028994083404541,0.003995405746589727,-0.0055137398726578645,-0.004229056926431551,-0.9999679091340122
66736000000,1287,66727998298,map,-0.14849071204662323,-0.0026640433352440596,3.0291285514831543,0.004037839555869975,-0.005433799978014477,-0.0043055956033273834,-0.9999678248403151
66772000000,1288,66767998303,map,-0.14676235616207123,-0.0024198293685913086,3.029294967651367,0.004052180062234839,-0.0054105045834300656,-0.0043387651731053856,-0.9999677826934666
66804000000,1289,66799998303,map,-0.1452859491109848,-0.002208648482337594,3.0294582843780518,0.004034482213650216,-0.005294634459272109,-0.004361903792937882,-0.9999684148961943
66836000000,1290,66831998303,map,-0.1437482237815857,-0.0019974331371486187,3.0295047760009766,0.004046513245584616,-0.005191857311226706,-0.0043972228519900125,-0.9999686677772854
66872000000,1291,66863998308,map,-0.14214067161083221,-0.0017987365135923028,3.029546022415161,0.004052330704291039,-0.005168743181018116,-0.0044271049675841945,-0.9999687099241339
66904000000,1292,66903998308,map,-0.14003081619739532,-0.0015862243017181754,3.0293424129486084,0.004040888205351618,-0.0050318439197228745,-0.004454837593904359,-0.999969299980013
66936000000,1293,66927998308,map,-0.13873668015003204,-0.001483231084421277,3.0290565490722656,0.004058304485000047,-0.0049562439157051575,-0.004522230404673255,-0.9999692578331645
66972000000,1294,66967998314,map,-0.13653318583965302,-0.0013430279213935137,3.028573751449585,0.004068884908019488,-0.004900914734823783,-0.004554641331178166,-0.9999693842737101
67004000000,1295,66999998314,map,-0.13589726388454437,-0.0013370546512305737,3.0278308391571045,0.0041417207949420425,-0.004836437094796544,-0.004632655147771836,-0.9999690049520735
67036000000,1296,67031998314,map,-0.13549920916557312,-0.0013940358767285943,3.0270113945007324,0.004150064739073827,-0.004761518910719263,-0.0046630430255481525,-0.999969215686316
67072000000,1297,67063998319,map,-0.13499385118484497,-0.0014747335808351636,3.026233673095703,0.004186414749553203,-0.004723044435657134,-0.004625110861888382,-0.9999694685674071
67104000000,1298,67095998319,map,-0.1343768984079361,-0.0015456334222108126,3.0254600048065186,0.004300522505710218,-0.004759346928034357,-0.004701017336056601,-0.9999684148961943
67136000000,1299,67127998319,map,-0.1336514800786972,-0.0016141928499564528,3.024599313735962,0.004393493596759504,-0.004819941172257053,-0.004713872124852414,-0.9999676141060725
67172000000,1300,67167998324,map,-0.1325623095035553,-0.0016835372662171721,3.023561716079712,0.0044129977094524275,-0.00492699548456374,-0.00473216385710612,-0.9999669397564963
67204000000,1301,67199998324,map,-0.13159912824630737,-0.0017355773597955704,3.022757053375244,0.004468276408781362,-0.0050538590008861895,-0.004777218838164232,-0.9999658860852837
67236000000,1302,67231998324,map,-0.1305537074804306,-0.001791838789358735,3.0220911502838135,0.004525875427945626,-0.0050898483759293815,-0.004851102263603857,-0.999965085295162
67272000000,1303,67263998329,map,-0.12943924963474274,-0.001847919076681137,3.021439552307129,0.004544908454940668,-0.0051257827419266405,-0.0048515658789374805,-0.9999647902672224
67304000000,1304,67295998329,map,-0.12824665009975433,-0.0019170857267454267,3.0209219455718994,0.004581111013188804,-0.005175977930403299,-0.00489480854550961,-0.9999641159176462
67336000000,1305,67327998329,map,-0.126989483833313,-0.001989652868360281,3.020324945449829,0.004608328925237436,-0.005150081717182187,-0.004966711069069152,-0.999963863036555
67372000000,1306,67367998334,map,-0.12533868849277496,-0.0020706315990537405,3.0195138454437256,0.004634469396732461,-0.005167930043186884,-0.005034693935717205,-0.9999632308338274
67404000000,1307,67399998334,map,-0.12477628886699677,-0.0018360414542257786,3.0194735527038574,0.004713701541245409,-0.005162119025868929,-0.005152578671002217,-0.9999623457500088
67436000000,1308,67431998334,map,-0.12434111535549164,-0.0015403666766360402,3.0195367336273193,0.004771651893904682,-0.005039666214286273,-0.0052224159989848196,-0.9999623036031603
67472000000,1309,67463998339,map,-0.12376800924539566,-0.0012763962149620056,3.0197134017944336,0.004755160179876188,-0.004954952808327983,-0.00527117990271192,-0.9999625986310998
67504000000,1310,67495998339,map,-0.12306619435548782,-0.0010185516439378262,3.019683837890625,0.004760455788363947,-0.0048820378497605585,-0.005320154540681521,-0.9999626829247967
67536000000,1311,67527998339,map,-0.12227736413478851,-0.0007459906046278775,3.0196890830993652,0.0047558979863895606,-0.004812735933897634,-0.005414057719163812,-0.9999625143374028
67572000000,1312,67567998344,map,-0.12115214020013809,-0.0004580500826705247,3.019653558731079,0.004736933208786477,-0.004811487346372697,-0.005443139044636336,-0.9999624300437058
67604000000,1313,67599998344,map,-0.12015215307474136,-0.00026975403307005763,3.0195295810699463,0.00467142731839345,-0.0047562438328710285,-0.005490090633877509,-0.9999627672184939
67636000000,1314,67631998344,map,-0.11905723810195923,-8.057118247961625e-05,3.019365072250366,0.004570821852057535,-0.004813235872076773,-0.005498815031519222,-0.9999628936590395
67672000000,1315,67663998349,map,-0.11790004372596741,0.00010852123523363844,3.019125461578369,0.0045055986367496794,-0.004876775189077715,-0.005498435709882621,-0.9999628515121908
67704000000,1316,67695998349,map,-0.11667899787425995,0.00029518449446186423,3.0189263820648193,0.004394586657165659,-0.004828786207020864,-0.005514282924922731,-0.9999635258617671
67736000000,1317,67727998349,map,-0.11540264636278152,0.0004853720311075449,3.018653154373169,0.004299606017550264,-0.00473643859298451,-0.0055249039307475045,-0.9999642845050403
67772000000,1318,67767998354,map,-0.11373814195394516,0.0007523470558226109,3.018031358718872,0.004264611353406864,-0.004750678568414327,-0.005547621082094889,-0.9999642423581916
67804000000,1319,67799998354,map,-0.11326657980680466,0.0010837799636647105,3.0181329250335693,0.004191900692838405,-0.0047319674462065935,-0.00556452196834778,-0.9999646216798284
67836000000,1320,67831998354,map,-0.11353567987680435,0.0015289478469640017,3.018874168395996,0.004034466573218151,-0.004693393037015378,-0.005621125185897857,-0.999965085295162
67872000000,1321,67863998359,map,-0.11360296607017517,0.001954877283424139,3.019392490386963,0.003959004122684538,-0.004622242406647783,-0.0056602796081644535,-0.9999654646167986
67904000000,1322,67895998359,map,-0.11352042108774185,0.0023291376419365406,3.0197551250457764,0.0038707389083712336,-0.004485164227041529,-0.005685272689331444,-0.9999663497006173
67936000000,1323,67927998359,map,-0.11326456069946289,0.002602942055091262,3.020293712615967,0.004007319660499286,-0.0044541112810506595,-0.005639332624454596,-0.9999661811132232
67972000000,1324,67967998365,map,-0.11280608177185059,0.0029028733260929585,3.021402597427368,0.004050036396963776,-0.0045107142516466,-0.005667233838168806,-0.9999655910573442
68004000000,1325,67999998365,map,-0.11232220381498337,0.003096520435065031,3.0225040912628174,0.004089259081484552,-0.004592264678622807,-0.0057138061057733225,-0.9999647902672223
68036000000,1326,68031998365,map,-0.11173265427350998,0.003248721593990922,3.0235726833343506,0.0042150976761779054,-0.0047929469389664595,-0.005741960200578544,-0.9999631886869789
68072000000,1327,68063998370,map,-0.11103348433971405,0.0033975474070757627,3.024620294570923,0.004198648263344292,-0.004814862271216331,-0.005749588780159132,-0.9999630622464334
68104000000,1328,68103998370,map,-0.10999593883752823,0.0035726004280149937,3.025571346282959,0.0043326284437898354,-0.004914937369986449,-0.005759282555316547,-0.9999619664283721
68136000000,1329,68127998370,map,-0.109292171895504,0.003642225405201316,3.0259668827056885,0.004492550606299796,-0.004981277270984684,-0.005738419865303657,-0.9999610813445534
68172000000,1330,68167998375,map,-0.10797736793756485,0.0037381313741207123,3.0263900756835938,0.004516207871091344,-0.004973348683221794,-0.0057340365930586,-0.9999609970508563
68204000000,1331,68199998375,map,-0.10813714563846588,0.0041307550854980946,3.026426076889038,0.004645760677389237,-0.004898879832294116,-0.005735258851665426,-0.9999607863166138
68236000000,1332,68231998375,map,-0.10851288586854935,0.004608450457453728,3.0262789726257324,0.004752673427064884,-0.004777755033591694,-0.005776647056903117,-0.9999606177292197
68272000000,1333,68263998380,map,-0.10865344852209091,0.005027399398386478,3.026064157485962,0.0048064031126650465,-0.004650545610335328,-0.005777152819085252,-0.9999609549040078
68304000000,1334,68295998380,map,-0.10862461477518082,0.005387520883232355,3.026022434234619,0.004912400656541822,-0.004571584611233784,-0.005713806105773267,-0.9999611656382504
68336000000,1335,68327998380,map,-0.10845421999692917,0.005695014260709286,3.0259737968444824,0.005044176585621569,-0.004519865303811464,-0.0057399792986985165,-0.9999606177292197
68372000000,1336,68367998385,map,-0.10802344232797623,0.006044064648449421,3.0260887145996094,0.005043789505507485,-0.004513923771203833,-0.005727967446872928,-0.9999607441697653
68404000000,1337,68399998385,map,-0.10751443356275558,0.006277217995375395,3.026153087615967,0.005143166794053332,-0.004581031144087574,-0.0057107293858320585,-0.9999600276733406
68436000000,1338,68431998385,map,-0.10690515488386154,0.006475405301898718,3.0262703895568848,0.005158376949600019,-0.00469297276214219,-0.005783769874301403,-0.999958974002128
68472000000,1339,68463998390,map,-0.10618767887353897,0.006666833069175482,3.026336669921875,0.005187663638061447,-0.0047036235053673735,-0.005801471550675952,-0.9999586368273398
68504000000,1340,68503998390,map,-0.10512234270572662,0.006894887890666723,3.026559829711914,0.005194681561667376,-0.004743332607325359,-0.0058642703549571795,-0.9999580467714606
68536000000,1341,68527998390,map,-0.10440812259912491,0.007037515286356211,3.0266146659851074,0.005159848343826011,-0.004802419360851219,-0.005850783363433754,-0.9999580467714606
68572000000,1342,68567998395,map,-0.10307463258504868,0.007242039777338505,3.0265307426452637,0.005165302183066449,-0.004770002733820444,-0.005827686890449768,-0.9999582996525518
68604000000,1343,68599998395,map,-0.10357099026441574,0.007952120155096054,3.0261623859405518,0.00503399516854566,-0.004704508331942154,-0.005866251256837207,-0.9999591004426733
68636000000,1344,68631998395,map,-0.10441328585147858,0.008790193125605583,3.0256636142730713,0.00501858929151325,-0.004560448314911057,-0.005860392844894258,-0.999959816939098
68672000000,1345,68663998400,map,-0.10504059493541718,0.009558460675179958,3.025202512741089,0.004977077177010471,-0.004490040131737664,-0.005866630578473753,-0.9999603227012801
68704000000,1346,68695998400,map,-0.10547249764204025,0.01025492511689663,3.024675130844116,0.004886824928121424,-0.004470844917578016,-0.005857906180832095,-0.9999609549040078
68736000000,1347,68727998400,map,-0.10571952164173126,0.010909650474786758,3.0242502689361572,0.00481172598386646,-0.004622673516636078,-0.005839361567487267,-0.9999607020229169
68772000000,1348,68767998405,map,-0.10580464452505112,0.011644144542515278,3.023743152618408,0.004766631963466701,-0.004639459342815693,-0.005766363225866378,-0.9999612920787959
68804000000,1349,68799998405,map,-0.10568764805793762,0.012166822329163551,3.0233402252197266,0.004554180175096863,-0.004789698431516403,-0.005712246672378352,-0.9999618821346751
68836000000,1350,68831998405,map,-0.10543695092201233,0.012631780467927456,3.022968053817749,0.0044675766640826,-0.00498156830649818,-0.005660195314467431,-0.9999616714004326
68872000000,1351,68863998410,map,-0.10507982224225998,0.013050343841314316,3.0225460529327393,0.0044202760256727164,-0.005048141908478685,-0.005667866040896474,-0.9999615028130384
68904000000,1352,68895998410,map,-0.1045951172709465,0.013444500975310802,3.0220565795898438,0.004303160264577911,-0.005254949455927214,-0.005673176543808833,-0.9999608284634625
68936000000,1353,68927998410,map,-0.10398237407207489,0.013776865787804127,3.0214908123016357,0.004212839527060033,-0.005363093042009135,-0.005659394524345718,-0.9999607863166138
68972000000,1354,68967998415,map,-0.10306987166404724,0.014123368076980114,3.0207173824310303,0.004201017953438204,-0.005409100319584856,-0.005667823894047963,-0.9999605334355227
69004000000,1355,68999998415,map,-0.10383232682943344,0.014679149724543095,3.0200908184051514,0.00410662123700623,-0.005414319572923841,-0.005744320424095173,-0.9999604912886743
69036000000,1356,69031998415,map,-0.10487022250890732,0.015274290926754475,3.019505262374878,0.00406603452159378,-0.005399779527573058,-0.005814031311532242,-0.9999602384075832
69072000000,1357,69063998421,map,-0.10565610229969025,0.015788594260811806,3.0189168453216553,0.004024111454738505,-0.005437111880663185,-0.005818667464868421,-0.9999602384075832
69104000000,1358,69095998421,map,-0.10621404647827148,0.01622745208442211,3.0183231830596924,0.003991659986587354,-0.005365419144688424,-0.005817360912564573,-0.9999607020229169
69136000000,1359,69127998421,map,-0.1065768226981163,0.016625553369522095,3.017852783203125,0.003970725721018251,-0.005362552953194525,-0.005802272340797721,-0.9999609549040078
69172000000,1360,69167998426,map,-0.10678112506866455,0.01705910824239254,3.0174005031585693,0.003964201520577667,-0.00544137282826596,-0.005781957559815365,-0.9999607020229168
69204000000,1361,69199998426,map,-0.10677578300237656,0.01730535738170147,3.01712965965271,0.003867285500971373,-0.005541274030126939,-0.005808552221225782,-0.9999603227012802
69236000000,1362,69231998426,map,-0.10663246363401413,0.017499787732958794,3.016791820526123,0.003860675854380876,-0.005640305130056746,-0.005760294079680817,-0.9999601119670376
69272000000,1363,69263998431,map,-0.10634201020002365,0.017641525715589523,3.016362190246582,0.0038533591779429982,-0.0056985984197685515,-0.00572059174838363,-0.9999600276733406
69304000000,1364,69295998431,map,-0.10589045286178589,0.017733629792928696,3.0159687995910645,0.0038291803047420954,-0.005835639967836548,-0.005615098186560807,-0.9999599012327951
69336000000,1365,69327998431,map,-0.10529930144548416,0.01779099740087986,3.015615463256836,0.003841802791962727,-0.006012846886308983,-0.005597691538125782,-0.9999588475615824
69372000000,1366,69367998436,map,-0.10438927263021469,0.017802009359002113,3.0152599811553955,0.003833670508151711,-0.005973444768989298,-0.005565322758469438,-0.9999593533237645
69404000000,1367,69399998436,map,-0.10495895892381668,0.017855100333690643,3.015371322631836,0.0038395753474825384,-0.005875519529924522,-0.005507665869706524,-0.9999601962607347
69436000000,1368,69431998436,map,-0.106665700674057,0.017965905368328094,3.0155696868896484,0.0038954082325944567,-0.0058105967549689184,-0.005482167026357454,-0.9999604912886741
69472000000,1369,69463998441,map,-0.10804179310798645,0.01800984889268875,3.0156896114349365,0.0039110235576496795,-0.0057513403439141885,-0.005468511447439928,-0.9999609127571594
69504000000,1370,69495998441,map,-0.10913031548261642,0.01800408959388733,3.0158932209014893,0.003968811332133545,-0.005624187417859996,-0.005449166043973441,-0.99996146066619
69536000000,1371,69527998441,map,-0.10997427999973297,0.01793973334133625,3.0159881114959717,0.004126559742120233,-0.005515084373588975,-0.005450936211610857,-0.99996146066619
69572000000,1372,69567998446,map,-0.11073277145624161,0.017829006537795067,3.015972375869751,0.004191773634907396,-0.00552369463723569,-0.005466741279802456,-0.9999610813445534
69604000000,1373,69599998446,map,-0.1111273542046547,0.01768655516207218,3.016054153442383,0.004340170424767508,-0.0057328394414611124,-0.005492240123151582,-0.9999591004426734
69636000000,1374,69631998446,map,-0.11135127395391464,0.017509615048766136,3.016223192214966,0.004421293229983359,-0.005841958949344833,-0.005495906898971947,-0.9999580467714606
69672000000,1375,69663998451,map,-0.11140844225883484,0.01728713884949684,3.016408681869507,0.00444176639091978,-0.005978796266297292,-0.005493546675455319,-0.9999572038344904
69704000000,1376,69695998451,map,-0.11135391145944595,0.017025789245963097,3.0165343284606934,0.0045599473065972155,-0.006228212919342287,-0.005538812390756098,-0.9999549279046709
69736000000,1377,69727998451,map,-0.11113684624433517,0.01673983223736286,3.016557455062866,0.004637824063615156,-0.006452963705522724,-0.005527896356991802,-0.9999531155901848
69772000000,1378,69767998456,map,-0.11066064983606339,0.016326025128364563,3.016477108001709,0.004674253840298062,-0.0065986030460508166,-0.005528107091234358,-0.9999520619189721
69804000000,1379,69799998456,map,-0.1120547503232956,0.01656262017786503,3.0169692039489746,0.00475803658909972,-0.006719048120064761,-0.005509520331041073,-0.9999509239540623
69836000000,1380,69831998456,map,-0.1137961819767952,0.016924144700169563,3.0175693035125732,0.004865475491399068,-0.006688635217597104,-0.005467499923075603,-0.9999508818072138
69872000000,1381,69863998461,map,-0.11523902416229248,0.0171633493155241,3.018022298812866,0.004888235118867205,-0.006687640486117795,-0.005470787377259478,-0.9999507975135167
69904000000,1382,69895998461,map,-0.11640502512454987,0.017305132001638412,3.0183675289154053,0.0049779327498034355,-0.006753202625472587,-0.005438334303906167,-0.9999500388702436
69936000000,1383,69927998461,map,-0.1173422783613205,0.017352286726236343,3.018610954284668,0.005040854948861851,-0.006886567519552517,-0.005395007343636904,-0.9999490273458793
69972000000,1384,69967998466,map,-0.11823713034391403,0.017275908961892128,3.0188114643096924,0.00504520471765514,-0.006953794953331868,-0.005386198652298058,-0.9999485637305456
70004000000,1385,69999998466,map,-0.1187203973531723,0.01715240254998207,3.0189199447631836,0.0051393094930749185,-0.007174524502110437,-0.005381478205264912,-0.9999466249755142
70036000000,1386,70031998466,map,-0.11897739768028259,0.017002582550048828,3.01906156539917,0.005244329972986764,-0.007380068343807178,-0.005415195684073671,-0.9999443490456945
70072000000,1387,70063998471,map,-0.11900889873504639,0.016809413209557533,3.019160032272339,0.005310999537249792,-0.007478858087174809,-0.00542257138256308,-0.9999432953744818
70104000000,1388,70095998471,map,-0.11884453892707825,0.016590921208262444,3.0190377235412598,0.005283923973712463,-0.0076013870429662,-0.005422655676259992,-0.9999424524375116
70136000000,1389,70127998471,map,-0.11850671470165253,0.016317427158355713,3.018934726715088,0.005214090103088579,-0.007582371405662073,-0.005369171325499745,-0.9999432532276332
70172000000,1390,70167998476,map,-0.11786569654941559,0.015914499759674072,3.0189547538757324,0.005213118914575431,-0.007517746292824077,-0.0053557686276732306,-0.9999438432835124
70204000000,1391,70199998476,map,-0.11864608526229858,0.01669127121567726,3.0184218883514404,0.005179344553984839,-0.007458652706898946,-0.005229749550625718,-0.9999451076889677
70236000000,1392,70231998476,map,-0.11963742226362228,0.017706044018268585,3.0177407264709473,0.005220727243912282,-0.0073275802062513044,-0.005169310969861119,-0.999946203507029
70272000000,1393,70263998482,map,-0.12035194039344788,0.018554812297225,3.0171165466308594,0.0052211959629658395,-0.0072510561819708235,-0.005135467050506771,-0.9999469200034536
70304000000,1394,70295998482,map,-0.1208072230219841,0.019279036670923233,3.0165321826934814,0.005251823303988909,-0.0071749945382530095,-0.0050883468738717194,-0.9999475943530298
70336000000,1395,70327998482,map,-0.1210610568523407,0.019861679524183273,3.0159218311309814,0.005250625411528888,-0.00714730471732586,-0.005094753194845259,-0.9999477629404239
70372000000,1396,70367998487,map,-0.1211252510547638,0.02041618898510933,3.0150957107543945,0.005230139985201007,-0.007127933712941612,-0.005094795341693826,-0.9999479736746666
70404000000,1397,70399998487,map,-0.12100790441036224,0.020755421370267868,3.0144028663635254,0.005157880612836158,-0.0071738552562542,-0.005108535214308375,-0.9999479736746666
70436000000,1398,70431998487,map,-0.12075988948345184,0.021001633256673813,3.0136911869049072,0.005113413382751387,-0.007268068938471985,-0.0050806340005941095,-0.9999476364998784
70472000000,1399,70463998492,map,-0.12033454328775406,0.021118635311722755,3.0129666328430176,0.005069687756100668,-0.007369095839851297,-0.005051215500333551,-0.9999472993250904
70504000000,1400,70495998492,map,-0.1197640672326088,0.021128101274371147,3.012106418609619,0.004960021656275322,-0.007604121155127218,-0.0050566102969429325,-0.999946034919635
70536000000,1401,70527998492,map,-0.11905521154403687,0.02105977199971676,3.0112476348876953,0.004960140605877076,-0.007626882675910815,-0.005017919490009904,-0.999946034919635
70572000000,1402,70567998497,map,-0.11797316372394562,0.020832540467381477,3.0100958347320557,0.004990527742790859,-0.007633858720201939,-0.004989175339325525,-0.999946034919635
70604000000,1403,70599998497,map,-0.11808755248785019,0.021223416551947594,3.008218288421631,0.005013780455459347,-0.007638907616308517,-0.0050036317083647095,-0.9999457398916954
70636000000,1404,70631998497,map,-0.11907197535037994,0.02211449109017849,3.005507707595825,0.005059713358664697,-0.0075628581556641,-0.005013578364613303,-0.9999459927727865
70672000000,1405,70663998502,map,-0.11977548897266388,0.02282732166349888,3.0030806064605713,0.005111346211540828,-0.00751823089926389,-0.00502019541982951,-0.9999461192133321
70704000000,1406,70695998502,map,-0.12024815380573273,0.023387214168906212,3.0009078979492188,0.005152955523097082,-0.007375995986887877,-0.005044261270329254,-0.9999468357097567
70736000000,1407,70727998502,map,-0.1204775795340538,0.023826980963349342,2.999058723449707,0.005238849894863585,-0.0074423544711889455,-0.00501947892340482,-0.9999459927727865
70772000000,1408,70767998507,map,-0.12042712420225143,0.024212216958403587,2.997201442718506,0.005274107050731965,-0.007541477273441489,-0.0049885431365978014,-0.9999452341295133
70804000000,1409,70799998507,map,-0.12016783654689789,0.02441543899476528,2.9960367679595947,0.005245178672221427,-0.007551305227042495,-0.004961063391368759,-0.9999454870106044
70836000000,1410,70831998507,map,-0.11972251534461975,0.024539301171898842,2.9950616359710693,0.0052171521704145706,-0.007556096961518705,-0.005003505267819176,-0.9999453605700588
70872000000,1411,70863998512,map,-0.1191190853714943,0.02455068938434124,2.9941911697387695,0.005170383409592464,-0.007517465670545613,-0.005003378827273698,-0.9999459084790894
70904000000,1412,70895998512,map,-0.1183631494641304,0.02447861060500145,2.993452548980713,0.005059373220426325,-0.007533611206247825,-0.004988416696052379,-0.9999464563881201
70936000000,1413,70927998512,map,-0.11747478693723679,0.024337679147720337,2.992737054824829,0.004959502640884968,-0.0075007929699647605,-0.004990903360114486,-0.9999471728845448
70972000000,1414,70967998517,map,-0.11619562655687332,0.024049777537584305,2.991936445236206,0.004963833723477844,-0.007478308449464834,-0.004942898099660587,-0.9999475522061814
71004000000,1415,70999998517,map,-0.11599501222372055,0.025067808106541634,2.990776300430298,0.005002344006897593,-0.0074753437644079586,-0.004984960654474403,-0.9999471307376964
71036000000,1416,71031998517,map,-0.11588716506958008,0.026334384456276894,2.9896912574768066,0.0049419460089382755,-0.007354123089599739,-0.004991957031327155,-0.9999483108494546
71072000000,1417,71063998522,map,-0.11561813950538635,0.02739938721060753,2.9888432025909424,0.004940182097473644,-0.007313210682769058,-0.004991324828599542,-0.9999486058773941
71104000000,1418,71095998522,map,-0.11521392315626144,0.028282007202506065,2.9881861209869385,0.004946342781345822,-0.007288201137989398,-0.005030015635532571,-0.9999485215836972
71136000000,1419,71135998522,map,-0.11449282616376877,0.02914121374487877,2.9875240325927734,0.00492203565660199,-0.0072882553855932435,-0.005053617870698691,-0.9999486058773941
71172000000,1420,71167998527,map,-0.11375648528337479,0.029636230319738388,2.986936092376709,0.004921373737053403,-0.007341833990536273,-0.00508080258798821,-0.9999480579683635
71204000000,1421,71199998527,map,-0.11289830505847931,0.030004329979419708,2.986497163772583,0.004884123249277423,-0.007393286649171407,-0.005094879635390793,-0.9999478050872724
71236000000,1422,71231998527,map,-0.1119324117898941,0.03025946393609047,2.9862091541290283,0.004792394584760512,-0.007399629749872297,-0.005089864160418013,-0.9999481844089091
71272000000,1423,71263998532,map,-0.11085942387580872,0.03037368692457676,2.9860596656799316,0.004774499460936716,-0.007415978611191349,-0.0050974927399985446,-0.9999481422620605
71304000000,1424,71295998532,map,-0.10969837009906769,0.030348511412739754,2.9860403537750244,0.004718251692784769,-0.007423621843387123,-0.005113972157766323,-0.999948268702606
71336000000,1425,71327998532,map,-0.10846865922212601,0.030179506167769432,2.9861204624176025,0.004698306519907623,-0.007400427082635337,-0.005105079172730454,-0.9999485637305456
71372000000,1426,71367998537,map,-0.10686185956001282,0.029807517305016518,2.9863619804382324,0.004661138350195142,-0.007404172801478679,-0.0051283020862599735,-0.9999486058773942
71404000000,1427,71399998537,map,-0.10622566938400269,0.030975282192230225,2.985898733139038,0.004677148390364837,-0.0073794409978452605,-0.005101580984304078,-0.9999488587584853
71436000000,1428,71431998537,map,-0.10614172369241714,0.03343578055500984,2.9850544929504395,0.004805892277632252,-0.007332655608774327,-0.005065714016221302,-0.9999487323179397
71472000000,1429,71463998542,map,-0.10585957765579224,0.0355815514922142,2.9844672679901123,0.004872527350626673,-0.007337367247774753,-0.0050480544866951535,-0.9999485215836972
71504000000,1430,71495998542,map,-0.1054387167096138,0.03745283931493759,2.9839930534362793,0.004914275038847667,-0.00731713289154054,-0.005035747606930042,-0.9999485215836972
71536000000,1431,71527998542,map,-0.1048600897192955,0.03906262293457985,2.9835870265960693,0.00483670927947362,-0.007251732589498586,-0.005072583952528576,-0.9999491959332734
71572000000,1432,71567998547,map,-0.10397156327962875,0.040767110884189606,2.9832968711853027,0.004821645979352215,-0.007215746836450187,-0.0050442191234807985,-0.9999496595486069
71604000000,1433,71599998547,map,-0.10313268005847931,0.04186641797423363,2.983206272125244,0.004664993305108746,-0.0071719398795527314,-0.0050640702891293085,-0.9999506289261226
71636000000,1434,71631998547,map,-0.10219509154558182,0.042736683040857315,2.983052968978882,0.004499063796699387,-0.007120689311763484,-0.005005823344487349,-0.9999519776252751
71672000000,1435,71663998552,map,-0.10119520127773285,0.043403178453445435,2.982952356338501,0.004407625303356305,-0.007114501215976161,-0.0050045589390319565,-0.9999524833874571
71704000000,1436,71695998552,map,-0.10011478513479233,0.043881289660930634,2.982666015625,0.004281535185819933,-0.007084711214294992,-0.004931307716320056,-0.9999535792055185
71736000000,1437,71727998552,map,-0.09895728528499603,0.04419299215078354,2.982377052307129,0.004143583611559967,-0.007168199840655771,-0.004892279734598993,-0.9999537477929126
71772000000,1438,71767998557,map,-0.09738753736019135,0.04434864595532417,2.9821412563323975,0.004131818878560982,-0.007204180572302296,-0.004856328472819139,-0.999953789939761
71804000000,1439,71799998557,map,-0.09666408598423004,0.04511145502328873,2.9813764095306396,0.004052046748131004,-0.007205351464437489,-0.004836730188261641,-0.9999541692613976
71836000000,1440,71831998557,map,-0.09639215469360352,0.04647253453731537,2.980221748352051,0.004081218129564987,-0.0071463506509699196,-0.004843305096629281,-0.9999544221424888
71872000000,1441,71863998562,map,-0.095972940325737,0.047576095908880234,2.9793078899383545,0.004056030283859791,-0.007118292539026681,-0.004859110164820824,-0.9999546328767313
71904000000,1442,71895998562,map,-0.09542325884103775,0.04842415824532509,2.978583812713623,0.004020713035805058,-0.006927660532214511,-0.004846718991358634,-0.9999561501632777
71936000000,1443,71927998562,map,-0.09477084130048752,0.04905974864959717,2.9780313968658447,0.003956656905421961,-0.0068203620645314895,-0.0047926445847191745,-0.9999574567155814
71972000000,1444,71967998567,map,-0.09382469952106476,0.0495903454720974,2.977473020553589,0.003972632372004987,-0.0067877504465878044,-0.004786238263745524,-0.9999576253029755
72004000000,1445,71999998567,map,-0.0929742082953453,0.04984837397933006,2.9769644737243652,0.003972753708830583,-0.006817435492738014,-0.0047908744170817585,-0.9999574567155816
72036000000,1446,72031998567,map,-0.09204614907503128,0.04992659017443657,2.97647762298584,0.003938212884750762,-0.0069282825275023005,-0.004769674552280834,-0.9999569088065507
72072000000,1447,72063998573,map,-0.09105004370212555,0.04981953278183937,2.9760258197784424,0.003904961161545317,-0.006958777583397329,-0.004725251773950279,-0.9999569931002479
72104000000,1448,72095998573,map,-0.08997165411710739,0.04956729710102081,2.9757063388824463,0.003932183745144054,-0.0069787634213978435,-0.00473785368165508,-0.9999566980723082
72136000000,1449,72127998573,map,-0.08882424980401993,0.049142081290483475,2.975490093231201,0.003965173202999194,-0.006970151305594699,-0.004830576748378945,-0.9999561923101261
72172000000,1450,72167998578,map,-0.08732466399669647,0.048451635986566544,2.975334882736206,0.003985917190364522,-0.007011466577028138,-0.004824296867950939,-0.9999558972821865
72204000000,1451,72199998578,map,-0.08704090863466263,0.04899698123335838,2.9739460945129395,0.004027509379763567,-0.007058189157416623,-0.004792855318961731,-0.9999555601073984
72236000000,1452,72231998578,map,-0.08692238479852676,0.049768052995204926,2.97226881980896,0.004055355605011363,-0.006984986996270533,-0.004815614617157682,-0.9999558129884896
72272000000,1453,72263998583,map,-0.08662687242031097,0.05033454671502113,2.9708218574523926,0.004101251053497822,-0.006967570305031787,-0.00480916614933552,-0.999955770841641
72304000000,1454,72295998583,map,-0.0861804410815239,0.05070088058710098,2.969597578048706,0.004100473477070022,-0.006921889542054932,-0.004799851695814594,-0.9999561501632777
72336000000,1455,72327998583,map,-0.08561612665653229,0.050889741629362106,2.968613624572754,0.0041185104349172235,-0.006831721545703873,-0.004764279755671341,-0.9999568245128538
72372000000,1456,72367998588,map,-0.08475662767887115,0.05090057849884033,2.9677491188049316,0.004103649472595895,-0.006746889406228746,-0.004750792764147915,-0.9999574988624299
72404000000,1457,72399998588,map,-0.08396358042955399,0.05075102671980858,2.967276096343994,0.004143945811039358,-0.006753938466642194,-0.0046973084133875576,-0.9999576253029756
72436000000,1458,72431998588,map,-0.0830589085817337,0.05045274272561073,2.9669408798217773,0.004103737635241901,-0.006704159169601843,-0.004693473050173036,-0.9999580889183091
72472000000,1459,72463998593,map,-0.08207273483276367,0.050014182925224304,2.966670274734497,0.004087036041020761,-0.006709066231685013,-0.004672273185372111,-0.9999582153588547
72504000000,1460,72495998593,map,-0.08100126683712006,0.049439504742622375,2.966536045074463,0.004113525417627921,-0.006669334842111336,-0.004704178349694832,-0.9999582575057031
72536000000,1461,72527998593,map,-0.07985563576221466,0.04873437061905861,2.9666571617126465,0.0041325800736941466,-0.006561831731722458,-0.004713534950064269,-0.9999588475615824
72572000000,1462,72567998598,map,-0.0783565565943718,0.04773028939962387,2.966991662979126,0.00417166888846416,-0.006561823582234173,-0.004693725931264159,-0.9999587632678852
72604000000,1463,72599998598,map,-0.07829979062080383,0.04773775115609169,2.9670827388763428,0.004143369337640681,-0.006529290742677255,-0.004715853026732331,-0.9999589740021279
72636000000,1464,72631998598,map,-0.07923045754432678,0.04843927547335625,2.9669299125671387,0.004205106732811173,-0.006443729841385981,-0.004698109203509326,-0.9999594376174614
72672000000,1465,72663998603,map,-0.07993489503860474,0.048932500183582306,2.9668540954589844,0.0042144457994330664,-0.006410114190021812,-0.004725209627101767,-0.999959395470613
72704000000,1466,72695998603,map,-0.08042068034410477,0.049201272428035736,2.9667763710021973,0.004247346106825439,-0.006377202687372805,-0.0046957068331441865,-0.9999596483517039
72736000000,1467,72727998603,map,-0.08074846863746643,0.04928688332438469,2.966728687286377,0.004325226568156236,-0.006361531632988594,-0.004689511246413092,-0.9999594376174615
72772000000,1468,72767998608,map,-0.08090212941169739,0.04914400726556778,2.9668805599212646,0.004354601933751568,-0.006460960987709603,-0.004655751620755877,-0.9999588897084308
72804000000,1469,72799998608,map,-0.08085446804761887,0.04885347560048103,2.9670791625976562,0.004453056560282698,-0.006618293609157564,-0.00465431862790644,-0.9999573724218844
72836000000,1470,72831998608,map,-0.08063063025474548,0.04842061176896095,2.9672420024871826,0.004525130470050487,-0.006687052076599913,-0.00461866239406622,-0.9999567823660053
72872000000,1471,72863998613,map,-0.08024338632822037,0.047868989408016205,2.967602491378784,0.004512765062142159,-0.006795186978126136,-0.004613562625396417,-0.9999560658695806
72904000000,1472,72895998613,map,-0.07972202450037003,0.047203484922647476,2.968101739883423,0.004568486735550292,-0.006941643737024762,-0.004645046321234081,-0.9999547593172768
72936000000,1473,72927998613,map,-0.07909198105335236,0.04644624516367912,2.968592882156372,0.0045671247008716555,-0.006928775941974906,-0.004620854030188748,-0.9999549279046708
72972000000,1474,72967998618,map,-0.07817709445953369,0.045354753732681274,2.9692676067352295,0.0045322156680938095,-0.006896037965803752,-0.0045815731673766735,-0.999955433666853
73004000000,1475,72999998618,map,-0.07846787571907043,0.045383255928754807,2.969047784805298,0.004530414795818667,-0.0069436682674784275,-0.004586377908106953,-0.9999551807857618
73036000000,1476,73031998618,map,-0.07965853810310364,0.04621649533510208,2.9682226181030273,0.004503236746292284,-0.006834195697420365,-0.004583343335014145,-0.9999560237227321
73072000000,1477,73063998623,map,-0.08063561469316483,0.046827975660562515,2.96751070022583,0.004483846891071494,-0.006811461094643531,-0.004561426973788418,-0.9999563608975202
73104000000,1478,73095998623,map,-0.08139704912900925,0.047227103263139725,2.966982126235962,0.004510294944010778,-0.006879341639938676,-0.004550426646327099,-0.9999558972821866
73136000000,1479,73127998623,map,-0.08199125528335571,0.047447070479393005,2.9666635990142822,0.0045598202898252385,-0.007009799142333925,-0.004493654841382921,-0.9999550121983678
73172000000,1480,73167998628,map,-0.08246507495641708,0.04750799015164375,2.966379404067993,0.004601724300048814,-0.007126463430009477,-0.004487417107803316,-0.9999540006740035
73204000000,1481,73199998628,map,-0.08263382315635681,0.04737958684563637,2.966233730316162,0.0046181168722595825,-0.0073317843543902654,-0.00452560215255421,-0.9999522305063662
73236000000,1482,73231998628,map,-0.08265070617198944,0.047120362520217896,2.9660849571228027,0.0045488848289979315,-0.007504463203143874,-0.0044879228699853954,-0.9999514718630929
73272000000,1483,73263998633,map,-0.08254057168960571,0.046740949153900146,2.9660415649414062,0.004514287205454297,-0.007571214920834273,-0.004483539597740283,-0.9999511346883048
73304000000,1484,73295998633,map,-0.08230173587799072,0.04626866430044174,2.9659411907196045,0.004446893406868615,-0.007663326528982579,-0.00442912801631279,-0.9999510082477594
73336000000,1485,73327998633,map,-0.08194777369499207,0.04566742852330208,2.9660024642944336,0.0044197776721163,-0.007711157439777998,-0.004425671974734869,-0.9999507553666682
73372000000,1486,73367998638,map,-0.08133247494697571,0.04476262256503105,2.966015577316284,0.004388864769730956,-0.007746747325259035,-0.004410119787634338,-0.9999507132198198
73404000000,1487,73399998638,map,-0.08165952563285828,0.044835202395915985,2.9651753902435303,0.0043727775152177005,-0.00787461855873531,-0.004492938344958287,-0.9999494066675159
73436000000,1488,73431998638,map,-0.08271224796772003,0.045654188841581345,2.9635794162750244,0.004338688617306483,-0.007875706474262497,-0.004448346979233742,-0.999949743842304
73472000000,1489,73463998643,map,-0.08350840210914612,0.04626603052020073,2.9621880054473877,0.004304220891667048,-0.007796131413276532,-0.004422637401642061,-0.9999505867792742
73504000000,1490,73495998643,map,-0.08410635590553284,0.04670437052845955,2.9609971046447754,0.004295774399807661,-0.007702489018419422,-0.004450707202750371,-0.9999512611288504
73536000000,1491,73527998643,map,-0.08451582491397858,0.04698261246085167,2.960012674331665,0.004219400194402747,-0.007741097013380544,-0.004493191226049299,-0.9999510925414563
73572000000,1492,73567998648,map,-0.08483292907476425,0.047103457152843475,2.959120273590088,0.0042128366459278106,-0.00777502703742921,-0.0044785241227675585,-0.9999509239540623
73604000000,1493,73599998648,map,-0.08491847664117813,0.04699455201625824,2.958456039428711,0.004138550520521581,-0.007816408327949574,-0.004471780627005818,-0.9999509239540623
73636000000,1494,73631998648,map,-0.08480750769376755,0.04671002924442291,2.9580109119415283,0.004057874537754396,-0.007954928226119928,-0.0044392432599554285,-0.9999503338981831
73672000000,1495,73663998653,map,-0.08453986048698425,0.046316009014844894,2.9577889442443848,0.004054242335520618,-0.00804676719684193,-0.004433679875951947,-0.9999496595486068
73704000000,1496,73695998653,map,-0.08414043486118317,0.04578979313373566,2.9577393531799316,0.003957440902658714,-0.008127386874053682,-0.004446998280081328,-0.9999493223738188
73736000000,1497,73727998653,map,-0.08360274136066437,0.04515399411320686,2.957838535308838,0.003972814294925317,-0.008145781009978401,-0.004507310420300504,-0.9999487744647881
73772000000,1498,73767998658,map,-0.08270864933729172,0.044222548604011536,2.958092212677002,0.00394727083518581,-0.008158870075982939,-0.00454094360541213,-0.9999486901710912
73804000000,1499,73799998658,map,-0.08274193108081818,0.04473738744854927,2.9579057693481445,0.003893541999776897,-0.008105358889533915,-0.004540479990078506,-0.9999493223738188
73836000000,1500,73831998658,map,-0.08290703594684601,0.04549688100814819,2.957585573196411,0.003864533443472512,-0.007891211740066822,-0.004436082246317031,-0.99995155615679
73872000000,1501,73871998663,map,-0.08290806412696838,0.046136558055877686,2.957279682159424,0.0038884586947197787,-0.007815029665022113,-0.004405315046904113,-0.9999522305063661
73904000000,1502,73895998663,map,-0.08282583951950073,0.04635385051369667,2.957113265991211,0.0038908681444383597,-0.007802146723448573,-0.004395452684352597,-0.9999523990937601
73936000000,1503,73927998663,map,-0.08260507881641388,0.04647868871688843,2.9570140838623047,0.0039345054438069465,-0.0077702881511497665,-0.004448684154021777,-0.9999521883595176
73972000000,1504,73967998668,map,-0.08215421438217163,0.04643670469522476,2.9571735858917236,0.003970852655472163,-0.007810868157640043,-0.004433511288557902,-0.9999518511847294
74004000000,1505,73999998668,map,-0.08166050165891647,0.04624485224485397,2.9573919773101807,0.003988490946937846,-0.007932288124479991,-0.004429043722615712,-0.9999508396603652
74036000000,1506,74031998668,map,-0.08105284720659256,0.04588942602276802,2.957714080810547,0.004012619359165825,-0.007951265401566529,-0.004358489898208474,-0.9999508396603652
74072000000,1507,74063998673,map,-0.0803324431180954,0.04539724439382553,2.9582760334014893,0.004055127090067094,-0.008020757652226899,-0.004351367080810188,-0.9999502074576376
74104000000,1508,74095998673,map,-0.07955408096313477,0.044781286269426346,2.959026336669922,0.004040998182284451,-0.008087234262949087,-0.004334171166617718,-0.9999497859891524
74136000000,1509,74127998673,map,-0.07869433611631393,0.04406937584280968,2.959711790084839,0.004060973648208964,-0.008020129400766282,-0.0043356041594671,-0.9999502074576375
74172000000,1510,74167998678,map,-0.07749132066965103,0.04306900128722191,2.9605729579925537,0.004054796500724086,-0.008023054655470742,-0.004325952531158085,-0.9999502496044861
74204000000,1511,74199998678,map,-0.0779104083776474,0.04333231970667839,2.960117816925049,0.004056655736506248,-0.007942528326942996,-0.004316933105576793,-0.9999509239540623
74236000000,1512,74231998678,map,-0.07860841602087021,0.04378494992852211,2.95954966545105,0.004171738694182006,-0.007871257018294312,-0.004333496817041539,-0.9999509661009107
74272000000,1513,74263998683,map,-0.07911770790815353,0.04408302530646324,2.9591429233551025,0.004193097926753917,-0.007860832258732945,-0.0043640532822119,-0.9999508396603652
74304000000,1514,74295998683,map,-0.07944529503583908,0.044223539531230927,2.9588823318481445,0.004247552642846754,-0.007840578393117683,-0.00432182214000404,-0.9999509239540623
74336000000,1515,74327998683,map,-0.07960636913776398,0.04423516243696213,2.958684206008911,0.00431421628020921,-0.007860223598971443,-0.00430479481320556,-0.9999505867792742
74372000000,1516,74367998688,map,-0.07955992966890335,0.04406680911779404,2.958465814590454,0.0043531272056440045,-0.00785737193661575,-0.004281023990645506,-0.999950502485577
74404000000,1517,74399998688,map,-0.0793684870004654,0.043797608464956284,2.958381414413452,0.004411641848628555,-0.007935012687745643,-0.004294300247926376,-0.9999495331080615
74436000000,1518,74431998688,map,-0.07908257097005844,0.04344132915139198,2.9583675861358643,0.004411117482564074,-0.007942488649636389,-0.004291729290167191,-0.9999495752549099
74472000000,1519,74463998693,map,-0.07872182130813599,0.04300452768802643,2.9584691524505615,0.004426828378891017,-0.007966627598576496,-0.004267832027061603,-0.9999494488143643
74504000000,1520,74495998693,map,-0.07824606448411942,0.04247032105922699,2.958570957183838,0.004400910371962595,-0.008012636481354456,-0.0042606670628146945,-0.9999491959332734
74536000000,1521,74527998693,map,-0.07768537849187851,0.041838329285383224,2.958773136138916,0.004408754954141686,-0.00803271813758088,-0.004181135959674676,-0.9999493223738187
74572000000,1522,74567998698,map,-0.07690135389566422,0.04092926159501076,2.9589569568634033,0.004398750510612539,-0.008069788760388117,-0.00418193674979639,-0.9999490273458793
74604000000,1523,74599998698,map,-0.07746635377407074,0.041438568383455276,2.9585459232330322,0.0044173026972191744,-0.008113022536609437,-0.004164782982452376,-0.9999486480242427
74636000000,1524,74631998698,map,-0.07825516909360886,0.04222073405981064,2.958085536956787,0.004436482970650297,-0.008190064835417699,-0.0041755725756711945,-0.9999479736746666
74672000000,1525,74663998703,map,-0.07884067296981812,0.04282689839601517,2.95782208442688,0.004411672306312049,-0.008268600877806195,-0.004187373693254338,-0.9999472993250903
74704000000,1526,74695998703,map,-0.07926053553819656,0.04330066964030266,2.957700729370117,0.004361935896982781,-0.008293855236506697,-0.004179070764097626,-0.9999473414719389
74736000000,1527,74727998703,map,-0.0795733854174614,0.043658267706632614,2.9576096534729004,0.004298036335556456,-0.008373196349556201,-0.004183875504827851,-0.9999470042971508
74772000000,1528,74767998708,map,-0.07976294308900833,0.04389329254627228,2.9576268196105957,0.004222647148099356,-0.00840464876452971,-0.004180967372280576,-0.9999470464439992
74804000000,1529,74799998708,map,-0.07976087182760239,0.04394974559545517,2.9576618671417236,0.004022842274835494,-0.008529840545039129,-0.004223198514488547,-0.9999466249755142
74836000000,1530,74831998708,map,-0.07964552193880081,0.043932732194662094,2.957761287689209,0.0038965714691497444,-0.008823085310723898,-0.004255103678811268,-0.9999444754862401
74872000000,1531,74863998713,map,-0.07941991835832596,0.04380258172750473,2.9579172134399414,0.003846784681165615,-0.008825018303490955,-0.004245915665835876,-0.9999446440736341
74904000000,1532,74903998713,map,-0.0789412185549736,0.043467551469802856,2.958028793334961,0.003669308911897797,-0.008907829616825272,-0.004253080630082785,-0.9999445597799372
74936000000,1533,74927998713,map,-0.07856256514787674,0.04318774491548538,2.9581546783447266,0.0034665991988092233,-0.008939228195785253,-0.00425775893026742,-0.9999450233952707
74972000000,1534,74967998717,map,-0.07779156416654587,0.04258346185088158,2.9584450721740723,0.0033905387898623624,-0.008936344923293179,-0.004256452377963572,-0.9999453184232103
75004000000,1535,74999998717,map,-0.07742376625537872,0.04285721853375435,2.9585862159729004,0.003233967528183693,-0.00889513156162235,-0.004226233087581356,-0.999946287800726
75036000000,1536,75031998717,map,-0.0770522877573967,0.04323809966444969,2.958634614944458,0.0031080623793360005,-0.008840197754399955,-0.004232049352675794,-0.9999471307376964
75072000000,1537,75063998722,map,-0.07658941298723221,0.04345431178808212,2.9587700366973877,0.003059451257934748,-0.008801451629728283,-0.004241026631408685,-0.9999475943530298
75104000000,1538,75095998722,map,-0.07603490352630615,0.04353424161672592,2.9589312076568604,0.002974650152369559,-0.00874404136588362,-0.004202420118172735,-0.9999485215836972
75136000000,1539,75127998722,map,-0.07542762905359268,0.043482329696416855,2.9591448307037354,0.0028861674537324932,-0.008667085830314284,-0.0042098379635105996,-0.9999494488143643
75172000000,1540,75167998727,map,-0.07456723600625992,0.04325402155518532,2.9594948291778564,0.002874642924842796,-0.008694191522262853,-0.004203515936233916,-0.9999492802269703
75204000000,1541,75199998727,map,-0.0738014206290245,0.04295055568218231,2.959895372390747,0.0028735958390751033,-0.008717473704798074,-0.004201113565868831,-0.9999490694927278
75236000000,1542,75231998727,map,-0.0729876384139061,0.0425487756729126,2.9603750705718994,0.002855841479139889,-0.008754303464951516,-0.004167775408696729,-0.9999489430521822
75272000000,1543,75263998732,map,-0.07211244851350784,0.04203221574425697,2.9609768390655518,0.002901348221730511,-0.008736771693059999,-0.004158292367781758,-0.9999489851990309
75304000000,1544,75295998732,map,-0.07118680328130722,0.041438937187194824,2.9616053104400635,0.0029255461104040815,-0.008663405554331422,-0.004128199517944965,-0.999949743842304
75336000000,1545,75327998732,map,-0.07022660970687866,0.04077433422207832,2.9621827602386475,0.0029768737279007623,-0.00866086027980807,-0.004081037194461235,-0.9999497859891524
75372000000,1546,75367998737,map,-0.06898528337478638,0.039832063019275665,2.962913990020752,0.00301065574407126,-0.008682519808675621,-0.004078676970944607,-0.9999494488143643
75404000000,1547,75399998737,map,-0.06843984127044678,0.03972639888525009,2.9632339477539062,0.0030948891842705675,-0.008645806940172345,-0.004083186683735363,-0.9999495752549099
75436000000,1548,75431998737,map,-0.06829613447189331,0.04022534191608429,2.96335506439209,0.003225490743276939,-0.008602855021000444,-0.004105313779203591,-0.9999493645206674
75472000000,1549,75463998742,map,-0.06806729733943939,0.04051873832941055,2.963550567626953,0.003274311940376238,-0.008601549127241113,-0.004117789246362747,-0.9999491959332734
75504000000,1550,75495998742,map,-0.06772458553314209,0.04065027832984924,2.9635775089263916,0.0033766905866762474,-0.008544694345688934,-0.004107800443265698,-0.9999494066675159
75536000000,1551,75527998742,map,-0.0673142746090889,0.040636952966451645,2.9637067317962646,0.003592692856022325,-0.00856136243645823,-0.004079730642157443,-0.9999486480242428
75572000000,1552,75567998747,map,-0.06667040288448334,0.04043184220790863,2.9640285968780518,0.0036758210939011114,-0.008593633586891289,-0.004075136635669775,-0.999948015821515
75604000000,1553,75599998747,map,-0.06606125831604004,0.04013975337147713,2.9644620418548584,0.003733961189696746,-0.008509276834232861,-0.0039800533454291695,-0.9999489430521823
75636000000,1554,75631998747,map,-0.06540874391794205,0.039737898856401443,2.965045213699341,0.003806398451396813,-0.008433628509511869,-0.0039596542707499025,-0.9999493645206674
75672000000,1555,75663998752,map,-0.06469453126192093,0.039232008159160614,2.9656379222869873,0.003839353500301412,-0.008434933580090564,-0.003931921644429793,-0.9999493645206674
75704000000,1556,75703998752,map,-0.06370744854211807,0.038471825420856476,2.9664018154144287,0.0038048131701299715,-0.008389240798676437,-0.003911227541810836,-0.999949996723395
75736000000,1557,75727998752,map,-0.06309450417757034,0.037983931601047516,2.9667110443115234,0.0038538714432521447,-0.008418841715765754,-0.003912871268902774,-0.9999495331080615
75772000000,1558,75767998757,map,-0.06202211230993271,0.03711424022912979,2.9672555923461914,0.003831441252674126,-0.008391928483449641,-0.003956240376020549,-0.9999496595486068
75804000000,1559,75799998757,map,-0.0610697939991951,0.03718453645706177,2.967341423034668,0.00381182107151167,-0.008354932276171808,-0.004001843266109307,-0.999949912429698
75836000000,1560,75831998757,map,-0.06006129831075668,0.037908345460891724,2.9671757221221924,0.0037446630318598464,-0.008401261870125154,-0.003943596321467292,-0.999949912429698
75872000000,1561,75871998762,map,-0.05880274251103401,0.038582414388656616,2.9671425819396973,0.003751097834883473,-0.008303838606611588,-0.003936304916674905,-0.9999507975135168
75904000000,1562,75895998762,map,-0.058024633675813675,0.03888983279466629,2.9672391414642334,0.0037266398211292487,-0.008244093802486125,-0.003937906496918332,-0.9999513875693959
75936000000,1563,75927998762,map,-0.05696036294102669,0.03916112333536148,2.967456102371216,0.0037609583864376245,-0.008211147643932385,-0.003947220950439202,-0.9999514297162444
75972000000,1564,75967998767,map,-0.05562491714954376,0.0393061563372612,2.9679579734802246,0.003727449501601813,-0.008161998656304237,-0.003954301620989032,-0.9999519354784265
76004000000,1565,75999998767,map,-0.054576531052589417,0.03928350657224655,2.9684898853302,0.003676309569289907,-0.008067737229609623,-0.003952109984866504,-0.9999529470027908
76036000000,1566,76031998767,map,-0.05354331433773041,0.03915397822856903,2.9689857959747314,0.003587720021806421,-0.008112346540671993,-0.003950887726259623,-0.9999529048559423
76072000000,1567,76063998772,map,-0.05250808224081993,0.03890513256192207,2.9695026874542236,0.003522576963712897,-0.008102967385153176,-0.003962478109600155,-0.9999531155901848
76104000000,1568,76095998772,map,-0.05145549401640892,0.03856360539793968,2.969935178756714,0.003452064627609663,-0.008092414209412752,-0.0040107783979936315,-0.9999532841775789
76136000000,1569,76127998772,map,-0.05038639158010483,0.03813590109348297,2.970395803451538,0.0033365047190739992,-0.008068464098110309,-0.004028985836550315,-0.999953789939761
76172000000,1570,76167998777,map,-0.04906217008829117,0.037530116736888885,2.970998525619507,0.0033230458803282293,-0.008072438578852112,-0.004009134670901749,-0.9999539163803065
76204000000,1571,76199998777,map,-0.048704881221055984,0.0376376211643219,2.9710230827331543,0.0033124276733176427,-0.008004256667126501,-0.004023591039940933,-0.9999544642893372
76236000000,1572,76231998777,map,-0.048496946692466736,0.03780732303857803,2.9709677696228027,0.003266423071078986,-0.007887291259974675,-0.004058699364750452,-0.9999553493731559
76272000000,1573,76263998782,map,-0.048211533576250076,0.03782034292817116,2.970956563949585,0.003259479048514562,-0.007867212567198537,-0.0040403654856482904,-0.9999556444010955
76304000000,1574,76295998782,map,-0.04788029566407204,0.037699662148952484,2.970973253250122,0.003224330881762254,-0.007813693642851543,-0.004046518925530874,-0.9999560658695805
76336000000,1575,76327998782,map,-0.04750216379761696,0.037438735365867615,2.971045970916748,0.0032828703848019813,-0.007844025379708592,-0.003991643728769646,-0.9999558972821866
76372000000,1576,76367998786,map,-0.046969298273324966,0.036934398114681244,2.971251964569092,0.0033371360986210272,-0.007855524554634733,-0.004027004934670232,-0.9999555179605499
76404000000,1577,76399998786,map,-0.0464751273393631,0.036438073962926865,2.971447706222534,0.0034122840941520783,-0.007931471693926221,-0.004025150473335904,-0.9999546750235797
76436000000,1578,76431998786,map,-0.04595240578055382,0.03585830703377724,2.9716296195983887,0.003561018676185753,-0.008056256987838089,-0.004071764887788821,-0.9999529891496393
76472000000,1579,76463998791,map,-0.04541509598493576,0.035206619650125504,2.9716248512268066,0.0035860593371934155,-0.008039316424278613,-0.00406497924517868,-0.9999530312964877
76504000000,1580,76495998791,map,-0.044862307608127594,0.03448791429400444,2.9716975688934326,0.0036011135000097736,-0.008003753868394657,-0.004080742166521768,-0.9999531998838818
76536000000,1581,76527998791,map,-0.04427897930145264,0.03369835764169693,2.9718260765075684,0.0036518123721374575,-0.00805083436772323,-0.00414354097080294,-0.9999523569469118
76572000000,1582,76567998796,map,-0.04352791607379913,0.03262355551123619,2.9718477725982666,0.00365464213788826,-0.008071442201011534,-0.004115218288603618,-0.9999523569469118
76604000000,1583,76599998796,map,-0.043374765664339066,0.032123126089572906,2.9715726375579834,0.0037715576602936067,-0.008148071592413292,-0.004147882096199541,-0.9999511346883048
76636000000,1584,76631998796,map,-0.043624162673950195,0.03192387521266937,2.9710195064544678,0.003891987011557422,-0.008173631021857117,-0.004145437578985945,-0.9999504603387287
76672000000,1585,76663998801,map,-0.04378654807806015,0.03162384033203125,2.970597743988037,0.003924569159634376,-0.008148857894555824,-0.004138061880496536,-0.999950502485577
76704000000,1586,76695998801,map,-0.04387025535106659,0.031222699210047722,2.97033429145813,0.003932091055004554,-0.008095727840740793,-0.004069488957969326,-0.9999512189820018
76736000000,1587,76727998801,map,-0.043912842869758606,0.030713682994246483,2.970132827758789,0.003980934807253251,-0.008147032903088077,-0.004041882772194639,-0.9999507553666682
76772000000,1588,76767998806,map,-0.04383436217904091,0.029931217432022095,2.9699316024780273,0.004016100590071148,-0.008153662306013812,-0.00402156799121245,-0.9999506710729713
76804000000,1589,76799998806,map,-0.0436994805932045,0.02924288995563984,2.9698307514190674,0.00411400195689751,-0.008254982506653366,-0.004067423762392276,-0.9999492380801218
76836000000,1590,76831998806,map,-0.04350323602557182,0.02853664569556713,2.9697623252868652,0.0041888252899861264,-0.008297705416972619,-0.004170894275486504,-0.9999481001152121
76872000000,1591,76863998811,map,-0.0432412251830101,0.02778184786438942,2.9698169231414795,0.004190546560693865,-0.008314058558830972,-0.00423103782831158,-0.9999477207935754
76904000000,1592,76895998811,map,-0.042943328619003296,0.026942366734147072,2.969957113265991,0.004163052986030095,-0.008366027598678428,-0.004225137269520008,-0.9999474679124845
76936000000,1593,76927998811,map,-0.04263441637158394,0.026035096496343613,2.9700982570648193,0.004222526799090522,-0.008331844528902569,-0.004161790556208079,-0.9999477629404239
76972000000,1594,76967998816,map,-0.042195118963718414,0.024795537814497948,2.9703369140625,0.004243523667546916,-0.008349801885182369,-0.004131950587462408,-0.999947678646727
77004000000,1595,76999998816,map,-0.04178270697593689,0.024509593844413757,2.970381736755371,0.004275638084387075,-0.008432034502530298,-0.004064642070390479,-0.9999470464439992
77036000000,1596,77031998816,map,-0.04132837429642677,0.024836622178554535,2.9703776836395264,0.004379751501557238,-0.008507815688605775,-0.004040491926193769,-0.9999460770664835
77072000000,1597,77063998821,map,-0.04086201265454292,0.02500678226351738,2.9703903198242188,0.004456815367698138,-0.008464976380544737,-0.004071554153546376,-0.9999459506259379
77104000000,1598,77095998821,map,-0.04038328677415848,0.02502335235476494,2.9704391956329346,0.004620633088506521,-0.008498324251248347,-0.004109275582963535,-0.9999448126610282
77136000000,1599,77127998821,map,-0.03989112749695778,0.02490689419209957,2.9705002307891846,0.004666202886733783,-0.008591289826987378,-0.004200776391080741,-0.9999434218150273
77172000000,1600,77167998826,map,-0.039245471358299255,0.024655962362885475,2.970588207244873,0.004657787675738525,-0.008561317161523307,-0.004221934109033155,-0.9999435904024214
77204000000,1601,77199998826,map,-0.038668788969516754,0.024329354986548424,2.9707190990448,0.004710722800379192,-0.00849175905641214,-0.004222144843275767,-0.999943969724058
77236000000,1602,77231998826,map,-0.03807218372821808,0.023912398144602776,2.9709439277648926,0.004672394028289455,-0.008503432580996768,-0.0041975310837454325,-0.999944138311452
77272000000,1603,77263998830,map,-0.03745272755622864,0.023436903953552246,2.971247434616089,0.004651396007380172,-0.008412591305204362,-0.0041791972046431045,-0.9999451076889678
77304000000,1604,77295998830,map,-0.03684890270233154,0.02285970002412796,2.9714889526367188,0.004672952638668352,-0.008264342564381452,-0.004175277547731616,-0.9999462456538776
77336000000,1605,77327998830,map,-0.03626902773976326,0.022225910797715187,2.97174072265625,0.004652518002585647,-0.008174416994727395,-0.004205412544416921,-0.9999469621503023
77372000000,1606,77367998835,map,-0.035514913499355316,0.02131132408976555,2.9721102714538574,0.004658626496805568,-0.008121007882677106,-0.004253375658022363,-0.9999471307376963
77404000000,1607,77399998835,map,-0.03506302833557129,0.021036315709352493,2.972223997116089,0.004670136373079964,-0.008175136454602366,-0.0042485709172920836,-0.9999467092692111
77436000000,1608,77431998835,map,-0.03471715375781059,0.021179629489779472,2.9721639156341553,0.004680026559136975,-0.008145443835190315,-0.004234620310434979,-0.9999469200034538
77472000000,1609,77463998840,map,-0.034364983439445496,0.021184850484132767,2.9721176624298096,0.004736156118549739,-0.00815022700858792,-0.004179913701067851,-0.9999468357097567
77504000000,1610,77495998840,map,-0.03401389718055725,0.021081984043121338,2.9720942974090576,0.004826612804349483,-0.008135426550043262,-0.004197615377442399,-0.9999464985349686
77536000000,1611,77527998840,map,-0.03364449739456177,0.020868713036179543,2.971850633621216,0.00490465065781769,-0.008123860862121815,-0.004192684196166586,-0.999946203507029
77572000000,1612,77567998845,map,-0.033171411603689194,0.02042486146092415,2.9715094566345215,0.004907103900746052,-0.008152759606129493,-0.00422176552163911,-0.999945782038544
77604000000,1613,77599998845,map,-0.03276960924267769,0.01993439346551895,2.971173048019409,0.004927853156467445,-0.008162910575811666,-0.00422467365418644,-0.9999456555979984
77636000000,1614,77631998845,map,-0.032333556562662125,0.019296694546937943,2.970952033996582,0.005042774935374874,-0.008209146491808752,-0.0042442719387439385,-0.9999446019267857
77672000000,1615,77663998850,map,-0.03186456486582756,0.018550585955381393,2.9708938598632812,0.0050710238605893,-0.008242424062886135,-0.004236306184375428,-0.9999442226051491
77704000000,1616,77695998850,map,-0.031380996108055115,0.017747897654771805,2.970755100250244,0.005140106002657323,-0.008227596768652777,-0.00429564894707879,-0.999943716842967
77736000000,1617,77727998850,map,-0.03089403733611107,0.016874069347977638,2.9706766605377197,0.0052377870863457646,-0.008182620319027209,-0.004279253823008034,-0.9999436746961184
77772000000,1618,77767998855,map,-0.030277281999588013,0.01569475792348385,2.970351457595825,0.005295168538868204,-0.008135620162128609,-0.004271414509184946,-0.9999437589898155
77804000000,1619,77799998855,map,-0.03017217107117176,0.016310159116983414,2.9695329666137695,0.005382089334568462,-0.008109696392935743,-0.0042525748679005946,-0.9999436325492699
77836000000,1620,77831998855,map,-0.03014310449361801,0.01726262830197811,2.9687657356262207,0.005526677144153434,-0.008050254436965889,-0.004289664094590196,-0.9999431267870877
77872000000,1621,77863998860,map,-0.03007890284061432,0.018011506646871567,2.968200206756592,0.00558635049619978,-0.008041382525354345,-0.004306902155631177,-0.9999428317591482
77904000000,1622,77895998860,map,-0.02999824471771717,0.018597211688756943,2.9678328037261963,0.005748273749094825,-0.008051191875073001,-0.004291813583864324,-0.999941904528481
77936000000,1623,77927998860,map,-0.029859429225325584,0.019004354253411293,2.96767258644104,0.005839656513108919,-0.008050445908781585,-0.0042281718426128165,-0.9999416516473899
77972000000,1624,77967998864,map,-0.029622508212924004,0.01927468739449978,2.9676973819732666,0.005824822715748546,-0.007980390684884955,-0.004273479704762052,-0.9999421152627235
78004000000,1625,77999998864,map,-0.02939854934811592,0.019331928342580795,2.9677371978759766,0.005903135593866898,-0.007982899657142306,-0.004299737191384324,-0.9999414830599959
78036000000,1626,78031998864,map,-0.029178474098443985,0.01925935223698616,2.967850685119629,0.00593255993871001,-0.007923269192807041,-0.00426724197118239,-0.9999419466753294
78072000000,1627,78063998869,map,-0.02894860878586769,0.019062286242842674,2.967926263809204,0.005951420406464445,-0.007878693879104897,-0.00430804012054098,-0.9999420309690266
78104000000,1628,78095998869,map,-0.02870788238942623,0.01871618442237377,2.9680497646331787,0.005920953421029069,-0.007843459196067853,-0.004285913025072753,-0.999942578878057
78136000000,1629,78127998869,map,-0.028478719294071198,0.018272679299116135,2.9681200981140137,0.005923087022916869,-0.007921453338644342,-0.0042963232966549145,-0.9999418623816325
78172000000,1630,78167998874,map,-0.02817441150546074,0.01757182739675045,2.968249559402466,0.005959491774908472,-0.00801910585796475,-0.004287050989982556,-0.9999409351509652
78204000000,1631,78199998874,map,-0.02697950042784214,0.01843981258571148,2.967592239379883,0.00591573313871429,-0.00809556254606929,-0.004332232411586257,-0.999940345095086
78236000000,1632,78231998874,map,-0.02554512396454811,0.01960344798862934,2.966815233230591,0.005891022326187064,-0.008210270051057435,-0.004331810943101145,-0.9999395864518128
78272000000,1633,78263998879,map,-0.024176834151148796,0.020567357540130615,2.9662249088287354,0.005907680209516487,-0.00828502604797011,-0.004322960104913843,-0.9999389121022366
78304000000,1634,78295998879,map,-0.022868605330586433,0.021360110491514206,2.9656319618225098,0.005859305834865854,-0.00826414788216128,-0.004324688125702692,-0.9999393757175703
78336000000,1635,78327998879,map,-0.021587705239653587,0.0219867043197155,2.9651360511779785,0.005768817785883917,-0.008144198033617338,-0.004335056250436454,-0.9999408087104197
78372000000,1636,78367998884,map,-0.020059850066900253,0.02251284569501877,2.964700222015381,0.0057212328414622295,-0.007967241691330191,-0.004343864941775189,-0.9999425367312087
78404000000,1637,78399998884,map,-0.01887091062963009,0.02274322137236595,2.964451789855957,0.0055879680461475125,-0.007723334339320916,-0.004323086545459377,-0.9999452762763619
78436000000,1638,78431998884,map,-0.017731433734297752,0.022821253165602684,2.9643304347991943,0.0055028464763611255,-0.007590849096067525,-0.004214263382604278,-0.9999472150313933
78472000000,1639,78463998889,map,-0.016625456511974335,0.02273503877222538,2.964245557785034,0.005410773640020729,-0.007423194612637568,-0.00420950078872251,-0.9999489430521822
78504000000,1640,78495998889,map,-0.015559721738100052,0.022506918758153915,2.9642276763916016,0.005313018223120949,-0.007150313277910579,-0.004174266023367402,-0.999951640450487
78536000000,1641,78527998889,map,-0.014527274295687675,0.022141998633742332,2.964555263519287,0.005216615703594756,-0.007057228834887857,-0.004201450740656865,-0.9999526941216997
78572000000,1642,78567998893,map,-0.013300451450049877,0.02151966653764248,2.964996576309204,0.005230978723949986,-0.00700777461188026,-0.004229436248068097,-0.9999528627090938
78604000000,1643,78599998893,map,-0.012786530889570713,0.02298947237432003,2.9646389484405518,0.0052348170506147625,-0.006888601434265422,-0.0042131675645428746,-0.9999537056460639
78636000000,1644,78631998893,map,-0.01238950528204441,0.0248531736433506,2.964231252670288,0.005219422502605841,-0.00687498182834164,-0.004202377971324112,-0.9999539585271551
78672000000,1645,78663998898,map,-0.012014108709990978,0.02642560936510563,2.963965654373169,0.005242240905171316,-0.006786467025659809,-0.004220079647698771,-0.9999542957019432
78704000000,1646,78695998898,map,-0.011648694984614849,0.02774149924516678,2.963820695877075,0.005325554399852003,-0.006676063644098744,-0.0042178037178791095,-0.9999546328767313
78736000000,1647,78727998898,map,-0.011304658837616444,0.028797291219234467,2.96382737159729,0.005342278713858669,-0.006670160533447251,-0.004236095450132926,-0.9999545485830341
78772000000,1648,78767998903,map,-0.01094083022326231,0.029758239164948463,2.9641497135162354,0.005348125930545048,-0.006628247468236691,-0.0042352103663141905,-0.9999547593172767
78804000000,1649,78799998903,map,-0.010664531961083412,0.030331222340464592,2.964470624923706,0.005405901110365196,-0.00668474424853072,-0.004235673981647814,-0.9999541271145491
78836000000,1650,78831998903,map,-0.010393181815743446,0.030708743259310722,2.9647269248962402,0.0054223363644918905,-0.006873057067380933,-0.004163012814815015,-0.9999530312964877
78872000000,1651,78863998908,map,-0.010115856304764748,0.030882803723216057,2.9650304317474365,0.005405442722228609,-0.006885966515370919,-0.004176415512641474,-0.9999530312964877
78904000000,1652,78895998908,map,-0.00985005497932434,0.03083094023168087,2.9653196334838867,0.005390003640147335,-0.006919585377139563,-0.0041818103092508,-0.9999527784153968
78936000000,1653,78927998908,map,-0.009608679451048374,0.03060174733400345,2.965646982192993,0.00545609961214391,-0.00701310083754276,-0.004225305856914108,-0.9999515983036384
78972000000,1654,78967998913,map,-0.009272738359868526,0.030115419998764992,2.9661765098571777,0.005455788202909697,-0.007032909115480309,-0.0042432182675312125,-0.9999513875693959
79004000000,1655,78999998913,map,-0.00908676441758871,0.031001141294836998,2.9676339626312256,0.005464895544182845,-0.007127463265208722,-0.0042490345326256515,-0.9999507132198198
79036000000,1656,79031998913,map,-0.008904444985091686,0.032095685601234436,2.969385862350464,0.005430118302624658,-0.0071078684380098235,-0.004225853765944755,-0.9999510503946079
79072000000,1657,79063998917,map,-0.008711855858564377,0.03292863816022873,2.97100830078125,0.005445519518396723,-0.00712395618643146,-0.004208320676964195,-0.9999509661009107
79104000000,1658,79095998917,map,-0.008501808159053326,0.0335514061152935,2.9725120067596436,0.005363006937314837,-0.007106866544858991,-0.004233945960858799,-0.9999513875693959
79136000000,1659,79127998917,map,-0.008303344249725342,0.03394775837659836,2.9739737510681152,0.00538605780609163,-0.007070481466884565,-0.004221849815336132,-0.9999515983036384
79172000000,1660,79167998922,map,-0.008076939731836319,0.03414487466216087,2.9756224155426025,0.0053734782065820805,-0.007055329757162962,-0.004227033877703068,-0.999951724744184
79204000000,1661,79199998922,map,-0.007886040955781937,0.034104716032743454,2.9768126010894775,0.005330888898479885,-0.007067087328490421,-0.004242628211652,-0.9999518933315781
79236000000,1662,79231998922,map,-0.0076751611195504665,0.03390011191368103,2.9779365062713623,0.005253350139430667,-0.007110045915425469,-0.0042140105015131555,-0.9999521040658206
79272000000,1663,79263998927,map,-0.007431660313159227,0.03353859856724739,2.9790031909942627,0.005245616851273426,-0.0070788078566893075,-0.004204401020052706,-0.9999523569469118
79304000000,1664,79295998927,map,-0.007167981471866369,0.033003970980644226,2.979987144470215,0.005233548117665943,-0.00718139485000803,-0.0041501580260190915,-0.9999518933315781
79336000000,1665,79327998927,map,-0.006875862833112478,0.03234493359923363,2.9808948040008545,0.005169024749954432,-0.007087839876934354,-0.004108685527084433,-0.9999531577370333
79372000000,1666,79367998932,map,-0.006495028734207153,0.03135652467608452,2.982104778289795,0.005186036847911086,-0.007080210721127437,-0.004127314434126228,-0.9999529891496393
79404000000,1667,79399998932,map,-0.005776128266006708,0.03257327154278755,2.9841110706329346,0.005185602784762261,-0.007011292145051586,-0.004171231450274593,-0.9999533263244273
79436000000,1668,79431998932,map,-0.0049131643027067184,0.03419485688209534,2.9862420558929443,0.005324840990354699,-0.006988865247196108,-0.004204063845264561,-0.9999526098280027
79472000000,1669,79463998937,map,-0.004053518641740084,0.035483039915561676,2.988171100616455,0.005391424285287182,-0.006958301702672249,-0.004237402002436663,-0.9999523148000631
79504000000,1670,79495998937,map,-0.0031851620879024267,0.03648938238620758,2.9898548126220703,0.005473405750223378,-0.006857684745249157,-0.004188680245558074,-0.9999527362685483
79536000000,1671,79527998937,map,-0.0023437587078660727,0.03725271672010422,2.9913809299468994,0.005469729384348533,-0.006632454991416256,-0.004220290381941272,-0.9999541692613976
79572000000,1672,79567998941,map,-0.0013231782941147685,0.03788106143474579,2.9930922985076904,0.0054735330551085775,-0.006522899609386314,-0.004215401347514025,-0.9999549279046709
79604000000,1673,79599998941,map,-0.0005332224536687136,0.03812948614358902,2.994349479675293,0.005419586735375903,-0.006302973073317167,-0.004179281498340237,-0.9999567402191567
79636000000,1674,79631998941,map,0.0002401141682639718,0.038177601993083954,2.9954848289489746,0.0053897613780864604,-0.0060935742355477905,-0.004227371052491102,-0.9999580467714606
79672000000,1675,79663998946,map,0.000979684991762042,0.03805449977517128,2.9964914321899414,0.0054318418782381755,-0.005981996216379644,-0.004207814914782004,-0.9999585525336427
79704000000,1676,79695998946,map,0.0016638266388326883,0.03779539093375206,2.9974217414855957,0.005421982232182722,-0.005902482153078732,-0.004234240988798432,-0.9999589318552793
79736000000,1677,79727998946,map,0.0023151279892772436,0.037382710725069046,2.998215436935425,0.0054410684572263,-0.005745430853612774,-0.004176457659489929,-0.9999599855264921
79772000000,1678,79767998951,map,0.0031172779854387045,0.036636509001255035,2.9990615844726562,0.0054261184679192985,-0.0057348964875498605,-0.004152644690081253,-0.9999602805544316
79804000000,1679,79799998951,map,0.003523712046444416,0.037722934037446976,2.9996228218078613,0.005460394958407469,-0.00571963217700715,-0.0041398741949824625,-0.9999601541138862
79836000000,1680,79831998951,map,0.0037319553084671497,0.04029565304517746,3.000037431716919,0.0055380771412476965,-0.005707400098637294,-0.0040854204667064575,-0.9999600698201891
79872000000,1681,79863998956,map,0.003914664965122938,0.04246874153614044,3.0002732276916504,0.005561516787948631,-0.005677701644932491,-0.0040711748319097185,-0.9999601541138862
79904000000,1682,79895998956,map,0.004095332231372595,0.04431108012795448,3.000511884689331,0.005678529014142182,-0.005691019328135769,-0.00403454922055374,-0.9999596062048555
79936000000,1683,79927998956,map,0.004268504213541746,0.04586004838347435,3.000763416290283,0.005760799883022133,-0.005690820227107672,-0.004030966738430286,-0.9999591425895219
79972000000,1684,79967998960,map,0.004480649251490831,0.04737773537635803,3.0009443759918213,0.005782518922704714,-0.0056506066234629036,-0.004037836674737616,-0.9999591847363705
80004000000,1685,79999998960,map,0.00466811191290617,0.048297345638275146,3.0010509490966797,0.00571325252194131,-0.005638278042598233,-0.0040163417819971126,-0.9999597747922495
80036000000,1686,80031998960,map,0.004864925518631935,0.04899263381958008,3.001112461090088,0.005606929237769955,-0.005671857183328801,-0.004006605859991019,-0.9999602384075832
80072000000,1687,80063998965,map,0.005050825420767069,0.049490462988615036,3.0011444091796875,0.0055457584712722335,-0.005646663788871637,-0.004027552843700988,-0.9999606177292198
80104000000,1688,80095998965,map,0.005241096951067448,0.04977823793888092,3.0011937618255615,0.005410570648821023,-0.00557080982848315,-0.004101394122292046,-0.99996146066619
80136000000,1689,80127998965,map,0.005432512145489454,0.04984995722770691,3.001159906387329,0.005269873906055136,-0.005627422949925295,-0.004082470187310672,-0.9999620085752208
80172000000,1690,80167998970,map,0.005697357002645731,0.049659375101327896,3.0010573863983154,0.005206066376223801,-0.00567069969617576,-0.004079604201611853,-0.9999620928689177
80204000000,1691,80199998970,map,0.005777927581220865,0.05159845948219299,3.000838041305542,0.00502889296120321,-0.005607811247523378,-0.004121287434789123,-0.9999631465401304
80236000000,1692,80231998970,map,0.005844323895871639,0.05395030975341797,3.0005552768707275,0.005115329582633489,-0.0056644025906928495,-0.004132161321705019,-0.9999623878968573
80272000000,1693,80263998975,map,0.005906252656131983,0.05595939978957176,3.00022292137146,0.005105601151571252,-0.005625122139471014,-0.004114038176845303,-0.9999627250716454
80304000000,1694,80295998975,map,0.005971922539174557,0.05764927342534065,2.999849319458008,0.0050431075209309215,-0.005617773832317236,-0.004110244960479348,-0.9999630622464333
80336000000,1695,80327998975,map,0.006036600563675165,0.05904463306069374,2.9991719722747803,0.004923163496389973,-0.005633991169950335,-0.004100719772715866,-0.9999636523023125
80372000000,1696,80367998979,map,0.006155351642519236,0.06041562929749489,2.9983437061309814,0.004820762253781533,-0.005654925847109756,-0.004132667083887154,-0.9999639051834037
80404000000,1697,80399998979,map,0.006270917132496834,0.06124671921133995,2.997774839401245,0.004643058216523635,-0.005695626943471438,-0.004108390499144854,-0.9999645795329797
80436000000,1698,80431998979,map,0.006392080336809158,0.06182219460606575,2.99710750579834,0.004383327562871711,-0.005634398150456269,-0.004100214010533787,-0.9999660968195262
80472000000,1699,80463998984,map,0.006495022214949131,0.06219969317317009,2.996345043182373,0.004200709178382023,-0.00557016902866273,-0.004073661495971825,-0.9999673612249815
80504000000,1700,80495998984,map,0.006568423938006163,0.06238652020692825,2.9956939220428467,0.004056560247552591,-0.005646196798497413,-0.0040586150710534286,-0.999967656252921
80536000000,1701,80527998984,map,0.006652856711298227,0.062376488000154495,2.995150566101074,0.0038880526197125433,-0.005678431811300596,-0.004080362844885166,-0.9999679934277091
80572000000,1702,80567998989,map,0.006814809516072273,0.06210995465517044,2.9946136474609375,0.0038138338304822554,-0.005702432630530153,-0.004066622972270562,-0.9999682463088002
80604000000,1703,80599998989,map,0.0065658846870064735,0.06325121223926544,2.9946749210357666,0.003704931066059725,-0.005770317291728473,-0.004115892638179741,-0.9999680355745577
80636000000,1704,80631998989,map,0.0059845056384801865,0.0655791312456131,2.995070457458496,0.0037507469952968455,-0.005681800678049245,-0.004146238369107658,-0.9999682884556489
80672000000,1705,80663998993,map,0.00548253208398819,0.0675213411450386,2.9953980445861816,0.003748187397430443,-0.0056469207035478135,-0.004148767180018331,-0.9999684570430427
80704000000,1706,80695998993,map,0.0050237709656357765,0.06909794360399246,2.9956376552581787,0.003787375981693415,-0.005695440369580519,-0.004173970995427767,-0.9999679512808607
80736000000,1707,80727998993,map,0.004636701662093401,0.07040634006261826,2.995826244354248,0.003812131575247184,-0.005648171114932345,-0.004217592983636553,-0.9999679091340121
80772000000,1708,80767998998,map,0.004196078982204199,0.07169012725353241,2.996044397354126,0.0038370266156005184,-0.005642746601502029,-0.004224125745155738,-0.9999677826934666
80804000000,1709,80799998998,map,0.003893498098477721,0.07243963330984116,2.9962072372436523,0.0037031230321130587,-0.005684434856081176,-0.0042203325287898386,-0.9999681198682546
80836000000,1710,80831998998,map,0.0036182815674692392,0.07297705113887787,2.9963459968566895,0.0035198439216867056,-0.00571811372771811,-0.004194791538592257,-0.9999687099241339
80872000000,1711,80863999003,map,0.003393142484128475,0.07329370081424713,2.996208667755127,0.003394129750746328,-0.005813219408471959,-0.004207435593145459,-0.9999685413367398
80904000000,1712,80895999003,map,0.0031808491330593824,0.07338804751634598,2.9959824085235596,0.003134508950550142,-0.0058660783065858264,-0.004186867931072091,-0.9999691313926189
80936000000,1713,80927999003,map,0.00302831269800663,0.0732928216457367,2.995792865753174,0.0029911333567682395,-0.005871052869481065,-0.004124996357458222,-0.9999698057421951
80972000000,1714,80967999008,map,0.0028810950461775064,0.0729038342833519,2.9955358505249023,0.0029532693524650117,-0.005910548088530566,-0.004107421121629151,-0.9999697635953466
81004000000,1715,80999999008,map,0.002255220664665103,0.07325277477502823,2.995488166809082,0.002803062264911487,-0.005991108167464346,-0.004123858392548363,-0.9999696793016497
81036000000,1716,81031999008,map,0.0011625713668763638,0.07423114031553268,2.9955365657806396,0.0027832627950067326,-0.005973770336930431,-0.004137218943526311,-0.9999697214484982
81072000000,1717,81063999012,map,0.0001792140828911215,0.07495792955160141,2.995514392852783,0.002797291439388034,-0.005964996877722832,-0.004128789573824121,-0.9999698057421952
81104000000,1718,81095999012,map,-0.0007148305885493755,0.07543733716011047,2.995445489883423,0.0028281060540055612,-0.005977384758462495,-0.004156395759598752,-0.9999695107142557
81136000000,1719,81127999012,map,-0.0015405557351186872,0.0757056251168251,2.9953761100769043,0.002836320738198138,-0.006005124628772251,-0.004178059239733356,-0.9999692578331645
81172000000,1720,81167999017,map,-0.002464975230395794,0.07573535293340683,2.9951627254486084,0.0028475146777448283,-0.006031374212860442,-0.00417131574397156,-0.9999690892457704
81204000000,1721,81199999017,map,-0.003086826531216502,0.07557065784931183,2.994952917098999,0.0028238642041935173,-0.006048784318654108,-0.00417612048470184,-0.9999690049520735
81236000000,1722,81231999017,map,-0.0036556334234774113,0.07523079216480255,2.994802713394165,0.0028178702967179858,-0.006154140080038581,-0.004168576198818441,-0.9999684570430427
81272000000,1723,81263999022,map,-0.004152077250182629,0.0747622549533844,2.9946117401123047,0.002804021764259618,-0.006170107808723637,-0.004159851801176673,-0.9999684148961944
81304000000,1724,81295999022,map,-0.004598776809871197,0.07420200109481812,2.9943103790283203,0.0027636342174017997,-0.006331149270522494,-0.004192262727681584,-0.9999673612249815
81336000000,1725,81327999022,map,-0.004974253475666046,0.07355231046676636,2.9939768314361572,0.0027185551994691128,-0.006320431787927329,-0.004173128058457598,-0.9999676983997696
81372000000,1726,81367999026,map,-0.005360284820199013,0.07259498536586761,2.993452310562134,0.00274447452348655,-0.006366703429963972,-0.004163645017542683,-0.999967319078133
81404000000,1727,81399999026,map,-0.005865107290446758,0.07283607870340347,2.9932305812835693,0.002658036111638389,-0.006440549812274996,-0.004086558431616205,-0.9999674455186786
81436000000,1728,81431999026,map,-0.006511781830340624,0.07395900040864944,2.9932243824005127,0.0025944037546461788,-0.006476518690120376,-0.0040307560041877855,-0.9999676141060726
81472000000,1729,81463999031,map,-0.007070534396916628,0.07482626289129257,2.9932496547698975,0.0025608133749275034,-0.006452658305507147,-0.004016004607208912,-0.9999678669871637
81504000000,1730,81495999031,map,-0.0075765447691082954,0.07545478641986847,2.993242025375366,0.0025327155856776588,-0.00651133231626263,-0.003994678301862509,-0.9999676983997696
81536000000,1731,81527999031,map,-0.008000650443136692,0.07585129886865616,2.993105411529541,0.0024014474149930826,-0.006496992344965179,-0.003914936464479879,-0.9999683727493458
81572000000,1732,81567999036,map,-0.008419445715844631,0.07607287168502808,2.992985486984253,0.0023591808760178626,-0.006538350092519383,-0.00386895425275452,-0.9999684148961943
81604000000,1733,81599999036,map,-0.008636010810732841,0.07607997953891754,2.99303936958313,0.0022234757617107526,-0.006613106912612692,-0.003798105400407648,-0.9999684570430428
81636000000,1734,81631999036,map,-0.00882208626717329,0.07596288621425629,2.9930002689361572,0.002090894947185639,-0.006557583708055653,-0.003821328313937167,-0.9999690892457705
81672000000,1735,81663999040,map,-0.008926521986722946,0.07571625709533691,2.9928791522979736,0.0020235926862865678,-0.006499738146291213,-0.003834478130672559,-0.9999695107142557
81704000000,1736,81695999040,map,-0.00897661130875349,0.07532263547182083,2.992797374725342,0.0018723483911329704,-0.006426501740830709,-0.0038169028948434884,-0.9999703115043773
81736000000,1737,81727999040,map,-0.008946403861045837,0.07478437572717667,2.992758274078369,0.0016792002503919251,-0.0064197763550429355,-0.003789001681129223,-0.9999708172665593
81772000000,1738,81767993045,map,-0.008871312253177166,0.07393860071897507,2.99273419380188,0.0015732045483818203,-0.006377887326706917,-0.003777411297788747,-0.99997136517559
81804000000,1739,81799993045,map,-0.009335757233202457,0.07413435727357864,2.9929637908935547,0.0015222602037887859,-0.006261328900061022,-0.003783733325065431,-0.9999721238188632
81836000000,1740,81831993045,map,-0.009884675964713097,0.07447388768196106,2.9932167530059814,0.0013849663508561675,-0.006321476239516989,-0.00377163717954282,-0.9999719973783178
81872000000,1741,81863987050,map,-0.010309884324669838,0.07458343356847763,2.9933888912200928,0.0013469773877325493,-0.006307702287224149,-0.003749889405711138,-0.9999722502594088
81904000000,1742,81895987050,map,-0.010635784827172756,0.07450315356254578,2.9934964179992676,0.0013485327052242774,-0.006283788066597392,-0.0037342950717620953,-0.9999724188468029
81936000000,1743,81927987050,map,-0.010862770490348339,0.07425061613321304,2.993523359298706,0.0013155009358844995,-0.00630541055233637,-0.003741249301766503,-0.9999722924062573
81972000000,1744,81967981055,map,-0.011030749417841434,0.0737299844622612,2.9935760498046875,0.001314895404209409,-0.006298506042442425,-0.003726877226424286,-0.9999724188468029
82004000000,1745,81999981055,map,-0.011046764440834522,0.07316496223211288,2.9936091899871826,0.0013052422941752717,-0.006212622125069985,-0.003700788327195948,-0.9999730510495305
82036000000,1746,82031981055,map,-0.010988914407789707,0.07246093451976776,2.9935927391052246,0.0012925969225329875,-0.0061842408324094544,-0.0037114514798692326,-0.999973177490076
82072000000,1747,82063981059,map,-0.0108786690980196,0.07163147628307343,2.9934747219085693,0.0012911649175003787,-0.006129638602346829,-0.0036889872096129155,-0.9999736411054096
82104000000,1748,82095981059,map,-0.010722697712481022,0.07072312384843826,2.99328875541687,0.0014142733924587952,-0.006062625607122889,-0.003682201567002719,-0.9999738518396522
82136000000,1749,82127981059,map,-0.010517280548810959,0.06972631067037582,2.9929757118225098,0.0015111844729812783,-0.005975874551269563,-0.003679209140758422,-0.9999742311612888
82172000000,1750,82167981065,map,-0.010170672088861465,0.06834626197814941,2.9926702976226807,0.001575404087038483,-0.005944530796139871,-0.0037045815435619582,-0.9999743154549858
82204000000,1751,82199981065,map,-0.010145713575184345,0.06756936013698578,2.993823289871216,0.0016914057143028773,-0.005862265086930416,-0.00375098522377243,-0.9999743576018343
82236000000,1752,82231981065,map,-0.010337824933230877,0.06707948446273804,2.99596905708313,0.0017924241369216484,-0.005745345448621894,-0.0037774955914858803,-0.9999747369234708
82272000000,1753,82263987070,map,-0.010454156436026096,0.06647294014692307,2.997889518737793,0.0018234649615776677,-0.005696336895610075,-0.0037544834121988617,-0.999975074098259
82304000000,1754,82295987070,map,-0.01054301392287016,0.0657547116279602,2.999544858932495,0.0019078302753146989,-0.00559241478561948,-0.0037243062686650457,-0.9999755798604412
82336000000,1755,82327987070,map,-0.010571938008069992,0.06493895500898361,3.000941753387451,0.0019387295129015022,-0.005556162239727286,-0.0037438202595256325,-0.9999757063009868
82372000000,1756,82367981075,map,-0.010505616664886475,0.06380730867385864,3.0024311542510986,0.0019909967087749477,-0.005544125527846504,-0.003725317793029315,-0.9999757484478352
82404000000,1757,82399981075,map,-0.010395826771855354,0.0628204196691513,3.0034308433532715,0.002014407801397606,-0.005567019333758142,-0.0037025584948334194,-0.9999756641541382
82436000000,1758,82431981075,map,-0.010228008963167667,0.06176508218050003,3.004267692565918,0.0019893590732197215,-0.005629038092069669,-0.003725022765089792,-0.9999752848325015
82472000000,1759,82471987081,map,-0.009971301071345806,0.06035999581217766,3.005129098892212,0.0019444616489351107,-0.0056490807295339965,-0.0037731544660891685,-0.9999751162451076
82504000000,1760,82495987081,map,-0.00978104118257761,0.05946611985564232,3.0055601596832275,0.002012520083565474,-0.005621759858167444,-0.003791994107373631,-0.999974989804562
82536000000,1761,82527987081,map,-0.0095026521012187,0.05823599174618721,3.0060036182403564,0.002016770659092248,-0.00566104170879636,-0.0038025308195012712,-0.9999747369234709
82572000000,1762,82567993086,map,-0.00911547802388668,0.05661182478070259,3.0064141750335693,0.002054432654867653,-0.005688844305470501,-0.0037781277942135487,-0.9999746104829254
82604000000,1763,82599993086,map,-0.009353529661893845,0.05559858679771423,3.0065805912017822,0.002096708907374365,-0.005717057998553751,-0.0038030365816834615,-0.9999743154549858
82636000000,1764,82631993086,map,-0.010050229728221893,0.05482904613018036,3.0067574977874756,0.0021719155133666265,-0.0056761167804008465,-0.003764514362144478,-0.9999744840423799
82672000000,1765,82663999092,map,-0.01061735488474369,0.053965888917446136,3.006869316101074,0.00221355166061158,-0.005645095053535558,-0.0037232104506037538,-0.9999746526297739
82704000000,1766,82703999092,map,-0.011142740026116371,0.05282997712492943,3.0069239139556885,0.002351667047817907,-0.005682489021696213,-0.0036904202024623527,-0.9999743154549858
82736000000,1767,82727999092,map,-0.011375565081834793,0.052114758640527725,3.0068891048431396,0.0023403950707470205,-0.005579122887906485,-0.003730417561699118,-0.9999747790703195
82772000000,1768,82768005098,map,-0.01164329145103693,0.05088508129119873,3.0067710876464844,0.002313947100125799,-0.00553945957537132,-0.003740322071099145,-0.9999750740982589
82804000000,1769,82800005098,map,-0.011762197129428387,0.0498640201985836,3.006580114364624,0.0022931074591706862,-0.005550588977556228,-0.0037777063257284364,-0.9999748633640164
82836000000,1770,82832005098,map,-0.011797106824815273,0.04877791181206703,3.006242275238037,0.0022167400038469788,-0.00556002921307816,-0.0037866414576127054,-0.9999749476577136
82872000000,1771,82864005103,map,-0.011758405715227127,0.047673020511865616,3.0058534145355225,0.0022490442461415633,-0.005554540903148632,-0.0038068297980494163,-0.999974821217168
82904000000,1772,82896005103,map,-0.011610607616603374,0.04654954373836517,3.005418539047241,0.0023709745849751977,-0.005547445579983499,-0.0038283246907899753,-0.9999744840423799
82936000000,1773,82928005103,map,-0.011396420188248158,0.04541206359863281,3.0048458576202393,0.002337423553290876,-0.005529279794366923,-0.00378630428282456,-0.9999748633640164
82972000000,1774,82967999109,map,-0.01104728039354086,0.04401572421193123,3.0039608478546143,0.002330267150122628,-0.005540789176732936,-0.0037660316486908267,-0.999974905510865
83004000000,1775,82999999109,map,-0.01159675046801567,0.043441884219646454,3.0034587383270264,0.0022857362058567097,-0.0054115420791433595,-0.0037902660865846154,-0.9999756220072897
83036000000,1776,83031999109,map,-0.01230741199105978,0.04298888146877289,3.0030035972595215,0.0022866466436389957,-0.005336716605785093,-0.0037442838748592004,-0.9999761699163203
83072000000,1777,83063999114,map,-0.012889786623418331,0.04250854253768921,3.002390146255493,0.002327170015301585,-0.005303171830273596,-0.003739942749462544,-0.9999762963568658
83104000000,1778,83095999114,map,-0.013387355022132397,0.04197679087519646,3.001795768737793,0.0023163659341036208,-0.005301040780245764,-0.003700282565013813,-0.9999764227974113
83136000000,1779,83127999114,map,-0.013785065151751041,0.04138205200433731,3.001455545425415,0.002234778525737388,-0.005356800731553423,-0.003676132420817158,-0.9999763806505628
83172000000,1780,83167999120,map,-0.01413873303681612,0.04057760536670685,3.0011281967163086,0.0022605908362722782,-0.005369099708784508,-0.003659484415655279,-0.9999763385037144
83204000000,1781,83199999120,map,-0.014311280101537704,0.03986301273107529,3.0009634494781494,0.002238020046441805,-0.005428359988788222,-0.0037125894447790357,-0.9999759170352293
83236000000,1782,83231999120,map,-0.01440162118524313,0.039097271859645844,3.0007457733154297,0.0022252146484840816,-0.005502258560751503,-0.0037589931249895074,-0.9999753691261986
83272000000,1783,83263999125,map,-0.01438464317470789,0.03830762952566147,3.000514030456543,0.0022145157697712674,-0.005538572186646813,-0.003788158744159054,-0.9999750319514105
83304000000,1784,83295999125,map,-0.014271973632276058,0.03747585415840149,3.0003817081451416,0.002225750374441325,-0.005646441283146002,-0.00378145739524588,-0.9999744840423799
83336000000,1785,83327999125,map,-0.01404571533203125,0.0366496741771698,3.0002381801605225,0.0022080435943468125,-0.00566619613666034,-0.0037788021437896173,-0.9999743576018343
83372000000,1786,83367999131,map,-0.013646995648741722,0.035582784563302994,2.999882698059082,0.0022122225531583444,-0.005589276985675069,-0.0037602575304448997,-0.9999748633640164
83404000000,1787,83399999131,map,-0.014076772145926952,0.035531844943761826,2.9996674060821533,0.002230797459550505,-0.005416920741412309,-0.003774208137301949,-0.9999757484478352
83436000000,1788,83431999131,map,-0.014641553163528442,0.035639628767967224,2.9994068145751953,0.0022672009767711544,-0.005258464560715665,-0.0037740816967564155,-0.9999765492379569
83472000000,1789,83463999136,map,-0.015068287029862404,0.03565087914466858,2.9991376399993896,0.0022458002558952404,-0.005244530417471259,-0.0037655680333573143,-0.9999766335316539
83504000000,1790,83495999136,map,-0.01536143384873867,0.03560074046254158,2.998821973800659,0.0022861471376296907,-0.0052153175477332725,-0.0037046658372589807,-0.9999769285595935
83536000000,1791,83527999136,map,-0.015528107061982155,0.035486508160829544,2.9986114501953125,0.002349003893827625,-0.005144541135282338,-0.003691684607917634,-0.9999771814406846
83568000000,1792,83567999142,map,-0.015583956614136696,0.03524528443813324,2.9984424114227295,0.002340397046380545,-0.0051523656318539345,-0.003707110354472632,-0.9999771814406846
83604000000,1793,83599999142,map,-0.016230233013629913,0.035710208117961884,2.998997688293457,0.0022652419714960332,-0.005145621477547683,-0.0037670010262066404,-0.9999771392938361
83636000000,1794,83631999142,map,-0.016962502151727676,0.03627855330705643,2.999633550643921,0.0022440381554280054,-0.005138451903489275,-0.0037914883451914965,-0.9999771814406846
83672000000,1795,83663999147,map,-0.01755223050713539,0.036746684461832047,3.000239133834839,0.002204019558130785,-0.005081949607884993,-0.003790645408221272,-0.9999775186154727
83704000000,1796,83695999147,map,-0.01798086054623127,0.0371037982404232,3.0007145404815674,0.0021746655952319628,-0.005091165279729704,-0.003765820914448326,-0.9999776450560183
83736000000,1797,83727999147,map,-0.018279042094945908,0.03733490779995918,3.00115704536438,0.00209837239080153,-0.005156076859428671,-0.0037635449846287754,-0.9999774764686241
83772000000,1798,83767999153,map,-0.0184891726821661,0.037469297647476196,3.0016095638275146,0.0020606471747533586,-0.005228182050060588,-0.0037536404752285817,-0.9999771814406846
83804000000,1799,83799999153,map,-0.018506085500121117,0.037477172911167145,3.001925230026245,0.001972607347297911,-0.005256056592722227,-0.0037673803478431305,-0.9999771814406846
