%time,field.header.seq,field.header.stamp,field.header.frame_id,field.pose.position.x,field.pose.position.y,field.pose.position.z,field.pose.orientation.x,field.pose.orientation.y,field.pose.orientation.z,field.pose.orientation.w
31680000000,0,31680000000,map,-0.000753836240619421,0.0007631676271557808,0.016500117257237434,0.009030348077063686,-0.009387403253711896,0.02529139656072038,-0.9995952888463273
31716000000,1,31716000000,map,-0.0008174742106348276,0.0008080911939032376,0.01650829426944256,0.009015033645110065,-0.009394700564825336,0.025301596098059986,-0.9995951202589333
31748000000,2,31748000000,map,-0.0008577361004427075,0.0008238822338171303,0.016501951962709427,0.008968679911384598,-0.009434221240735974,0.02525965998379165,-0.999596173930146
31780000000,3,31780000000,map,-0.0008959999540820718,0.0008105493616312742,0.016506895422935486,0.00894398321640526,-0.009439486921462773,0.025203436087878117,-0.9995977755103895
31816000000,4,31816000000,map,-0.0009247518610209227,0.0008041399996727705,0.016539962962269783,0.008970650400029577,-0.00944407952854338,0.025175239846224273,-0.9995982391257232
31848000000,5,31848000000,map,-0.0009097721194848418,0.0007981546223163605,0.01657143607735634,0.008892364048907187,-0.009414497606347218,0.02522893493122713,-0.999597817657238
31880000000,6,31880000000,map,-0.0008936805534176528,0.0007985255215317011,0.01659616455435753,0.008875393171720829,-0.009439929463372137,0.025165166749430257,-0.9995993770906328
31916000000,7,31916000000,map,-0.0008779553463682532,0.0007881482597440481,0.016616232693195343,0.008834959567906486,-0.00942718428107786,0.025156400204939977,-0.999600051440209
31948000000,8,31948000000,map,-0.0008291854173876345,0.0007720872526988387,0.016628315672278404,0.008862824582252272,-0.00941655996195106,0.025152649135422533,-0.9996000092933606
31980000000,9,31980000000,map,-0.0007498406921513379,0.0007870201952755451,0.016644980758428574,0.008901692084908572,-0.009401119521621738,0.02512951051558998,-0.9996003886149972
32016000000,10,32016000000,map,-0.0006439355784095824,0.0008253592532128096,0.01665051095187664,0.008898154918879101,-0.009392531566170231,0.025180929670773344,-0.9995992085032388
32048000000,11,32048000000,map,-0.0005632478860206902,0.0008525833836756647,0.016664689406752586,0.008930942985591895,-0.009414288106875616,0.02522252861025359,-0.9995976490698439
32080000000,12,32080000000,map,-0.0005288670654408634,0.0008777420152910054,0.01669294945895672,0.008896735878941494,-0.009437542301269246,0.025268974437312575,-0.9995965532517826
32116000000,13,32116000000,map,-0.0004963054088875651,0.0008919499232433736,0.0167224183678627,0.008865920111871076,-0.009443645527133103,0.025271671835617238,-0.9995967218391767
32148000000,14,32148000000,map,-0.00048245504149235785,0.0008833889150992036,0.016741111874580383,0.008850713742955313,-0.009484465326142348,0.025310404789398777,-0.9995954995805698
32180000000,15,32176000000,map,-0.0004868674441240728,0.0008756069582886994,0.016749123111367226,0.008840429088738019,-0.009465384163659676,0.02534294215644911,-0.9995949095246908
32216000000,16,32216000000,map,-0.0005336121539585292,0.0008463271660730243,0.01675880141556263,0.008783485012666459,-0.009471873193707632,0.02533173109474529,-0.9995956681679639
32248000000,17,32248000000,map,-0.0005730887642130256,0.0008025880670174956,0.016746077686548233,0.008789073750633454,-0.009503241973528628,0.02538816572490138,-0.999593855853478
32280000000,18,32280000000,map,-0.0006013875245116651,0.0007055815658532083,0.016738757491111755,0.008763315358430154,-0.009507554205284962,0.025433979349232694,-0.9995928864759622
32316000000,19,32316000000,map,-0.0006504827761091292,0.0005963907460682094,0.016712624579668045,0.008761140762146733,-0.00953067841945633,0.025465758073009936,-0.999591874951598
32348000000,20,32348000000,map,-0.0007104247342795134,0.00048680021427571774,0.01668558642268181,0.008754659078985944,-0.009576396184402728,0.02545690723482269,-0.9995917063642039
32380000000,21,32380000000,map,-0.0007412828272208571,0.0003722223627846688,0.016669172793626785,0.008740300339170016,-0.009614623211365983,0.025467443946950385,-0.9995912006020218
32416000000,22,32416000000,map,-0.000720018579158932,0.0003217525954823941,0.01664786972105503,0.008729072731535356,-0.009598627906129654,0.025493027083996422,-0.9995908212803852
32448000000,23,32448000000,map,-0.00068413105327636,0.0003134491853415966,0.016596686094999313,0.008725236709776357,-0.009612863662758717,0.025469171967739346,-0.9995913270425674
32480000000,24,32480000000,map,-0.0006445350591093302,0.0003494870907161385,0.016539836302399635,0.008762642490579124,-0.009553322883953634,0.025436676747537357,-0.9995923807137801
32516000000,25,32516000000,map,-0.0005773555021733046,0.00041249929927289486,0.016489844769239426,0.00877144838310374,-0.00952446167698291,0.02543473799250584,-0.9995926335948713
32548000000,26,32548000000,map,-0.0004616580263245851,0.0005296750459820032,0.016442250460386276,0.00873334450396348,-0.009500854667369127,0.025418089987344128,-0.9995936029723869
32580000000,27,32580000000,map,-0.00038337279693223536,0.0006553832208737731,0.016398292034864426,0.00877511026099941,-0.009593317403217281,0.025386311263566885,-0.9995931815039018
32616000000,28,32616000000,map,-0.0003266043495386839,0.0008198139257729053,0.016353916376829147,0.00874426798751255,-0.009619103371971853,0.025398533849635085,-0.9995929286228107
32648000000,29,32648000000,map,-0.0002765573444776237,0.0010046279057860374,0.01629999279975891,0.008761457686691199,-0.009587924870354633,0.025409449883399327,-0.9995928021822651
32680000000,30,32680000000,map,-0.00021556709543801844,0.0011151800863444805,0.01625569351017475,0.008785813790682813,-0.009553352106866175,0.025367176594342955,-0.999593940147175
32716000000,31,32716000000,map,-0.000122540004667826,0.0012119053862988949,0.01624258980154991,0.008763735592144311,-0.009564840909716314,0.0253677245033736,-0.9995940665877205
32748000000,32,32748000000,map,-3.156412276439369e-05,0.0012828786857426167,0.016251375898718834,0.008688920079271727,-0.009542824038135118,0.025455769269912887,-0.9995926757417197
32780000000,33,32780000000,map,3.2650121283950284e-05,0.0013281229184940457,0.016253355890512466,0.008642609706586209,-0.009505179205675953,0.025512203900068975,-0.999592043538992
32816000000,34,32816000000,map,0.00010607505100779235,0.0013170422753319144,0.01627524010837078,0.00860531637225818,-0.009525662532893216,0.025566868362587536,-0.9995907369866881
32848000000,35,32848000000,map,0.00017025231500156224,0.001261105528101325,0.01631436124444008,0.008589489283984609,-0.009571428371588697,0.02568045411932446,-0.9995874916793528
32880000000,36,32880000000,map,0.0002200824674218893,0.0011832956224679947,0.016333920881152153,0.008562951175083858,-0.009606578925564846,0.0257243289886242,-0.999586269420746
32916000000,37,32916000000,map,0.0002466480655129999,0.0010978142963722348,0.016349315643310547,0.00856831135694755,-0.00959914037723396,0.02573874321081493,-0.9995859322459579
32948000000,38,32948000000,map,0.00028696691151708364,0.000990728265605867,0.016351675614714622,0.008550519048385065,-0.009615137493467686,0.025808454098251943,-0.9995840777846234
32980000000,39,32980000000,map,0.0003817144315689802,0.0008876971551217139,0.01633748784661293,0.008580598727331683,-0.009614856953507283,0.02582590289353548,-0.9995834034350473
33016000000,40,33016000000,map,0.00044781516771763563,0.0008113501826301217,0.016307219862937927,0.008594943184963594,-0.009608845718079387,0.025831634864933006,-0.9995832348476532
33048000000,41,33048000000,map,0.0005286773084662855,0.0007560908561572433,0.016252342611551285,0.00856000171886873,-0.009668726264691558,0.025827757354869973,-0.9995830662602592
33080000000,42,33080000000,map,0.000571003882214427,0.0007073724991641939,0.016170330345630646,0.008554512791553726,-0.009662864518866972,0.025830960515356827,-0.9995830662602592
33116000000,43,33116000000,map,0.0005866811261512339,0.000668241351377219,0.016113312914967537,0.00852751308411191,-0.00964201174818073,0.025870957874593647,-0.9995824340575314
33148000000,44,33148000000,map,0.0005639681476168334,0.0006487438222393394,0.016096677631139755,0.0085737757123206,-0.00963220350975593,0.025944251244154115,-0.9995802845682575
33180000000,45,33180000000,map,0.0005432097823359072,0.0006379900150932372,0.016127265989780426,0.00858090507400499,-0.009637236148044967,0.025987493910726245,-0.9995790201628021
33216000000,46,33216000000,map,0.0005037111695855856,0.0006322539993561804,0.01620800606906414,0.008566797404282732,-0.009625854194041246,0.026000685874310148,-0.9995788937222565
33248000000,47,33248000000,map,0.00045320275239646435,0.0006373170763254166,0.016278564929962158,0.008576314360239843,-0.009615890744907723,0.026034108325179384,-0.999578092932135
33280000000,48,33280000000,map,0.00036983308382332325,0.0006428556516766548,0.016342563554644585,0.008573724304689946,-0.009612120577599522,0.026013414222560483,-0.9995786408411655
33316000000,49,33316000000,map,0.000268954987404868,0.0005985719035379589,0.016429895535111427,0.00858567890430239,-0.009616865349620505,0.026030610136752952,-0.9995780507852864
33348000000,50,33348000000,map,0.00011475507926661521,0.0005475744837895036,0.016503820195794106,0.008600919599850633,-0.009620215365532614,0.026017755347957083,-0.9995782615195289
33380000000,51,33380000000,map,-5.502600470208563e-05,0.0005056416848674417,0.016628915444016457,0.008547658084088196,-0.009599576333698245,0.026023908787839667,-0.9995787672817111
33416000000,52,33416000000,map,-0.000268490839516744,0.00039821784594096243,0.01682334579527378,0.008550843052282991,-0.00959084773783525,0.026015310830743432,-0.9995790201628021
33448000000,53,33448000000,map,-0.00043288306915201247,0.00032265661866404116,0.0169722568243742,0.008517060830317336,-0.009601897003385344,0.025993225882123716,-0.9995797788060754
33480000000,54,33480000000,map,-0.000622020976152271,0.000273284938884899,0.01711384393274784,0.008525454762093179,-0.009653574184538669,0.025986229505270964,-0.9995793573375902
33516000000,55,33516000000,map,-0.0007647587335668504,0.0002474010980222374,0.01723470352590084,0.008540430475795023,-0.00967201170208285,0.026024372403173346,-0.9995780507852864
33548000000,56,33548000000,map,-0.0008727210224606097,0.0002563299494795501,0.01732618920505047,0.008557086506968016,-0.009763704681719238,0.026026353305053262,-0.9995769971140737
33580000000,57,33580000000,map,-0.0009393651853315532,0.00028211355675011873,0.01743980124592781,0.008529267240886018,-0.009826845641031399,0.026027870591599722,-0.9995765756455885
33616000000,58,33616000000,map,-0.0009539892198517919,0.0003146172093693167,0.017550064250826836,0.008493380928058325,-0.009820434957200377,0.02608139708920848,-0.9995755641212243
33648000000,59,33648000000,map,-0.0009204806992784142,0.000361178710591048,0.017637144774198532,0.008426420822190181,-0.00979033482221498,0.026162951241077148,-0.9995742575689204
33680000000,60,33676000000,map,-0.0008729428518563509,0.00041691260412335396,0.017754018306732178,0.008465036555049273,-0.009754988104293516,0.026235907435849526,-0.9995723609607374
33716000000,61,33716000000,map,-0.0008183597819879651,0.000421841541538015,0.017871227115392685,0.008480311247957742,-0.009770373926587705,0.026272912368841994,-0.9995710965552822
33748000000,62,33748000000,map,-0.0007898433832451701,0.00037384952884167433,0.0179760605096817,0.008444539974623785,-0.009782465256503618,0.026284671339576626,-0.9995709701147366
33780000000,63,33780000000,map,-0.000779779045842588,0.0003118010063190013,0.018081972375512123,0.008404110363235521,-0.00975862092391277,0.026319105314809965,-0.999570675086797
33816000000,64,33816000000,map,-0.0007836852455511689,0.0002465466968715191,0.01820199377834797,0.008406791339086549,-0.009760146730378734,0.026362558715624707,-0.9995694528281901
33848000000,65,33848000000,map,-0.0008022110559977591,0.00020088895689696074,0.018261808902025223,0.008426082865380491,-0.009793873305333467,0.026414062164505037,-0.9995675983668557
33880000000,66,33880000000,map,-0.0008290692348964512,0.00015962438192218542,0.018283220008015633,0.008438831834305686,-0.009791023577452266,0.026428012771362086,-0.999567134751522
33916000000,67,33916000000,map,-0.0008844290859997272,0.00012998537567909807,0.018283246085047722,0.008385592215148141,-0.009796892773061599,0.02643003582009068,-0.9995675562200071
33948000000,68,33948000000,map,-0.0009272389579564333,9.30213209358044e-05,0.018221888691186905,0.008420869580101109,-0.009759882118963621,0.026421817184631102,-0.9995677669542498
33980000000,69,33980000000,map,-0.0009734959458000958,6.825743184890598e-05,0.018143191933631897,0.008454720496490754,-0.009792444099115016,0.026441963378219246,-0.9995666711361884
34016000000,70,34016000000,map,-0.0009966501966118813,2.4422974092885852e-05,0.01802133582532406,0.008482002060981986,-0.009789317947176591,0.026463626858353795,-0.9995659124929153
34048000000,71,34048000000,map,-0.0009986383374780416,-5.466622314997949e-05,0.01791537180542946,0.008493510867121556,-0.00976283252183648,0.026479179045454326,-0.9995656174649756
34080000000,72,34080000000,map,-0.0010230503976345062,-0.00010839992319233716,0.0178214218467474,0.008479738355394827,-0.00974317863142702,0.026527985096029993,-0.9995646059406114
34116000000,73,34116000000,map,-0.0010469242697581649,-0.00013667982420884073,0.017726052552461624,0.008450268282867442,-0.00976751205679214,0.026529628823121876,-0.9995645637937629
34148000000,74,34148000000,map,-0.0010673869401216507,-0.00015409417392220348,0.01765638031065464,0.008438956916603173,-0.009755650558909514,0.026587201418187767,-0.9995632993883077
34180000000,75,34180000000,map,-0.001080480171367526,-0.00014787698455620557,0.017598355188965797,0.008474001815344821,-0.009732600389836261,0.026547077618405412,-0.9995643109126718
34216000000,76,34216000000,map,-0.0010862029157578945,-0.00011015725613106042,0.017527958378195763,0.008448052815665493,-0.009731645212186463,0.02653325345209384,-0.999564900968551
34248000000,77,34248000000,map,-0.0011032812763005495,-6.817490793764591e-05,0.017472369596362114,0.008460649948922568,-0.009718974321944495,0.026530176732152577,-0.9995649431153995
34280000000,78,34280000000,map,-0.001131929224357009,-5.675445208908059e-06,0.017440855503082275,0.008498826720708057,-0.009658799529414352,0.026566718049811533,-0.9995643109126718
34316000000,79,34316000000,map,-0.001162301399745047,8.59555511851795e-05,0.01742636226117611,0.00850301819186524,-0.009671311381157642,0.026573461545573218,-0.9995639737378839
34348000000,80,34348000000,map,-0.0011780322529375553,0.00015490791702177376,0.017424339428544044,0.008503441512506775,-0.00964812349396416,0.02659815959880063,-0.9995634679757016
34380000000,81,34380000000,map,-0.001217239536345005,0.00021485218894667923,0.017436837777495384,0.00843956450622985,-0.00957819347584211,0.02659373417970695,-0.9995648588217024
34416000000,82,34416000000,map,-0.0012744589475914836,0.00026094898930750787,0.01747782900929451,0.008433774418279538,-0.009606162025732261,0.026574599510483077,-0.9995651117027935
34448000000,83,34448000000,map,-0.0013242794666439295,0.00028230584575794637,0.017499759793281555,0.008422120032644673,-0.009606791059214482,0.026601489199833017,-0.9995645216469145
34480000000,84,34480000000,map,-0.0013769868528470397,0.00028494116850197315,0.01755633018910885,0.008386307764915097,-0.009627442315281278,0.0266360917624604,-0.9995637208567927
34516000000,85,34516000000,map,-0.0014243993209674954,0.0002971551730297506,0.017645973712205887,0.008362458122809153,-0.009623901774211206,0.026615987715720768,-0.9995644373532173
34548000000,86,34548000000,map,-0.0014364559901878238,0.00031266699079424143,0.017760396003723145,0.00835148932316613,-0.009652901522482797,0.026613037436324982,-0.9995643530595204
34580000000,87,34580000000,map,-0.0014076075749471784,0.0003480135928839445,0.01785615086555481,0.00831029497696797,-0.009708529847206921,0.026587622886672935,-0.999564816674854
34616000000,88,34616000000,map,-0.0013885207008570433,0.00039738492341712117,0.017926856875419617,0.008307185247483211,-0.00974192735570282,0.026584377579337515,-0.9995646059406115
34648000000,89,34648000000,map,-0.0013659184332937002,0.0004372686962597072,0.01799563132226467,0.00830511330182497,-0.009747505392321562,0.026586527068611643,-0.9995645637937629
34680000000,90,34680000000,map,-0.001329135149717331,0.00044251474901102483,0.01803664118051529,0.008315486983027937,-0.009688402051705906,0.026641992321251973,-0.9995635522693986
34716000000,91,34716000000,map,-0.001302853925153613,0.00043302480480633676,0.01807047612965107,0.008319337698561271,-0.00972826420352345,0.026625597197181217,-0.9995635101225502
34748000000,92,34748000000,map,-0.0012759242672473192,0.00042120509897358716,0.018092485144734383,0.00828097756328934,-0.009791772836466222,0.026638367692280063,-0.9995628779198225
34780000000,93,34780000000,map,-0.0012600532500073314,0.00036856334190815687,0.01808071881532669,0.008248934927800553,-0.009777559305714306,0.02664275096452512,-0.9995632150946105
34816000000,94,34816000000,map,-0.0012802677229046822,0.00031711533665657043,0.018029745668172836,0.008232291038541924,-0.009732185424478169,0.02666942991963256,-0.999563088654065
34848000000,95,34848000000,map,-0.0013044180814176798,0.0002696638402994722,0.01796405389904976,0.008262815481985621,-0.009671431153940034,0.02663642893724849,-0.9995642266189748
34880000000,96,34880000000,map,-0.0013483200455084443,0.00020480164675973356,0.017887704074382782,0.008243049927123028,-0.009680055452816576,0.026659567557080988,-0.9995637630036411
34916000000,97,34916000000,map,-0.001402272959239781,0.0001406821102136746,0.017843103036284447,0.008242984895852864,-0.009682638758285263,0.026667322577206998,-0.9995635101225502
34948000000,98,34948000000,map,-0.0014833456370979548,5.744867303292267e-05,0.017810408025979996,0.008295929816343087,-0.00966303462914519,0.026637946223794895,-0.9995640580315808
34980000000,99,34980000000,map,-0.0015132668195292354,-3.939300586353056e-05,0.017790306359529495,0.008321801148929506,-0.009671426050220096,0.02664688135567922,-0.9995635522693986
35016000000,100,35016000000,map,-0.001513493130914867,-0.0001708732161205262,0.017780110239982605,0.008297159648211745,-0.009678867685478364,0.02662058172220838,-0.9995643109126717
35048000000,101,35048000000,map,-0.001518215169198811,-0.0002938334073405713,0.017792798578739166,0.008323784561510455,-0.009689573026159162,0.026623363414210177,-0.9995639737378837
35080000000,102,35080000000,map,-0.0015194008592516184,-0.00043120127520523965,0.01778603531420231,0.008368499445489258,-0.00974498983461913,0.026617378561721527,-0.9995631308009136
35116000000,103,35116000000,map,-0.0015146109508350492,-0.0005961013375781476,0.017779413610696793,0.00835579933233475,-0.009730370887404485,0.026625091434999137,-0.9995632572414591
35148000000,104,35148000000,map,-0.001509286230430007,-0.0007872110581956804,0.017785487696528435,0.008395928606268343,-0.009727729918132318,0.026655732193866466,-0.9995621192765494
35180000000,105,35180000000,map,-0.00148784217890352,-0.0009526999783702195,0.017760904505848885,0.008369821720543225,-0.009717996177554982,0.02671393699165997,-0.9995608970179425
35216000000,106,35216000000,map,-0.0014320291811600327,-0.0011127142934128642,0.017701372504234314,0.008363991214423737,-0.0097421763678449,0.02672063834057331,-0.9995605176963058
35248000000,107,35248000000,map,-0.0013823373010382056,-0.0012096712598577142,0.017623120918869972,0.008400761335140174,-0.009748623889009338,0.026738803632281483,-0.9995596326124871
35280000000,108,35280000000,map,-0.0013466037344187498,-0.0012749446323141456,0.017524123191833496,0.008396668686818222,-0.009708144927942005,0.02676320665756926,-0.9995594218782446
35316000000,109,35316000000,map,-0.0013161308597773314,-0.0013006844092160463,0.017419151961803436,0.008397739685983358,-0.009725872740301742,0.026738087135856792,-0.9995599276404267
35348000000,110,35348000000,map,-0.0012976217549294233,-0.0012912213569507003,0.017328869551420212,0.008395371477614589,-0.00974175033070727,0.026717856648571514,-0.9995603491089118
35380000000,111,35380000000,map,-0.0012860925635322928,-0.0012702466920018196,0.017284924164414406,0.008388037637860472,-0.009704208313509412,0.0267010400560157,-0.9995611498990336
35416000000,112,35416000000,map,-0.0012930124066770077,-0.0012566004879772663,0.017247101292014122,0.008397150617920969,-0.009712895791499688,0.02665337197034995,-0.9995622878639434
35448000000,113,35448000000,map,-0.001323687145486474,-0.0012499723816290498,0.01719166338443756,0.008378770928816393,-0.00971731433703503,0.02662205686190633,-0.999563257241459
35476000000,114,35480000000,map,-0.0013900408521294594,-0.0012371322372928262,0.017106564715504646,0.008391810439346704,-0.009689715724522237,0.026589983110189452,-0.9995642266189748
35512000000,115,35512000000,map,-0.0014796489849686623,-0.0012090993113815784,0.01700695976614952,0.00840262769143483,-0.009670986718715207,0.026562840539748445,-0.999565069555945
35548000000,116,35548000000,map,-0.0015850941417738795,-0.0011905616847798228,0.016933774575591087,0.008379806654691324,-0.009743854503887369,0.026587074977642233,-0.9995639315910353
35580000000,117,35580000000,map,-0.0016917113680392504,-0.0011925047729164362,0.016862597316503525,0.00839899223763754,-0.009653810848971224,0.026590615312917176,-0.9995645216469145
35616000000,118,35616000000,map,-0.0016971509903669357,-0.0012133129639551044,0.01681758649647236,0.00839677318959983,-0.009679553106834079,0.026586737802854143,-0.9995644373532174
35648000000,119,35648000000,map,-0.001676965388469398,-0.0012228002306073904,0.016819553449749947,0.008423717620462007,-0.009733581991584441,0.02657485239157409,-0.9995640158847323
35680000000,120,35680000000,map,-0.001649139216169715,-0.0012466497719287872,0.016848383471369743,0.008411823936216554,-0.009772992299551446,0.026640432887857057,-0.9995619085423066
35716000000,121,35716000000,map,-0.001603053417056799,-0.001259689568541944,0.016847407445311546,0.008362550401358335,-0.009780585235410422,0.026649663047680905,-0.9995620349828522
35748000000,122,35748000000,map,-0.0015453801024705172,-0.0012465094914659858,0.0168499406427145,0.008368396794864078,-0.009797628531913143,0.026675161891029975,-0.9995611498990336
35780000000,123,35780000000,map,-0.0014996040845289826,-0.0012028987985104322,0.016849296167492867,0.008353764182850892,-0.009821346423958457,0.026676426296485367,-0.9995609813116395
35816000000,124,35816000000,map,-0.001430643256753683,-0.0011388673447072506,0.016816342249512672,0.00835423578303667,-0.009838460596313848,0.026688648882553512,-0.9995604755494574
35848000000,125,35848000000,map,-0.0014054415514692664,-0.0010920491768047214,0.016806060448288918,0.008379403543134375,-0.009797907919420654,0.026716929417904267,-0.9995599276404268
35880000000,126,35880000000,map,-0.0014130292693153024,-0.001040159841068089,0.016819395124912262,0.00838531332154901,-0.009829627374192148,0.026751279099440695,-0.9995586210881229
35916000000,127,35916000000,map,-0.001431533950380981,-0.0009886515326797962,0.016813701018691063,0.008398724992044396,-0.009824166970086147,0.02679279374522392,-0.9995574831232131
35948000000,128,35948000000,map,-0.001439690007828176,-0.0009176325402222574,0.01681426167488098,0.008342766077977263,-0.009889618144691343,0.02681007395311341,-0.999556893067334
35980000000,129,35980000000,map,-0.001442022854462266,-0.0008379202336072922,0.01682456023991108,0.008303334161518591,-0.009863391856615122,0.026815974511904872,-0.9995572302421221
36016000000,130,36016000000,map,-0.0013647978194057941,-0.0007476758910343051,0.0168466679751873,0.008293085644931175,-0.009879015413476695,0.02679641837419583,-0.9995577360043041
36048000000,131,36048000000,map,-0.0012439419515430927,-0.0006866496405564249,0.01683281734585762,0.008303094615953813,-0.009862930710823408,0.026747612323620218,-0.9995590847034566
36080000000,132,36080000000,map,-0.0011161211878061295,-0.0006396644748747349,0.016827480867505074,0.008282553707251134,-0.009904347480429138,0.026740068037736764,-0.999559126850305
36116000000,133,36116000000,map,-0.0010176998330280185,-0.0005895235808566213,0.016825517639517784,0.00829424484790135,-0.0099202743793547,0.026733577423066146,-0.999558958262911
36148000000,134,36148000000,map,-0.0009171445854008198,-0.0005234740674495697,0.01682230457663536,0.008305989989201222,-0.009891559863173131,0.02677715726442642,-0.9995579467385467
36180000000,135,36180000000,map,-0.0008180858567357063,-0.00043178623309358954,0.016842646524310112,0.008333954505506265,-0.00988186995696461,0.026834392684704167,-0.9995563451583033
36216000000,136,36216000000,map,-0.0006967303343117237,-0.00032800494227558374,0.01684299111366272,0.00832509057874688,-0.009886196512063992,0.02684935481592554,-0.9995559658366666
36248000000,137,36248000000,map,-0.0005914311623200774,-0.00022288935724645853,0.01686348393559456,0.008313683353097666,-0.00985636172935628,0.02681938840663428,-0.9995571880952736
36280000000,138,36280000000,map,-0.00048720871564000845,-8.761217759456486e-05,0.016900675371289253,0.008329805263515656,-0.009817393592867355,0.02682006275621046,-0.9995573566826677
36316000000,139,36316000000,map,-0.00039743035449646413,6.178580952109769e-05,0.016911134123802185,0.008381404119031563,-0.009797811854240552,0.02680939960353723,-0.9995573988295161
36348000000,140,36348000000,map,-0.0003754013741854578,0.000206518336199224,0.01695415750145912,0.00837646454131331,-0.00977479226632789,0.02674955107865179,-0.9995592532908506
36380000000,141,36380000000,map,-0.0003985178773291409,0.00033315608743578196,0.017007259652018547,0.008427286314309798,-0.009758455835036425,0.026719837550451597,-0.9995598011998812
36416000000,142,36416000000,map,-0.0004479271301534027,0.00045834577758796513,0.017048651352524757,0.00846220135630628,-0.009732334996399545,0.026679713750669243,-0.9995608970179425
36448000000,143,36448000000,map,-0.0004965116386301816,0.00046522688353434205,0.017059797421097755,0.008472704400346032,-0.009701984737978208,0.026629559000941216,-0.9995624143044888
36480000000,144,36480000000,map,-0.0005675328429788351,0.00044504020479507744,0.017052458599209785,0.008464028241089487,-0.009667781747230984,0.026622183302451807,-0.9995630465072165
36516000000,145,36516000000,map,-0.0006517090951092541,0.00041848779073916376,0.017033586278557777,0.008433545985653332,-0.009700882375630878,0.026643762488889333,-0.9995623721576403
36548000000,146,36548000000,map,-0.0007338687428273261,0.00036802238901145756,0.016991177573800087,0.00841522898175411,-0.00969559977854203,0.02666049478774818,-0.9995620771297008
36580000000,147,36580000000,map,-0.0008352474542334676,0.00026838615303859115,0.016936713829636574,0.008372470221918204,-0.009692766185001275,0.026640053566220512,-0.9995630465072165
36616000000,148,36616000000,map,-0.0009054521797224879,0.0001874677836894989,0.016876662150025368,0.008370500474135796,-0.009690394807387061,0.026668418395268345,-0.9995623300107919
36648000000,149,36648000000,map,-0.0009416491375304759,0.00010961591760860756,0.01683935895562172,0.008409832621101508,-0.009703661927362944,0.026693622210677836,-0.9995612341927306
36680000000,150,36680000000,map,-0.000994111760519445,1.582686491019558e-05,0.016815943643450737,0.008440722886019391,-0.009727324172397337,0.026728140479608198,-0.9995598433467296
36716000000,151,36716000000,map,-0.0010377434082329273,-7.397802255582064e-05,0.01682458445429802,0.008474375992102452,-0.009724978272223775,0.026737581373674657,-0.9995592532908505
36748000000,152,36748000000,map,-0.0010742839658632874,-0.00014509876200463623,0.01684439554810524,0.008437361180942267,-0.00976772242060341,0.026765819762176957,-0.9995584103538804
36780000000,153,36780000000,map,-0.001108613214455545,-0.00021548065706156194,0.016861354932188988,0.008449843480500761,-0.00976824374089954,0.026796713402135464,-0.9995575252700616
36816000000,154,36816000000,map,-0.0011420397786423564,-0.0002779593924060464,0.016887415200471878,0.00845498872990066,-0.009806165985232693,0.026832917545006274,-0.9995560501303637
36848000000,155,36848000000,map,-0.0011293322313576937,-0.0003121949848718941,0.01689915917813778,0.008427768121935452,-0.00984202933132067,0.026839450306525514,-0.9995558393961211
36880000000,156,36880000000,map,-0.0011285501532256603,-0.0003406547475606203,0.01691756397485733,0.00843981471198385,-0.0098465174767787,0.02688635974891812,-0.9995544485501202
36916000000,157,36916000000,map,-0.0011185428593307734,-0.0003762691339943558,0.0169395562261343,0.008445130153980034,-0.009842170095209251,0.026863347569631157,-0.9995550386059995
36948000000,158,36948000000,map,-0.0011041441466659307,-0.0004226302553433925,0.016938161104917526,0.008460717943643016,-0.009836418326317499,0.026866171408481354,-0.999554827871757
36980000000,159,36980000000,map,-0.0011076836381107569,-0.00045031154877506196,0.01690886914730072,0.008522533005906417,-0.009855372430869163,0.02687944766576228,-0.9995537742005441
37016000000,160,37016000000,map,-0.0011668738443404436,-0.0004744427860714495,0.016867050901055336,0.008524650679248931,-0.009839387127277548,0.026865623499450764,-0.9995542799627262
37048000000,161,37048000000,map,-0.0011838716454803944,-0.00048790962318889797,0.016819745302200317,0.008570565760593535,-0.009843325182276253,0.026941951442103984,-0.9995517932986641
37080000000,162,37080000000,map,-0.0011681820033118129,-0.0005183485918678343,0.016762379556894302,0.008573661454848466,-0.009914447454070975,0.02697469954339693,-0.9995502338652691
37116000000,163,37116000000,map,-0.0011419184738770127,-0.000533957383595407,0.016691047698259354,0.008557232991962012,-0.009909834102838366,0.026926820723488565,-0.9995516668581186
37148000000,164,37148000000,map,-0.0010993871837854385,-0.0005301827332004905,0.016622938215732574,0.008586625026965201,-0.009941923783100442,0.026942878672771176,-0.9995506974806028
37180000000,165,37180000000,map,-0.0010925846872851253,-0.000530588673427701,0.016562437638640404,0.0085645364563507,-0.009949475642245733,0.026968335369271845,-0.9995501074247237
37216000000,166,37216000000,map,-0.0011347412364557385,-0.0005071239429526031,0.0164701659232378,0.008579768920092592,-0.009952249102441102,0.02697971501836971,-0.9995496859562386
37248000000,167,37248000000,map,-0.0011068307794630527,-0.0004848551470786333,0.016412170603871346,0.008568535673670582,-0.009922408927900231,0.026994382121651506,-0.9995496016625416
37280000000,168,37280000000,map,-0.0010482914512977004,-0.00043183090747334063,0.016361352056264877,0.00858612515052461,-0.009956428267047793,0.02698827082861749,-0.999549306634602
37316000000,169,37316000000,map,-0.0009827329777181149,-0.0003511763643473387,0.01631133258342743,0.008618005331315086,-0.009968594177129234,0.026972760788365413,-0.999549306634602
37348000000,170,37348000000,map,-0.000915665936190635,-0.0002777254267130047,0.016251513734459877,0.008630628641716351,-0.009969444687361294,0.026956618545385724,-0.9995496859562386
37380000000,171,37380000000,map,-0.0008381435181945562,-0.00018971445388160646,0.016185453161597252,0.008646035949025115,-0.009972410771825249,0.02700205284808055,-0.9995482529633892
37416000000,172,37416000000,map,-0.0007606042199768126,-8.013628394110128e-05,0.01614714227616787,0.008609454048560866,-0.009983748027120489,0.027003527987778442,-0.9995484636976317
37448000000,173,37448000000,map,-0.0007286799955181777,3.251949237892404e-06,0.01611870341002941,0.008580430345732798,-0.009973359158234807,0.02700879634384229,-0.9995486744318742
37480000000,174,37480000000,map,-0.0006752166082151234,5.7002194807864726e-05,0.01614316552877426,0.008583858893077483,-0.009979179209960231,0.027037540494526613,-0.9995478314949041
37516000000,175,37516000000,map,-0.000619335740339011,0.000122567085782066,0.01619657874107361,0.00858980867807098,-0.009999311738749898,0.027001842113837993,-0.9995484636976317
37548000000,176,37548000000,map,-0.0005102473078295588,0.00016750225040595978,0.01626133732497692,0.008549597209550983,-0.00995363846671682,0.027019375202818496,-0.9995488008724198
37580000000,177,37580000000,map,-0.00041023505036719143,0.00018199118494521827,0.016352713108062744,0.008552040533152694,-0.00991506344014013,0.027059962617934474,-0.9995480843759952
37616000000,178,37616000000,map,-0.00030020877602510154,0.00017198598652612418,0.016443904489278793,0.008559873961234182,-0.009903388063399072,0.027064093009088575,-0.999548000082298
37648000000,179,37648000000,map,-0.0002239575405837968,0.00014193248352967203,0.016484282910823822,0.008494763748047994,-0.009878873003226842,0.027058445331388126,-0.9995490116066623
37680000000,180,37680000000,map,-0.00015170440019574016,0.00013511721044778824,0.016449181362986565,0.008487505435117134,-0.00986805295232456,0.027119136793243848,-0.999547494320116
37716000000,181,37716000000,map,-9.06941422726959e-05,0.0001657385000726208,0.016361063346266747,0.008497829025778461,-0.00986099837660086,0.02712617531694511,-0.9995472835858734
37748000000,182,37748000000,map,-4.5611792302224785e-05,0.00020946873701177537,0.016233231872320175,0.008425539278048183,-0.00986305830382183,0.02712642819803618,-0.9995478736417526
37780000000,183,37780000000,map,-2.6553412681096233e-05,0.00023906567366793752,0.016069306060671806,0.008398484952571237,-0.009870897617644855,0.02718610813552763,-0.9995463563552063
37816000000,184,37816000000,map,-3.819684206973761e-05,0.00028290553018450737,0.015839403495192528,0.008372083162383638,-0.009871732075854532,0.02717249470345856,-0.9995469885579338
37848000000,185,37848000000,map,-4.216848537907936e-05,0.00033973282552324235,0.015632828697562218,0.008461465021228291,-0.009872614278541037,0.027145141398775052,-0.9995469464110853
37880000000,186,37880000000,map,-2.260439214296639e-05,0.00039761856896802783,0.015484851785004139,0.008465936950027812,-0.009850772579798966,0.0271826099471012,-0.9995461456209636
37916000000,187,37916000000,map,-1.1771082427003421e-05,0.0004350878589320928,0.015338587574660778,0.008445945925989297,-0.009843415567509974,0.02720979466439072,-0.999545597711933
37948000000,188,37948000000,map,-2.3270149540621787e-05,0.0004842468479182571,0.015179739333689213,0.008438785489235937,-0.009867636258287134,0.027234239836527008,-0.9995447547749627
37980000000,189,37980000000,map,-2.906627196352929e-05,0.0005535634700208902,0.015046073123812675,0.00845198058090626,-0.009866127697455472,0.027255776876116078,-0.9995441225722352
38016000000,190,38016000000,map,1.2328905540925916e-06,0.0006628154660575092,0.014921159483492374,0.008447957779461184,-0.009861898936215524,0.02723866525562063,-0.9995446283344173
38048000000,191,38048000000,map,4.427089152159169e-05,0.0007372405380010605,0.014816216193139553,0.008393530392965429,-0.009840094527556218,0.027255439701328044,-0.9995448812155083
38080000000,192,38080000000,map,8.350778807653114e-05,0.000794394058175385,0.014728880487382412,0.008342540114892962,-0.009881333078554476,0.02729096949462273,-0.9995439118379925
38116000000,193,38116000000,map,0.00011708590318448842,0.00082236691378057,0.014709961600601673,0.008319088027874682,-0.009893340979113032,0.027282413684375006,-0.9995442068659321
38148000000,194,38148000000,map,0.00013336242409422994,0.0008166381740011275,0.014700637198984623,0.008299662858204652,-0.009908691075367666,0.02731440314239475,-0.9995434060758104
38180000000,195,38180000000,map,0.00012378675455693156,0.0007693935767747462,0.01469467207789421,0.008235958637543006,-0.00987807064906193,0.027345170341807667,-0.9995434060758104
38216000000,196,38216000000,map,0.0001378527085762471,0.0006939902086742222,0.014673441648483276,0.008267093387109478,-0.009907594434125748,0.027345549663444324,-0.9995427738730828
38248000000,197,38248000000,map,0.0001545138075016439,0.0006257240893319249,0.014647954143583775,0.008209238276449671,-0.009923231573467797,0.02740350158014676,-0.9995415516144759
38280000000,198,38280000000,map,0.00017318560276180506,0.0005476538790389895,0.014610817655920982,0.008196816398349783,-0.00993044436450954,0.027404133782874485,-0.9995415094676274
38316000000,199,38316000000,map,0.00020996980310883373,0.0004960240912623703,0.014591115526854992,0.008200343315780349,-0.009904886499108922,0.027400129832265863,-0.9995418887892641
38348000000,200,38348000000,map,0.00024400644178967923,0.00042498597758822143,0.014568104408681393,0.008198613072403688,-0.009922801132313768,0.02739532509153564,-0.9995418044955671
38380000000,201,38380000000,map,0.00027944857720285654,0.00036883982829749584,0.014552643522620201,0.008194630771445853,-0.009889983966165528,0.027379520023344095,-0.9995426052856887
38416000000,202,38416000000,map,0.000322325446177274,0.00031167519045993686,0.014554193243384361,0.008214805200129838,-0.009862590572585034,0.027330292504283316,-0.9995440382785381
38448000000,203,38448000000,map,0.00037821847945451736,0.00025715111405588686,0.01456446573138237,0.008276672163932276,-0.009852491792555118,0.02735347327096438,-0.9995430267541738
38480000000,204,38480000000,map,0.0004401440091896802,0.00019506033277139068,0.014550989493727684,0.008248875411840642,-0.009871402145056033,0.02739570441317224,-0.9995419309361127
38516000000,205,38516000000,map,0.0005220242310315371,0.0001498024066677317,0.014575893990695477,0.00821871209774151,-0.00988633464177454,0.027400762034993587,-0.9995418466424155
38548000000,206,38548000000,map,0.0006130259716883302,0.0001371940888930112,0.014634019695222378,0.00817824001023248,-0.009861597652103123,0.02743178211549757,-0.9995415937613243
38580000000,207,38580000000,map,0.0006663835956715047,0.00015286698180716485,0.014698091894388199,0.008177291953095175,-0.009853490722255666,0.027464740951033184,-0.9995407508243543
38616000000,208,38616000000,map,0.0007058739429339767,0.00016557784692849964,0.014779146760702133,0.008193696955333533,-0.009874908565288786,0.027471231565703802,-0.9995402450621721
38648000000,209,38648000000,map,0.0007285180035978556,0.00018968388030771166,0.014838243834674358,0.008172257874240028,-0.009855120126004542,0.027457154518301108,-0.9995410037054453
38680000000,210,38680000000,map,0.0007655093213543296,0.00023178334231488407,0.014896772801876068,0.008204599159663187,-0.009883752159486486,0.027495213122506412,-0.9995394442720504
38716000000,211,38716000000,map,0.0008096562814898789,0.00026848787092603743,0.014966988004744053,0.0081915018618523,-0.009888479356600914,0.027482821949044223,-0.9995397814468385
38748000000,212,38748000000,map,0.0008113844087347388,0.0003425458271522075,0.015049999579787254,0.008142788501416183,-0.009860776529419732,0.02742634517203968,-0.999542057376658
38780000000,213,38780000000,map,0.0007605853606946766,0.00043014128459617496,0.015139215625822544,0.00813838333256616,-0.009787868573032585,0.02739557797262676,-0.9995436589569016
38816000000,214,38816000000,map,0.0006933940458111465,0.0005594388931058347,0.015242323279380798,0.008154961943600433,-0.009781729209538851,0.02739604158796033,-0.9995436168100531
38848000000,215,38848000000,map,0.0006184726371429861,0.0006814005319029093,0.015301412902772427,0.00819214600069917,-0.009764221145249623,0.027381037309890444,-0.9995438696911441
38880000000,216,38880000000,map,0.0005253209383226931,0.0008140193531289697,0.015377730131149292,0.008266827335128252,-0.00973612788349327,0.027426766640524736,-0.9995422259640522
38916000000,217,38916000000,map,0.0004400994803290814,0.0009331362671218812,0.01545983087271452,0.008236579480377907,-0.009721181145749777,0.02739886542681058,-0.9995434060758104
38948000000,218,38948000000,map,0.00037694518687203526,0.0010377097642049193,0.015515807084739208,0.008292759336127468,-0.009752402000010667,0.02741745218700392,-0.9995420995235066
38980000000,219,38980000000,map,0.000330431095790118,0.0011215809499844909,0.015546110458672047,0.008282982090453576,-0.009767824289206988,0.027394735035656537,-0.9995426474325373
39016000000,220,39016000000,map,0.00026834619347937405,0.0012181686470285058,0.015560371801257133,0.008274770287393223,-0.009785384790102665,0.02737534748534154,-0.9995431531947194
39048000000,221,39048000000,map,0.00021392978669609874,0.0013073744485154748,0.01556972973048687,0.008263577664935549,-0.009767249791441836,0.02738107945673901,-0.9995432374884163
39080000000,222,39080000000,map,0.00016129294817801565,0.0014039737870916724,0.015565074980258942,0.008300259828801138,-0.009768697354588445,0.027304835807782812,-0.9995449655092054
39116000000,223,39116000000,map,0.0001100219669751823,0.0014807743718847632,0.015533875674009323,0.0082932269850462,-0.009739427273796328,0.02732633070052337,-0.9995447126281143
39148000000,224,39148000000,map,7.941326475702226e-05,0.00150912010576576,0.01550289522856474,0.008258238433019016,-0.00967922980263969,0.027313939527061126,-0.9995459770335695
39180000000,225,39180000000,map,5.006803621654399e-05,0.0015370527980849147,0.01542363129556179,0.008255252756855949,-0.00965359776866386,0.027286881250317196,-0.9995469885579339
39216000000,226,39216000000,map,4.663987783715129e-05,0.0015773584600538015,0.015280273742973804,0.008230529596619197,-0.009679756555928013,0.027277651090493182,-0.9995471992921765
39248000000,227,39248000000,map,2.0781801140401512e-05,0.0016087571857497096,0.015134025365114212,0.008215049026233922,-0.00971516336603583,0.027269221720791104,-0.9995471992921764
39280000000,228,39280000000,map,8.371445801458322e-06,0.0016669008182361722,0.014969531446695328,0.00822758318617242,-0.009748184680981545,0.02726728296575953,-0.9995468621173884
39316000000,229,39316000000,map,8.060964319156483e-06,0.0017328450921922922,0.014803117141127586,0.008195718769291104,-0.00977699081716779,0.027263784777333155,-0.9995469042642369
39348000000,230,39348000000,map,2.726809907471761e-05,0.0017946803709492087,0.01473194733262062,0.008148966965990077,-0.00975072715669074,0.027292318193774978,-0.9995467778236913
39380000000,231,39380000000,map,2.8962760552531108e-05,0.0018603489734232426,0.014700694940984249,0.008130160745839487,-0.009787083587979068,0.02726584997291015,-0.9995472835858734
39416000000,232,39416000000,map,7.759682921459898e-05,0.0019217414082959294,0.014685984700918198,0.00812774528690227,-0.009777142117768499,0.027276808153522958,-0.9995470307047825
39448000000,233,39444000000,map,0.00016228845925070345,0.0019218393135815859,0.014703462831676006,0.008120737385520571,-0.00978156984176792,0.027273857874127283,-0.9995471992921764
39480000000,234,39476000000,map,0.0002523469156585634,0.0019382780883461237,0.014731153845787048,0.008102928777981513,-0.009831826254304305,0.027274237195763884,-0.9995468199705397
39516000000,235,39516000000,map,0.0003094470303039998,0.00196637911722064,0.014770587906241417,0.008104145109687757,-0.009813465374877237,0.027269516748730627,-0.9995471571453279
39548000000,236,39548000000,map,0.0003169781411997974,0.0020006129052489996,0.014865225180983543,0.008099866875291647,-0.00980538668012556,0.027269137427094026,-0.9995471992921765
39580000000,237,39580000000,map,0.00028868307708762586,0.00202201958745718,0.014982238411903381,0.008057681995835416,-0.0097997493745011,0.02728856712425759,-0.9995470728516309
39616000000,238,39616000000,map,0.0002253712445963174,0.001996323000639677,0.015109248459339142,0.008074427300948274,-0.009794117666504959,0.027253711680539083,-0.9995479579354496
39648000000,239,39648000000,map,0.00013485051749739796,0.001974892569705844,0.01523634884506464,0.008101631939209169,-0.009755405621511577,0.027264964889091414,-0.9995478314949041
39680000000,240,39680000000,map,-3.102393384324387e-05,0.0019357805140316486,0.015375940129160881,0.008076341854469107,-0.009734608127404972,0.0272116069788767,-0.9995496859562385
39716000000,241,39716000000,map,-0.00022312981309369206,0.0018683894304558635,0.015538482926785946,0.008042820292651518,-0.009740195548282952,0.027213419293362684,-0.9995498966904811
39748000000,242,39748000000,map,-0.00037270758184604347,0.001772532006725669,0.015691155567765236,0.008016587501448279,-0.009814801067775554,0.027166720585212578,-0.9995506553337543
39780000000,243,39780000000,map,-0.0004495119792409241,0.001676309620961547,0.015790851786732674,0.007973807544711024,-0.009844155936173073,0.02713940942737747,-0.9995514139770274
39816000000,244,39816000000,map,-0.0004674195370171219,0.0015194345032796264,0.015837866812944412,0.007950818332163791,-0.009807517894789518,0.027160314264238872,-0.9995514139770275
39848000000,245,39848000000,map,-0.0004192081105429679,0.0013872863491997123,0.01590120792388916,0.00791704191362161,-0.009808721384877856,0.027147585915988648,-0.9995520040329067
39880000000,246,39880000000,map,-0.0003444765752647072,0.0012304565170779824,0.015949750319123268,0.007871872181182949,-0.009840190757372446,0.02713081147028129,-0.9995525097950888
39916000000,247,39916000000,map,-0.0002562192385084927,0.0010614023776724935,0.015989355742931366,0.007881653872032272,-0.009872220057334949,0.027121918485245478,-0.9995522990608463
39948000000,248,39948000000,map,-0.00016848710947670043,0.0008980983402580023,0.015990642830729485,0.00785559559512365,-0.00985405707053253,0.027080235252068263,-0.9995538584942412
39980000000,249,39976000000,map,-7.662320422241464e-05,0.000763813906814903,0.015996549278497696,0.00781599640835995,-0.00983246956997054,0.027095281676986605,-0.9995539849347866
40016000000,250,40012000000,map,2.4852031856426038e-05,0.0006260871305130422,0.015996448695659637,0.007820127046468209,-0.009824561520564492,0.027122044925791067,-0.999553268438362
40048000000,251,40048000000,map,0.00010034587467089295,0.0005373064777813852,0.015979014337062836,0.00780230666744607,-0.009872491871580617,0.02714556286726011,-0.9995523412076948
40080000000,252,40080000000,map,0.00016018134192563593,0.00045825151028111577,0.015972493216395378,0.007815696770608817,-0.00988696083528357,0.027150156873747833,-0.9995519618860582
40116000000,253,40116000000,map,0.0002435681235510856,0.0003728829906322062,0.015950912609696388,0.007810295964780789,-0.009885209847754905,0.027194621798926732,-0.9995508239211484
40148000000,254,40148000000,map,0.0003202244406566024,0.00024571907124482095,0.01591067761182785,0.007781389729829332,-0.009890022573337308,0.027238538815075097,-0.9995498123967841
40180000000,255,40180000000,map,0.00035552502959035337,0.00017026186105795205,0.015915896743535995,0.007757875574991174,-0.009936836032867895,0.02721721250972864,-0.9995500652778752
40216000000,256,40216000000,map,0.00038989208405837417,4.6193825255613774e-05,0.015935242176055908,0.007744151589762878,-0.009948413163000169,0.027216158838515858,-0.9995501074247236
40248000000,257,40248000000,map,0.0003930118109565228,-4.247999095241539e-05,0.015976134687662125,0.00773141978415392,-0.009898522654256031,0.027262731106120375,-0.9995493909282991
40280000000,258,40280000000,map,0.000407975516282022,-8.907364826882258e-05,0.0160285085439682,0.007698694567282609,-0.009915100359791608,0.027332610580951433,-0.9995476207606615
40316000000,259,40316000000,map,0.00041486299596726894,-0.00014762191858608276,0.01609705574810505,0.007690995935030099,-0.009886725240985838,0.02733370639901267,-0.9995479579354496
40348000000,260,40348000000,map,0.0004336230340413749,-0.00022736321261618286,0.016194134950637817,0.007641833776511793,-0.009904665804380685,0.027376401156554264,-0.9995469042642369
40380000000,261,40380000000,map,0.0004132441245019436,-0.00029097803053446114,0.016284573823213577,0.007607649718919171,-0.009906727377962924,0.02740468169190502,-0.9995463563552063
40416000000,262,40416000000,map,0.00037591284490190446,-0.0003917803114745766,0.016411958262324333,0.007597807112702862,-0.009886344108351843,0.02742402709537156,-0.9995461456209638
40448000000,263,40448000000,map,0.00032494019251316786,-0.0004755260015372187,0.01652291789650917,0.0075707657934799485,-0.009865132554385847,0.027443625379929115,-0.9995460191804181
40480000000,264,40480000000,map,0.00027814717032015324,-0.0005405903211794794,0.01661687158048153,0.007531456530935888,-0.009809520528638293,0.027477806474071442,-0.9995459770335696
40516000000,265,40516000000,map,0.0002521597780287266,-0.0005975387757644057,0.016725346446037292,0.007491125042679313,-0.009839125643948848,0.027532175908650536,-0.9995444597470231
40548000000,266,40548000000,map,0.00023164333833847195,-0.0006558052846230567,0.0168285109102726,0.007473444522047056,-0.009864799577818998,0.027562142317941796,-0.9995434903695075
40580000000,267,40580000000,map,0.00020753330318257213,-0.000685526872985065,0.016929324716329575,0.00741902512040346,-0.00987836551236538,0.02755923418539452,-0.9995438696911441
40616000000,268,40616000000,map,0.0001894046290544793,-0.0006953810225240886,0.017035087570548058,0.007391160620545568,-0.00985357279336497,0.027550509787752808,-0.9995445861875687
40648000000,269,40648000000,map,0.00017646185006015003,-0.0007316051051020622,0.017076482996344566,0.007326529498488938,-0.009816948746052212,0.02758157201510536,-0.9995445440407202
40680000000,270,40680000000,map,0.00012490252265706658,-0.0007700161077082157,0.017099708318710327,0.0072999219131425945,-0.009801682120313966,0.027573732701282272,-0.9995451340965993
40716000000,271,40716000000,map,5.40838336746674e-05,-0.0008046820876188576,0.01710832305252552,0.00727999139288075,-0.009786226409983865,0.027586840371169208,-0.9995450076560539
40748000000,272,40748000000,map,-1.8499213183531538e-05,-0.0008389869472011924,0.017101049423217773,0.00722386660791567,-0.009774651502439308,0.027609346788274036,-0.9995449233623568
40780000000,273,40780000000,map,-8.983436418930069e-05,-0.0008804138633422554,0.017042743042111397,0.007177578749220516,-0.009789005220853362,0.027621611521190637,-0.9995447969218114
40816000000,274,40812000000,map,-0.00019724310550373048,-0.000941859616432339,0.01692378520965576,0.0071746512719283425,-0.009759411136163318,0.027596154824690078,-0.9995458084461755
40848000000,275,40848000000,map,-0.0002555178361944854,-0.0010299092391505837,0.016812559217214584,0.007075620995179172,-0.009714234653643449,0.027579928288013422,-0.9995473678795704
40880000000,276,40880000000,map,-0.0002832826867233962,-0.0011722486233338714,0.01670071855187416,0.007053432902025901,-0.009721518567492055,0.02759830431396415,-0.9995470307047823
40916000000,277,40916000000,map,-0.00034191409940831363,-0.0013244254514575005,0.01659543253481388,0.007052171130748607,-0.009733756958628405,0.02759876792929783,-0.9995468199705398
40948000000,278,40948000000,map,-0.0004298002750147134,-0.0014749180991202593,0.01649405062198639,0.006988256834388914,-0.009727187236298706,0.027613730060519148,-0.9995469464110853
40980000000,279,40980000000,map,-0.000547702657058835,-0.0016186031280085444,0.016382679343223572,0.00693732615459442,-0.009733078740103247,0.027584438000804123,-0.9995480843759952
41016000000,280,41016000000,map,-0.0007440228946506977,-0.0018118497682735324,0.01624113693833351,0.006900523065493551,-0.009727525563539683,0.02756391248557921,-0.9995488851661167
41048000000,281,41048000000,map,-0.000943225109949708,-0.002014903584495187,0.01612800732254982,0.006791199244176229,-0.009663249150018665,0.027600622390632268,-0.9995492644877535
41080000000,282,41080000000,map,-0.0012157234596088529,-0.0022456254810094833,0.016013797372579575,0.0067664713918098585,-0.009717295403880425,0.02760053809693519,-0.9995489273129654
41116000000,283,41116000000,map,-0.0015130038373172283,-0.0024713457096368074,0.01588255539536476,0.006784834082234322,-0.009703567549703144,0.02761259209560929,-0.9995485901381773
41148000000,284,41148000000,map,-0.001845501596108079,-0.0027124863117933273,0.0157349593937397,0.006713738769605396,-0.009731376731822367,0.02761360361997356,-0.9995487587255714
41180000000,285,41180000000,map,-0.0021876515820622444,-0.0029586567543447018,0.015560359694063663,0.0066521144794541515,-0.009745710940855372,0.027673662879101613,-0.9995474521732675
41216000000,286,41216000000,map,-0.0025956074241548777,-0.0032482314854860306,0.015318523161113262,0.006635036609364763,-0.009730948183983797,0.027699077428753605,-0.9995469042642369
41248000000,287,41248000000,map,-0.002932098926976323,-0.0034943129867315292,0.015117320232093334,0.006574119431378965,-0.00967993913739285,0.027649765615995914,-0.9995491801940564
41280000000,288,41280000000,map,-0.0032898704521358013,-0.0037685094866901636,0.014897762797772884,0.006550289833721482,-0.00966026660194201,0.027598304313964095,-0.9995509925085424
41316000000,289,41316000000,map,-0.0036552941892296076,-0.004090723115950823,0.014638838358223438,0.006531170640293475,-0.009678627152096822,0.027617986892218727,-0.9995503603058147
41348000000,290,41348000000,map,-0.004021832253783941,-0.0044389767572283745,0.014321626164019108,0.006459059028852604,-0.009689503343918411,0.027619883500401732,-0.9995506553337543
41380000000,291,41380000000,map,-0.004436854273080826,-0.00483250617980957,0.01396133191883564,0.006342325594003715,-0.009722546308514825,0.027601971089784627,-0.9995516247112701
41416000000,292,41412000000,map,-0.004984640050679445,-0.005382392555475235,0.013455365784466267,0.00631463824261847,-0.009718411472185329,0.027574786372495053,-0.9995525940887857
41448000000,293,41448000000,map,-0.005449692718684673,-0.00587009871378541,0.013031027279794216,0.0061881249279176565,-0.009716142457083075,0.027630251625135438,-0.9995518354455126
41480000000,294,41476000000,map,-0.005916737951338291,-0.0064076888374984264,0.012581747025251389,0.006143555788070275,-0.009764014856182496,0.0276157952560962,-0.9995520461797551
41516000000,295,41512000000,map,-0.006414903327822685,-0.0069631002843379974,0.0121389115229249,0.006108623294644332,-0.00976089269667015,0.027650439965572093,-0.999551371830179
41548000000,296,41548000000,map,-0.006902436725795269,-0.00755516579374671,0.011675127781927586,0.006042840460561303,-0.009749405869453534,0.02764761612672184,-0.9995520040329067
41580000000,297,41576000000,map,-0.007377392612397671,-0.008173088543117046,0.011187441647052765,0.005965243338005063,-0.009725749139729399,0.027672819942131388,-0.9995519197392098
41616000000,298,41616000000,map,-0.007943512871861458,-0.00897081010043621,0.010564103722572327,0.005924586446443481,-0.009732953287374477,0.02765996515333563,-0.9995524676482404
41648000000,299,41648000000,map,-0.008391661569476128,-0.009643862023949623,0.010040591470897198,0.005889450298128444,-0.00968279211683756,0.027661145265093945,-0.9995531419978165
41680000000,300,41680000000,map,-0.008864102885127068,-0.010332954116165638,0.009493128396570683,0.005852950962681883,-0.009666285204836592,0.027643064267082684,-0.9995540270816352
41716000000,301,41716000000,map,-0.009344336576759815,-0.011049455031752586,0.008947834372520447,0.005825848563455854,-0.009673055700923163,0.027614657291186395,-0.9995548700186054
41748000000,302,41748000000,map,-0.009869868867099285,-0.011824396438896656,0.008426440879702568,0.005744944724288907,-0.00976896645233802,0.027616258871429766,-0.9995543642564233
41780000000,303,41780000000,map,-0.010465728119015694,-0.012695622630417347,0.007807448506355286,0.005759765268441058,-0.009680244043500047,0.027678383326134814,-0.9995534370257559
41816000000,304,41816000000,map,-0.011232762597501278,-0.013864554464817047,0.007071619853377342,0.005770815974557262,-0.009722383977293607,0.027713112329307787,-0.9995520040329067
41848000000,305,41848000000,map,-0.011886682361364365,-0.014859473332762718,0.006523855961859226,0.00587936567680545,-0.009659509605030085,0.027711552895912872,-0.9995520461797552
41880000000,306,41880000000,map,-0.012554819695651531,-0.0159064419567585,0.005965690594166517,0.005949881964175732,-0.009650347275290521,0.027694820597054026,-0.9995521726203007
41916000000,307,41916000000,map,-0.013210213743150234,-0.017008185386657715,0.005403380375355482,0.00598801827663301,-0.009650601473470603,0.027683398801107595,-0.9995522147671493
41948000000,308,41948000000,map,-0.01387039478868246,-0.018158774822950363,0.004828737583011389,0.006044354454385154,-0.009655409836195637,0.02772769513889256,-0.9995506553337543
41980000000,309,41980000000,map,-0.01455073244869709,-0.019340017810463905,0.004243274684995413,0.006077663635598921,-0.00958371014434451,0.027714671762702703,-0.9995514561238761
42016000000,310,42016000000,map,-0.015360420569777489,-0.02075844444334507,0.0035229059867560863,0.006086826623882993,-0.009507650887850539,0.02775500629672767,-0.9995510768022394
42048000000,311,42048000000,map,-0.015982748940587044,-0.021874798461794853,0.002958723111078143,0.006073580330377175,-0.009391966020494484,0.027796310208268282,-0.9995510768022395
42080000000,312,42080000000,map,-0.01661868579685688,-0.023026147857308388,0.002355550415813923,0.006113877656637398,-0.009319697675460715,0.027751887429937783,-0.9995527626761799
42116000000,313,42116000000,map,-0.017262157052755356,-0.02423216588795185,0.0017445653211325407,0.006109901694170453,-0.009298905778982432,0.027763772841217838,-0.9995525940887858
42148000000,314,42148000000,map,-0.017928097397089005,-0.02550184354186058,0.0011315278243273497,0.006127484173989084,-0.009233636774251756,0.02775690290491062,-0.9995533105852105
42180000000,315,42180000000,map,-0.01860765367746353,-0.02681022323668003,0.000496982189361006,0.006213155875393825,-0.00920605528389617,0.02776537442146132,-0.9995527626761798
42216000000,316,42216000000,map,-0.019450442865490913,-0.02849007584154606,-0.0003346800513099879,0.006248862323252776,-0.009173591509194527,0.027780125818440138,-0.9995524255013917
42248000000,317,42248000000,map,-0.020145483314990997,-0.02989690937101841,-0.0009988113306462765,0.006320216608509465,-0.009151434449951194,0.027808912115973028,-0.999551371830179
42280000000,318,42280000000,map,-0.02086764946579933,-0.03135644271969795,-0.0016865736106410623,0.00636806151337568,-0.009142841431938782,0.027796268061419827,-0.999551540417573
42316000000,319,42316000000,map,-0.021808484569191933,-0.033254317939281464,-0.0025932558346539736,0.006379808959581329,-0.009129205280084238,0.027766512386371067,-0.9995523833545432
42348000000,320,42348000000,map,-0.022388780489563942,-0.03443700820207596,-0.003145819529891014,0.006376061841330907,-0.009078768673306857,0.02776710244225028,-0.9995528891167254
42380000000,321,42380000000,map,-0.023181572556495667,-0.0360429510474205,-0.003903918666765094,0.006368672560361025,-0.009016165209790305,0.02778986174044612,-0.9995528891167254
42416000000,322,42416000000,map,-0.02405499666929245,-0.037792645394802094,-0.004830062389373779,0.006359455324473107,-0.008991172375577536,0.02782914260325836,-0.9995520461797551
42448000000,323,42448000000,map,-0.024735823273658752,-0.039112579077482224,-0.005559531506150961,0.006383356785800023,-0.00892617378568545,0.027888696100204224,-0.9995508239211484
42480000000,324,42480000000,map,-0.025433233007788658,-0.04049510508775711,-0.006277334410697222,0.006422745238321168,-0.00883860885113832,0.02785308201321246,-0.9995522990608463
42516000000,325,42516000000,map,-0.026173364371061325,-0.04191691800951958,-0.007005913648754358,0.006433831341204676,-0.008820966279133338,0.027819954590282914,-0.9995533105852105
42548000000,326,42548000000,map,-0.026969710364937782,-0.043382126837968826,-0.0077390181832015514,0.006471462550024332,-0.008740906364753371,0.027819870296585836,-0.9995538163473927
42580000000,327,42580000000,map,-0.0278099924325943,-0.04492660239338875,-0.008509687148034573,0.006465610147299954,-0.008621769654040662,0.027807015507790078,-0.9995552071933935
42616000000,328,42616000000,map,-0.028905199840664864,-0.046917494386434555,-0.009468921460211277,0.006487143070985846,-0.008576696398372418,0.027808364206942382,-0.9995554600744846
42648000000,329,42648000000,map,-0.029864687472581863,-0.048583924770355225,-0.010164818726480007,0.0064972893485383985,-0.00857009045609478,0.027823368485012268,-0.9995550386059995
42680000000,330,42680000000,map,-0.030886637046933174,-0.05031266063451767,-0.01086050271987915,0.006426391763897994,-0.008506677888332108,0.027881109667472204,-0.9995544485501203
42716000000,331,42716000000,map,-0.031986575573682785,-0.05214441195130348,-0.011468637734651566,0.00639247260583371,-0.008330250028012617,0.027922835047497985,-0.9995549543123025
42748000000,332,42748000000,map,-0.03315311297774315,-0.05405445769429207,-0.011968670412898064,0.006363029780585343,-0.007653783190086117,0.02793484689932363,-0.9995602226683662
42780000000,333,42780000000,map,-0.03436483070254326,-0.05601700767874718,-0.012366075068712234,0.006302452041134378,-0.006802652156350566,0.027967510706919607,-0.9995658281992182
42816000000,334,42816000000,map,-0.03560192137956619,-0.05813823640346527,-0.012467251159250736,0.006215037707484418,-0.006314952985734136,0.02795587817673062,-0.9995699585903723
42848000000,335,42848000000,map,-0.0364379957318306,-0.05967869609594345,-0.012175140902400017,0.006098701601348517,-0.005556764375782259,0.027891056323720853,-0.9995769549672251
42880000000,336,42880000000,map,-0.037284497171640396,-0.061287861317396164,-0.011492491699755192,0.0060494135579316054,-0.005134161815292025,0.027791884789174603,-0.9995823076169861
42916000000,337,42916000000,map,-0.03813185170292854,-0.06297393143177032,-0.010457264259457588,0.00604302983326638,-0.004870672683496916,0.027760358946488484,-0.9995844992531087
42948000000,338,42948000000,map,-0.03904487565159798,-0.06472761183977127,-0.00905642844736576,0.0060905296196513805,-0.003032924920516958,0.027666792942794283,-0.999594108734569
42980000000,339,42980000000,map,-0.04011115804314613,-0.06655923277139664,-0.007346681319177151,0.0061869155109287475,-0.0013838464959202222,0.027633201904531224,-0.9995980283914806
43016000000,340,43016000000,map,-0.041758038103580475,-0.06897366791963577,-0.0051031834445893764,0.006306165902887147,-0.0014154627238400917,0.02758966421001946,-0.9995984920068142
43048000000,341,43048000000,map,-0.043256357312202454,-0.07100663334131241,-0.0034019730519503355,0.00661403694209421,-0.0027050988302651283,0.02760879887924339,-0.9995932657975988
43080000000,342,43080000000,map,-0.04475824907422066,-0.07310694456100464,-0.0017100692493841052,0.00705456535162544,-0.004229956992137844,0.027757956576123455,-0.9995808324772881
43116000000,343,43116000000,map,-0.04622669517993927,-0.07527569681406021,8.397621422773227e-05,0.0073612152846785775,-0.005045116555009014,0.027862817935218553,-0.9995719816391009
43148000000,344,43148000000,map,-0.047612741589546204,-0.07749352604150772,0.0020195336546748877,0.008053431667262833,-0.006641192189516887,0.02808762922517566,-0.9995509925085424
43180000000,345,43180000000,map,-0.048887141048908234,-0.07978639751672745,0.004073787480592728,0.008772211677347526,-0.00782464038125355,0.028265531072740102,-0.9995313942239847
43216000000,346,43216000000,map,-0.049835458397865295,-0.08186911791563034,0.006905880756676197,0.009121554227672548,-0.008329634206579591,0.02838969568845312,-0.9995206046307661
43248000000,347,43248000000,map,-0.05026274174451828,-0.08313547074794769,0.009403272531926632,0.009938158102126818,-0.009155826242115899,0.02869547107439968,-0.9994968759550544
43280000000,348,43280000000,map,-0.0506536029279232,-0.08447230607271194,0.012104346416890621,0.010716987534330947,-0.009846862883373136,0.028955306395469393,-0.9994747488595861
43316000000,349,43316000000,map,-0.05099942535161972,-0.08585439622402191,0.015018682926893234,0.011032811815560917,-0.0101281659322224,0.029128740677091702,-0.9994634956510338
43348000000,350,43348000000,map,-0.05129053816199303,-0.08727255463600159,0.018180888146162033,0.0117161164445909,-0.010543862768627253,0.02942444296624408,-0.9994427594015665
43380000000,351,43380000000,map,-0.05155656486749649,-0.08869528025388718,0.021600987762212753,0.012166755364476093,-0.010794581652277752,0.029720988192366737,-0.9994259006621621
43416000000,352,43416000000,map,-0.05185726284980774,-0.09048822522163391,0.026256948709487915,0.012361190671617022,-0.01082743903080001,0.02985109551371995,-0.9994192836069459
43448000000,353,43448000000,map,-0.05208921059966087,-0.09198550879955292,0.030336257070302963,0.012765255389423184,-0.01075349740648952,0.03017495189767766,-0.9994052908532403
43480000000,354,43480000000,map,-0.052331313490867615,-0.09352317452430725,0.034764472395181656,0.013095419559632544,-0.010481048076959765,0.030456956461064055,-0.9993953863438402
43516000000,355,43516000000,map,-0.052670907229185104,-0.09502068907022476,0.03950810059905052,0.013266326594387427,-0.010281820994183595,0.030629674246261673,-0.9993899072535337
43544000000,356,43548000000,map,-0.053127311170101166,-0.0964868813753128,0.04460294544696808,0.013666880364467343,-0.009997089397989645,0.03092769461208217,-0.9993782325764963
43580000000,357,43576000000,map,-0.053713273257017136,-0.09791167080402374,0.05000212416052818,0.014032986000606937,-0.009923448646201241,0.03140100372085952,-0.9993590979072722
43616000000,358,43616000000,map,-0.05414404720067978,-0.09868178516626358,0.05731573328375816,0.014251402000210899,-0.010000758643351999,0.03164208369434185,-0.9993476339644773
43648000000,359,43648000000,map,-0.05436231568455696,-0.09885858744382858,0.06350716203451157,0.014551287528714164,-0.010366255949002345,0.03212074545288007,-0.9993243267572508
43680000000,360,43680000000,map,-0.05467376857995987,-0.09911834448575974,0.06994011253118515,0.014913600771668414,-0.010991280047620363,0.03275075654442089,-0.9992918736838974
43716000000,361,43716000000,map,-0.05506002902984619,-0.0994451493024826,0.07657720893621445,0.015059463111830523,-0.011311211506310497,0.03311688621743508,-0.9992740455669773
43748000000,362,43748000000,map,-0.055526964366436005,-0.09981565922498703,0.08342789113521576,0.015334605641443734,-0.011869601931341171,0.0338525173113442,-0.9992387265079252
43780000000,363,43780000000,map,-0.05607780069112778,-0.1002301350235939,0.09050704538822174,0.01545843538727452,-0.012355829378459355,0.034670629787789176,-0.9992028595398423
43816000000,364,43816000000,map,-0.05684225261211395,-0.10077572613954544,0.09966558963060379,0.015544023124254493,-0.012567779952720067,0.03504384013135309,-0.9991858743598925
43848000000,365,43848000000,map,-0.0575040765106678,-0.10122223198413849,0.10725706815719604,0.015686799030943815,-0.012882700381612834,0.035879738577869746,-0.9991500073918098
43880000000,366,43880000000,map,-0.05821678042411804,-0.10167942196130753,0.11503636837005615,0.01577076617220771,-0.013151152016706878,0.03675736240441202,-0.9991132131930597
43916000000,367,43916000000,map,-0.058908332139253616,-0.10218504816293716,0.12308496236801147,0.01576812639654746,-0.013131248496769861,0.03716736694672601,-0.9990983775023838
43948000000,368,43948000000,map,-0.05956382676959038,-0.10272563248872757,0.13134971261024475,0.01582558860309019,-0.013019482710098878,0.0380700681481323,-0.9990649129046663
43980000000,369,43980000000,map,-0.06018131971359253,-0.10332752764225006,0.13972826302051544,0.015811022915662627,-0.012982573924604477,0.03903746476200287,-0.9990282872933103
44016000000,370,44016000000,map,-0.060175005346536636,-0.10237549245357513,0.15074759721755981,0.01581164309995302,-0.012975953082757345,0.039534418252794856,-0.9990088575961468
44048000000,371,44048000000,map,-0.05977003276348114,-0.10086911916732788,0.1598057895898819,0.015951447324550068,-0.0130323582430467,0.04054914577754315,-0.9989652777547865
44080000000,372,44080000000,map,-0.05934277921915054,-0.09960009157657623,0.16891741752624512,0.016087481381838915,-0.01295563533832481,0.04154764676561473,-0.99892300446573
44116000000,373,44116000000,map,-0.05889984592795372,-0.0985453650355339,0.17798566818237305,0.016192310142980875,-0.012910876373023001,0.042069382603331096,-0.9989001187269886
44148000000,374,44148000000,map,-0.058388832956552505,-0.09770027548074722,0.18700842559337616,0.01635059032765776,-0.012792319593067637,0.04318374527795915,-0.9988514812638071
44180000000,375,44180000000,map,-0.05780939757823944,-0.09702707082033157,0.19596512615680695,0.01652515286065839,-0.012735338864878303,0.044291027282037376,-0.998800820751897
44216000000,376,44216000000,map,-0.05692119523882866,-0.0964110940694809,0.20711852610111237,0.016675436668647094,-0.012620590118540349,0.04484487901831896,-0.9987750690274568
44248000000,377,44248000000,map,-0.056080833077430725,-0.0960860326886177,0.2159835249185562,0.016897925436760677,-0.012233038486589914,0.0458870441414479,-0.9987288339346404
44280000000,378,44280000000,map,-0.055191200226545334,-0.09588184207677841,0.22482457756996155,0.017138116375157213,-0.011616270725104603,0.046777986372119607,-0.998690775330435
44316000000,379,44316000000,map,-0.05429571866989136,-0.09576293081045151,0.23376747965812683,0.017224709380328624,-0.011287646808181352,0.04713366362670307,-0.9986763189613957
44348000000,380,44348000000,map,-0.053423911333084106,-0.09575274586677551,0.2427903711795807,0.017568105109110433,-0.01059187971824618,0.04787275076219011,-0.9986427700699811
44380000000,381,44380000000,map,-0.052564848214387894,-0.09581901133060455,0.2519091069698334,0.017910119211514496,-0.009951489635987274,0.04858410527135698,-0.9986089682974754
44416000000,382,44416000000,map,-0.0499468594789505,-0.09375496953725815,0.264187753200531,0.01804803621218779,-0.009638705360842277,0.048923935310900335,-0.9985929103481928
44448000000,383,44448000000,map,-0.04714210703969002,-0.0911891981959343,0.27426037192344666,0.01845876581200506,-0.00904208181731165,0.04947116999196577,-0.9985639976101142
44480000000,384,44480000000,map,-0.044430747628211975,-0.08888234198093414,0.2838594615459442,0.018897587932716106,-0.008420294958858748,0.049944184072803544,-0.9985377401234921
44516000000,385,44516000000,map,-0.04185054823756218,-0.08680284768342972,0.29283156991004944,0.019104434128495447,-0.00801049588243126,0.05011374084436293,-0.9985286785510621
44548000000,386,44548000000,map,-0.039460472762584686,-0.08492322266101837,0.3010825514793396,0.019364872017789914,-0.007190782484287392,0.050292401335200576,-0.9985208813840876
44580000000,387,44580000000,map,-0.03724568337202072,-0.0832551047205925,0.30847081542015076,0.01952153053661589,-0.006256298607836801,0.05021337599424264,-0.99852817278888
44616000000,388,44616000000,map,-0.034848012030124664,-0.08142033964395523,0.31632518768310547,0.019593099836654436,-0.005698992147066265,0.05015757356681422,-0.9985328932359132
44648000000,389,44648000000,map,-0.03319527208805084,-0.08014786243438721,0.32146090269088745,0.019694216711677152,-0.004325401329404925,0.049884461988463635,-0.998551437849258
44680000000,390,44680000000,map,-0.03179950639605522,-0.07898757606744766,0.32573235034942627,0.01966584266300621,-0.003332272747429459,0.04961539650757002,-0.9985692238193297
44716000000,391,44716000000,map,-0.030713120475411415,-0.07795516401529312,0.32920411229133606,0.0196671373615089,-0.0029119777886337426,0.049464805817840574,-0.9985780325106685
44748000000,392,44748000000,map,-0.029984747990965843,-0.07704618573188782,0.33206290006637573,0.019578768591071716,-0.0022500641669481853,0.04917622634608654,-0.9985956920401944
44780000000,393,44780000000,map,-0.0295889712870121,-0.07623888552188873,0.3345220386981964,0.01943634648741931,-0.0021907503802031966,0.04885376080812964,-0.9986144473877818
44816000000,394,44816000000,map,-0.02588663622736931,-0.07140514254570007,0.33839601278305054,0.019320669193325098,-0.0023187437736857017,0.0486922119377875,-0.9986242676034849
44848000000,395,44848000000,map,-0.022824924439191818,-0.06714744120836258,0.3414403200149536,0.019147967213195644,-0.003097618851256039,0.04841231471682661,-0.9986391454410092
44880000000,396,44880000000,map,-0.020288774743676186,-0.06325365602970123,0.3443528413772583,0.01884408119144251,-0.0043003496377767535,0.048178020385954534,-0.998651747348714
44916000000,397,44916000000,map,-0.01821077987551689,-0.05969931185245514,0.3472001552581787,0.018633694001843747,-0.004961299808847133,0.048111723393246875,-0.9986558355930195
44948000000,398,44948000000,map,-0.016554007306694984,-0.05641651153564453,0.35009506344795227,0.018132053649788482,-0.006312594285101703,0.047895720794628505,-0.9986678474448452
44980000000,399,44980000000,map,-0.015295001678168774,-0.05339536815881729,0.3531917631626129,0.017543270737169898,-0.007637911814694386,0.04764819235332407,-0.998680955114732
45016000000,400,45016000000,map,-0.0141785629093647,-0.04999963939189911,0.35737234354019165,0.017277775884598633,-0.008253038483265805,0.04754430037174473,-0.9986856334149168
45048000000,401,45048000000,map,-0.013576884754002094,-0.047564342617988586,0.3611200451850891,0.016664126002086364,-0.009425350111146036,0.04726861783563496,-0.9986987410848036
45080000000,402,45080000000,map,-0.013229602947831154,-0.045378632843494415,0.36514362692832947,0.01620058047418438,-0.010532614993067036,0.04710715325898973,-0.9987029979165032
45116000000,403,45116000000,map,-0.013054613955318928,-0.04302492365241051,0.3705612123012543,0.015981593845764246,-0.011083534395290775,0.04702087866008797,-0.998704557349898
45148000000,404,45148000000,map,-0.013067761436104774,-0.0414414219558239,0.3752744197845459,0.01563712123207576,-0.012069558434477996,0.04679737392243466,-0.9987091513563857
45180000000,405,45180000000,map,-0.0132014574483037,-0.04013092443346977,0.3801994323730469,0.01555664832797122,-0.012954280136045444,0.04646475099398667,-0.9987147990340862
45216000000,406,45216000000,map,-0.010201380588114262,-0.035740651190280914,0.3860233724117279,0.01553632910181354,-0.013265294078916856,0.046350996649855813,-0.9987163584674812
45248000000,407,45248000000,map,-0.006463287398219109,-0.030754730105400085,0.39215466380119324,0.015693472967941904,-0.014012824413540742,0.04597546822962373,-0.9987209946208173
45280000000,408,45280000000,map,-0.003084945259615779,-0.026254992932081223,0.39836689829826355,0.01588675364076518,-0.014496996378613384,0.04554961647226957,-0.9987306041022779
45316000000,409,45316000000,map,-3.731908509507775e-05,-0.022242974489927292,0.40453198552131653,0.01593188427212368,-0.014554380053723536,0.045378120945678835,-0.9987367996890089
45348000000,410,45348000000,map,0.00273575889877975,-0.01869344711303711,0.41075193881988525,0.01589913370128881,-0.014499077955485053,0.04484264523534792,-0.998762298532358
45380000000,411,45380000000,map,0.005261044949293137,-0.015586046501994133,0.4169272184371948,0.01585127809507434,-0.014181852291542094,0.044216005891688004,-0.9987955945426816
45416000000,412,45416000000,map,0.008107023313641548,-0.01227156724780798,0.42463240027427673,0.015758547043498217,-0.01379698842668293,0.043832596010784375,-0.9988193232183933
45448000000,413,45448000000,map,0.010160633362829685,-0.010041710920631886,0.4307771921157837,0.015609606995578047,-0.01313354533537758,0.04324258227848027,-0.9988563702982344
45480000000,414,45480000000,map,0.01199046615511179,-0.00815578829497099,0.43687716126441956,0.015600507145248679,-0.012203076028565716,0.042694883982081266,-0.9988918157978319
45516000000,415,45516000000,map,0.013592228293418884,-0.006600316148251295,0.4430118501186371,0.015552701259144562,-0.011670045658629072,0.04243938978640821,-0.9989098546489946
45548000000,416,45548000000,map,0.014977076090872288,-0.005390437785536051,0.4491511881351471,0.015429078790197667,-0.01051853893348116,0.04202369541954526,-0.9989420969881054
45580000000,417,45580000000,map,0.016112415120005608,-0.004460413008928299,0.455386757850647,0.015286700809027295,-0.009454934893894904,0.04175985614786709,-0.9989660363980597
45616000000,418,45616000000,map,0.02119707129895687,-0.0002962913131341338,0.46335670351982117,0.015248725839974471,-0.00890289349646569,0.041713578908202154,-0.9989736228307917
45648000000,419,45644000000,map,0.026781784370541573,0.004216659814119339,0.4698798954486847,0.015214491074454734,-0.007982283506437026,0.04174784429604145,-0.9989804927670989
45680000000,420,45676000000,map,0.031732335686683655,0.008196401409804821,0.4763822555541992,0.015187299442447875,-0.007282052143282239,0.0420424929139811,-0.9989738757118828
45716000000,421,45716000000,map,0.036043860018253326,0.011656851507723331,0.48293566703796387,0.01518272552156768,-0.006856882308766182,0.04227788306291452,-0.9989670057755755
45748000000,422,45748000000,map,0.039749160408973694,0.01465059258043766,0.4895322322845459,0.014955215516216857,-0.0060042449779457155,0.04284303015459706,-0.99895187505696
45780000000,423,45776000000,map,0.04288157448172569,0.017228469252586365,0.4961528778076172,0.014814926438225807,-0.005123362014633363,0.043556281271946884,-0.9989279777938544
45816000000,424,45816000000,map,0.04606208950281143,0.019913578405976295,0.5044842958450317,0.014681261988712809,-0.004741548116344856,0.04396211327625832,-0.9989140271869972
45848000000,425,45848000000,map,0.048045072704553604,0.0216709915548563,0.5111610889434814,0.01432530880398053,-0.004133792536451289,0.044784904052887986,-0.9988853673300098
45880000000,426,45880000000,map,0.04958668723702431,0.023102253675460815,0.5178261399269104,0.013925997378114922,-0.0036285035185495453,0.045716686579766797,-0.998850806914231
45916000000,427,45916000000,map,0.05066990479826927,0.024244744330644608,0.5243980884552002,0.013788137012269311,-0.0034792437472707534,0.04617199898423002,-0.9988323044477346
45948000000,428,45948000000,map,0.05129097402095795,0.025118021294474602,0.5309789180755615,0.013479548324184671,-0.0032248111253445825,0.04717193296515099,-0.9987906212145574
45980000000,429,45980000000,map,0.05150436982512474,0.02574283443391323,0.5374504327774048,0.013281588198723797,-0.003187208563211023,0.04824305297320686,-0.9987422366324668
46016000000,430,46016000000,map,0.05833042785525322,0.03080011159181595,0.5469422936439514,0.013211754163463787,-0.0032923313644757962,0.04875125967255123,-0.9987182129288157
46048000000,431,46048000000,map,0.0642608255147934,0.035155974328517914,0.5546413064002991,0.01319286611915808,-0.003831410301082134,0.049817153471391706,-0.9986639277879337
46080000000,432,46080000000,map,0.06933920830488205,0.03897777199745178,0.5621630549430847,0.013153601390686371,-0.0044507368372532115,0.050854640294335896,-0.9986095583533545
46116000000,433,46116000000,map,0.07365056127309799,0.0423056036233902,0.5695124268531799,0.013157188811893606,-0.004710884637691911,0.05135454406452361,-0.9985827108108531
46148000000,434,46148000000,map,0.07727393507957458,0.045190054923295975,0.5765961408615112,0.013078951090167228,-0.005201986301985928,0.05225690809114181,-0.9985344948161567
46180000000,435,46176000000,map,0.08023262023925781,0.047672804445028305,0.583418071269989,0.012987446989327538,-0.005703036598162041,0.05301740582567244,-0.9984928537298279
46216000000,436,46216000000,map,0.08308634161949158,0.05026716738939285,0.5915294289588928,0.012919663003120878,-0.006030101410962642,0.05348991414432808,-0.9984665962432056
46248000000,437,46248000000,map,0.08473418653011322,0.051927439868450165,0.5977115631103516,0.012787377216535339,-0.006534147426105568,0.054167340440443634,-0.9984286219326972
46280000000,438,46280000000,map,0.08583983778953552,0.053252074867486954,0.6036719679832458,0.01266068889363153,-0.0072076331565215255,0.054876714047730424,-0.998386854405823
46316000000,439,46316000000,map,0.08642104268074036,0.05428466945886612,0.6094648838043213,0.012598279289154515,-0.00746872432196791,0.055132081802857946,-0.9983716393935106
46348000000,440,46348000000,map,0.08656605333089828,0.05499504879117012,0.6150529980659485,0.01252003251244115,-0.008129628888831113,0.05555637412681713,-0.998344033207736
46380000000,441,46380000000,map,0.08630804717540741,0.055411260575056076,0.6204667091369629,0.01251561894714865,-0.008633861930614306,0.05590994403897509,-0.9983200516509332
46416000000,442,46416000000,map,0.09335334599018097,0.06134290248155594,0.627403974533081,0.012529079102983436,-0.008877137985394615,0.05602020019467957,-0.9983116222812309
46448000000,443,46448000000,map,0.09954730421304703,0.06651041656732559,0.6328447461128235,0.01265519301044016,-0.009288179076764155,0.05621736315201359,-0.9982951850103119
46480000000,444,46480000000,map,0.10486280918121338,0.07104740291833878,0.6383258700370789,0.012773246991663682,-0.009469565283320377,0.056370735533744665,-0.9982833417458802
46516000000,445,46516000000,map,0.10937695950269699,0.07499009370803833,0.6435716152191162,0.012759299842165242,-0.009435407073599694,0.05635488831870461,-0.9982846904450327
46548000000,446,46548000000,map,0.11313919723033905,0.0784120187163353,0.6488088965415955,0.01271328898375376,-0.009113267844446549,0.05634452019397085,-0.9982889051298838
46580000000,447,46580000000,map,0.11616498976945877,0.0813513845205307,0.6539279222488403,0.01252835503329691,-0.008549283907001194,0.056337692404512085,-0.9982965758563127
46616000000,448,46616000000,map,0.11899180710315704,0.08442608267068863,0.6602464318275452,0.012372499115590038,-0.00822591171789298,0.0563145959315281,-0.9983025607088012
46648000000,449,46648000000,map,0.12050426006317139,0.08646292239427567,0.6652228236198425,0.0120661297224973,-0.007686612498148724,0.05622478099735145,-0.998315668378688
46680000000,450,46680000000,map,0.12140798568725586,0.08812382072210312,0.6701812148094177,0.011725289640314843,-0.007235544906947866,0.05617690217744303,-0.9983257836223307
46716000000,451,46716000000,map,0.12173598259687424,0.08945350348949432,0.6748655438423157,0.01154649727593944,-0.007014521729636801,0.05612417646995599,-0.9983324006775469
46748000000,452,46748000000,map,0.12151485681533813,0.09045487642288208,0.6793834567070007,0.011288844206733106,-0.006752701720056205,0.05605404411403381,-0.9983410829283402
46780000000,453,46780000000,map,0.12074761092662811,0.09117922931909561,0.6839826107025146,0.011047831075518351,-0.006632669141858449,0.05599832598030241,-0.9983477421304048
46816000000,454,46816000000,map,0.12846143543720245,0.09700560569763184,0.6918325424194336,0.010939429381148334,-0.006702056025397541,0.05594779190893784,-0.9983513246125282
46848000000,455,46848000000,map,0.13516154885292053,0.1019795835018158,0.6984835267066956,0.010787396149674172,-0.007045676976401081,0.05583218310347243,-0.9983570144370773
46880000000,456,46880000000,map,0.14074265956878662,0.1063372939825058,0.7050575017929077,0.010681914277016421,-0.005450167360897819,0.055719060962069245,-0.9983744632323608
46916000000,457,46916000000,map,0.14532077312469482,0.11020130664110184,0.7118662595748901,0.010646714414520237,-0.0038890079208393187,0.05557959704034671,-0.9983899311257642
46948000000,458,46948000000,map,0.14895819127559662,0.1136617586016655,0.7189403176307678,0.01029402662273079,-0.0008522724971629872,0.05527458029767335,-0.99841779019263
46980000000,459,46980000000,map,0.15163999795913696,0.11675197631120682,0.7261762619018555,0.00978094702329961,0.0010447746057418144,0.05494954380195727,-0.99844071807822
47016000000,460,47016000000,map,0.1536891609430313,0.12011939287185669,0.7351976037025452,0.009442374474494267,0.0019366753479449726,0.05476843879390597,-0.9984525613426516
47048000000,461,47048000000,map,0.1543325036764145,0.12242669612169266,0.7423120737075806,0.008641600157855471,0.003037676154506042,0.05445343324813556,-0.9984743091164832
47080000000,462,47080000000,map,0.1541050225496292,0.12441176921129227,0.7493187785148621,0.00789417222690258,0.0031764680315581944,0.05409695520343044,-0.9984995129318925
47116000000,463,47116000000,map,0.15309661626815796,0.12610788643360138,0.7560441493988037,0.007527724312254959,0.003007734605269973,0.05388778039427089,-0.9985141378883259
47148000000,464,47148000000,map,0.15138842165470123,0.1275566667318344,0.7625861167907715,0.00685580311895384,0.0022813820742060504,0.05359722002063677,-0.9985365600117336
47180000000,465,47180000000,map,0.14894384145736694,0.12874311208724976,0.7688270807266235,0.006266422577194261,0.0010053424423289534,0.05326834816170628,-0.9985601201000512
47216000000,466,47216000000,map,0.15515552461147308,0.13301537930965424,0.7764396667480469,0.006067064526379065,0.0001189930656919629,0.053116240185430486,-0.9985699403157543
47248000000,467,47248000000,map,0.1639007329940796,0.13752393424510956,0.7823368310928345,0.005684535119482635,-0.0028770406853962428,0.05290082764269127,-0.9985795076503663
47280000000,468,47280000000,map,0.17112451791763306,0.14145244657993317,0.7879615426063538,0.005533923932555399,-0.004511344746274449,0.052625271547127095,-0.9985888642507357
47316000000,469,47316000000,map,0.1770097017288208,0.14487610757350922,0.7935229539871216,0.005443902194823661,-0.005004005205998378,0.05246570357866487,-0.9985954391591034
47348000000,470,47348000000,map,0.1816949099302292,0.14780916273593903,0.7989025712013245,0.005225536615033592,-0.0057612182440002265,0.0521651965487821,-0.9986082518010508
47380000000,471,47380000000,map,0.18530622124671936,0.15027648210525513,0.8041115999221802,0.005053621369216504,-0.005862190465605859,0.051797886764009704,-0.9986275972045172
47416000000,472,47416000000,map,0.18845342099666595,0.1527644842863083,0.8102735877037048,0.00497891480430096,-0.0058108608313166225,0.051670308253567276,-0.9986348886093096
47448000000,473,47448000000,map,0.18996405601501465,0.15432533621788025,0.8149704933166504,0.004796321835513378,-0.005397150309204457,0.05126780585028817,-0.9986589123129608
47480000000,474,47480000000,map,0.19060659408569336,0.15550050139427185,0.8193738460540771,0.004555804773528779,-0.004987716210491004,0.05094942855663692,-0.9986783841569729
47516000000,475,47516000000,map,0.19043470919132233,0.1562928408384323,0.823430597782135,0.004553120741619642,-0.004790095369218593,0.05075323497681872,-0.9986893844844342
47548000000,476,47548000000,map,0.18947328627109528,0.15673677623271942,0.8271950483322144,0.0046585045271598565,-0.0046216631910286216,0.050373365431189976,-0.9987088984752948
47580000000,477,47580000000,map,0.18777751922607422,0.1568545550107956,0.830607533454895,0.0048204374112683305,-0.004750070726688585,0.0499726331955484,-0.9987276959697305
47616000000,478,47616000000,map,0.19815780222415924,0.16124607622623444,0.8359180688858032,0.004928414316776977,-0.004915012445989692,0.04982098883460623,-0.9987339337033102
47648000000,479,47648000000,map,0.20728258788585663,0.16497336328029633,0.8400131464004517,0.005165712394556371,-0.005591979611176801,0.04941359739689988,-0.9987494437435622
47680000000,480,47680000000,map,0.2148340940475464,0.16810984909534454,0.8439552187919617,0.005396006561450817,-0.006284991186254447,0.04905024941588754,-0.99876196135757
47716000000,481,47716000000,map,0.22108012437820435,0.17078638076782227,0.8479130268096924,0.005363346046577414,-0.006427712927657986,0.04888178846238944,-0.9987695056434533
47748000000,482,47748000000,map,0.22608985006809235,0.17302238941192627,0.8517296314239502,0.004917890283560362,-0.006312275796514028,0.04856105094522156,-0.9987882188441922
47780000000,483,47780000000,map,0.23068638145923615,0.17517176270484924,0.8561298251152039,0.004625108515823738,-0.005588316868941465,0.04818931574135549,-0.9988119053730553
47816000000,484,47816000000,map,0.233021080493927,0.17641080915927887,0.8593809604644775,0.004555844841846188,-0.0051127238660718935,0.04797268094000945,-0.9988252237771847
47848000000,485,47848000000,map,0.23417165875434875,0.17731483280658722,0.8628203868865967,0.004395357370324914,-0.004470742585935332,0.04762564378937073,-0.9988456228518641
47880000000,486,47880000000,map,0.23425212502479553,0.17792844772338867,0.8661466836929321,0.003891602421564758,-0.004127499320496877,0.047203248073594606,-0.9988692250870301
47916000000,487,47916000000,map,0.23335327208042145,0.17823299765586853,0.8695358037948608,0.0036550112520849815,-0.004168881434197877,0.047012912905719406,-0.9988789188621876
47948000000,488,47948000000,map,0.23155361413955688,0.1782485395669937,0.8727220892906189,0.0032418164732201456,-0.004490319231131957,0.04662039930553741,-0.998897337034987
47980000000,489,47980000000,map,0.22892332077026367,0.17798057198524475,0.8758001923561096,0.0029570242086133986,-0.004956763754276147,0.04625389031088667,-0.99891309995633
48016000000,490,48016000000,map,0.2398419976234436,0.1812511384487152,0.8819555044174194,0.0028919051873944174,-0.005376715117474823,0.0460898126296338,-0.998918705487182
48048000000,491,48048000000,map,0.24955736100673676,0.18408381938934326,0.8870370388031006,0.0027064174010063536,-0.006366447091514242,0.04570193518278798,-0.9989312231011898
48080000000,492,48080000000,map,0.25748971104621887,0.18646250665187836,0.8918517231941223,0.0024072133014327226,-0.007230592816883961,0.045322697839887016,-0.9989433613935608
48116000000,493,48116000000,map,0.2637670338153839,0.18838003277778625,0.8962957859039307,0.002227899369806997,-0.007474747040765665,0.04510758032508744,-0.998951706469566
48148000000,494,48148000000,map,0.26853203773498535,0.18986289203166962,0.9004353880882263,0.0018832064729805875,-0.0075202835824952725,0.044654838878383396,-0.9989724427190334
48180000000,495,48180000000,map,0.27192720770835876,0.19089247286319733,0.9041995406150818,0.0015913151808958502,-0.007419492028459501,0.044187641062640115,-0.9989944855208045
48216000000,496,48216000000,map,0.2744159698486328,0.19164375960826874,0.9087346792221069,0.0015547860463103027,-0.007290469000638765,0.04396944682789922,-0.9990050643797808
48248000000,497,48248000000,map,0.275160014629364,0.19184890389442444,0.9119632840156555,0.0014575819134817676,-0.0069983271323687405,0.04346735142158892,-0.9990292988176745
48280000000,498,48280000000,map,0.2749013304710388,0.19162708520889282,0.9148865938186646,0.0017059618528350701,-0.006603035791452115,0.04310214897924203,-0.9990474641093827
48316000000,499,48316000000,map,0.2736687660217285,0.19106699526309967,0.9173808693885803,0.0018497570217866207,-0.0064365247882422075,0.04289335349171908,-0.9990572421782373
48348000000,500,48348000000,map,0.2714991867542267,0.19018682837486267,0.9195216298103333,0.002378307807343837,-0.006231020376897882,0.04243791464671032,-0.9990768826096432
48380000000,501,48380000000,map,0.2684604227542877,0.18900425732135773,0.9215607047080994,0.0028303072390234913,-0.006361629344529968,0.04196359401356875,-0.999094921460806
48416000000,502,48416000000,map,0.27886107563972473,0.19157564640045166,0.9249576926231384,0.0030156131024912255,-0.006527677390950762,0.0417502888132551,-0.9991022128655984
48448000000,503,48448000000,map,0.2881105840206146,0.19391942024230957,0.9277485609054565,0.0032147367114615795,-0.00714262938059144,0.041264883558955134,-0.9991175964653048
48480000000,504,48480000000,map,0.2955532670021057,0.1957157850265503,0.9302259683609009,0.003451953004315558,-0.007804926275180644,0.04085281382106409,-0.9991287653801602
48516000000,505,48516000000,map,0.3013860583305359,0.19704903662204742,0.9324855208396912,0.0035179227004027277,-0.007950860396694123,0.040623029202982774,-0.9991367732813774
48548000000,506,48548000000,map,0.305718332529068,0.1979438066482544,0.9345056414604187,0.003540788353536649,-0.007857298673539239,0.040231400686619456,-0.9991532105522967
48580000000,507,48580000000,map,0.3086593747138977,0.19841614365577698,0.9363306760787964,0.003524782429270129,-0.007580742248867389,0.039792399112530075,-0.9991730195710967
48616000000,508,48616000000,map,0.3105171024799347,0.198489710688591,0.9382182359695435,0.0034966186209333594,-0.0073693479800797925,0.03961167342611527,-0.9991818704092841
48648000000,509,48648000000,map,0.310665100812912,0.1981985867023468,0.9394991993904114,0.0033982062235688028,-0.006976173365847949,0.039231382412001525,-0.9992000357009921
48680000000,510,48680000000,map,0.3097149133682251,0.19760292768478394,0.9406958222389221,0.00328309774729336,-0.006676026724447268,0.03880553065464748,-0.9992190860765191
48716000000,511,48716000000,map,0.307765930891037,0.19671714305877686,0.941729724407196,0.00324512969295787,-0.006612011917732046,0.03860663967652456,-0.9992273890056758
48748000000,512,48748000000,map,0.30487433075904846,0.195559561252594,0.9428285956382751,0.003106707753283078,-0.00659825146560162,0.03823562096908317,-0.999242182549503
48780000000,513,48780000000,map,0.30112895369529724,0.1941518485546112,0.9439354538917542,0.0030790678171024083,-0.006904038211440919,0.037904388886636,-0.9992528457021763
48816000000,514,48812000000,map,0.31051549315452576,0.1958717554807663,0.9472549557685852,0.003034923932371057,-0.007084411247271608,0.03776897106237048,-0.9992567653590878
48848000000,515,48848000000,map,0.31897711753845215,0.197465181350708,0.9501345157623291,0.0030218577507881714,-0.007756436819877242,0.037445704734291985,-0.9992640146170317
48880000000,516,48880000000,map,0.3256620466709137,0.19858421385288239,0.9527233242988586,0.0030245474111949,-0.008203773427168123,0.037095548716863436,-0.9992735398047952
48916000000,517,48916000000,map,0.33073094487190247,0.19926667213439941,0.9552528858184814,0.0029990589399218094,-0.008306124579234924,0.03692738279130503,-0.9992789346014046
48948000000,518,48948000000,map,0.33434051275253296,0.19952392578125,0.9574993848800659,0.00286381628849543,-0.008209064338381382,0.03653326761087966,-0.9992946553758991
48980000000,519,48980000000,map,0.336622953414917,0.19939357042312622,0.9597398042678833,0.0027117637945944114,-0.007735726747554073,0.03625345468361585,-0.9993090274512414
49016000000,520,49016000000,map,0.33775338530540466,0.1987476944923401,0.962100625038147,0.0026417526108617525,-0.007456118627632231,0.036076606507264075,-0.9993177097020345
49048000000,521,49048000000,map,0.3373831510543823,0.19783683121204376,0.9639087319374084,0.0025642809410342843,-0.006884918030196149,0.035760294409189874,-0.9993334304765291
49080000000,522,49080000000,map,0.3360002338886261,0.19660571217536926,0.96554034948349,0.0025295715295604207,-0.006383990387934649,0.03546412850470382,-0.9993473810833863
49116000000,523,49116000000,map,0.3336578905582428,0.19504906237125397,0.9670116901397705,0.0025287323792211234,-0.006249816718880852,0.03530810087151648,-0.9993537874043599
49148000000,524,49148000000,map,0.33043307065963745,0.1932155191898346,0.9683772921562195,0.002538006826163171,-0.006118389509697598,0.035062342597849405,-0.9993631861515778
49180000000,525,49180000000,map,0.32637786865234375,0.1911662220954895,0.9696381092071533,0.002701977823205788,-0.006098485660488328,0.03482159979915522,-0.999371362640189
49216000000,526,49216000000,map,0.33173760771751404,0.1923236846923828,0.97254878282547,0.0027475281943700643,-0.006207084095030107,0.03472306046733675,-0.9993738914510997
49248000000,527,49248000000,map,0.3402453660964966,0.19477291405200958,0.975217342376709,0.002856228703310581,-0.006734355822516693,0.0344598533983862,-0.9993793283945576
49280000000,528,49280000000,map,0.34697267413139343,0.1966129094362259,0.977717399597168,0.0029519239460352002,-0.007333328229671169,0.03418303289736657,-0.9993843860163789
49316000000,529,49316000000,map,0.35210371017456055,0.19790971279144287,0.979895293712616,0.0029599776160955755,-0.007455154024564163,0.034043105360310466,-0.9993881792327448
49348000000,530,49348000000,map,0.35577720403671265,0.1987280696630478,0.9817822575569153,0.0029949481404668546,-0.007331440676475164,0.0337749671100841,-0.9993981258889935
49380000000,531,49380000000,map,0.35808685421943665,0.1990705132484436,0.9833001494407654,0.002952104881138769,-0.006869207957049839,0.033490307295241606,-0.9994111071183347
49416000000,532,49416000000,map,0.35924264788627625,0.1989244669675827,0.9848666191101074,0.0029634402431185478,-0.006638821593924276,0.03341764612840886,-0.9994150689220949
49448000000,533,49448000000,map,0.3588739335536957,0.1983589231967926,0.9858643412590027,0.0029309973772050336,-0.006100645521838384,0.033197850313424426,-0.9994259006621621
49480000000,534,49480000000,map,0.35746389627456665,0.19743363559246063,0.9865404367446899,0.002960990210594662,-0.005554910264299549,0.03293384245435227,-0.9994377860734421
49516000000,535,49516000000,map,0.3550603985786438,0.19618266820907593,0.9870525598526001,0.003012061983549992,-0.005335902397819038,0.032849338023087926,-0.9994415371429596
49548000000,536,49548000000,map,0.35174062848091125,0.19458989799022675,0.9873428344726562,0.0030322355067352812,-0.005177487211518016,0.032646400947507925,-0.9994489971351461
49580000000,537,49580000000,map,0.34757137298583984,0.19268259406089783,0.9877128005027771,0.0032355402147868167,-0.005252294410266187,0.03241724853215422,-0.9994554456029682
49616000000,538,49616000000,map,0.35555508732795715,0.19436247646808624,0.9889875054359436,0.003330955082187163,-0.005376394817889752,0.032310153390088026,-0.9994579322670304
49648000000,539,49648000000,map,0.3628212809562683,0.1959073692560196,0.9899832606315613,0.0035741905541621676,-0.005955610972122809,0.032142661814105744,-0.9994591966724857
49680000000,540,49680000000,map,0.36837780475616455,0.196897953748703,0.9908414483070374,0.003844248461629245,-0.006415356698213737,0.03195658347793012,-0.9994612618680627
49716000000,541,49716000000,map,0.3724038600921631,0.19736039638519287,0.9916149973869324,0.003989667765973609,-0.0064877174041147526,0.03183536914161289,-0.9994641278537615
49748000000,542,49748000000,map,0.3750189542770386,0.19729365408420563,0.992244303226471,0.0041274488595240705,-0.006387950792287592,0.03167424173975569,-0.9994693119161282
49780000000,543,49780000000,map,0.3763802647590637,0.19675491750240326,0.9926846027374268,0.0042811220314592354,-0.006047914134404874,0.03150489570243892,-0.999476139705587
49816000000,544,49816000000,map,0.3763713836669922,0.195484459400177,0.9931020140647888,0.004328582017060534,-0.005712753175423134,0.03143973667464112,-0.99948001721565
49848000000,545,49848000000,map,0.3751443922519684,0.19407419860363007,0.993233323097229,0.004488358250223428,-0.0052417843691910364,0.0313403122590038,-0.9994849483969259
49880000000,546,49880000000,map,0.3729201853275299,0.19230347871780396,0.9932062029838562,0.004686964490164699,-0.004897215031777938,0.03125719867374038,-0.9994884044385037
49916000000,547,49916000000,map,0.3697441816329956,0.19017209112644196,0.9930214881896973,0.004757943857158077,-0.0047721875999254,0.03120459940679876,-0.9994903431935351
49948000000,548,49948000000,map,0.3656945526599884,0.18769721686840057,0.9927178025245667,0.0049218785114187695,-0.00465829376719279,0.03110011736934032,-0.9994933356197795
49980000000,549,49980000000,map,0.3608532249927521,0.1849323809146881,0.9925181269645691,0.005238787971100317,-0.004787718116152594,0.030962887230588765,-0.999495358668508
50016000000,550,50016000000,map,0.3638818562030792,0.1851213574409485,0.9938511252403259,0.005445656248700191,-0.004943885669468355,0.030958841133131743,-0.9994935885008704
50048000000,551,50048000000,map,0.36998239159584045,0.1867636740207672,0.9956749677658081,0.0058652895863503,-0.0055310562490464826,0.03082055732316752,-0.9994924505359608
50080000000,552,50080000000,map,0.3745086193084717,0.18777041137218475,0.9972638487815857,0.006263571665990899,-0.006038293941306378,0.03079316187163539,-0.9994879829700185
50116000000,553,50116000000,map,0.37758198380470276,0.18819737434387207,0.9988303780555725,0.006425696412925871,-0.00611982802814698,0.03077250991586511,-0.9994870557393514
50148000000,554,50148000000,map,0.37938353419303894,0.1880795657634735,1.0001112222671509,0.0065276221349507575,-0.005917847004846248,0.030705074958247702,-0.9994896688439591
50180000000,555,50180000000,map,0.3800239562988281,0.1874605268239975,1.0012764930725098,0.006639478944820456,-0.005564375483353753,0.030703894846489388,-0.9994910175431113
50216000000,556,50216000000,map,0.3793533146381378,0.18608759343624115,1.002521276473999,0.006624762697654757,-0.0052903265492141105,0.03068741542872161,-0.9994930827386884
50248000000,557,50248000000,map,0.3777235448360443,0.1845456063747406,1.0033395290374756,0.00670230742476358,-0.004656930744697394,0.030663771046706922,-0.9994964966334179
50280000000,558,50280000000,map,0.3751530647277832,0.18266040086746216,1.003981590270996,0.006668033146573365,-0.004075920303634274,0.030710764782796607,-0.9994978031857217
50316000000,559,50316000000,map,0.3717297613620758,0.18045245110988617,1.0044119358062744,0.006640232196260493,-0.0038282053295979074,0.030721554376015425,-0.9994986461226918
50348000000,560,50348000000,map,0.3675523102283478,0.17791888117790222,1.0050417184829712,0.006639596042265781,-0.0035412906583599957,0.030745240904878568,-0.999498899003783
50380000000,561,50380000000,map,0.36264103651046753,0.1751059889793396,1.0053497552871704,0.006638328673360169,-0.0034998382450327696,0.03079746085018359,-0.9994975081577822
50416000000,562,50416000000,map,0.3650648295879364,0.1754911094903946,1.0077508687973022,0.006670581384547004,-0.0035411633946338286,0.03078574402629758,-0.9994975081577822
50448000000,563,50448000000,map,0.3704681098461151,0.17738664150238037,1.010530710220337,0.006775754893738892,-0.003942699713119656,0.030771582685197862,-0.9994957379901446
50480000000,564,50480000000,map,0.3743631839752197,0.17864158749580383,1.013017177581787,0.007010857917266754,-0.004342247885735883,0.030757842812583314,-0.9994928720044458
50516000000,565,50516000000,map,0.3769330680370331,0.179269939661026,1.015187382698059,0.0070628261339335755,-0.004434628673951826,0.0307728470906532,-0.9994916075989906
50548000000,566,50548000000,map,0.37846285104751587,0.17924104630947113,1.017427682876587,0.007029900884167964,-0.004358469977237148,0.03080711247849255,-0.9994911439836569
50580000000,567,50571926184,map,0.3785383701324463,0.17884278297424316,1.018638014793396,0.00696389085222968,-0.003888521585720171,0.0308703748981074,-0.9994916075989906
50616000000,568,50611926184,map,0.3774150311946869,0.17755092680454254,1.0201036930084229,0.006922523720416238,-0.003657171607343302,0.030865317276286053,-0.9994928720044459
50648000000,569,50643926184,map,0.3754628300666809,0.1760345697402954,1.021114706993103,0.006849260808539288,-0.0031918946012937004,0.03088588493835942,-0.9994943892909922
50680000000,570,50675925989,map,0.37264102697372437,0.1741277575492859,1.021789789199829,0.006852561433613297,-0.002806285840277943,0.030915935641347647,-0.9994946000252347
50716000000,571,50707925989,map,0.36904969811439514,0.17185737192630768,1.0223568677902222,0.006834116260489209,-0.002676200909438084,0.030913996886316186,-0.999495105787417
50748000000,572,50739925989,map,0.3647313714027405,0.1692175567150116,1.0226216316223145,0.0068117101067857325,-0.002535791811710454,0.030941265897302728,-0.9994948107594774
50780000000,573,50771925795,map,0.359744668006897,0.16624857485294342,1.0225917100906372,0.006790213896956161,-0.002454207366794507,0.031031418006267575,-0.9994923240954152
50816000000,574,50811925795,map,0.3631422519683838,0.16798195242881775,1.0245683193206787,0.006818375071114898,-0.0025938927241078644,0.03108119343435889,-0.9994902588998382
50848000000,575,50843925795,map,0.3664252460002899,0.16981881856918335,1.026246190071106,0.007007142244516589,-0.002926700703562583,0.03117598169665986,-0.9994850748374713
50880000000,576,50875925602,map,0.3684062063694,0.1710250973701477,1.027700662612915,0.00710199076364007,-0.0032275103346466757,0.031243543094822857,-0.9994814080616509
50916000000,577,50907925602,map,0.36925259232521057,0.17161233723163605,1.0289130210876465,0.0071115092013223245,-0.0032800063747366447,0.03128147525848263,-0.9994799750688015
50948000000,578,50939925602,map,0.36904335021972656,0.17163656651973724,1.0299122333526611,0.007056749743758419,-0.0032844240559323197,0.03137428261890357,-0.9994774462578909
50980000000,579,50971925410,map,0.3678950369358063,0.17113058269023895,1.0307095050811768,0.006875223761130379,-0.003096619839237427,0.03146346535035266,-0.9994764347335267
51016000000,580,51011925410,map,0.3652777075767517,0.16981194913387299,1.031370759010315,0.006801472209228506,-0.00297200659007827,0.03149351605334094,-0.9994763925866781
51048000000,581,51043925410,map,0.36236071586608887,0.1682642549276352,1.0318145751953125,0.006717548449584078,-0.0025884928237785323,0.0315784419530904,-0.9994754232091625
51080000000,582,51075925220,map,0.3587516248226166,0.16631431877613068,1.0320557355880737,0.006592781265646179,-0.002259665087330062,0.0316846098644894,-0.9994736108946765
51116000000,583,51107925220,map,0.3544791638851166,0.16402322053909302,1.032262921333313,0.006513845980649719,-0.0021403178893289886,0.03175478436725998,-0.9994722200486754
51148000000,584,51139925220,map,0.34960249066352844,0.16139480471611023,1.0322438478469849,0.006345415320199044,-0.0018533110218599597,0.03184733884658991,-0.9994708713495232
51180000000,585,51171925030,map,0.34417521953582764,0.15843039751052856,1.032292366027832,0.006219793345489783,-0.0017816857455382354,0.031967794539634053,-0.9994680053638244
51216000000,586,51211925030,map,0.3444063067436218,0.15942642092704773,1.0334320068359375,0.006174153247636296,-0.0018388714457056772,0.0319900059287993,-0.9994674574547937
51248000000,587,51243925030,map,0.3474496304988861,0.16215918958187103,1.0348105430603027,0.006321089015346415,-0.002183914523574207,0.03214316757628788,-0.9994608825464261
51280000000,588,51275924843,map,0.34933286905288696,0.16414755582809448,1.035952091217041,0.006522614830045763,-0.0024400191900061465,0.03230227192941648,-0.9994539283164219
51316000000,589,51307924843,map,0.350178062915802,0.16544228792190552,1.036890983581543,0.0066299531396715175,-0.0025010101249768385,0.032351162273689116,-0.9994514837992081
51348000000,590,51339924843,map,0.3500936031341553,0.16610834002494812,1.0376211404800415,0.0067520415291870695,-0.0024280511313903227,0.03244510759901992,-0.9994477327296907
51380000000,591,51371924656,map,0.3491716682910919,0.1661972850561142,1.0380864143371582,0.006830171578886392,-0.0021044189818375807,0.03251802164694373,-0.9994456253872652
51416000000,592,51411924656,map,0.3469204902648926,0.16560187935829163,1.0384331941604614,0.006804286993091751,-0.0018531261354893436,0.032622124362765625,-0.9994429279889605
51448000000,593,51443924656,map,0.3442964255809784,0.16460469365119934,1.0384891033172607,0.006756678341067776,-0.001458067754692416,0.03265394523339138,-0.9994428015484149
51480000000,594,51475924470,map,0.3410235643386841,0.16315552592277527,1.0385488271713257,0.006654518825452797,-0.00106846508587187,0.032678263964982135,-0.9994432651637486
51516000000,595,51507924470,map,0.33712562918663025,0.16131402552127838,1.0384788513183594,0.006586898816828624,-0.0009443788369552259,0.03270216122808789,-0.999443054429506
51548000000,596,51539924470,map,0.33267873525619507,0.1590585708618164,1.0384743213653564,0.006459279476626652,-0.0007237519388018395,0.032788562267535126,-0.9994411999681716
51580000000,597,51571924286,map,0.3277498781681061,0.15644383430480957,1.0382705926895142,0.0063840641449196605,-0.0007540486081638384,0.032868809867099946,-0.999439008332049
51616000000,598,51611924286,map,0.3274202048778534,0.157854825258255,1.0391919612884521,0.006400960421360973,-0.0008289764851930965,0.03293932154465867,-0.9994365216679868
51648000000,599,51643924286,map,0.3295210599899292,0.16084174811840057,1.0404161214828491,0.0066260706905247055,-0.0009911990465670195,0.0330695131597088,-0.9994305789623468
51680000000,600,51675924103,map,0.33062544465065,0.1630268692970276,1.0413824319839478,0.00679414145640177,-0.0012014351002012002,0.03318773506978184,-0.9994253106062829
51716000000,601,51707924103,map,0.3308410048484802,0.16445320844650269,1.0422775745391846,0.00689429685644283,-0.0012728634717150379,0.033216099898829676,-0.999423582585494
51748000000,602,51739924103,map,0.3302350640296936,0.16521933674812317,1.0431342124938965,0.007035217807889289,-0.001103159515458178,0.033293017897362054,-0.9994202529844616
51780000000,603,51771923921,map,0.32890772819519043,0.1654018610715866,1.0439294576644897,0.007221176288964433,-0.0007952293718815217,0.03340264185033892,-0.9994155746842768
51816000000,604,51811923921,map,0.3263062536716461,0.16483372449874878,1.044663429260254,0.007229190775626583,-0.0006243877799871209,0.03341612884186246,-0.9994152375094888
51848000000,605,51843923921,map,0.3235197365283966,0.16378536820411682,1.0449796915054321,0.007231730123249365,-0.0002897826325701174,0.033412462066041926,-0.9994154482437314
51880000000,606,51875923741,map,0.320180207490921,0.16223061084747314,1.0448533296585083,0.007238066967777428,-4.931345911895762e-05,0.03346843308086439,-0.9994135937823969
51916000000,607,51907923741,map,0.3163163363933563,0.16024702787399292,1.044653296470642,0.007210379122483803,-1.8659858633107748e-06,0.03349654502882121,-0.9994128772859722
51948000000,608,51939923741,map,0.31198468804359436,0.15784287452697754,1.0443841218948364,0.007271392941876147,0.0001693361591492108,0.03357569681032463,-0.9994097584191823
51980000000,609,51971923561,map,0.3072505295276642,0.15505968034267426,1.0440902709960938,0.007446632623267112,0.0001473937854154806,0.03366226643716608,-0.9994055437343313
52016000000,610,52011923561,map,0.3059455454349518,0.15643605589866638,1.0454905033111572,0.007520139031975888,0.00013898845258784322,0.03372784693344899,-0.9994027620423296
52048000000,611,52043923561,map,0.30675870180130005,0.159469872713089,1.0475753545761108,0.007895909796586892,-5.663482762831631e-08,0.03382440536338743,-0.9993966507492955
52080000000,612,52075923383,map,0.30675065517425537,0.16165541112422943,1.0491580963134766,0.008230637104010126,-0.00025155774587651487,0.03387363288244821,-0.9993922674770503
52116000000,613,52107923383,map,0.3060012757778168,0.1630750298500061,1.0505965948104858,0.008319346012685686,-0.0002747684763326194,0.03394372309152177,-0.9993891064634122
52148000000,614,52139923383,map,0.30460551381111145,0.1638677418231964,1.0517128705978394,0.00828286495184922,-0.00018078001633656458,0.03407104872087313,-0.9993851025128035
52180000000,615,52171923206,map,0.302602082490921,0.1640443503856659,1.052573800086975,0.008085498174990036,4.286663765817668e-05,0.03414223474800804,-0.9993843017226818
52216000000,616,52211923206,map,0.2992992699146271,0.16350193321704865,1.053584337234497,0.008022631211352228,0.00016004376686932063,0.03416335031911211,-0.9993840909884393
52248000000,617,52243923206,map,0.2961019277572632,0.1624857485294342,1.05404531955719,0.007755753744586454,0.00029702003671296416,0.034241153401463165,-0.99938350093256
52280000000,618,52275923031,map,0.29245758056640625,0.16095909476280212,1.0544447898864746,0.007494648749705402,0.0004034098776110958,0.03437008061105795,-0.999381014268498
52316000000,619,52307923031,map,0.28844118118286133,0.15897592902183533,1.0544699430465698,0.007418743592626298,0.00043352643505016223,0.03443241580000561,-0.999379454835103
52348000000,620,52347923031,map,0.28296688199043274,0.1558956652879715,1.0540640354156494,0.007349687956974721,0.0005262073549256179,0.034626544184246766,-0.9993731328078264
52380000000,621,52371922856,map,0.2794753909111023,0.15382106602191925,1.0536527633666992,0.0071819978298232725,0.0005916301297989074,0.03470346218277909,-0.9993717419618255
52416000000,622,52411922856,map,0.2771405875682831,0.15534435212612152,1.0550129413604736,0.006994397597289727,0.0006678573151424152,0.03478998966277197,-0.9993700139410366
52448000000,623,52443922856,map,0.2766157388687134,0.15856988728046417,1.0569043159484863,0.007028834865245667,0.000727784206824335,0.03490429191593358,-0.9993657149624885
52480000000,624,52475922683,map,0.27546921372413635,0.1609470546245575,1.05837082862854,0.007324526288413717,0.0006666518494205533,0.03507490235870564,-0.9993576227675744
52516000000,625,52507922683,map,0.27379950881004333,0.16252152621746063,1.0597412586212158,0.0074427567595653785,0.0006138155064560834,0.035143854602869506,-0.9993544196070876
52548000000,626,52539922683,map,0.27172449231147766,0.16333350539207458,1.060695767402649,0.0075563431748467465,0.0005538082723441904,0.03524053947335354,-0.9993501206285396
52580000000,627,52571922511,map,0.26924654841423035,0.16345323622226715,1.061562180519104,0.007684888757899195,0.0006302063499875202,0.03537043606046408,-0.9993445572445361
52616000000,628,52611922511,map,0.26558443903923035,0.16271205246448517,1.0619875192642212,0.007759056016021733,0.0007587674088359057,0.03545852297385188,-0.9993407640281701
52648000000,629,52643922511,map,0.2622886002063751,0.1614852249622345,1.0619778633117676,0.007882012202562677,0.0011020212212762468,0.03557762996774366,-0.9993352849378636
52676000000,630,52675922340,map,0.2587405741214752,0.15978316962718964,1.0617538690567017,0.007926946669975862,0.0013292934920596873,0.0357248067627437,-0.9993293843790721
52716000000,631,52707922340,map,0.2549385726451874,0.1576537787914276,1.0613329410552979,0.00798588673271257,0.0014559022957141587,0.03577572015574476,-0.9993269398618585
52748000000,632,52739922340,map,0.2509162724018097,0.15509283542633057,1.0606868267059326,0.008040561073398818,0.0017605324727613132,0.03587459666235143,-0.9993223880022193
52780000000,633,52771922171,map,0.2466849386692047,0.15215539932250977,1.0598042011260986,0.008043335521410951,0.001907106699536551,0.035999646361883186,-0.9993176254083376
52816000000,634,52811922171,map,0.2437427043914795,0.15527702867984772,1.0609091520309448,0.008083464260277132,0.001989324334996923,0.036065058270772166,-0.9993147594226388
52848000000,635,52843922171,map,0.2414584755897522,0.15828277170658112,1.0617810487747192,0.008166860361134539,0.002170833689376136,0.03618985508921285,-0.9993092381854839
52880000000,636,52875922002,map,0.23880568146705627,0.16044287383556366,1.0623918771743774,0.008186353607843082,0.0022347181042787784,0.036330499122693705,-0.9993038012420259
52916000000,637,52907922002,map,0.23588308691978455,0.16184505820274353,1.0626548528671265,0.008158265367488602,0.0022360068758809004,0.03639679611540131,-0.999301651752752
52948000000,638,52939922002,map,0.23268532752990723,0.1625548005104065,1.0627361536026,0.008077083622539286,0.0022151807350882006,0.036565678537384516,-0.9992962148092941
52980000000,639,52971921835,map,0.2292730063199997,0.16261939704418182,1.062508225440979,0.0078123977918960795,0.0021721715225441027,0.036735656777428904,-0.9992921265649884
53016000000,640,53011921835,map,0.22474266588687897,0.16182556748390198,1.061968207359314,0.007689386946160971,0.002217208722900533,0.036842499038404086,-0.9992890498450472
53048000000,641,53043921835,map,0.22093909978866577,0.16060493886470795,1.061450719833374,0.007477225966929957,0.0023090911575600606,0.03697146839484733,-0.9992856780971664
53080000000,642,53075921669,map,0.21699918806552887,0.1589328795671463,1.0607620477676392,0.007299726490059851,0.0022876291920449036,0.03705390763053473,-0.999283992223226
53116000000,643,53107921669,map,0.21292364597320557,0.15679283440113068,1.0601462125778198,0.007253189619222616,0.0022777235301919543,0.037143048215135255,-0.9992810840906786
53148000000,644,53139921669,map,0.2087291032075882,0.15417926013469696,1.0594547986984253,0.0071537961551772925,0.002277176279705821,0.03726097509726867,-0.9992773751680097
53180000000,645,53171921504,map,0.20447731018066406,0.15118129551410675,1.0589550733566284,0.007263760904937009,0.002235432131161558,0.037358207876783345,-0.999273034042613
53216000000,646,53211921504,map,0.20023266971111298,0.15265558660030365,1.0593957901000977,0.007373253807556756,0.0021986767865375184,0.0374391719727728,-0.9992693672667926
53248000000,647,53243921504,map,0.19725458323955536,0.1559409648180008,1.0600792169570923,0.007779492298465707,0.002209237700175911,0.03759549463389966,-0.9992603056943627
53280000000,648,53275921341,map,0.19410140812397003,0.15833161771297455,1.0605440139770508,0.008051169566877913,0.0021360055752547083,0.03771139846730459,-0.9992539836670862
53316000000,649,53307921341,map,0.19079150259494781,0.15993763506412506,1.0608352422714233,0.0081036071611428,0.0021438537794285922,0.03776547287394405,-0.999251497003024
53348000000,650,53339921341,map,0.18735632300376892,0.16083529591560364,1.0611027479171753,0.008206594631840439,0.0021261267490904593,0.0378488393402987,-0.999247535199264
53380000000,651,53371921179,map,0.18383999168872833,0.1611003428697586,1.0612484216690063,0.008159536029116754,0.001958607184966577,0.03798687026917186,-0.9992430254864733
53416000000,652,53411921179,map,0.1794043779373169,0.1605694442987442,1.061224341392517,0.00805790680646683,0.0019102081148968948,0.038031545928593424,-0.9992422668432002
53448000000,653,53443921179,map,0.1758161038160324,0.15953382849693298,1.0611275434494019,0.00786071421463001,0.0018945986344241809,0.03815457257939675,-0.9992391058295618
53480000000,654,53475921017,map,0.1722153127193451,0.15798717737197876,1.0608134269714355,0.007709238111809603,0.0019384013931003973,0.0382617098683114,-0.999236155550166
53516000000,655,53507921017,map,0.16861136257648468,0.15593679249286652,1.0606290102005005,0.007630632263703261,0.001992031940741494,0.038332010811627515,-0.9992339639140435
53548000000,656,53539921017,map,0.16502197086811066,0.15345445275306702,1.0601763725280762,0.007614252615428461,0.0020110819869961646,0.03844079182763421,-0.999229875669738
53580000000,657,53571920857,map,0.16144049167633057,0.15055176615715027,1.0597201585769653,0.007826507437251861,0.002181627233861973,0.03851741479822696,-0.9992249023416135
53616000000,658,53611920857,map,0.1561351716518402,0.15394099056720734,1.0611788034439087,0.007886007262820354,0.0022963888218178355,0.03860149776100624,-0.999220982684702
53648000000,659,53643920857,map,0.15181271731853485,0.15717805922031403,1.0624775886535645,0.008270226494924269,0.0023760825854513643,0.03866851125013854,-0.9992150821259105
53680000000,660,53675920699,map,0.14753898978233337,0.15956267714500427,1.0636428594589233,0.008540948215255393,0.002439172466405125,0.038819144086716495,-0.9992068213436025
53716000000,661,53707920699,map,0.14331099390983582,0.1611739993095398,1.0646756887435913,0.008537574491740996,0.002420528412839626,0.03887726459081298,-0.9992045875606312
53748000000,662,53739920699,map,0.13915279507637024,0.16206811368465424,1.0656769275665283,0.00850192220916783,0.0022205778366033726,0.038965730825837375,-0.9992019323091752
53780000000,663,53771920541,map,0.1350727677345276,0.16234329342842102,1.0663626194000244,0.008278582107641553,0.0020276190274083716,0.039050698872435285,-0.9992009207848109
53816000000,664,53811920541,map,0.13007767498493195,0.16183362901210785,1.0669715404510498,0.008160348343767351,0.0019572357660287026,0.0391162372218698,-0.999199445645113
53848000000,665,53843920541,map,0.1262180507183075,0.160798117518425,1.0671740770339966,0.007884021092584279,0.0018142828755028622,0.03917461060705735,-0.9991996563793557
53880000000,666,53875920385,map,0.12248847633600235,0.1592366248369217,1.0673866271972656,0.007682547302901062,0.0016088077693891423,0.039197285611556165,-0.9992007521974169
53916000000,667,53915920385,map,0.11803558468818665,0.15662819147109985,1.0673619508743286,0.0076525924181387065,0.0015410465029680063,0.03922758919563557,-0.9991998671135982
53948000000,668,53939920385,map,0.11545716971158981,0.15474346280097961,1.0671011209487915,0.0077062466733820905,0.0015068423597678915,0.03928731127997548,-0.9991971275684449
53980000000,669,53971920229,map,0.11213593930006027,0.15182259678840637,1.066880226135254,0.007867838349117365,0.001617641156146968,0.039322798926421654,-0.9991942615827462
54016000000,670,54011920229,map,0.10685088485479355,0.15381953120231628,1.068434238433838,0.007936105048448378,0.001611011588585106,0.039316308311750925,-0.9991940087016551
54048000000,671,54043920229,map,0.1021847203373909,0.15770776569843292,1.070571780204773,0.008279744109425889,0.0017240257286890365,0.03936157402705165,-0.9991892882546219
54080000000,672,54075920075,map,0.09779036045074463,0.1606214940547943,1.0723347663879395,0.008761661382739325,0.0019245396897518694,0.03942091678975501,-0.9991824604651631
54116000000,673,54107920075,map,0.09362809360027313,0.16272783279418945,1.0739071369171143,0.008889695935253579,0.001961453414330078,0.03945750025426242,-0.9991798473605555
54148000000,674,54139920075,map,0.0897020772099495,0.16406004130840302,1.0749685764312744,0.008977645871383689,0.002034156728011371,0.03945404421268456,-0.9991790044235852
54180000000,675,54171919923,map,0.08597138524055481,0.16472353041172028,1.0755259990692139,0.008844515830738918,0.0019662416914476206,0.039529318484125,-0.9991774028433419
54216000000,676,54211919923,map,0.08160559087991714,0.1646437644958496,1.075962781906128,0.008772841163579093,0.0018877787474995118,0.03957344623451592,-0.999176349172129
54248000000,677,54243919923,map,0.07833683490753174,0.16392982006072998,1.076068639755249,0.00852509375622571,0.0016643658768051041,0.03966069021093349,-0.9991755062351588
54280000000,678,54275919771,map,0.07525838166475296,0.16268354654312134,1.0761960744857788,0.008397910043215768,0.0015859375064436645,0.03974005272667952,-0.9991735253332787
54316000000,679,54307919771,map,0.07241575419902802,0.16088536381721497,1.0759562253952026,0.008325841895712427,0.0015264903644358104,0.039732339853401966,-0.9991744947107946
54348000000,680,54339919771,map,0.06978659331798553,0.158611461520195,1.075775384902954,0.008262751685486411,0.0013467100186623055,0.03976192694105668,-0.9991741575360065
54380000000,681,54371919620,map,0.06737835705280304,0.15588276088237762,1.075439453125,0.008313430965914984,0.0014068736570948452,0.039838718499043524,-0.9991706172007315
54416000000,682,54411919620,map,0.06288446485996246,0.15823855996131897,1.0774016380310059,0.008446095086320356,0.001514420231421249,0.03985081464456608,-0.9991688048862457
54448000000,683,54443919620,map,0.05870315805077553,0.1624957174062729,1.0797854661941528,0.008806721632153534,0.0017668571342159785,0.039831553534796726,-0.9991660653410924
54480000000,684,54475919471,map,0.05484696105122566,0.16576458513736725,1.0818501710891724,0.009065715662614248,0.001961433657994839,0.039776889072278054,-0.9991656017257589
54516000000,685,54507919471,map,0.0513184629380703,0.1681487262248993,1.0837414264678955,0.009141092008453443,0.00198333157997428,0.03978578205731381,-0.999164463760849
54548000000,686,54539919471,map,0.04807473346590996,0.1697039008140564,1.0851726531982422,0.009225439706124884,0.002038661172445972,0.03979235696568151,-0.9991632836490907
54580000000,687,54571919323,map,0.04510360583662987,0.17050117254257202,1.0863782167434692,0.009276428831744463,0.001974527498447059,0.03984314391813715,-0.9991609655724225
54616000000,688,54611919323,map,0.04175906255841255,0.1704917848110199,1.0873650312423706,0.009173313603412276,0.0019228175958634945,0.03985604085378147,-0.9991614713346046
54648000000,689,54643919323,map,0.03938651457428932,0.16977249085903168,1.0878089666366577,0.009010725220564167,0.0017491682994593089,0.03983184856273625,-0.9991642530266065
54680000000,690,54675919176,map,0.037276335060596466,0.16845238208770752,1.087911605834961,0.008903925106437562,0.001748464973924783,0.03987142445348796,-0.9991636208238788
54716000000,691,54707919176,map,0.03542453050613403,0.16655413806438446,1.0879651308059692,0.008889432517450386,0.0017636852545932803,0.039870455075972255,-0.9991638315581213
54748000000,692,54739919176,map,0.03381161764264107,0.16414040327072144,1.0878907442092896,0.008900170744197551,0.0018733309395388786,0.0398783365366438,-0.9991631993553937
54780000000,693,54771919030,map,0.03245914727449417,0.16126735508441925,1.0877158641815186,0.009025095978817366,0.002002989133537564,0.03993944946698458,-0.9991594061390277
54816000000,694,54811919030,map,0.02830565720796585,0.16344203054904938,1.0896234512329102,0.009156665598250471,0.0021300299423892724,0.03994286336171393,-0.9991577624119357
54848000000,695,54843919030,map,0.024000724777579308,0.16752222180366516,1.0919009447097778,0.009432805493521023,0.002442998939268758,0.039869949313790065,-0.9991574252371476
54880000000,696,54875918886,map,0.02016492933034897,0.17061519622802734,1.093796968460083,0.009707152501368593,0.002787409814409624,0.03981284033405785,-0.9991561186848439
54916000000,697,54907918886,map,0.016753410920500755,0.17284412682056427,1.0951510667800903,0.009857285831937223,0.002945121016631612,0.03981794010272771,-0.9991540534892669
54948000000,698,54947918886,map,0.013051790185272694,0.17449598014354706,1.09662926197052,0.009852234795560995,0.00302422406584148,0.03976458219251283,-0.9991559922442983
54980000000,699,54979918742,map,0.010540089569985867,0.17497976124286652,1.097491979598999,0.009673520962618169,0.002929985688204645,0.03967451437724501,-0.9991615977751502
55016000000,700,55011918742,map,0.008399950340390205,0.17477039992809296,1.098120093345642,0.009563248343300971,0.002911075582657921,0.03970625095417374,-0.9991613870409076
55048000000,701,55043918742,map,0.006632157601416111,0.17391327023506165,1.0983994007110596,0.00930118648324982,0.0027724236463137156,0.039713500212117614,-0.9991640001455154
55080000000,702,55075918600,map,0.005194735713303089,0.17244507372379303,1.098364233970642,0.00902424579785756,0.0027712451809166804,0.03974123283843778,-0.9991654331383648
55116000000,703,55107918600,map,0.004078028257936239,0.1703910529613495,1.098162293434143,0.008974391015152983,0.002864660048646283,0.039744520292621655,-0.9991655174320617
55148000000,704,55139918600,map,0.003293964546173811,0.16779211163520813,1.0976086854934692,0.008959591544425086,0.0029995964768764504,0.039748608536927243,-0.9991650538167282
55180000000,705,55171918459,map,0.0028019854798913,0.1646965742111206,1.0969781875610352,0.009051126596856652,0.0032342174458244695,0.03974422526468213,-0.9991637051175758
55216000000,706,55211918459,map,-0.0030035320669412613,0.16899675130844116,1.0999754667282104,0.0091643152512552,0.0034555865236383524,0.039720075120485365,-0.9991629043274541
55248000000,707,55243918459,map,-0.008026758208870888,0.17302662134170532,1.1027439832687378,0.009543435702506058,0.003921357602705068,0.03959687988228805,-0.9991624407121205
55280000000,708,55275918319,map,-0.012412404641509056,0.1760501265525818,1.1049548387527466,0.009830354818919397,0.004349025131903777,0.03960729015387021,-0.9991575095308447
55316000000,709,55307918319,map,-0.01623653806746006,0.1781369298696518,1.1068367958068848,0.009886628434943283,0.004509540416640755,0.039570959570453756,-0.9991577624119357
55348000000,710,55339918319,map,-0.01955941505730152,0.179362490773201,1.108373999595642,0.00987300693570404,0.004550369023682795,0.039501923032593034,-0.9991603755165435
55380000000,711,55371918180,map,-0.022381577640771866,0.17980338633060455,1.1095637083053589,0.009731454604710551,0.004399200955055996,0.03949471592149756,-0.9991627778869085
55416000000,712,55411918180,map,-0.025257185101509094,0.17936420440673828,1.1105077266693115,0.009686312037232844,0.004241384056440477,0.03948670802028048,-0.9991642108797579
55448000000,713,55443918180,map,-0.027065826579928398,0.17827896773815155,1.11076021194458,0.009515828858186913,0.003906406666740337,0.03950837150041514,-0.9991663182221835
55480000000,714,55475918042,map,-0.028398899361491203,0.1765773594379425,1.1106294393539429,0.009357766322469917,0.003575085022240135,0.039455350764988406,-0.9991711229629138
55516000000,715,55507918042,map,-0.02931375801563263,0.17432916164398193,1.1100424528121948,0.009350334318425078,0.003432458440518,0.03941181307047664,-0.9991734410395818
55548000000,716,55539918042,map,-0.029817042872309685,0.17154088616371155,1.1095739603042603,0.00939329282304206,0.0033964805076856334,0.03940599680538215,-0.9991734410395818
55580000000,717,55571917906,map,-0.029927553609013557,0.1682298183441162,1.1087615489959717,0.009623892389952083,0.0035001120349120807,0.03938104587106367,-0.9991718394593384
55616000000,718,55611917906,map,-0.035158488899469376,0.1699957549571991,1.1104710102081299,0.00982017783672916,0.003551657959913158,0.03931533893423528,-0.999172303074672
55648000000,719,55643917906,map,-0.04143676534295082,0.17385342717170715,1.1128915548324585,0.010254157679673009,0.003976948308074176,0.03923184602733515,-0.9991696478232158
55680000000,720,55675917770,map,-0.0468628816306591,0.1767081320285797,1.1146719455718994,0.010671879046531527,0.004373838595056185,0.03911021022253269,-0.9991683834177605
55716000000,721,55707917770,map,-0.05149019509553909,0.1786605715751648,1.115998387336731,0.010712922174447042,0.004450901473380322,0.03909229781191559,-0.9991682569772149
55748000000,722,55739917770,map,-0.055395856499671936,0.17974281311035156,1.1170343160629272,0.010561745380105512,0.004410383863982179,0.03901613845665636,-0.9991731038647937
55780000000,723,55771917636,map,-0.05863272026181221,0.18005381524562836,1.1177759170532227,0.010458588992741576,0.004231767495626533,0.038943561583520636,-0.9991777400181299
55816000000,724,55811917636,map,-0.06178886443376541,0.17946334183216095,1.118208646774292,0.010337170178354517,0.004086513979862054,0.038913005118350275,-0.9991808167380712
55848000000,725,55843917636,map,-0.0636323094367981,0.1782628893852234,1.118032693862915,0.010174681564999368,0.0037431021167397983,0.03891949573302089,-0.999183598430073
55880000000,726,55875917503,map,-0.06490648537874222,0.17644090950489044,1.1177681684494019,0.01004287651590466,0.0035605193348125733,0.03884443219582301,-0.9991885296113487
55916000000,727,55907917503,map,-0.06562169641256332,0.1740608662366867,1.117108702659607,0.010009196244860645,0.0035316997807819796,0.038833094693573544,-0.9991894146951674
55948000000,728,55939917503,map,-0.06582168489694595,0.17118138074874878,1.1162256002426147,0.010078078354034367,0.003475077136168864,0.038780242545540966,-0.9991909319817138
55980000000,729,55971917371,map,-0.06551661342382431,0.16783274710178375,1.115060806274414,0.010249318365356098,0.003576772213269587,0.03870277663797789,-0.9991918592123812
56016000000,730,56011917371,map,-0.07162429392337799,0.17128288745880127,1.1165478229522705,0.010340677586404032,0.0036670171770100146,0.038603605103431804,-0.9991944301701403
56048000000,731,56043917371,map,-0.07690329104661942,0.1745561957359314,1.117987871170044,0.01069568510122285,0.004140395432960692,0.038440707533937135,-0.9991950623728678
56080000000,732,56075917240,map,-0.08130582422018051,0.1768806278705597,1.1189687252044678,0.01099008050879919,0.004563031188210032,0.03836977438789335,-0.9991928285898968
56116000000,733,56107917240,map,-0.08489654958248138,0.17837506532669067,1.1195414066314697,0.011087835514108654,0.00468170025000401,0.038337700636176586,-0.9991923649745632
56148000000,734,56139917240,map,-0.08774760365486145,0.1790473610162735,1.11976957321167,0.01100080260120591,0.004706060799171051,0.038261878455705445,-0.9991961160440807
56180000000,735,56171917110,map,-0.08990076184272766,0.17894847691059113,1.1199461221694946,0.010786797038808036,0.004513637715933296,0.038159040145338885,-0.9992032810083276
56212000000,736,56211917110,map,-0.09169396758079529,0.1778779923915863,1.1199290752410889,0.010686102620087193,0.004435765157136594,0.03811857917076844,-0.9992062312877232
56248000000,737,56243917110,map,-0.09247909486293793,0.17632311582565308,1.1196043491363525,0.01052422744094123,0.004208239017445326,0.03808916067050777,-0.9992101087977863
56280000000,738,56275916982,map,-0.09270960837602615,0.1741844266653061,1.119115948677063,0.010453655506560024,0.003989561081763315,0.038059362848610556,-0.9992128483429396
56316000000,739,56307916982,map,-0.09236866235733032,0.1715071052312851,1.1184139251708984,0.01045251260256642,0.0038917998202810263,0.03803639281617216,-0.9992141548952433
56348000000,740,56347916982,map,-0.09122786670923233,0.16746783256530762,1.1173791885375977,0.010475371999527515,0.0038387501088959705,0.03800857589615503,-0.9992151664196076
56380000000,741,56371916854,map,-0.09018324315547943,0.1647125482559204,1.1167155504226685,0.010704413779403905,0.003968352985155985,0.03800570991045621,-0.999212384727606
56416000000,742,56411916854,map,-0.09360183775424957,0.16659678518772125,1.1168897151947021,0.010860519779387685,0.004107477756456922,0.03796963220813088,-0.9992114574969386
56448000000,743,56443916854,map,-0.09839165955781937,0.17073525488376617,1.1177356243133545,0.01124883746323703,0.004619136216839874,0.03791370334015692,-0.999207032077845
56480000000,744,56475916728,map,-0.10225019603967667,0.1738503873348236,1.1182254552841187,0.011603534803592587,0.005144067312508963,0.0378321070414398,-0.9992034917425701
56516000000,745,56507916728,map,-0.10527127236127853,0.17607250809669495,1.1185600757598877,0.01165133756161029,0.005306668207702721,0.037776093879768824,-0.9992042082389948
56548000000,746,56539916728,map,-0.10750812292098999,0.17746178805828094,1.1183968782424927,0.011537715584925492,0.005362293486658498,0.037692221651232205,-0.9992084229238458
56580000000,747,56571916603,map,-0.10901780426502228,0.1780548095703125,1.1181081533432007,0.011262284942090037,0.00531379398855135,0.03769217950438364,-0.9992118368185753
56616000000,748,56611916603,map,-0.10993549227714539,0.1777591109275818,1.1172949075698853,0.011108191454122653,0.005250895744049411,0.03768615250504659,-0.9992140706015462
56648000000,749,56643916603,map,-0.10993698984384537,0.17675329744815826,1.1163835525512695,0.010770600795178711,0.005029768022797704,0.037664489024911985,-0.9992198025729437
56680000000,750,56675916479,map,-0.10935382544994354,0.17513148486614227,1.1151787042617798,0.01057759424150688,0.005006829929767905,0.03766739715745926,-0.9992217834748238
56716000000,751,56707916479,map,-0.10822098702192307,0.1729407012462616,1.113732933998108,0.010529621249733863,0.004972366320031645,0.03765028553696392,-0.9992232164676732
56748000000,752,56739916479,map,-0.10657588392496109,0.17024508118629456,1.1123080253601074,0.010504691718111922,0.005056302756657852,0.03764337345380808,-0.9992232164676731
56780000000,753,56771916356,map,-0.10442057996988297,0.16705180704593658,1.1107033491134644,0.01056652081560515,0.00523192241822992,0.037685520302318976,-0.9992200976008834
56816000000,754,56811916356,map,-0.10817140340805054,0.16926468908786774,1.1112618446350098,0.010675569036045883,0.005406052287488807,0.03764396350968724,-0.9992195918387012
56848000000,755,56843916356,map,-0.11379814147949219,0.17354516685009003,1.1127039194107056,0.010963035896853737,0.005915217498364537,0.037640043852775695,-0.9992137334267583
56880000000,756,56875916234,map,-0.11832686513662338,0.17675188183784485,1.1138349771499634,0.01121862755711396,0.006467628339262728,0.03760632637396699,-0.9992087600986339
56916000000,757,56907916234,map,-0.12188031524419785,0.17898809909820557,1.1145678758621216,0.011265077664712264,0.006640244379333888,0.03757935239091997,-0.9992080857490577
56948000000,758,56939916234,map,-0.12452433258295059,0.18037475645542145,1.1150683164596558,0.011255330053541231,0.00672875259657064,0.03755811037927054,-0.9992084229238458
56980000000,759,56971916114,map,-0.12636472284793854,0.1809776872396469,1.1152710914611816,0.01110327607791507,0.006623397329094548,0.037534213116164894,-0.9992117525248783
57016000000,760,57011916114,map,-0.12759649753570557,0.18068040907382965,1.115106463432312,0.010973390521425003,0.006506461721081707,0.03756000698745354,-0.9992129326366366
57048000000,761,57043916114,map,-0.12778650224208832,0.17967069149017334,1.1148605346679688,0.010648288500530446,0.006156219763594908,0.03757905736298045,-0.9992179902584578
57080000000,762,57075915994,map,-0.12731745839118958,0.1780361384153366,1.1143381595611572,0.010463379245492644,0.005808213729348837,0.03761795890415598,-0.999220561216217
57116000000,763,57107915994,map,-0.12622399628162384,0.1758251190185547,1.1138136386871338,0.010406678398719204,0.005707468438064752,0.03763275244798331,-0.9992211934189448
57148000000,764,57139915994,map,-0.12455669045448303,0.1731078028678894,1.112909197807312,0.010301272094043745,0.005664794424675217,0.037690872952079846,-0.9992203083351259
57180000000,765,57171915876,map,-0.1223580539226532,0.1698954999446869,1.111916184425354,0.010426272073465215,0.0057346301062964995,0.0377268242138597,-0.9992172316151846
57216000000,766,57211915876,map,-0.12663418054580688,0.17265306413173676,1.112945318222046,0.010502479173201228,0.005796168127117198,0.0377424606946572,-0.9992155035943957
57248000000,767,57243915876,map,-0.13292597234249115,0.17763899266719818,1.1147167682647705,0.01076093188007638,0.00616502647930016,0.03771578173954976,-0.9992115839374841
57280000000,768,57275915758,map,-0.13802114129066467,0.18156588077545166,1.1161799430847168,0.011110376340164011,0.006602943101312732,0.03770591937699819,-0.9992053462039046
57316000000,769,57307915758,map,-0.1420886218547821,0.1845240741968155,1.1173368692398071,0.0111304980029693,0.006729807255600173,0.037697869328932654,-0.9992045454137828
57348000000,770,57339915758,map,-0.1451752632856369,0.1865752786397934,1.1182889938354492,0.010855172562618995,0.006582449854768818,0.03774638035156869,-0.9992067791967538
57380000000,771,57371915642,map,-0.14736409485340118,0.18780145049095154,1.118813157081604,0.010421476881630339,0.00624116377331833,0.0378188729310075,-0.999210825294211
57416000000,772,57411915642,map,-0.14890331029891968,0.18826480209827423,1.1195316314697266,0.010112496853471832,0.006032060251601751,0.03783008399271126,-0.999214871391668
57448000000,773,57443915642,map,-0.14923551678657532,0.18784362077713013,1.1197774410247803,0.009716355331595398,0.005533420228324857,0.03789545375475167,-0.9992192125170647
57480000000,774,57475915527,map,-0.14881572127342224,0.18676625192165375,1.119787573814392,0.009349170505643345,0.005203946624350181,0.03796963220813088,-0.9992216570342783
57516000000,775,57507915527,map,-0.14770464599132538,0.18509332835674286,1.119377613067627,0.009218177112654725,0.005062750401299385,0.038002591043666434,-0.9992223313838544
57548000000,776,57539915527,map,-0.14595991373062134,0.18285927176475525,1.1186844110488892,0.009135422763420347,0.0050244273914740924,0.038028511355500616,-0.999222289237006
57580000000,777,57571915413,map,-0.14362658560276031,0.18013633787631989,1.1179968118667603,0.009051711384379742,0.005071089056495589,0.03811605035985777,-0.9992194653981556
57616000000,778,57611915413,map,-0.15139687061309814,0.1846752166748047,1.1202671527862549,0.009076555305215644,0.005178770632446129,0.03816961900431509,-0.9992166415593055
57648000000,779,57643915413,map,-0.15841472148895264,0.18884599208831787,1.1224881410598755,0.009249456659694887,0.005691834262172989,0.03818445469499088,-0.9992117525248783
57680000000,780,57675915300,map,-0.16413231194019318,0.19196729362010956,1.1241518259048462,0.009337799252987881,0.006022705297593603,0.03816241189321973,-0.9992097716229982
57716000000,781,57707915300,map,-0.16869063675403595,0.1941707581281662,1.1255024671554565,0.009307176768730557,0.006077592512792058,0.03816102104721886,-0.9992098137698466
57748000000,782,57739915300,map,-0.17215998470783234,0.1955331563949585,1.1264629364013672,0.009055315433835805,0.005857125970226365,0.038234187976233736,-0.999210656706817
57780000000,783,57771915188,map,-0.17463791370391846,0.19612939655780792,1.1269479990005493,0.008681833605298422,0.005393710998773085,0.038277683523897044,-0.999214871391668
57816000000,784,57811915188,map,-0.17645268142223358,0.1958634853363037,1.1275452375411987,0.00848248526801472,0.005180391639752529,0.038329524147565464,-0.9992157986223353
57848000000,785,57843915188,map,-0.17696478962898254,0.19492775201797485,1.1275324821472168,0.00819573984271536,0.004640531998631979,0.03844150832405885,-0.99921651511876
57880000000,786,57875915078,map,-0.17671184241771698,0.19337138533592224,1.1273558139801025,0.00804495982143989,0.004188942675544671,0.03852896303471898,-0.9992163886782144
57916000000,787,57907915078,map,-0.17571888864040375,0.19127702713012695,1.1268874406814575,0.007996619032559165,0.003986115906169803,0.03858375393778318,-0.9992154614475472
57948000000,788,57939915078,map,-0.1740046739578247,0.18867237865924835,1.1261241436004639,0.007938809032198155,0.003776712252793713,0.03866180990122525,-0.9992136912799097
57980000000,789,57971914968,map,-0.1716337502002716,0.18557757139205933,1.1252552270889282,0.008022734932112235,0.0036714653158891847,0.03869805619094463,-0.9992120054059693
58016000000,790,58011914968,map,-0.17591536045074463,0.18734553456306458,1.125670313835144,0.008105712857207074,0.003715114962967295,0.038722501363080974,-0.9992102352383319
58048000000,791,58043914968,map,-0.18227322399616241,0.19106878340244293,1.1267688274383545,0.008443184154958944,0.004114323161981276,0.03870218658209873,-0.9992066949030569
58080000000,792,58075914860,map,-0.18732361495494843,0.19379058480262756,1.1273549795150757,0.008702761820489858,0.004611658114679476,0.038761950813287205,-0.9991999514072951
58116000000,793,58107914860,map,-0.19121690094470978,0.19563767313957214,1.127785325050354,0.00869448539774966,0.004716059645071882,0.03880856522774023,-0.9991977597711725
58148000000,794,58139914860,map,-0.19402439892292023,0.19669391214847565,1.1279394626617432,0.00853608651042521,0.004666043683598976,0.03884253558764006,-0.9991980126522637
58180000000,795,58171914752,map,-0.195814311504364,0.19699929654598236,1.1278070211410522,0.008325798761047153,0.004332178740208944,0.038925649172903476,-0.9991980969459606
58216000000,796,58211914752,map,-0.19673508405685425,0.19640859961509705,1.1275243759155273,0.008175857231566473,0.004185642215106789,0.03894878779273603,-0.9991989820297794
58248000000,797,58243914752,map,-0.1964932382106781,0.19526340067386627,1.12692391872406,0.007957570306686075,0.0038864316947242053,0.039068442695658456,-0.9991973383026875
58280000000,798,58275914646,map,-0.19547714293003082,0.19357618689537048,1.1261940002441406,0.007799870958265232,0.003622467628861746,0.039154211532378136,-0.9991962003377777
58316000000,799,58307914646,map,-0.19374848902225494,0.191372349858284,1.1251909732818604,0.007698327840309725,0.0034881135186127623,0.03918906697609653,-0.9991960738972322
58348000000,800,58339914646,map,-0.19133180379867554,0.18868860602378845,1.124155879020691,0.007649091101625889,0.0034752007779002376,0.03927521513445287,-0.9991931236178364
58380000000,801,58371914541,map,-0.18828915059566498,0.18555539846420288,1.1229567527770996,0.007624077605579181,0.0034848833578011067,0.03933396784127707,-0.9991910162754108
58416000000,802,58411914541,map,-0.1957927793264389,0.1884368509054184,1.1246315240859985,0.007709385461143263,0.003563014395317193,0.03940945284696007,-0.9991870966184992
58448000000,803,58443914541,map,-0.2026001662015915,0.19119466841220856,1.1263165473937988,0.007943014991334514,0.004164165103067948,0.039485443614825144,-0.999179889507404
58480000000,804,58475914437,map,-0.2080283910036087,0.19305919110774994,1.1275533437728882,0.008048717641038566,0.00462964049565058,0.039501417270410843,-0.9991763913189775
58516000000,805,58507914437,map,-0.21221503615379333,0.19416069984436035,1.1284096240997314,0.008026116064252345,0.004721779104123712,0.03950331387859379,-0.9991760962910381
58548000000,806,58539914437,map,-0.2152610868215561,0.19456930458545685,1.1288267374038696,0.007920925762175504,0.004613506155205003,0.039598312875137376,-0.9991736517738243
58580000000,807,58571914334,map,-0.2172403335571289,0.19430993497371674,1.1292847394943237,0.007658997422023347,0.004281643351755366,0.03970203626932267,-0.9991730195710966
58616000000,808,58611914334,map,-0.21836304664611816,0.19314740598201752,1.1292322874069214,0.0075566831484489925,0.00404232975927959,0.03975944027699452,-0.9991725981026116
58648000000,809,58643914334,map,-0.2182305008172989,0.1916050761938095,1.1289784908294678,0.007311102187890744,0.003568946728881228,0.039819836710910606,-0.9991738203612184
58680000000,810,58675914232,map,-0.21725459396839142,0.18955498933792114,1.1285278797149658,0.007146738533685242,0.0031357866092136897,0.03989679685629155,-0.9991733988927334
58716000000,811,58707914232,map,-0.21547238528728485,0.18699708580970764,1.1278942823410034,0.007133133333422572,0.0029497645785935248,0.03991681660933416,-0.9991731881584908
58748000000,812,58739914232,map,-0.2129717916250229,0.18399861454963684,1.1270676851272583,0.007106939231709179,0.0028405553440205918,0.03998526309131589,-0.9991709965223681
58780000000,813,58771914131,map,-0.20975390076637268,0.18056704103946686,1.1260733604431152,0.007288033703048363,0.002909591223336928,0.04007672175258453,-0.9991658546068498
58816000000,814,58811914131,map,-0.21490247547626495,0.1813652217388153,1.1271709203720093,0.007460331172213786,0.00302731477985357,0.04009922816968936,-0.9991633257959391
58848000000,815,58843914131,map,-0.22278539836406708,0.18407376110553741,1.1288608312606812,0.007873790109744386,0.0036084483687396822,0.040107994714179585,-0.9991578467056328
58880000000,816,58875914031,map,-0.22917167842388153,0.18593080341815948,1.1303918361663818,0.008330913346968399,0.004211137930369467,0.04009830093902217,-0.9991521990279324
58916000000,817,58907914031,map,-0.234228253364563,0.18701130151748657,1.1314469575881958,0.008379443467395171,0.004325082593863177,0.0401336621449227,-0.9991498809512642
58948000000,818,58939914031,map,-0.23805177211761475,0.18739458918571472,1.132198691368103,0.008354218907833654,0.004122615389789668,0.040204131675633026,-0.9991481107836269
58980000000,819,58971913932,map,-0.24074263870716095,0.18714357912540436,1.1324530839920044,0.00817000095989311,0.0036135611436635337,0.04028775102307858,-0.9991481950773238
59016000000,820,59011913932,map,-0.2426619678735733,0.18596035242080688,1.1322401762008667,0.008066066666829118,0.003308947594865206,0.04027691928301125,-0.999150597447689
59048000000,821,59043913932,map,-0.24308794736862183,0.18440060317516327,1.1319267749786377,0.007793376392327507,0.002602163549219864,0.04027784651367855,-0.99915481213254
59080000000,822,59075913834,map,-0.2426273077726364,0.1823234111070633,1.1313074827194214,0.007679650036338193,0.0019148739027359531,0.04030751789503023,-0.9991559922442983
59116000000,823,59107913834,map,-0.24130111932754517,0.17977923154830933,1.130592703819275,0.0077030290249160875,0.0016312335147917313,0.04032285934788821,-0.9991557393632072
59148000000,824,59139913834,map,-0.239157035946846,0.17680947482585907,1.1296052932739258,0.007724761652224024,0.001327892767891208,0.040359484959244074,-0.9991545171046005
59180000000,825,59171913738,map,-0.2362329512834549,0.1734246015548706,1.1285550594329834,0.007866071474202449,0.001224106811977639,0.04042114579861561,-0.999151103209871
59216000000,826,59211913738,map,-0.2405059039592743,0.1749287098646164,1.1283206939697266,0.008042045761992066,0.0013332513445526628,0.04045760282257754,-0.9991480264899297
59248000000,827,59243913738,map,-0.24709013104438782,0.17853513360023499,1.1287505626678467,0.008526757898197382,0.0018544982129718435,0.04050889553721526,-0.9991410722599254
59280000000,828,59275913642,map,-0.25222647190093994,0.18121440708637238,1.129101276397705,0.008911790432768654,0.002359724339873073,0.040526049304559164,-0.9991359724912556
59316000000,829,59307913642,map,-0.2560453414916992,0.1830674409866333,1.1291286945343018,0.008974143402417981,0.0024731474361164604,0.04054804995948186,-0.9991342866173152
59348000000,830,59339913642,map,-0.25864994525909424,0.18417371809482574,1.1291697025299072,0.00879997056312995,0.0024699768735827778,0.040578479984106686,-0.9991346237921033
59380000000,831,59371913548,map,-0.26015517115592957,0.184644877910614,1.1287710666656494,0.008551627502269095,0.00207165293520689,0.040593442115328116,-0.9991370261624684
59416000000,832,59411913548,map,-0.26062333583831787,0.1844152808189392,1.1283258199691772,0.008344034846289957,0.0018198515278623642,0.040604484589637946,-0.9991387963301058
59448000000,833,59443913548,map,-0.2599215805530548,0.1836002916097641,1.127601981163025,0.007909270676837098,0.0014783366021953518,0.040607561309579265,-0.9991428002807143
59480000000,834,59475913454,map,-0.25834181904792786,0.18226899206638336,1.126602053642273,0.0075100435446685135,0.001044811813506518,0.04063866568378027,-0.999145160504231
59516000000,835,59507913454,map,-0.2559155225753784,0.18044321238994598,1.1253446340560913,0.007399520019893773,0.0009090252043165446,0.04066184645046128,-0.999145160504231
59548000000,836,59539913454,map,-0.25268808007240295,0.17812956869602203,1.1238232851028442,0.007241351787783246,0.000833804604253489,0.040676134232106476,-0.9991457927069587
59580000000,837,59571913362,map,-0.24871864914894104,0.17536285519599915,1.1225111484527588,0.007245452873706708,0.0009919142259028062,0.040703361096244506,-0.9991445283015032
59616000000,838,59611913362,map,-0.25261157751083374,0.17781749367713928,1.123031497001648,0.007402492031258299,0.0012131845220404922,0.04071604729764633,-0.9991426316933203
59648000000,839,59643913362,map,-0.2593521177768707,0.18221452832221985,1.1246875524520874,0.007793003985408242,0.0020016318733066117,0.04070365612418414,-0.9991389227706514
59680000000,840,59675913271,map,-0.2645638883113861,0.18563728034496307,1.125907063484192,0.008163064510590528,0.002619260352463857,0.040739143770630315,-0.9991331065055569
59716000000,841,59707913271,map,-0.268417626619339,0.18819409608840942,1.1268560886383057,0.008272482339136364,0.002816320576854574,0.040734381176748546,-0.999131799953253
59748000000,842,59739913271,map,-0.2710322141647339,0.18997327983379364,1.1273707151412964,0.008084526163296255,0.002852269533728589,0.040699230705090406,-0.9991346659389518
59780000000,843,59771913180,map,-0.2725274860858917,0.1910659521818161,1.1277064085006714,0.007693746840076072,0.002509309761411062,0.040716763794070965,-0.9991379533931356
59816000000,844,59811913180,map,-0.2728916108608246,0.19155575335025787,1.1278961896896362,0.007472330182421486,0.0023037643556711148,0.04070057940424282,-0.9991408193788344
59848000000,845,59843913180,map,-0.2720799446105957,0.19128331542015076,1.1277430057525635,0.006947355458178743,0.0016974735433994271,0.04073716286875023,-0.9991443597141092
59880000000,846,59875913091,map,-0.270363986492157,0.19043013453483582,1.1275383234024048,0.006433929958244747,0.001164280842241567,0.04078934066720674,-0.9991463827628377
59912000000,847,59907913091,map,-0.26782840490341187,0.1890268474817276,1.127078890800476,0.00636156332544316,0.0010403544550042364,0.04080383918309449,-0.9991464670565349
59948000000,848,59939913091,map,-0.26449692249298096,0.18710118532180786,1.1262826919555664,0.006281898702404111,0.0008094363171884767,0.040804850707458706,-0.9991470571124139
59980000000,849,59971913003,map,-0.26043933629989624,0.18468531966209412,1.1253626346588135,0.006276932124361032,0.0007446623732916777,0.04082158300631761,-0.9991465092033833
60016000000,850,60011913003,map,-0.26466047763824463,0.18753241002559662,1.1258699893951416,0.006389022491156389,0.0008766509916679871,0.04084906275154665,-0.9991445704483519
60048000000,851,60043913003,map,-0.27182745933532715,0.19221282005310059,1.127044677734375,0.006850027189710453,0.0014065727022546967,0.040819391370195024,-0.9991421259311382
60080000000,852,60075912916,map,-0.2773996591567993,0.19589634239673615,1.127798318862915,0.00710123508381716,0.0019873600613657372,0.04077960474520065,-0.99914094581938
60116000000,853,60107912916,map,-0.28155699372291565,0.19873861968517303,1.1282858848571777,0.0071174492727843295,0.002126639425989924,0.04078757049956927,-0.9991402293229552
60148000000,854,60147912916,map,-0.2849510610103607,0.20120179653167725,1.1284836530685425,0.007021113101617315,0.002128257140573783,0.04075975357955208,-0.9991420837842897
60180000000,855,60171912830,map,-0.28608253598213196,0.2021656036376953,1.1283594369888306,0.006467618131822857,0.001672305454029471,0.0408076323994605,-0.9991446968888974
60216000000,856,60211912830,map,-0.28661900758743286,0.20295418798923492,1.1279194355010986,0.00620584817162487,0.0013619978001428701,0.040819307076497946,-0.9991463406159893
60248000000,857,60243912830,map,-0.28588739037513733,0.20289677381515503,1.127234697341919,0.0057104583947671225,0.0008227812277343656,0.040816483237647694,-0.9991500073918097
60280000000,858,60275912745,map,-0.28423675894737244,0.20228323340415955,1.1265978813171387,0.005219582117330962,0.0003238203286459559,0.040840085472813814,-0.9991520304405384
60316000000,859,60307912745,map,-0.2816919982433319,0.2011221945285797,1.1255789995193481,0.005079060737764721,0.00016829203683180378,0.04089095671896653,-0.9991507238882344
60348000000,860,60339912745,map,-0.2783385217189789,0.19944939017295837,1.124682903289795,0.004826774641662319,3.214783797399688e-05,0.0408831174051435,-0.9991523254684779
60380000000,861,60371912661,map,-0.2742389440536499,0.19730888307094574,1.1235439777374268,0.004793352355429307,0.00014092638443870926,0.04089437061369583,-0.9991520304405384
60416000000,862,60411912661,map,-0.2808898687362671,0.20066365599632263,1.1247060298919678,0.0048229503090683355,0.00026680156951128817,0.04088712135575201,-0.9991521147342353
60448000000,863,60443912661,map,-0.2870398163795471,0.20371614396572113,1.1257764101028442,0.005118012986867391,0.0008368362138959871,0.040867523071194456,-0.9991511453567195
60480000000,864,60475912578,map,-0.29169633984565735,0.20596303045749664,1.126370906829834,0.005281523990571181,0.0012981522393661995,0.0408338055923857,-0.9991511453567195
60516000000,865,60507912578,map,-0.2949807047843933,0.20744988322257996,1.1266347169876099,0.0052950860561685785,0.001348017229510651,0.04076974238264913,-0.9991536741676301
60548000000,866,60547912578,map,-0.29730451107025146,0.20834533870220184,1.1265413761138916,0.005086624450711156,0.0011431703748575465,0.04071655305982841,-0.999157130209208
60580000000,867,60571912496,map,-0.29782962799072266,0.20841649174690247,1.1262280941009521,0.004792694469465832,0.0007249167394004511,0.04070846086491431,-0.9991593218453306
60616000000,868,60611912496,map,-0.29741382598876953,0.2078050822019577,1.1254136562347412,0.004571601157164667,0.0004456245562063128,0.040724898135833576,-0.9991598276075128
60648000000,869,60643912496,map,-0.29597118496894836,0.2067328244447708,1.1243664026260376,0.0044138782657776625,1.2006089561218095e-05,0.04072755338728973,-0.9991605441039375
60680000000,870,60675918415,map,-0.29358047246932983,0.20520344376564026,1.1234408617019653,0.004241004405531626,-0.00039431488404735734,0.04065029821396926,-0.9991643794671519
60716000000,871,60707918415,map,-0.2903234362602234,0.20323236286640167,1.122334599494934,0.00415393774222285,-0.0005168820354202122,0.04061797158116143,-0.9991660231942439
60748000000,872,60739918415,map,-0.2862730026245117,0.20084337890148163,1.1212773323059082,0.00412906961987628,-0.0005311196030466716,0.04062463078322609,-0.9991658546068498
60780000000,873,60771918335,map,-0.2815045714378357,0.19807705283164978,1.1199228763580322,0.004256809967631593,-0.00030061832390446553,0.040564992992583315,-0.9991678355087299
60816000000,874,60811918335,map,-0.2850521206855774,0.19956347346305847,1.1201080083847046,0.004298225667102499,-0.00012072849510650869,0.0405521803506359,-0.999168172683518
60848000000,875,60843918335,map,-0.2917826175689697,0.2027474343776703,1.1210551261901855,0.004568460723042224,0.000559549298728656,0.04050476514606116,-0.9991688048862455
60880000000,876,60875918256,map,-0.2968899607658386,0.20511171221733093,1.121613621711731,0.004877640619458904,0.0012696240912803884,0.04046472563997583,-0.9991682991240635
60916000000,877,60907918256,map,-0.3005753457546234,0.2067319005727768,1.1219779253005981,0.004896324021058755,0.0014661345956430666,0.04041313789739848,-0.9991699849980039
60948000000,878,60939918256,map,-0.30297401547431946,0.2076820582151413,1.1219580173492432,0.004723791286867854,0.0015329531556010252,0.040339844527838065,-0.9991737360675214
60980000000,879,60971918178,map,-0.30416879057884216,0.20800107717514038,1.1218528747558594,0.0043610764963998615,0.0012500388129768549,0.04034338486311301,-0.999175590528856
61012000000,880,61011918178,map,-0.304064005613327,0.20755784213542938,1.12123703956604,0.00411682628965612,0.001006311819844705,0.0403362198988661,-0.9991771921090993
61048000000,881,61043918178,map,-0.30277714133262634,0.20658333599567413,1.1206012964248657,0.0036237927850479345,0.0006038861370008464,0.040326652564254106,-0.9991798473605554
61080000000,882,61075918101,map,-0.30053114891052246,0.20510941743850708,1.1197360754013062,0.0033378609914881873,0.00035883118886834945,0.04028252481386324,-0.9991827554931028
61116000000,883,61107918101,map,-0.297415167093277,0.20317183434963226,1.1186531782150269,0.003263862979304201,0.00025805543990076987,0.04029259791065731,-0.99918254475886
61148000000,884,61139918101,map,-0.2934408187866211,0.20080602169036865,1.117500901222229,0.0031787302965792428,0.0002727900439946292,0.040291839267384166,-0.9991828819336482
61180000000,885,61171918025,map,-0.28875771164894104,0.19807027280330658,1.1162525415420532,0.0032793852026296076,0.00044044724392067983,0.04028227193277223,-0.9991829240804968
61216000000,886,61211918025,map,-0.29463478922843933,0.20057162642478943,1.1162610054016113,0.0033949256017842236,0.0006382186140619542,0.040271777367492934,-0.9991827976399512
61248000000,887,61243918025,map,-0.3001455068588257,0.20297053456306458,1.116377592086792,0.003655808667166086,0.0012499689249409456,0.040179012153920446,-0.9991850314229223
61280000000,888,61275917950,map,-0.30416199564933777,0.2046300768852234,1.116382360458374,0.0038764088119488354,0.0017036930023689428,0.040098933141749726,-0.9991868015905598
61316000000,889,61307917950,map,-0.3068704605102539,0.20561371743679047,1.116152286529541,0.0038453429626015127,0.0016875010392789177,0.04007937700404074,-0.999187728821227
61348000000,890,61339917950,map,-0.30837202072143555,0.205999955534935,1.1156996488571167,0.0036800368488870243,0.0014326257931253185,0.04005969442578611,-0.9991895411357129
61380000000,891,61379917876,map,-0.30865776538848877,0.20570498704910278,1.1151008605957031,0.003324435820830388,0.0008505164059145024,0.04009362263883737,-0.9991900890447436
61416000000,892,61411917876,map,-0.30770617723464966,0.2049141377210617,1.1143230199813843,0.00319723827838578,0.0005677545163439306,0.040085277562832256,-0.9991910162754108
61448000000,893,61443917876,map,-0.30581939220428467,0.20365524291992188,1.113539695739746,0.002993304248738803,0.0001365401487432905,0.04007895553555563,-0.9991921120934721
61480000000,894,61475917803,map,-0.3030552566051483,0.2019466906785965,1.1125668287277222,0.0027674314673528893,-0.00023909981246481488,0.040007053011995974,-0.9991955681350501
61516000000,895,61507917803,map,-0.2994499206542969,0.19984668493270874,1.111641764640808,0.0026693068539383213,-0.00035771701387878925,0.0399728719178537,-0.9991971275684449
61548000000,896,61539917803,map,-0.2950606942176819,0.19738949835300446,1.110487699508667,0.0026511163729026955,-0.0005200661804343722,0.03996258808681702,-0.99919754903693
61580000000,897,61571917731,map,-0.28994178771972656,0.1945958137512207,1.1092666387557983,0.002814508180050542,-0.0003330813577435367,0.03991222260284655,-0.999199192764022
61616000000,898,61611917731,map,-0.2962510883808136,0.19720138609409332,1.1102943420410156,0.0028524905577290804,-0.00021933969059441226,0.03989237143719793,-0.9991999092604467
61648000000,899,61643917731,map,-0.30225828289985657,0.19974073767662048,1.1113276481628418,0.00315911488986447,0.00034363889634144205,0.03986434378293818,-0.9992001199946892
61680000000,900,61675917660,map,-0.30675116181373596,0.20155736804008484,1.112139344215393,0.003375157659697789,0.0008103055959390144,0.039817940102727656,-0.9992009207848109
61716000000,901,61707917660,map,-0.3098585605621338,0.20272468030452728,1.1126562356948853,0.003367515991545221,0.0009157193915582526,0.03980019627950454,-0.9992015529875385
61748000000,902,61739917660,map,-0.3117009401321411,0.2032909393310547,1.1129521131515503,0.0030609105925644355,0.000798171090198798,0.039762390556390304,-0.9992042082389947
61780000000,903,61771917590,map,-0.31238657236099243,0.20331884920597076,1.112918496131897,0.002689444486447925,0.0003868408154721878,0.0397661416259078,-0.9992053462039046
61816000000,904,61811917590,map,-0.31172975897789,0.20264098048210144,1.1124250888824463,0.0025150574555586717,0.00017304351777496315,0.03976458219251283,-0.9992059784066322
61848000000,905,61843917590,map,-0.31008511781692505,0.20159992575645447,1.1118712425231934,0.002113499240467954,-0.00037096610619876666,0.03977237935948735,-0.9992065263156629
61880000000,906,61875917520,map,-0.3075215518474579,0.20012646913528442,1.1110646724700928,0.001920931318597473,-0.0007786566465887876,0.03974388808989404,-0.9992077907211182
61916000000,907,61907917520,map,-0.30408287048339844,0.19825498759746552,1.1104525327682495,0.0018735872368295793,-0.0009123760845682027,0.03973415216788795,-0.9992080857490577
61948000000,908,61939917520,map,-0.2998236119747162,0.1960349828004837,1.1095538139343262,0.0017041032550179005,-0.0011077971710990347,0.0397126994219959,-0.9992090551265735
61980000000,909,61971917452,map,-0.2948123812675476,0.19351786375045776,1.108803391456604,0.0017144235323771724,-0.0009438888386822553,0.039695461360954976,-0.9992099402103922
62016000000,910,62011917452,map,-0.29793882369995117,0.19343456625938416,1.1090607643127441,0.0017885052620317358,-0.0007434045944403457,0.03967636883857956,-0.999210741000514
62048000000,911,62043917452,map,-0.3042421340942383,0.19458480179309845,1.1098606586456299,0.0019116382266140433,-0.00010519021975871985,0.03959308666592204,-0.9992141127483948
62080000000,912,62075917384,map,-0.30896925926208496,0.19512897729873657,1.110504388809204,0.0020896422308953277,0.0005201362331065259,0.03958946203695013,-0.9992137755736068
62116000000,913,62107917384,map,-0.3122997283935547,0.1951630413532257,1.110990047454834,0.0020509247940687855,0.0007102932235332822,0.03957656510130575,-0.9992141970420918
62148000000,914,62139917384,map,-0.31433162093162537,0.1947074681520462,1.1112456321716309,0.0018531438338731132,0.0007195676293162982,0.03954259474140598,-0.9992159672097293
62180000000,915,62171917318,map,-0.315171480178833,0.1938292682170868,1.1111584901809692,0.0016825695287308894,0.0004191897564752519,0.039508160766172584,-0.9992177795242152
62216000000,916,62211917318,map,-0.3146642744541168,0.19220489263534546,1.1107943058013916,0.0016418201116659352,0.0001533825891710757,0.039533575315824576,-0.9992168944403965
62248000000,917,62243917318,map,-0.31311583518981934,0.19052302837371826,1.1102352142333984,0.0014574260030695036,-0.0003324744266613669,0.039588155484646226,-0.9992149978322136
62280000000,918,62275917253,map,-0.31064245104789734,0.1884857714176178,1.109527826309204,0.0012927014664736271,-0.0008146185685578029,0.0395270425543055,-0.9992173580557302
62316000000,919,62307917253,map,-0.30731505155563354,0.18614070117473602,1.1086359024047852,0.0012885529550558318,-0.0010097998111208764,0.03953521904291657,-0.9992168522935481
62348000000,920,62339917253,map,-0.3031902015209198,0.18355724215507507,1.1077038049697876,0.0013436744268834858,-0.0011075212512399479,0.03947608701445582,-0.9992190017828221
62380000000,921,62371917188,map,-0.2983173727989197,0.18073181807994843,1.1067354679107666,0.0014057417837217499,-0.0010584418738242458,0.0394202845870274,-0.9992211934189447
62416000000,922,62411917188,map,-0.3043177127838135,0.18193766474723816,1.107053279876709,0.0015083148241287095,-0.0009515365983715218,0.03939891613483226,-0.9992219942090663
62448000000,923,62443917188,map,-0.30995744466781616,0.18325036764144897,1.1073347330093384,0.0016766180150580593,-0.0004230665256755651,0.039372237179724934,-0.9992231321739762
62480000000,924,62475917124,map,-0.31408727169036865,0.18399515748023987,1.107306957244873,0.0017901516644607245,3.247957976989328e-05,0.0393604360621419,-0.9992235536424612
62516000000,925,62507917124,map,-0.3168310225009918,0.18428272008895874,1.107115626335144,0.001771542678390276,8.268635451398791e-05,0.039373838759968305,-0.9992229635865821
62548000000,926,62539917124,map,-0.3182956874370575,0.18415340781211853,1.1066213846206665,0.0016119223556396466,-2.2866805586752353e-05,0.03936646306147901,-0.9992235957893099
62580000000,927,62571917062,map,-0.31857818365097046,0.18363814055919647,1.105960488319397,0.001374142348686834,-0.0004545883347766025,0.03939744099513448,-0.999222626411794
62616000000,928,62611917062,map,-0.3174530267715454,0.1824718564748764,1.1049634218215942,0.0011833606670557085,-0.0006827547649452721,0.03943111632709467,-0.9992214041531872
62648000000,929,62643917062,map,-0.31547078490257263,0.1811632364988327,1.1040914058685303,0.0008264027903584377,-0.0010686085868360626,0.03940852561629282,-0.9992223313838544
62680000000,930,62675917000,map,-0.31259313225746155,0.17953555285930634,1.1031098365783691,0.000661886662519822,-0.0014569926396241018,0.03935719075480654,-0.9992239329640978
62716000000,931,62707917000,map,-0.3089107573032379,0.17760995030403137,1.1020140647888184,0.0006101670875637958,-0.001559124125938459,0.03936953978142016,-0.9992233850550672
62748000000,932,62739917000,map,-0.30445289611816406,0.17540936172008514,1.100999116897583,0.0004933505114707732,-0.0016984125455496298,0.03935765437014016,-0.9992236379361583
62780000000,933,62771916939,map,-0.2992614507675171,0.17294874787330627,1.0998570919036865,0.0005794500198515136,-0.0016258836638448895,0.039355926349351145,-0.9992237643767039
62816000000,934,62811916939,map,-0.30478742718696594,0.1725190430879593,1.0999624729156494,0.0006574835104623542,-0.0015196671024704203,0.039334220722368085,-0.9992247337542195
62848000000,935,62843916939,map,-0.3100316822528839,0.1723128855228424,1.1001182794570923,0.0007869733125723971,-0.000888540570299907,0.039264130513294526,-0.999228231942646
62880000000,936,62875916879,map,-0.3137572109699249,0.17171277105808258,1.1001588106155396,0.0009245017616962264,-0.0003087756941453308,0.039265984974628965,-0.9992283162363429
62916000000,937,62907916879,map,-0.3161374032497406,0.1707804650068283,1.0998884439468384,0.0009535726121951631,-0.00018283640388080304,0.039213427854535854,-0.9992303814319201
62948000000,938,62939916879,map,-0.317266047000885,0.16957193613052368,1.0993411540985107,0.0008642450009543552,-0.00011079953724158936,0.03921363858877841,-0.9992305078724656
62980000000,939,62971916820,map,-0.3172491192817688,0.16808372735977173,1.0986627340316772,0.0007525307865501509,-0.00040940810678484474,0.039205714981258466,-0.9992308450472537
63016000000,940,63011916820,map,-0.3157626688480377,0.16584140062332153,1.0976076126098633,0.000649630254017323,-0.0006051965891228257,0.039180553312697375,-0.9992318144247694
63048000000,941,63043916820,map,-0.3134750723838806,0.16377025842666626,1.0968352556228638,0.0005482157683257898,-0.000977921122345302,0.039132969520728644,-0.9992333738581642
63080000000,942,63075916762,map,-0.3103027641773224,0.16147319972515106,1.0959570407867432,0.0005386743021652712,-0.0012816742621644343,0.039103930342104576,-0.999234174648286
63116000000,943,63107916762,map,-0.30632248520851135,0.15895940363407135,1.0952093601226807,0.0005838249779722333,-0.0013969611628425083,0.03911602648762724,-0.9992335424455583
63148000000,944,63139916762,map,-0.3015742599964142,0.15623432397842407,1.0942634344100952,0.0006350294888049534,-0.0014047810084435173,0.03912369721405623,-0.9992332052707702
63180000000,945,63171916705,map,-0.2961091697216034,0.15334990620613098,1.0936307907104492,0.0008592635850803312,-0.0011770037780790654,0.039128712689028955,-0.9992331631239217
63216000000,946,63211916705,map,-0.2985351085662842,0.1527848243713379,1.0942782163619995,0.0009792525501390705,-0.0010314035231964972,0.03912428726993533,-0.9992333738581644
63248000000,947,63243916705,map,-0.30426615476608276,0.1536300778388977,1.0954188108444214,0.0012338978459271674,-0.00046380223678294755,0.03915433797292356,-0.9992323201869515
63280000000,948,63275916649,map,-0.3085035979747772,0.15404342114925385,1.096232533454895,0.0014123879795324384,0.0002253198509534571,0.03913014568187839,-0.9992331631239217
63316000000,949,63307916649,map,-0.31138667464256287,0.15408287942409515,1.0967875719070435,0.001376094891993971,0.00038235789721119103,0.0391211684031455,-0.9992334581518614
63348000000,950,63339916649,map,-0.31302228569984436,0.15379372239112854,1.0973237752914429,0.0012237610349519167,0.00030239149615135736,0.039144517757220554,-0.9992327838022851
63380000000,951,63371916594,map,-0.3134833872318268,0.15321770310401917,1.0976002216339111,0.000963644885808632,-2.653333445300954e-05,0.03911185394962463,-0.9992344275293772
63416000000,952,63411916594,map,-0.3125496506690979,0.15208908915519714,1.0977436304092407,0.0007535408188995115,-0.0004149364335829907,0.03910359316731654,-0.9992347647041652
63448000000,953,63443916594,map,-0.310705304145813,0.15086263418197632,1.0975927114486694,0.0005752839232374036,-0.0009699927403775709,0.039169763719478556,-0.9992319830121634
63480000000,954,63475916539,map,-0.30795446038246155,0.14937634766101837,1.0973259210586548,0.0004336517643018381,-0.001279849270696687,0.0391742312854208,-0.9992314772499813
63516000000,955,63507916539,map,-0.30437880754470825,0.1476673036813736,1.0968960523605347,0.00035385753147181015,-0.0014230875167896434,0.03915067119710314,-0.9992322780401031
63548000000,956,63547916539,map,-0.29884520173072815,0.14524243772029877,1.096340298652649,0.0002875605799232056,-0.0016140759196577278,0.039082519743061095,-0.9992346804104681
63580000000,957,63579916486,map,-0.29363927245140076,0.14309050142765045,1.0959542989730835,0.0004183413041947797,-0.0016339086049011037,0.03912757472411915,-0.9992327838022852
63616000000,958,63611916486,map,-0.2978028953075409,0.1431431919336319,1.0968971252441406,0.0004903260634997992,-0.001533689243724706,0.039129555625999235,-0.9992329102428307
63648000000,959,63643916486,map,-0.3037383258342743,0.14359323680400848,1.09800386428833,0.0005288387135638747,-0.0010795900634608649,0.039091665609187864,-0.9992349754384078
63680000000,960,63675916433,map,-0.308125376701355,0.14366213977336884,1.0987335443496704,0.0006559657390111193,-0.0006194466292221249,0.03906376439547371,-0.99923632413756
63716000000,961,63707916433,map,-0.31113073229789734,0.14336220920085907,1.0992679595947266,0.0006546338751889758,-0.0004968640419261445,0.039029667595028406,-0.999237714983561
63748000000,962,63739916433,map,-0.31287720799446106,0.14273697137832642,1.0994634628295898,0.0006125055533872478,-0.0004966247381706772,0.03906414371711031,-0.9992364505781055
63780000000,963,63771916382,map,-0.31346893310546875,0.14186425507068634,1.0996112823486328,0.0005148708199134341,-0.0008938722804033882,0.03907914799518014,-0.9992356076411354
63816000000,964,63811916382,map,-0.3127259314060211,0.1404828280210495,1.0994329452514648,0.0004911496351455791,-0.0010821420057473613,0.03908652369366955,-0.9992351440258017
63848000000,965,63843916382,map,-0.311073362827301,0.13911408185958862,1.0991379022598267,0.00034156332868840784,-0.001573512088666929,0.039089726854156404,-0.9992344696762255
63880000000,966,63875916331,map,-0.3085417151451111,0.13756699860095978,1.0987333059310913,0.000227345533860012,-0.0020713218519553852,0.03906283716480641,-0.9992346382636197
63916000000,967,63907916331,map,-0.3051518201828003,0.13584460318088531,1.0981974601745605,0.00018476075325130919,-0.0022708779600313566,0.03904686350922082,-0.9992347647041651
63948000000,968,63939916331,map,-0.3009699583053589,0.13393869996070862,1.097602128982544,0.00015858278587836132,-0.002563860625001947,0.03906249999001843,-0.9992334581518614
63980000000,969,63971916281,map,-0.2960782051086426,0.13185258209705353,1.0968364477157593,0.00010962642251879889,-0.002557245874691515,0.039014789757504054,-0.9992353969068928
64016000000,970,64011916281,map,-0.30298057198524475,0.13146640360355377,1.0978950262069702,0.00018292860011203795,-0.0024026821036273673,0.03898756289336608,-0.9992368298997423
64048000000,971,64043916281,map,-0.3094629943370819,0.13130035996437073,1.0988627672195435,0.00034972508236615513,-0.001928702431904774,0.038973654433357485,-0.9992383471862887
64080000000,972,64075916232,map,-0.31439128518104553,0.130840003490448,1.0997953414916992,0.00045619366049202324,-0.0014996902782978597,0.038939009723881424,-0.999240370235017
64116000000,973,64115916232,map,-0.31858158111572266,0.12988226115703583,1.100610375404358,0.000503166076203224,-0.0013577705617869805,0.03895388756140583,-0.9992399909133804
64148000000,974,64139916232,map,-0.3201565146446228,0.12912443280220032,1.1008460521697998,0.0004588272211384779,-0.0015419971119651618,0.039030384091453096,-0.9992367456060451
64180000000,975,64171916184,map,-0.32123491168022156,0.12794391810894012,1.101097822189331,0.00043394831512558906,-0.002024817002844852,0.03906346936753413,-0.999234596116771
64216000000,976,64211916184,map,-0.32107114791870117,0.12621402740478516,1.1011464595794678,0.0003838049252903877,-0.002365750269075188,0.03908795668651899,-0.9992329523896792
64248000000,977,64243916184,map,-0.31981343030929565,0.12465601414442062,1.101284146308899,0.00024820476651423747,-0.002919492769286585,0.03910211802761859,-0.9992309293409506
64280000000,978,64275916137,map,-0.3176281452178955,0.12295525521039963,1.1011860370635986,0.00024155791215904092,-0.0034145820852125646,0.03913402319194137,-0.9992281055021004
64316000000,979,64307916137,map,-0.3145849406719208,0.12107891589403152,1.1010397672653198,0.00024163446795809365,-0.0036357771426402136,0.03909364651106795,-0.9992289484390706
64348000000,980,64339916137,map,-0.31073036789894104,0.11903125047683716,1.100601077079773,0.0002960960987682647,-0.00391470827880785,0.039070297156992895,-0.9992287798516766
64380000000,981,64371916091,map,-0.3061380684375763,0.1168380156159401,1.0998926162719727,0.00043222399864949976,-0.00391596922690451,0.039075691953602276,-0.9992285269705856
64416000000,982,64411916091,map,-0.3093196153640747,0.11589765548706055,1.1000548601150513,0.0005300534194883643,-0.003833187877345304,0.039094067979553004,-0.9992281055021004
64448000000,983,64443916091,map,-0.31548064947128296,0.11590446531772614,1.1005594730377197,0.0008158104517993054,-0.0033533024607931856,0.03909760831482795,-0.9992294542012528
64480000000,984,64475916046,map,-0.3200918734073639,0.11566155403852463,1.1009002923965454,0.000998668669966994,-0.0028968410607996945,0.03911278118029182,-0.9992301285508289
64516000000,985,64507916046,map,-0.3233295977115631,0.11519169062376022,1.1009165048599243,0.0010057049710805992,-0.0028418008163211975,0.039114930669565895,-0.9992301706976775
64548000000,986,64547916046,map,-0.32564282417297363,0.1143154501914978,1.1007983684539795,0.0009373129836569426,-0.0029071062056359384,0.039141146009339656,-0.9992290748796162
64580000000,987,64579916001,map,-0.32618221640586853,0.11340340226888657,1.1004571914672852,0.0007962520915025361,-0.0033142026154026638,0.039167277055416505,-0.9992268832434936
64616000000,988,64611916001,map,-0.32564932107925415,0.11231288313865662,1.0999889373779297,0.0006694172424456994,-0.003539106924771525,0.03919559973761577,-0.999225113075856
64648000000,989,64643916001,map,-0.3241470158100128,0.11107820272445679,1.0994231700897217,0.0005313515753497253,-0.003979232798972251,0.039147973798798474,-0.9992253659569472
64680000000,990,64675915958,map,-0.3217405676841736,0.10970709472894669,1.0987788438796997,0.0004611869507467068,-0.004399951860431107,0.03912913415751412,-0.9992243965794314
64716000000,991,64707915958,map,-0.3185449540615082,0.108188197016716,1.098090648651123,0.00045758965137185104,-0.004600268258141545,0.03914186250576446,-0.9992229635865821
64748000000,992,64739915958,map,-0.3146122097969055,0.10652852803468704,1.097274899482727,0.0005722330305885305,-0.004936751245223061,0.03914793165194991,-0.9992211091252476
64780000000,993,64771915915,map,-0.3099869191646576,0.10475538671016693,1.0964645147323608,0.0008093380294206609,-0.005064039337537517,0.039176254334149285,-0.9992191703702161
64816000000,994,64811915915,map,-0.3129483163356781,0.10392171144485474,1.096736192703247,0.0009383648438723181,-0.005117094811187017,0.03917612789360375,-0.9992187910485795
64848000000,995,64843915915,map,-0.3188774585723877,0.10378213971853256,1.0975159406661987,0.0012345656512172934,-0.004929078378524427,0.03913747923351929,-0.9992209405378536
64880000000,996,64875915873,map,-0.32333439588546753,0.10341250151395798,1.0980310440063477,0.0014559324241253985,-0.004647183462798615,0.039120283319326765,-0.999222626411794
64916000000,997,64907915873,map,-0.3264128863811493,0.10285025835037231,1.0985462665557861,0.0015110043610583423,-0.004632161568663148,0.039098071930161626,-0.9992235114956127
64948000000,998,64939915873,map,-0.32825562357902527,0.10210283100605011,1.09895920753479,0.0014768813834688367,-0.004764455751691161,0.03909845125179823,-0.9992229635865821
64980000000,999,64971915832,map,-0.32894593477249146,0.10118140280246735,1.0992472171783447,0.0013676953625898099,-0.005124451741157946,0.039129049863817045,-0.9992200976008834
65016000000,1000,65011915832,map,-0.32831084728240967,0.09985888004302979,1.0993881225585938,0.00131524591452378,-0.0052961833559548865,0.03913912296061112,-0.9992188753422766
65048000000,1001,65043915832,map,-0.32672011852264404,0.09861721098423004,1.0992399454116821,0.001153786276962355,-0.005670690044382817,0.039176717949482964,-0.9992155878880927
65080000000,1002,65075915792,map,-0.32430458068847656,0.09724105149507523,1.0990430116653442,0.0010790100298060604,-0.005957071788477643,0.03912445585732938,-0.9992160093565778
65116000000,1003,65107915792,map,-0.3211277723312378,0.09573112428188324,1.0985498428344727,0.0010915444366987495,-0.006044358241015959,0.03914675154019165,-0.9992146185105769
65148000000,1004,65147915792,map,-0.3161527216434479,0.09368214756250381,1.09827721118927,0.0012125432643258433,-0.006155824307617749,0.03917511636923943,-0.9992127219023941
65180000000,1005,65171915753,map,-0.3126806318759918,0.09236865490674973,1.0979262590408325,0.001411791832116587,-0.0062454159952062575,0.0391166165435064,-0.9992141548952433
65216000000,1006,65211915753,map,-0.3150665760040283,0.09212817996740341,1.0979506969451904,0.001503737980957261,-0.006238754652871885,0.03910481542592331,-0.9992144920700314
65248000000,1007,65243915753,map,-0.3202313184738159,0.09270364046096802,1.0983034372329712,0.0017540006990588862,-0.006039224886576234,0.039088757476640645,-0.9992159672097293
65280000000,1008,65275915715,map,-0.32398590445518494,0.09302470833063126,1.0985358953475952,0.0018214376323098403,-0.005799565393597638,0.039079780197907865,-0.9992176109368212
65316000000,1009,65307915715,map,-0.3265025019645691,0.09316503256559372,1.0987303256988525,0.0017822942406637283,-0.005769838200598918,0.03910688062150036,-0.9992168101466995
65348000000,1010,65339915715,map,-0.327865868806839,0.09310069680213928,1.098722219467163,0.0016169952886207644,-0.0059188862498183925,0.03911088457210882,-0.9992160936502749
65380000000,1011,65371915677,map,-0.3281787037849426,0.09283796697854996,1.0985640287399292,0.0013630170624051004,-0.006293469000136995,0.03908842030185261,-0.999215039979062
65416000000,1012,65411915677,map,-0.3272065818309784,0.09231293201446533,1.0981980562210083,0.0012383636420309567,-0.006563670634942939,0.039080833869120646,-0.9992137755736068
65448000000,1013,65443915677,map,-0.32540977001190186,0.09171946346759796,1.097996711730957,0.0010459481320550424,-0.007002866479662266,0.03909238210561261,-0.99921057241312
65480000000,1014,65475915641,map,-0.32278260588645935,0.09099825471639633,1.0976463556289673,0.0008196007870330639,-0.0073822233483914895,0.0390964703499182,-0.9992078328679668
65516000000,1015,65507915641,map,-0.31938838958740234,0.09011431783437729,1.0972787141799927,0.00074297715789575,-0.007525370509547186,0.03909701825894879,-0.999206863490451
65548000000,1016,65539915641,map,-0.31527000665664673,0.0891086608171463,1.0968174934387207,0.0006181204119047662,-0.0076548983117332905,0.039090148322641516,-0.9992062312877232
65580000000,1017,65571915605,map,-0.3105274736881256,0.08798244595527649,1.096291184425354,0.0006928382132359774,-0.00745820818935606,0.03913364387030471,-0.9992058941129351
65616000000,1018,65611915605,map,-0.314508318901062,0.08808951079845428,1.0980995893478394,0.0006965787460413192,-0.0073374350778590775,0.03911830241744679,-0.9992074113994815
65648000000,1019,65643915605,map,-0.3183566629886627,0.08826563507318497,1.0997039079666138,0.000691656125844149,-0.006886462481703495,0.03911897676702297,-0.9992106145599684
65680000000,1020,65675915571,map,-0.32090502977371216,0.08821829408407211,1.1011408567428589,0.0006570963686097237,-0.0065349887167145135,0.0390853857287598,-0.9992143656294858
65716000000,1021,65707915571,map,-0.3223060071468353,0.08795376121997833,1.102278470993042,0.0006217101380177801,-0.006421723012608534,0.039096259615675644,-0.999214618510577
65748000000,1022,65747915571,map,-0.32264241576194763,0.08741552382707596,1.1033283472061157,0.0005751740903611811,-0.0063834839672080096,0.03911067383786632,-0.9992143656294858
65780000000,1023,65771915537,map,-0.3221312463283539,0.08698134869337082,1.1038390398025513,0.000536427307145002,-0.0066472975556503945,0.039122137780661315,-0.9992121739933633
65816000000,1024,65811915537,map,-0.3294591009616852,0.08749138563871384,1.1058063507080078,0.0004883532287900099,-0.006831421660998553,0.039099589216707975,-0.9992118789654237
65848000000,1025,65843915537,map,-0.33554351329803467,0.0879497304558754,1.1073048114776611,0.0004195409253341335,-0.007075009042695012,0.03911998829138724,-0.9992094344482101
65880000000,1026,65875915504,map,-0.34023478627204895,0.088217593729496,1.1083815097808838,0.00032153699020065273,-0.007532682987763825,0.03913688917764013,-0.9992054304976016
65916000000,1027,65907915504,map,-0.3436700701713562,0.08829817920923233,1.1091207265853882,0.0002456976875723468,-0.007872027021460273,0.039142874030128616,-0.9992025645119029
65948000000,1028,65939915504,map,-0.3459412455558777,0.08819277584552765,1.1096960306167603,8.649784549006434e-05,-0.008735068696962356,0.039122812130237494,-0.9991962424846261
65980000000,1029,65971915471,map,-0.3471665680408478,0.08792796730995178,1.110080599784851,-9.959366157569246e-05,-0.009642438320385775,0.03901428399532192,-0.9991921542403206
66016000000,1030,66011915471,map,-0.3473694622516632,0.0873868316411972,1.110202431678772,-0.00010656600155396027,-0.010112680916661693,0.03902785528054237,-0.9991870123248023
66048000000,1031,66043915471,map,-0.3465555012226105,0.08676101267337799,1.109912633895874,-0.00016831245171143635,-0.011002203983918778,0.03898183092196855,-0.9991793415983734
66080000000,1032,66075915440,map,-0.3448984920978546,0.0859927237033844,1.109412431716919,-0.00015142835834352052,-0.011725921019861753,0.038902510553071035,-0.9991741996828549
66116000000,1033,66107915440,map,-0.34248459339141846,0.08510757982730865,1.1086983680725098,-0.00011345141365717281,-0.01203003819073719,0.03894309796818701,-0.9991690999141851
66148000000,1034,66139915440,map,-0.3393631875514984,0.08410833775997162,1.1078404188156128,0.00010033188996925712,-0.012480523463956865,0.038961937609471364,-0.999162820033757
66180000000,1035,66171915410,map,-0.33555474877357483,0.0830192118883133,1.106881022453308,0.00020494497778485125,-0.012596670300285268,0.039006065359862285,-0.9991595747264217
66216000000,1036,66211915410,map,-0.33831092715263367,0.08344091475009918,1.1063348054885864,0.00033595713929194957,-0.012576305469920411,0.038962148343713976,-0.9991615134814532
66248000000,1037,66243915410,map,-0.34084847569465637,0.08392120897769928,1.1059789657592773,0.0005329501921428523,-0.012322740809655761,0.03890272128731359,-0.9991669082780625
66280000000,1038,66275915380,map,-0.3422202169895172,0.08417802304029465,1.1054458618164062,0.0005843008586973136,-0.011888816613722835,0.03884919478970478,-0.9991742418297035
66316000000,1039,66307915380,map,-0.34258079528808594,0.0842498242855072,1.1049920320510864,0.0005249449251038146,-0.011671263801332713,0.03880810161240661,-0.999178414367706
66348000000,1040,66339915380,map,-0.3420037031173706,0.08415961265563965,1.1044166088104248,0.0004033143886574384,-0.011524252959548682,0.03884072327315402,-0.9991789201298883
66380000000,1041,66371915351,map,-0.3405832052230835,0.08391877263784409,1.1038435697555542,0.00035664597355473477,-0.01152727304466229,0.038801231676099335,-0.9991803952695861
66416000000,1042,66411915351,map,-0.33772701025009155,0.08339350670576096,1.1028951406478882,0.000272309471139928,-0.011563571359397791,0.03876979012711024,-0.9991812382065564
66448000000,1043,66443915351,map,-0.3346331715583801,0.08283469080924988,1.1021029949188232,0.0001786203196227506,-0.011584039581250401,0.038701090764037493,-0.999183767017467
66480000000,1044,66475915323,map,-0.3308717608451843,0.08215369284152985,1.1013485193252563,0.00011094762743793813,-0.011545953976720235,0.03870066929555238,-0.999184188485952
66516000000,1045,66507915323,map,-0.3264838457107544,0.08135844022035599,1.1006169319152832,5.921302943532424e-05,-0.011572102803498708,0.03870610623901022,-0.9991836405769214
66548000000,1046,66539915323,map,-0.32153382897377014,0.08047452569007874,1.099833369255066,7.573722822962596e-05,-0.011391435069000694,0.038726463166840974,-0.9991849471292252
66580000000,1047,66571915296,map,-0.3160514831542969,0.07948143780231476,1.0990021228790283,8.88080196240677e-05,-0.01104707292615342,0.03873877004660625,-0.9991883188771062
66616000000,1048,66611915296,map,-0.31532081961631775,0.07938779890537262,1.0986021757125854,9.654756395413363e-05,-0.010836658406957576,0.03871436702131842,-0.9991915641844415
66648000000,1049,66643915296,map,-0.31723183393478394,0.07980559766292572,1.0984642505645752,0.00017764863720122267,-0.010315901824924588,0.03873375457163347,-0.9991963689251717
66680000000,1050,66675915270,map,-0.3181121051311493,0.08003878593444824,1.0984078645706177,0.00024230486626721949,-0.009693203540872638,0.03873215299138999,-0.9992026066587514
66716000000,1051,66707915270,map,-0.3180745542049408,0.0801011323928833,1.098138689994812,0.00019719292110913355,-0.009491498931339373,0.0387115010356196,-0.999205388350753
66748000000,1052,66739915270,map,-0.3172120749950409,0.0800231397151947,1.097701072692871,4.5763574948793784e-05,-0.00938920095674159,0.03866787904741087,-0.9992080436022093
66780000000,1053,66771915245,map,-0.3156142830848694,0.07978513091802597,1.0970399379730225,-9.174414031279253e-05,-0.00951599020159125,0.038714662049258,-0.9992050090291165
66816000000,1054,66811915245,map,-0.3126629590988159,0.0792534127831459,1.0960057973861694,-0.00015699075453019662,-0.009646348428401922,0.03870488398040339,-0.9992041660921462
66848000000,1055,66843915245,map,-0.30956771969795227,0.07868383079767227,1.0952244997024536,-0.00022257651916921187,-0.009984867964374375,0.038647943588065226,-0.9992030281272364
66880000000,1056,66875915220,map,-0.30588793754577637,0.07796623557806015,1.0943665504455566,-0.0002721589937197386,-0.010306931131636847,0.0385977466914888,-0.9992016372812356
66916000000,1057,66907915220,map,-0.30162790417671204,0.07713127881288528,1.0935715436935425,-0.00024859594195186314,-0.010429171151025362,0.03859028669930231,-0.9992006679037198
66948000000,1058,66939915220,map,-0.29685595631599426,0.07619433104991913,1.092716097831726,-0.00013381031712145954,-0.01047583100504946,0.03852108157404738,-0.9992029438335395
66980000000,1059,66971915196,map,-0.2916332483291626,0.07516279071569443,1.0920830965042114,-2.8830090742663438e-05,-0.010446481322689941,0.03851564463058954,-0.999203407448873
67016000000,1060,67011915196,map,-0.29396143555641174,0.07587482780218124,1.0919474363327026,2.3497855861643237e-05,-0.010282848817524427,0.03848626827717738,-0.9992062312877232
67048000000,1061,67043915196,map,-0.2965158224105835,0.07660700380802155,1.0919768810272217,0.00017099174004227846,-0.009828589755001758,0.03845364661642997,-0.9992120475528179
67080000000,1062,67075915173,map,-0.2980254590511322,0.0771082416176796,1.0918078422546387,0.0002391277182884574,-0.00940885818103262,0.03842110924937958,-0.9992173580557302
67116000000,1063,67115915173,map,-0.2986147403717041,0.07742151618003845,1.091382622718811,0.00019934800801150708,-0.009322408738563952,0.038405346328036494,-0.9992187910485796
67148000000,1064,67139915173,map,-0.2983449697494507,0.077462337911129,1.091080665588379,8.682612992729414e-05,-0.009408700130350707,0.03834124097145142,-0.9992204347756715
67180000000,1065,67179915151,map,-0.29695212841033936,0.07730845361948013,1.0904083251953125,2.266380924228305e-05,-0.009612316494590644,0.03830946224767423,-0.9992197604260953
67216000000,1066,67211915151,map,-0.29507118463516235,0.07702314853668213,1.0899279117584229,-7.857423796938048e-06,-0.009829006942947565,0.03823831836738789,-0.9992203504819744
67248000000,1067,67243915151,map,-0.29254451394081116,0.07655930519104004,1.0892844200134277,-0.00011805035922867039,-0.010156512980568515,0.038220363809922275,-0.9992177373773667
67280000000,1068,67275915130,map,-0.2894436717033386,0.07594520598649979,1.088871955871582,-7.82969907320396e-05,-0.010490782599558702,0.03821905725761837,-0.9992143234826374
67316000000,1069,67307915130,map,-0.28579434752464294,0.07521092891693115,1.0882335901260376,-6.559959407362527e-05,-0.01059517836768666,0.03818791073656885,-0.999214449923183
67348000000,1070,67339915130,map,-0.281619668006897,0.07436493039131165,1.087458610534668,1.6613102302937814e-05,-0.010708382827153399,0.03817429730449978,-0.9992137334267583
67380000000,1071,67371915110,map,-0.27693480253219604,0.07341121137142181,1.0865894556045532,5.758872940638463e-05,-0.010727069356839663,0.038150821509879196,-0.9992144499231829
67416000000,1072,67411915110,map,-0.27671197056770325,0.07361900061368942,1.0861105918884277,0.00016429796439088867,-0.01064676578099174,0.038104586417062825,-0.9992170208809421
67448000000,1073,67443915110,map,-0.2788127362728119,0.07435403764247894,1.0860854387283325,0.0002915491782128975,-0.010279112894530642,0.03802939643931935,-0.9992237643767038
67480000000,1074,67475915090,map,-0.279946893453598,0.07485412806272507,1.085931658744812,0.00033179777217953087,-0.009922352663503829,0.03798429931141262,-0.9992290748796162
67516000000,1075,67507915090,map,-0.2802000045776367,0.0751340463757515,1.085768699645996,0.0003340387991401964,-0.009791844288545338,0.03798004247971315,-0.999230465725617
67548000000,1076,67539915090,map,-0.27966490387916565,0.07522816956043243,1.0854562520980835,0.00027237828904101317,-0.009675994126517781,0.03791420910233906,-0.999234174648286
67580000000,1077,67571915071,map,-0.27840474247932434,0.07516346126794815,1.0851554870605469,0.00018771481927799168,-0.009765845609914689,0.037782879522379076,-0.9992383050394401
67616000000,1078,67611915071,map,-0.27587181329727173,0.0748477578163147,1.084580898284912,0.00015720247658962798,-0.009894252569348207,0.0377351271430163,-0.9992388529484707
67648000000,1079,67643915071,map,-0.2731485366821289,0.07441475987434387,1.083975076675415,4.7581816335333665e-05,-0.010035597294185553,0.037664109703275384,-0.9992400752070776
67680000000,1080,67675915054,map,-0.26984819769859314,0.07384413480758667,1.0833449363708496,-8.875072625175733e-05,-0.010138057600004554,0.03758795034801621,-0.9992418875215634
67716000000,1081,67707915054,map,-0.2660200297832489,0.07316598296165466,1.0826619863510132,-8.194697366753355e-05,-0.010159167573480192,0.03755111400241773,-0.9992430676333217
67748000000,1082,67739915054,map,-0.2617253065109253,0.07238877564668655,1.0820457935333252,-2.541059838496352e-05,-0.01009568882199447,0.03744515682526128,-0.9992477037866581
67780000000,1083,67771915036,map,-0.2569790780544281,0.07147682458162308,1.0814765691757202,-1.7209414354800668e-05,-0.009980511692454069,0.037382315874131655,-0.9992512019750844
67816000000,1084,67811915036,map,-0.2569386661052704,0.07145713269710541,1.0815075635910034,1.0770166155860599e-05,-0.00978803888910596,0.03734016902562065,-0.9992546580166624
67848000000,1085,67843915036,map,-0.2593005895614624,0.07191557437181473,1.0817781686782837,8.135658851624347e-05,-0.009382923051946991,0.03730442849808352,-0.9992598842258777
67880000000,1086,67875915020,map,-0.26070934534072876,0.07218043506145477,1.0819324254989624,0.0001281451879916536,-0.008972419662168218,0.03729245879310633,-0.9992641832044258
67916000000,1087,67907915020,map,-0.26124492287635803,0.07227663695812225,1.0819406509399414,0.00010539346305761233,-0.00882954876043362,0.03723808935852729,-0.9992674706586095
67948000000,1088,67939915020,map,-0.2610120475292206,0.07222764939069748,1.0819352865219116,5.5827122847530846e-05,-0.008694785858681308,0.03720567843202238,-0.9992698730289746
67980000000,1089,67971915005,map,-0.26005953550338745,0.07206261157989502,1.08172607421875,-1.501185133166235e-05,-0.008882223430721382,0.03717099157569792,-0.9992694937073382
68016000000,1090,68011915005,map,-0.25794798135757446,0.07165607810020447,1.0812917947769165,-7.650706675934234e-05,-0.009060755834652259,0.037136641894161604,-0.9992691143857015
68048000000,1091,68043915005,map,-0.25552982091903687,0.07119853049516678,1.0808436870574951,-0.00028155148476484204,-0.009425448563549977,0.037053654749443665,-0.9992688193577619
68080000000,1092,68075914990,map,-0.25254151225090027,0.07062268257141113,1.0802464485168457,-0.00040355870866978473,-0.009565144292939335,0.03699330046237603,-0.9992696622947321
68116000000,1093,68107914990,map,-0.24905100464820862,0.06990982592105865,1.0797396898269653,-0.00042768712089776305,-0.009616984916607734,0.036930501658094805,-0.9992714324623696
68148000000,1094,68139914990,map,-0.2450992912054062,0.06906557083129883,1.0791521072387695,-0.00039668745527349263,-0.009621567727838785,0.0369376244754932,-0.9992712217281271
68180000000,1095,68171914976,map,-0.24070210754871368,0.06810295581817627,1.0785218477249146,-0.0003282715956114223,-0.009510220034612306,0.03683988593379639,-0.9992759000283118
68216000000,1096,68211914976,map,-0.2431723177433014,0.0686284750699997,1.0776889324188232,-0.0002518857010414903,-0.009372024469612132,0.03677177662660275,-0.9992797775383748
68248000000,1097,68243914976,map,-0.24576306343078613,0.06917411834001541,1.0770044326782227,-7.190449919305124e-05,-0.009074812467175149,0.03669110755855293,-0.9992854252160752
68280000000,1098,68275914963,map,-0.24736621975898743,0.06953808665275574,1.0763131380081177,-1.2450442467863744e-05,-0.008673415760125014,0.036633197788698946,-0.9992911571874727
68316000000,1099,68307914963,map,-0.2480892688035965,0.06972549110651016,1.075603723526001,3.332893754906317e-05,-0.00859865317776726,0.0365932847231592,-0.9992933066767469
68348000000,1100,68347914963,map,-0.24789167940616608,0.06969704478979111,1.0745103359222412,3.481329687005665e-05,-0.008654167821245696,0.03658401241648673,-0.9992931380893527
68380000000,1101,68371914951,map,-0.24721527099609375,0.06956668198108673,1.073791265487671,-7.545372481882391e-05,-0.008810802303197132,0.03657499299090544,-0.9992921265649886
68416000000,1102,68411914951,map,-0.24522878229618073,0.06915514916181564,1.0726664066314697,-0.00014940366325372773,-0.008918924774695766,0.036552908042285726,-0.9992919579775945
68448000000,1103,68443914951,map,-0.2429274320602417,0.06868905574083328,1.0716544389724731,-0.0002339189605024519,-0.009126738701629587,0.03648821262982149,-0.999292421592928
68480000000,1104,68475914939,map,-0.24004659056663513,0.06807027757167816,1.070826768875122,-0.00022917974495075376,-0.00916909595511078,0.03649478753818919,-0.9992917472433519
68516000000,1105,68507914939,map,-0.23664672672748566,0.06732521206140518,1.070046305656433,-0.00024117315753013508,-0.00922518353231116,0.036494281776007,-0.9992913257748668
68548000000,1106,68547914939,map,-0.23173414170742035,0.06623153388500214,1.0694334506988525,-0.00020010994400712675,-0.009129300439765639,0.03642684681838965,-0.9992946132290506
68580000000,1107,68579914929,map,-0.22729574143886566,0.06524619460105896,1.0689061880111694,-0.00012732398299008333,-0.008954472348692165,0.03639026335388218,-0.9992975635084465
68616000000,1108,68611914929,map,-0.231413796544075,0.06544817984104156,1.069653868675232,-3.487750495946873e-05,-0.008804101612828406,0.03635953830131772,-0.9993000501725084
68648000000,1109,68643914929,map,-0.23444589972496033,0.06546596437692642,1.0704587697982788,3.5412572372320444e-05,-0.008379273562911993,0.036219062855230855,-0.9993087745701503
68680000000,1110,68675914919,map,-0.23649829626083374,0.06532382220029831,1.071128010749817,0.0001705106732791981,-0.007951134351209442,0.03609498253321486,-0.9993167824713673
68716000000,1111,68707914919,map,-0.23762503266334534,0.06504674255847931,1.071799397468567,0.00018039476779951104,-0.007901863368211191,0.03604356337803155,-0.9993189741074899
68748000000,1112,68739914919,map,-0.2379569560289383,0.06465765833854675,1.0723004341125488,0.00013476751156392804,-0.007943754701452988,0.03599656964194192,-0.9993203649534907
68780000000,1113,68779914910,map,-0.2372913807630539,0.06399018317461014,1.0727001428604126,7.649521295831486e-05,-0.008070877169823685,0.035969806393137516,-0.9993203228066423
68816000000,1114,68811914910,map,-0.23599745333194733,0.06332990527153015,1.0728434324264526,7.319722206286124e-06,-0.008242666407265073,0.03590519527437025,-0.999321207890461
68848000000,1115,68843914910,map,-0.23409858345985413,0.06256293505430222,1.0729693174362183,1.325123258968555e-05,-0.008481615989264063,0.03586035102755475,-0.9993208707156729
68880000000,1116,68875914902,map,-0.2316519170999527,0.06170884147286415,1.072969675064087,-4.5628902596795256e-05,-0.00869775918713485,0.03578731053908529,-0.9993215872120975
68916000000,1117,68907914902,map,-0.22866488993167877,0.060754839330911636,1.0728541612625122,-1.3004936943585228e-05,-0.008797454593837083,0.03575747057033962,-0.9993218400931887
68948000000,1118,68939914902,map,-0.22519588470458984,0.05973472073674202,1.0726219415664673,7.694104759021921e-05,-0.008937881307630303,0.03568877120726688,-0.999323020204947
68980000000,1119,68971914894,map,-0.22126585245132446,0.058633770793676376,1.0722968578338623,0.00012410370034616304,-0.008818854326896235,0.03569800136709067,-0.9993237367013716
69016000000,1120,69011914894,map,-0.2240416705608368,0.0592326819896698,1.0724557638168335,0.00015828940430005469,-0.008755725591816506,0.03568822329823618,-0.9993246639320388
69048000000,1121,69043914894,map,-0.2268228530883789,0.05987972766160965,1.072508454322815,0.00037053039668878907,-0.008408488243647377,0.03564831023269632,-0.9993290050574355
69080000000,1122,69075914888,map,-0.22867484390735626,0.06033274531364441,1.0725113153457642,0.0004911204328125534,-0.008107860700119741,0.03555457564160819,-0.999334737028833
69116000000,1123,69107914888,map,-0.22967393696308136,0.06062811240553856,1.0722979307174683,0.0004642234994730148,-0.008075860705387846,0.03552127963128454,-0.9993362543153794
69148000000,1124,69139914888,map,-0.2298833280801773,0.06073776260018349,1.071884036064148,0.0004025646357351007,-0.00813816560128809,0.03546425494524935,-0.9993377294550773
69180000000,1125,69171914882,map,-0.22938866913318634,0.060701899230480194,1.071315050125122,0.0003067852639495853,-0.008384203756371006,0.03536499911700619,-0.9993392888884722
69216000000,1126,69211914882,map,-0.22785742580890656,0.06049564853310585,1.0704704523086548,0.00023725481770775454,-0.00851424061346178,0.03531851114309864,-0.9993398367975028
69248000000,1127,69243914882,map,-0.22595027089118958,0.06019080802798271,1.0697860717773438,0.00014201446460202334,-0.008816906681513878,0.035207412050423936,-0.9993411854966552
69280000000,1128,69275914877,map,-0.22347600758075714,0.059747904539108276,1.0689923763275146,-1.474316517240588e-05,-0.00907615556869918,0.035138796981048215,-0.9993412697903522
69316000000,1129,69307914877,map,-0.22048673033714294,0.05918699875473976,1.0679881572723389,-7.928875876054296e-06,-0.009102107819942017,0.03512484637419111,-0.9993414805245948
69348000000,1130,69339914877,map,-0.21702250838279724,0.0585445873439312,1.066890835762024,-1.590352059547104e-05,-0.009080447303257704,0.03508080291749727,-0.9993432928390807
69380000000,1131,69371914872,map,-0.21310999989509583,0.05780204012989998,1.066065788269043,-6.38732196459484e-05,-0.009002484853135663,0.03501749835103379,-0.9993461588247794
69416000000,1132,69411914872,map,-0.21579879522323608,0.057774338871240616,1.0652128458023071,-9.447841710993666e-05,-0.0088548773700274,0.03496384541287939,-0.9993493198384178
69448000000,1133,69443914872,map,-0.2184881716966629,0.05777595192193985,1.0645674467086792,-1.0128414532716576e-05,-0.008406678892611694,0.03491992839673114,-0.9993547989287241
69480000000,1134,69475914869,map,-0.22023668885231018,0.0576159730553627,1.0638283491134644,3.0992421634740276e-05,-0.007970099445222582,0.034906609992601645,-0.9993588450261812
69516000000,1135,69507914869,map,-0.22112175822257996,0.05731187015771866,1.063010811805725,4.8015467893839816e-05,-0.007887962152192183,0.03489931858780926,-0.99935973011
69548000000,1136,69539914869,map,-0.2212550789117813,0.05688273534178734,1.0622214078903198,9.361901652713482e-05,-0.007932760959436723,0.034817722289092246,-0.9993621746272137
69580000000,1137,69571914866,map,-0.2207031399011612,0.05633632466197014,1.0614086389541626,0.00014157850813773881,-0.007964110641466987,0.03479681745223073,-0.9993626803893958
69616000000,1138,69611914866,map,-0.21911537647247314,0.05546555668115616,1.0603065490722656,0.00014709744038688771,-0.008058604205100666,0.034778272838886015,-0.9993625960956987
69648000000,1139,69643914866,map,-0.21718107163906097,0.05465790629386902,1.0593173503875732,0.0002299064488154291,-0.008355722694217515,0.03472162747448737,-0.9993620903335165
69680000000,1140,69675914864,map,-0.2147006392478943,0.0537366084754467,1.0582351684570312,0.0003420819324884439,-0.008591880376774913,0.034664560641603614,-0.9993620060398196
69716000000,1141,69707914864,map,-0.211721271276474,0.05272459238767624,1.0571898221969604,0.0004106104032613801,-0.008642528047067102,0.034648713426563504,-0.9993621746272136
69748000000,1142,69739914864,map,-0.20828816294670105,0.05163583531975746,1.0561532974243164,0.0006411339082807309,-0.008592721008839352,0.03458532456640312,-0.9993646191444272
69780000000,1143,69771914863,map,-0.20443862676620483,0.05049894005060196,1.0551050901412964,0.0007855214380172114,-0.008559049298873942,0.03448286557767316,-0.9993683702139446
69816000000,1144,69811914863,map,-0.20750878751277924,0.05120863765478134,1.0544147491455078,0.0008499076638349362,-0.008495966332637515,0.034438737827282184,-0.9993703511158247
69848000000,1145,69843914863,map,-0.21062083542346954,0.05199860408902168,1.0544739961624146,0.0009348207219664817,-0.008124181408661077,0.034362241297234974,-0.9993760409403736
69880000000,1146,69875914862,map,-0.21284638345241547,0.05259952321648598,1.0547511577606201,0.0008905082498410861,-0.007977615413692189,0.034251015764014736,-0.9993810564153465
69916000000,1147,69907914862,map,-0.214315727353096,0.05304957181215286,1.0552058219909668,0.0008359639716951635,-0.008005232465451206,0.034240984814069175,-0.9993812250027405
69948000000,1148,69939914862,map,-0.21502192318439484,0.05335187911987305,1.0557152032852173,0.0005727776468966322,-0.008303071402259788,0.03420688801362376,-0.9993801713315278
69980000000,1149,69971914863,map,-0.21503928303718567,0.05349898710846901,1.056220293045044,0.0002486805649212555,-0.008851290936636927,0.03416760715081163,-0.999376883877344
70016000000,1150,70011914863,map,-0.21414679288864136,0.053478047251701355,1.0567430257797241,0.00010476027251318759,-0.009084081810397262,0.03417005166802528,-0.9993747765349184
70048000000,1151,70043914863,map,-0.21277102828025818,0.053307078778743744,1.0570685863494873,-8.427031869169583e-05,-0.009480754119147129,0.03415003191498267,-0.9993717841086741
70080000000,1152,70075914864,map,-0.21085603535175323,0.052963584661483765,1.0572693347930908,-0.0002447289686009876,-0.009778138660245203,0.03410750574483512,-0.9993703089689762
70116000000,1153,70107914864,map,-0.20844559371471405,0.05248665437102318,1.0573519468307495,-0.0002457395051484868,-0.009893261130591439,0.0340752212588758,-0.9993703089689762
70148000000,1154,70139914864,map,-0.2056085467338562,0.05186477676033974,1.0575101375579834,-0.00022255544574495536,-0.009981307214219713,0.034042768185522376,-0.9993705618500672
70180000000,1155,70171914865,map,-0.2023768573999405,0.05110948532819748,1.0575993061065674,-0.00015763975014281218,-0.009879984544038253,0.0339830039543339,-0.99937359642316
70216000000,1156,70211914865,map,-0.20433923602104187,0.05209702253341675,1.0578254461288452,-8.671450663307432e-05,-0.009833030979163595,0.033947979923221405,-0.999375240150252
70248000000,1157,70243914865,map,-0.20833079516887665,0.053711120039224625,1.0580614805221558,9.783633555625732e-05,-0.009487069560978683,0.03384193845236799,-0.9993822365271048
70280000000,1158,70275914868,map,-0.2113295942544937,0.055050384253263474,1.0582630634307861,0.00025709478809975026,-0.00919310056097126,0.033749721147826095,-0.9993880527921993
70316000000,1159,70307914868,map,-0.2134455442428589,0.056159716099500656,1.058313250541687,0.00022552350584255067,-0.009113405480248716,0.03371886965471621,-0.9993898229598368
70348000000,1160,70339914868,map,-0.21475821733474731,0.057020168751478195,1.0582265853881836,6.61214905963181e-05,-0.009102567813280843,0.033712041865257336,-0.9993901601346249
70380000000,1161,70371914871,map,-0.215348482131958,0.05768463388085365,1.0581774711608887,-0.00013327557898097593,-0.00924135508052144,0.033734337548119664,-0.9993880949390478
70416000000,1162,70411914871,map,-0.21511486172676086,0.058245040476322174,1.0580558776855469,-0.00026842504635947575,-0.009415435065033846,0.03376923513868668,-0.999385313247046
70448000000,1163,70443914871,map,-0.2142447829246521,0.058483172208070755,1.0578449964523315,-0.00046333347657035974,-0.009734101130451889,0.0337879483394255,-0.99938152003068
70480000000,1164,70475914876,map,-0.2127993106842041,0.058532025665044785,1.0576540231704712,-0.0006098214340150517,-0.01006342211673684,0.033807209449194964,-0.9993775160800715
70516000000,1165,70507914876,map,-0.21081551909446716,0.05843226611614227,1.0574896335601807,-0.0006411046030500079,-0.01017705495940602,0.03380830526725631,-0.9993763359683132
70548000000,1166,70539914876,map,-0.2083786129951477,0.058161310851573944,1.05735445022583,-0.0006719715719559201,-0.0103364401817673,0.033779392529177776,-0.999375661618737
70580000000,1167,70571914880,map,-0.20549997687339783,0.05775998532772064,1.0572397708892822,-0.0006941368630056029,-0.010278281482089315,0.03373378963908907,-0.9993777689611627
70616000000,1168,70611914880,map,-0.2096608579158783,0.05923697352409363,1.0564087629318237,-0.0007154414363833516,-0.01026565520823776,0.03372536026938677,-0.9993781904296477
70648000000,1169,70643914880,map,-0.21356354653835297,0.060547634959220886,1.055618166923523,-0.0006791474021871535,-0.009972386570314578,0.03373518048508989,-0.999380845681104
70680000000,1170,70675914886,map,-0.21648579835891724,0.06156715005636215,1.0545740127563477,-0.0007360920750646735,-0.009896785331525909,0.0337597099509232,-0.9993807613874068
70716000000,1171,70707914886,map,-0.21855907142162323,0.06233103945851326,1.0534666776657104,-0.0008061454056458432,-0.009920763595606069,0.03373513833824132,-0.9993813092964376
70748000000,1172,70739914886,map,-0.21983563899993896,0.06289388239383698,1.0523369312286377,-0.0008480660441182457,-0.00998973658392189,0.03376771785214022,-0.9993794126882546
70780000000,1173,70771914892,map,-0.220376119017601,0.06322607398033142,1.0511987209320068,-0.0009235885868382116,-0.010275752341906407,0.03378664178712171,-0.9993758302061311
70816000000,1174,70811914892,map,-0.22012579441070557,0.06336307525634766,1.049801230430603,-0.0010050972991357409,-0.010427839903302476,0.033791067206215275,-0.9993740178916453
70848000000,1175,70843914892,map,-0.21923883259296417,0.06325143575668335,1.0488678216934204,-0.001103697875593453,-0.01073843122523589,0.03378352292033188,-0.9993708568780069
70880000000,1176,70875914899,map,-0.21777905523777008,0.06296799331903458,1.0480211973190308,-0.001144341266992623,-0.010929321546131318,0.0337642196637139,-0.9993694238851574
70916000000,1177,70907914899,map,-0.21580997109413147,0.06253993511199951,1.0473378896713257,-0.0011367238826687867,-0.010960907316367691,0.033754905210192976,-0.9993694660320059
70948000000,1178,70939914899,map,-0.2133067548274994,0.06198873370885849,1.0467292070388794,-0.0010866320239413352,-0.011065861200966167,0.03377859173905606,-0.9993675272769745
70980000000,1179,70971914907,map,-0.21030159294605255,0.06131170317530632,1.0461410284042358,-0.001011931344767332,-0.01103534095574371,0.03384594240297656,-0.9993656728156399
71016000000,1180,71011914907,map,-0.21157509088516235,0.06180340796709061,1.0448840856552124,-0.0009430373817924651,-0.01095264850969308,0.03385053640946417,-0.9993664736057617
71048000000,1181,71043914907,map,-0.21459536254405975,0.06273496896028519,1.0436443090438843,-0.0007475359322521437,-0.010570310080703966,0.03379060359088165,-0.9993727956330384
71080000000,1182,71075914916,map,-0.21669873595237732,0.06340986490249634,1.0425143241882324,-0.0006591378565843531,-0.010151354272165234,0.03377045739729345,-0.9993778532548596
71116000000,1183,71107914916,map,-0.21796521544456482,0.06388098746538162,1.0414528846740723,-0.0006471869201257366,-0.01001038524696969,0.03378031975984502,-0.9993789490729209
71148000000,1184,71139914916,map,-0.2185070514678955,0.06417765468358994,1.0402915477752686,-0.0007053077534945134,-0.009852526530777913,0.033781710605845894,-0.9993804242126187
71180000000,1185,71171914925,map,-0.21835476160049438,0.06429436802864075,1.0391663312911987,-0.0008042241020438036,-0.009851947340883143,0.03378541952851488,-0.9993802556252247
71216000000,1186,71211914925,map,-0.21732304990291595,0.06421761214733124,1.0378882884979248,-0.0008633660086722083,-0.009924981243907444,0.033784155123059545,-0.9993794969819516
71248000000,1187,71243914925,map,-0.21582786738872528,0.0639893114566803,1.0370047092437744,-0.0011192454528824174,-0.010017321696272273,0.03377197468383991,-0.9993787804855269
71280000000,1188,71275914935,map,-0.2138480246067047,0.06361214816570282,1.0362681150436401,-0.0013201426868488957,-0.010120085920381704,0.03377656869032758,-0.999377305345829
71316000000,1189,71307914935,map,-0.2114061862230301,0.06310389935970306,1.0355181694030762,-0.001410425516898533,-0.010125111602794374,0.03373981663842607,-0.9993784011638902
71348000000,1190,71339914935,map,-0.20850946009159088,0.06246116757392883,1.0346614122390747,-0.0015694979306185197,-0.010090689810634372,0.033715582200532335,-0.999379370541406
71380000000,1191,71371914946,map,-0.20519669353961945,0.061679642647504807,1.0337826013565063,-0.0016404998945634386,-0.009980108004670677,0.033670611513171134,-0.9993818572054682
71416000000,1192,71411914946,map,-0.20766252279281616,0.0628577470779419,1.0328551530838013,-0.0016501271567256385,-0.009875804432773834,0.03366492168862223,-0.999383079464075
71448000000,1193,71443914946,map,-0.21008510887622833,0.06396804749965668,1.0323553085327148,-0.0016468387147250273,-0.009459632950414852,0.03365868395504262,-0.9993872941489261
71480000000,1194,71475914958,map,-0.211680069565773,0.06479986011981964,1.0319738388061523,-0.0016290860011510828,-0.009155373863197947,0.03361729574980493,-0.9993915088337771
71516000000,1195,71507914958,map,-0.2125370055437088,0.06537222117185593,1.0316202640533447,-0.0016429114845516717,-0.009056557942686123,0.033615989197501084,-0.9993924782112928
71548000000,1196,71539914958,map,-0.21274296939373016,0.06569866091012955,1.0313143730163574,-0.001696159417833631,-0.009055418002142806,0.03361771721828999,-0.9993923517707475
71580000000,1197,71571914970,map,-0.21235676109790802,0.06582965701818466,1.030695915222168,-0.0017887787637975903,-0.00919803470569732,0.033598498255369036,-0.9993915088337771
71616000000,1198,71611914970,map,-0.2150985300540924,0.0670500248670578,1.0291309356689453,-0.0017960359242755602,-0.009338845350938693,0.03360326084925075,-0.9993900336940793
71648000000,1199,71643914970,map,-0.21843740344047546,0.06841329485177994,1.0275917053222656,-0.0017438149911537999,-0.009577949361624805,0.03360899282064822,-0.9993876734705627
71680000000,1200,71675914983,map,-0.22089651226997375,0.06948796659708023,1.0262541770935059,-0.0017487527578746542,-0.009975045114493306,0.03357721409687103,-0.9993848074848639
71716000000,1201,71707914983,map,-0.22258275747299194,0.07030463218688965,1.0251185894012451,-0.0017691544667319593,-0.010164787592311318,0.03357535963553654,-0.9993829530235294
71748000000,1202,71739914983,map,-0.22352184355258942,0.07089170068502426,1.024030327796936,-0.001863110987319378,-0.01064072100095297,0.03350156050379394,-0.9993802977720734
71780000000,1203,71771914997,map,-0.2237970530986786,0.07126257568597794,1.0230389833450317,-0.0019134616540384662,-0.011115263234321507,0.033480824254326635,-0.999375745912434
71816000000,1204,71811914997,map,-0.22325146198272705,0.0714106336236,1.0218210220336914,-0.0019503253292340694,-0.01136920096004993,0.03346759014389422,-0.9993733013952204
71848000000,1205,71843914997,map,-0.2221834808588028,0.07128944993019104,1.0208659172058105,-0.001969996712232021,-0.01174960853654164,0.033489211477180314,-0.9993681173328537
71880000000,1206,71875915011,map,-0.22060257196426392,0.07097803801298141,1.01981520652771,-0.001909326653072843,-0.012020360879192385,0.03351597472598472,-0.9993641133822451
71916000000,1207,71907915011,map,-0.21853220462799072,0.07049060612916946,1.0188543796539307,-0.0018512038440705422,-0.012082536371096813,0.03351116998525455,-0.9993636076200629
71948000000,1208,71939915011,map,-0.21600154042243958,0.06985335052013397,1.0179623365402222,-0.001744095531114201,-0.012230926205080558,0.03349848378385267,-0.9993624696551531
71980000000,1209,71971915026,map,-0.21302324533462524,0.06906662881374359,1.0171509981155396,-0.0015529855856253618,-0.012233288074958437,0.033519936529744776,-0.9993620060398196
72016000000,1210,72011915026,map,-0.21346515417099,0.07013493776321411,1.0156999826431274,-0.0014704307753769029,-0.012155824472301192,0.03349380548366798,-0.999363944794851
72048000000,1211,72043915026,map,-0.2154405117034912,0.07186281681060791,1.0142542123794556,-0.0012403817516755526,-0.01180705897160129,0.03342771922520288,-0.9993706882906128
72080000000,1212,72075915042,map,-0.2166423350572586,0.0732511356472969,1.0129265785217285,-0.0010642039736329678,-0.011381601023862991,0.03337216967886558,-0.9993776003737687
72116000000,1213,72107915042,map,-0.2171667069196701,0.0743231326341629,1.0118266344070435,-0.000986870433516049,-0.011202262890726596,0.03335901986213008,-0.9993802134783762
72148000000,1214,72139915042,map,-0.21707254648208618,0.07512637227773666,1.0108274221420288,-0.0008992691967029177,-0.011113017268277034,0.03336572121104342,-0.999381014268498
72180000000,1215,72171915059,map,-0.2164040207862854,0.0757037028670311,1.0099245309829712,-0.0008799010734508914,-0.011242446618059194,0.033332003732234605,-0.999380761387407
72216000000,1216,72211915059,map,-0.21482405066490173,0.07615871727466583,1.0088050365447998,-0.0008877878024784931,-0.011356347159070869,0.033293692246938233,-0.9993807192405584
72248000000,1217,72243915059,map,-0.2130139023065567,0.07627294957637787,1.0079567432403564,-0.0009727881177573464,-0.011698075782430721,0.03326490594940529,-0.9993776425206171
72280000000,1218,72275915076,map,-0.21075738966464996,0.07616894692182541,1.007173776626587,-0.001020953733798949,-0.011938448808383717,0.03327805576614068,-0.9993743550664334
72316000000,1219,72307915076,map,-0.20809392631053925,0.07586964219808578,1.0065289735794067,-0.000938925100612368,-0.012014445173877175,0.033232199994960854,-0.9993750294160093
72348000000,1220,72339915076,map,-0.20502808690071106,0.07537037879228592,1.006014108657837,-0.0008352945612026832,-0.01208393544890402,0.03311208147670486,-0.9993782325764962
72380000000,1221,72371915094,map,-0.20160627365112305,0.0747300311923027,1.0055636167526245,-0.0007295961920379328,-0.012108025665550536,0.03308953291275152,-0.9993787804855269
72416000000,1222,72411915094,map,-0.20200030505657196,0.07573822885751724,1.0033689737319946,-0.0005970048408006916,-0.012026266047795465,0.03311140712712862,-0.9993791598071634
72448000000,1223,72443915094,map,-0.20252257585525513,0.07667907327413559,1.0014762878417969,-0.0004455158963623793,-0.011709141305798355,0.033048650469695906,-0.9993851025128035
72480000000,1224,72475915113,map,-0.20234191417694092,0.07737424969673157,0.9997301697731018,-0.0005019492094294497,-0.01140255986137405,0.03301594451525147,-0.9993896543724428
72516000000,1225,72507915113,map,-0.20157107710838318,0.07783731818199158,0.9982931017875671,-0.0005727611832838163,-0.011267768971480146,0.03299567188111774,-0.9993918881554138
72548000000,1226,72539915113,map,-0.20024454593658447,0.07809652388095856,0.9971004724502563,-0.0007510466330241995,-0.010981339976816872,0.03298972917547771,-0.9993951334627491
72580000000,1227,72571915133,map,-0.19842782616615295,0.07816443592309952,0.9961281418800354,-0.0009689040222492641,-0.010744118744879082,0.032990909287236025,-0.9993974936862657
72616000000,1228,72611915133,map,-0.20072215795516968,0.07984566688537598,0.9943839311599731,-0.0010909922471286893,-0.010693452306068416,0.03300106667772712,-0.9993975358331142
72648000000,1229,72643915133,map,-0.20270341634750366,0.0812215581536293,0.9930382966995239,-0.0013603649390352105,-0.010455161597849661,0.032960774290550665,-0.9994010761683891
72680000000,1230,72675915153,map,-0.20394136011600494,0.08230361342430115,0.9920141696929932,-0.0015867221622248083,-0.010324542258141577,0.03293502256611058,-0.9994029727765721
72716000000,1231,72707915153,map,-0.2044997662305832,0.08311095833778381,0.9914254546165466,-0.001712202220592598,-0.010313995338573979,0.03290332813603036,-0.9994039000072393
72748000000,1232,72739915153,map,-0.20443689823150635,0.08366811275482178,0.9910274147987366,-0.00200073559423113,-0.010382150743883142,0.03287951516662169,-0.9994034363919058
72780000000,1233,72771915174,map,-0.20381535589694977,0.08402591198682785,0.9908273816108704,-0.0022780565890767493,-0.010624506976621926,0.032877028502559524,-0.9994003596719645
72816000000,1234,72811915174,map,-0.2022896707057953,0.08417271077632904,0.9907679557800293,-0.0024581965001516117,-0.010730616606831911,0.03284415396072099,-0.9993998539097824
72848000000,1235,72843915174,map,-0.20051483809947968,0.0840492993593216,0.9908463358879089,-0.002655774011253349,-0.010936451607519245,0.03281954020119071,-0.9993979151547507
72880000000,1236,72875915195,map,-0.19828997552394867,0.083736851811409,0.9910098314285278,-0.002833524722853252,-0.011091009040092503,0.03278051221946965,-0.9993970722177806
72916000000,1237,72907915195,map,-0.19565488398075104,0.08321945369243622,0.9912072420120239,-0.0028617973556699654,-0.01110595800042371,0.032781903065470464,-0.9993967771898411
72948000000,1238,72939915195,map,-0.19266964495182037,0.08253703266382217,0.9914648532867432,-0.0028198493876004827,-0.011026533581493947,0.032757626480728275,-0.9993985473574785
72980000000,1239,72971915217,map,-0.18930985033512115,0.08167768269777298,0.991841197013855,-0.002788536584062666,-0.011003753539146064,0.03271408878621651,-0.9994003596719645
73016000000,1240,73011915217,map,-0.1894528567790985,0.08263185620307922,0.9907360076904297,-0.0026813528677601607,-0.010883714375503227,0.03273039961659019,-0.9994014133431772
73048000000,1241,73043915217,map,-0.18976525962352753,0.08350271731615067,0.9896103143692017,-0.0024573311726681234,-0.010462774701634198,0.032729093064286285,-0.999406513111847
73080000000,1242,73075915240,map,-0.18944835662841797,0.08410899341106415,0.9887962341308594,-0.0023353664248839446,-0.01021263150936077,0.032701276144269154,-0.999410306328213
73116000000,1243,73107915240,map,-0.18858599662780762,0.08446022868156433,0.988233745098114,-0.002255803711607506,-0.010116140250962127,0.03264779179350874,-0.9994132144607604
73148000000,1244,73139915240,map,-0.1872534602880478,0.08459845930337906,0.9877399206161499,-0.0021387355715124325,-0.009973278239578387,0.03264319778702118,-0.9994151110689433
73180000000,1245,73171915264,map,-0.18548937141895294,0.08451607823371887,0.9873499870300293,-0.002163295988937649,-0.010013523870094736,0.03265053133866197,-0.9994143524256701
73216000000,1246,73211915264,map,-0.1827244609594345,0.08417712897062302,0.9870701432228088,-0.0021497609236650794,-0.01005687519651073,0.03263055373246787,-0.9994146053067612
73248000000,1247,73243915264,map,-0.18010501563549042,0.08373081684112549,0.9870278239250183,-0.0022116532414310735,-0.010082743154056545,0.03260210460972307,-0.9994151532157918
73280000000,1248,73275915288,map,-0.1771661788225174,0.08311431854963303,0.986979067325592,-0.0023333996817108548,-0.010169514295517363,0.03258098903861906,-0.9994146053067612
73316000000,1249,73307915288,map,-0.1739121526479721,0.08234230428934097,0.9870507717132568,-0.0023253206576869224,-0.010202471813963868,0.03256202295678917,-0.9994149424815493
73348000000,1250,73347915288,map,-0.1694781631231308,0.0812053233385086,0.9873130917549133,-0.0023264526956961458,-0.010169547881287272,0.03256927221473305,-0.9994151110689433
73380000000,1251,73371915313,map,-0.16659784317016602,0.08043355494737625,0.9874927997589111,-0.002253957482079376,-0.010119930503877822,0.03251878029021693,-0.9994173869987629
73416000000,1252,73411915313,map,-0.1652534157037735,0.08062750846147537,0.9865978360176086,-0.0022282953196923047,-0.01003203061713032,0.03247402033709834,-0.9994197472222794
73448000000,1253,73443915313,map,-0.16557849943637848,0.0813869759440422,0.9853804707527161,-0.0021740490329362444,-0.009738527208090042,0.0324792886931623,-0.9994226553548267
73480000000,1254,73475915339,map,-0.16536428034305573,0.08190087229013443,0.9843581318855286,-0.0021000055811812076,-0.009396062331970266,0.03249412438383803,-0.9994256056342226
73516000000,1255,73507915339,map,-0.16465257108211517,0.08219951391220093,0.9834803938865662,-0.002075607165704956,-0.009259372858259847,0.03250508256445095,-0.9994265328648897
73548000000,1256,73539915339,map,-0.16349665820598602,0.0822700560092926,0.9828243851661682,-0.002074827449007504,-0.009118427211394338,0.03249323930001935,-0.9994282608856786
73580000000,1257,73571915366,map,-0.16191430389881134,0.08214592188596725,0.9821732044219971,-0.0021859423467504124,-0.009187027792790898,0.032456697982360394,-0.9994285559136182
73616000000,1258,73611915366,map,-0.15936000645160675,0.08170964568853378,0.9814388155937195,-0.002226408260404681,-0.009253132819774457,0.03241855508445812,-0.9994291038226489
73648000000,1259,73643915366,map,-0.15690165758132935,0.08118870854377747,0.9806562066078186,-0.00232362424703436,-0.00931888420835723,0.03244375889986756,-0.9994274179487084
73680000000,1260,73675915393,map,-0.1541118621826172,0.08052195608615875,0.97998046875,-0.00238959493093829,-0.009245947440647858,0.03244455968998927,-0.9994279658577391
73716000000,1261,73707915393,map,-0.15104277431964874,0.07974108308553696,0.9793956279754639,-0.0023708385955341802,-0.009185557262904572,0.03239920968099158,-0.9994299889064676
73748000000,1262,73739915393,map,-0.14771246910095215,0.07884573936462402,0.979034960269928,-0.0024391421733576404,-0.009120624115872968,0.03232646422046176,-0.9994327705984694
73780000000,1263,73771915420,map,-0.1441800743341446,0.07783132791519165,0.9788771867752075,-0.002409926834077749,-0.008997859236511592,0.03228937499377216,-0.9994352151156829
73816000000,1264,73811915420,map,-0.1435861885547638,0.0781230479478836,0.9788191318511963,-0.0024236673652368087,-0.008877048587977653,0.03228587680534578,-0.9994363530805928
73848000000,1265,73843915420,map,-0.14462493360042572,0.07898562401533127,0.9790390729904175,-0.0024142442518720834,-0.008622946555394488,0.032280861330373,-0.9994387554509578
73880000000,1266,73875915449,map,-0.1450592428445816,0.07959325611591339,0.9793976545333862,-0.002321269291873813,-0.008307474430840161,0.03223462623755652,-0.9994431808700515
73916000000,1267,73907915449,map,-0.14495402574539185,0.07994262874126434,0.9798496961593628,-0.002318382891295325,-0.008180840273222132,0.032192268654803124,-0.9994455832404167
73948000000,1268,73939915449,map,-0.14433419704437256,0.08006709814071655,0.9803757667541504,-0.002223714813367031,-0.008046055639501056,0.03207290877982022,-0.999450725155935
73980000000,1269,73971915478,map,-0.14323510229587555,0.07998597621917725,0.980914831161499,-0.0022662775327347163,-0.008054183066546325,0.0319849061601295,-0.9994533382605426
74016000000,1270,74011915478,map,-0.1412917971611023,0.07959502190351486,0.9816302061080933,-0.0022661524092781994,-0.008069402030125804,0.03198499045382652,-0.9994532539668457
74048000000,1271,74043915478,map,-0.13934451341629028,0.07908948510885239,0.9820612072944641,-0.002295065147356672,-0.008004378662496607,0.0320496858662907,-0.9994516102397537
74080000000,1272,74075915508,map,-0.13708941638469696,0.0784178152680397,0.9824597239494324,-0.002303465870372754,-0.008033278558957175,0.03207611194030707,-0.999450556568541
74116000000,1273,74107915508,map,-0.13457931578159332,0.07758202403783798,0.9828273057937622,-0.0023685613486255767,-0.00807252748236069,0.03202549357524542,-0.9994516945334506
74148000000,1274,74139915508,map,-0.13179776072502136,0.07662147283554077,0.9832358956336975,-0.0023647424490237843,-0.008064610460285723,0.03194128417192066,-0.9994544762254525
74180000000,1275,74171915538,map,-0.12875699996948242,0.0755615234375,0.9837237000465393,-0.0023704411639236126,-0.00807450476224591,0.031909421154446505,-0.9994554034561197
74216000000,1276,74211915538,map,-0.12920959293842316,0.07628768682479858,0.9841290712356567,-0.0023939027998372588,-0.00808791964314577,0.031912582168084846,-0.9994551084281802
74248000000,1277,74243915538,map,-0.12985849380493164,0.07697849720716476,0.984566330909729,-0.002362217260107924,-0.007871571637933002,0.03194111558452667,-0.9994559935119989
74280000000,1278,74275915569,map,-0.1299884170293808,0.07741837203502655,0.9851736426353455,-0.002343137908622649,-0.007760083345454068,0.03193310768330959,-0.9994571736237572
74316000000,1279,74307915569,map,-0.12967781722545624,0.07762045413255692,0.985819935798645,-0.0023802738919723025,-0.00775606358977734,0.031907524546263444,-0.9994578901201818
74348000000,1280,74339915569,map,-0.12893342971801758,0.0776330828666687,0.9864286780357361,-0.002410131970691986,-0.007688116613804955,0.031875830116183224,-0.9994594074067282
74380000000,1281,74371915601,map,-0.12779244780540466,0.07746753841638565,0.9869322180747986,-0.002508439000935265,-0.00778305749379568,0.031863860411206146,-0.999458817350849
74416000000,1282,74411915601,map,-0.12592801451683044,0.07699239253997803,0.9874768257141113,-0.002617717547317663,-0.007833279744335711,0.031848856133136316,-0.999458648763455
74448000000,1283,74443915601,map,-0.12408603727817535,0.07642611861228943,0.9879252314567566,-0.002638088963127601,-0.008025362689335095,0.03180026081680326,-0.9994586066166065
74480000000,1284,74475915634,map,-0.12195484340190887,0.07575537264347076,0.9884241223335266,-0.0027017837172119436,-0.008220159825524131,0.031750148213923746,-0.999458395882364
74516000000,1285,74507915634,map,-0.11953847110271454,0.07495555281639099,0.9889659881591797,-0.002733527373494107,-0.008303879436371083,0.03176940932369332,-0.9994570050363631
74548000000,1286,74539915634,map,-0.11685648560523987,0.0740516260266304,0.9895389676094055,-0.002728827670612888,-0.008357487264226655,0.03175225555634931,-0.9994571314769085
74580000000,1287,74571915667,map,-0.1139085665345192,0.07304293662309647,0.9897856712341309,-0.0026658767425503122,-0.008309418124955474,0.03176966220478433,-0.9994571736237572
74616000000,1288,74611915667,map,-0.11403956264257431,0.07352497428655624,0.9895889163017273,-0.0026340904455112567,-0.008275350629740766,0.03171175243493041,-0.9994593652598798
74648000000,1289,74643915667,map,-0.11576137691736221,0.07465066760778427,0.989238977432251,-0.002529630633929895,-0.007989434476613082,0.03168355619327656,-0.999462863448306
74680000000,1290,74675915701,map,-0.11694218963384628,0.0755295604467392,0.9887808561325073,-0.002401793150859654,-0.007755123188219941,0.031692407031463865,-0.9994647179096405
74716000000,1291,74707915701,map,-0.11759664863348007,0.07615675032138824,0.988462507724762,-0.0024260982176518993,-0.0076884723924753925,0.031668594062055244,-0.9994659401682474
74748000000,1292,74747915701,map,-0.11779531836509705,0.07663825899362564,0.9881904721260071,-0.0024895232977602227,-0.007724577095125544,0.031730170607729646,-0.9994635377978822
74780000000,1293,74771915735,map,-0.11762730777263641,0.07677023112773895,0.9880688786506653,-0.0026563752623891376,-0.00795331545061988,0.03171297469353712,-0.9994618519239419
74816000000,1294,74811915735,map,-0.11688043922185898,0.07675756514072418,0.9878581166267395,-0.00272989237244617,-0.008053355770008172,0.03173054992936625,-0.9994602924905469
74848000000,1295,74843915735,map,-0.11587221175432205,0.07657936215400696,0.9878317713737488,-0.002934433827083697,-0.008382370368460781,0.03171040373577805,-0.9994576793859393
74880000000,1296,74875915770,map,-0.11451171338558197,0.07626288384199142,0.9879157543182373,-0.0031937735934111015,-0.008673212928416557,0.03170340735892524,-0.9994546448128465
74916000000,1297,74907915770,map,-0.1128620058298111,0.075851671397686,0.9879613518714905,-0.003266337460292829,-0.008731652003418817,0.03170429244274392,-0.9994538440227247
74948000000,1298,74939915770,map,-0.11096853017807007,0.07533600926399231,0.988052487373352,-0.00338092321686506,-0.008808319425765909,0.031703238771531195,-0.999452790351512
74980000000,1299,74971915806,map,-0.10880177468061447,0.07468102127313614,0.9881234765052795,-0.003549939652655587,-0.00877294669533638,0.03169695889110302,-0.9994527482046636
75016000000,1300,75011915806,map,-0.109116330742836,0.07538201659917831,0.9877274632453918,-0.0036307901497173874,-0.008767072807597429,0.03166796185932752,-0.9994534225542397
75048000000,1301,75043915806,map,-0.11059495061635971,0.07658934593200684,0.9871915578842163,-0.0036877807560743384,-0.008689731858854794,0.03162071524214677,-0.9994554034561197
75080000000,1302,75075915842,map,-0.11153427511453629,0.07752335071563721,0.9867521524429321,-0.003711436991890094,-0.008400255449480832,0.031627838059545166,-0.9994575529453937
75116000000,1303,75107915842,map,-0.11197108030319214,0.07819709926843643,0.9862735867500305,-0.0037553465994127305,-0.00834219898883771,0.031626573654089885,-0.9994578901201818
75148000000,1304,75139915842,map,-0.11195231229066849,0.07865065336227417,0.9859174489974976,-0.003932903205018904,-0.008243258109505497,0.031635424492277076,-0.9994578058264849
75180000000,1305,75171915879,map,-0.11151063442230225,0.07888279855251312,0.9856176972389221,-0.004114598762857749,-0.008190790057557117,0.03166922626478286,-0.9994563728336354
75216000000,1306,75211915879,map,-0.11042135208845139,0.0789203941822052,0.985166609287262,-0.004183169874387578,-0.008165472149311594,0.03170530396710819,-0.9994551927218771
75248000000,1307,75243915879,map,-0.10917302221059799,0.0787409245967865,0.9848470091819763,-0.0043327152893467055,-0.008144797309119604,0.031717231525236755,-0.9994543076380584
75280000000,1308,75275915917,map,-0.10762836039066315,0.07841429859399796,0.9845567941665649,-0.004438943786840383,-0.008134963922526406,0.03171352260256788,-0.9994540547569674
75316000000,1309,75307915917,map,-0.10582410544157028,0.0779506117105484,0.9844487309455872,-0.0044936225727020595,-0.008112223228212872,0.031740580879311864,-0.9994531275263001
75348000000,1310,75339915917,map,-0.10378392040729523,0.07736250758171082,0.9844182133674622,-0.0045821675037951305,-0.008009634176942563,0.03172110903529973,-0.9994542233443614
75380000000,1311,75371915956,map,-0.10150928795337677,0.07666219770908356,0.9844828248023987,-0.004613462691267359,-0.007971578371551385,0.031706568372563526,-0.999454771253392
75416000000,1312,75411915956,map,-0.10228724032640457,0.07779856026172638,0.9841123223304749,-0.004596461870885403,-0.007930745813242298,0.03170918147717117,-0.9994551084281802
75448000000,1313,75443915956,map,-0.10316959768533707,0.07885117828845978,0.9839264750480652,-0.00457387576989512,-0.007779445871077775,0.03171647288196361,-0.9994562463930898
75480000000,1314,75475915995,map,-0.10359082370996475,0.07963354885578156,0.9838997721672058,-0.004462016552222064,-0.007549923518346685,0.0317039974148044,-0.9994588594976976
75516000000,1315,75507915995,map,-0.10360026359558105,0.08020033687353134,0.9839137196540833,-0.00450661779611421,-0.007516625532389555,0.0317288640554258,-0.9994581008544243
75548000000,1316,75539915995,map,-0.10324764996767044,0.08058080822229385,0.9838958978652954,-0.00458449710499212,-0.007559047817140912,0.03176102210083959,-0.9994564571273324
75580000000,1317,75571916034,map,-0.10256316512823105,0.08075913786888123,0.983654797077179,-0.004664070684252941,-0.007713664518719889,0.031708760008686054,-0.9994565414210295
75616000000,1318,75611916034,map,-0.10126323252916336,0.08068805187940598,0.9835418462753296,-0.004704546640710956,-0.007774537244951399,0.03175491080780557,-0.9994543919317554
75648000000,1319,75643916034,map,-0.09991246461868286,0.08043092489242554,0.9835830330848694,-0.004809003488842033,-0.007908985856337277,0.031738178508946724,-0.9994533382605426
75680000000,1320,75675916074,map,-0.09830369800329208,0.07999708503484726,0.9835628867149353,-0.0048483623891783815,-0.007989911427472988,0.03169282849994892,-0.9994540126101188
75716000000,1321,75707916074,map,-0.09642839431762695,0.07940889149904251,0.9836075305938721,-0.004858395644029752,-0.007996933158289353,0.03169565233879923,-0.9994538018758763
75748000000,1322,75739916074,map,-0.09433598071336746,0.07867801189422607,0.9836959838867188,-0.004699834096211833,-0.008008699866921862,0.03170711628159417,-0.9994540547569672
75780000000,1323,75771916115,map,-0.09201283752918243,0.07781937718391418,0.9838692545890808,-0.0046133061223105854,-0.007952016800850139,0.03173965364864462,-0.9994538861695733
75816000000,1324,75811916115,map,-0.09281068295240402,0.07917402684688568,0.9830360412597656,-0.004522394382255825,-0.00781275406447478,0.031776827169031185,-0.9994542233443613
75848000000,1325,75843916115,map,-0.0937495082616806,0.08043587952852249,0.9823457598686218,-0.0043176461446427904,-0.0074870670914210045,0.03177998818266947,-0.9994575529453937
75880000000,1326,75875916157,map,-0.09422764182090759,0.08141278475522995,0.9818249940872192,-0.004226231441220058,-0.007263368247774005,0.03179377020213253,-0.9994591966724856
75916000000,1327,75907916157,map,-0.09430141746997833,0.0821337103843689,0.9812777042388916,-0.00423501082732823,-0.007184571092488095,0.031788333258674695,-0.9994598288752133
75948000000,1328,75939916157,map,-0.09402529150247574,0.08266797661781311,0.9807107448577881,-0.004185398059730336,-0.007194447284474312,0.031785551566672954,-0.9994600817563044
75980000000,1329,75971916199,map,-0.09342548996210098,0.08301297575235367,0.9802694916725159,-0.004347929807750756,-0.007244754487255874,0.03171107808535423,-0.9994613883086083
76016000000,1330,76011916199,map,-0.09221813082695007,0.08319907635450363,0.9799231290817261,-0.004386951039390638,-0.0073109291553211525,0.0316851999203685,-0.9994615568960022
76048000000,1331,76043916199,map,-0.09095659106969833,0.08314893394708633,0.979841411113739,-0.004614918733174509,-0.0074988138790821465,0.03173126642579094,-0.9994577215327878
76080000000,1332,76075916242,map,-0.08946608006954193,0.08294220268726349,0.9799298048019409,-0.004706080884778429,-0.007488474894942945,0.031729285523910966,-0.9994574265048483
76116000000,1333,76107916242,map,-0.0877268835902214,0.08260800689458847,0.9801520109176636,-0.004766354664779929,-0.007528593591005379,0.0317209825947542,-0.9994570471832116
76148000000,1334,76139916242,map,-0.08575958013534546,0.08212000131607056,0.9805259704589844,-0.004823538883222228,-0.007588717222859058,0.03171609356032701,-0.9994564571273324
76180000000,1335,76171916285,map,-0.08361678570508957,0.08149681240320206,0.9811607599258423,-0.004920129252569323,-0.007548647094454087,0.031719676042450407,-0.9994562463930898
76216000000,1336,76211916285,map,-0.08437743037939072,0.08213858306407928,0.9824107885360718,-0.0049314315226875755,-0.007496305647687367,0.031711162379051194,-0.999456836448969
76248000000,1337,76243916285,map,-0.08525119721889496,0.08271674811840057,0.9834850430488586,-0.004943838912808287,-0.007438981570855186,0.031714323392689536,-0.9994570471832116
76280000000,1338,76275916329,map,-0.08571663498878479,0.08305634558200836,0.9845355749130249,-0.004887021421338872,-0.007339273569489237,0.03169809685601288,-0.9994586066166065
76316000000,1339,76307916329,map,-0.08579261600971222,0.08320388942956924,0.9855230450630188,-0.004906591059210341,-0.007288919610047608,0.031668130446721565,-0.9994598288752132
76348000000,1340,76339916329,map,-0.08552995324134827,0.08317728340625763,0.9863712787628174,-0.004957832325058412,-0.007286426442858449,0.031659532489625386,-0.9994599131689104
76380000000,1341,76371916374,map,-0.08496275544166565,0.0830104798078537,0.9872468709945679,-0.004893246971845087,-0.007354274225564321,0.03166328355914283,-0.9994596181409708
76416000000,1342,76411916374,map,-0.08386404067277908,0.08255678415298462,0.9884358048439026,-0.004910233798156247,-0.007372925193847153,0.031667245362902885,-0.9994592809661826
76448000000,1343,76443916374,map,-0.08268240839242935,0.08200148493051529,0.9893129467964172,-0.004970456458640314,-0.007413706138730428,0.03161355027790003,-0.999460376784244
76480000000,1344,76475916419,map,-0.08126009255647659,0.08129123598337173,0.9901643395423889,-0.005018888291299268,-0.007490188345434651,0.031576503198058936,-0.9994606718121836
76516000000,1345,76507916419,map,-0.07962288707494736,0.08045075088739395,0.990929126739502,-0.0050066256986522496,-0.007455343932336651,0.03160339288740882,-0.9994601660500014
76548000000,1346,76539916419,map,-0.07778668403625488,0.07948042452335358,0.9916386604309082,-0.004903798501224239,-0.007440984451658151,0.03163656245718688,-0.9994597024346679
76580000000,1347,76571916465,map,-0.0757715106010437,0.07837983220815659,0.9922882318496704,-0.004792309056292417,-0.007358839420729784,0.03156305835338391,-0.9994631584762457
76616000000,1348,76611916465,map,-0.07586637139320374,0.07861021161079407,0.9925110936164856,-0.004701326358066921,-0.007318833665050469,0.03157515449890658,-0.9994635377978822
76648000000,1349,76643916465,map,-0.07705313712358475,0.07944964617490768,0.9924332499504089,-0.004464410773098899,-0.007178607395741866,0.031520869358024506,-0.9994673310142482
76680000000,1350,76675916512,map,-0.07784071564674377,0.08006244897842407,0.9922343492507935,-0.004386320729978435,-0.006948711977547005,0.03153945611821779,-0.9994688061539462
76716000000,1351,76707916512,map,-0.07826864719390869,0.08046282827854156,0.9920780658721924,-0.004391387736058981,-0.006886192231501031,0.031510037617957176,-0.9994700705594015
76748000000,1352,76747916512,map,-0.07833006232976913,0.08068334311246872,0.9918798804283142,-0.004448524374660578,-0.006899394731797068,0.031442771247733814,-0.9994718407270389
76780000000,1353,76771916559,map,-0.07814513146877289,0.08068618178367615,0.9918147921562195,-0.0045897349210544235,-0.007034465997015245,0.03143531125554749,-0.9994705341747352
76816000000,1354,76811916559,map,-0.07746560126543045,0.08050205558538437,0.991618275642395,-0.004597795094241814,-0.007167795329691744,0.03141495432771668,-0.9994702391467956
76848000000,1355,76843916559,map,-0.07663559913635254,0.0801749974489212,0.9915445446968079,-0.004682465561040232,-0.007386504463919821,0.03140239456686039,-0.9994686375665522
76880000000,1356,76875916606,map,-0.0755680575966835,0.07971625030040741,0.9915452003479004,-0.0048033182741046175,-0.007512521647651934,0.03142426878123755,-0.999466403783581
76916000000,1357,76907916606,map,-0.0742945671081543,0.07910993695259094,0.9914835691452026,-0.004885162020920582,-0.007564293947327629,0.03146034648356283,-0.9994644650285496
76948000000,1358,76947916606,map,-0.07243409007787704,0.07815535366535187,0.9913856983184814,-0.004945636574678953,-0.007655405802594753,0.031471768279509316,-0.9994631584762457
76980000000,1359,76971916655,map,-0.0711485967040062,0.07746884971857071,0.9913263320922852,-0.004915595502904115,-0.00766127697383761,0.03145440377792286,-0.9994637485321248
77016000000,1360,77011916655,map,-0.07242193073034286,0.07805124670267105,0.9898006319999695,-0.004874234051037054,-0.007619354935958129,0.031420349124326064,-0.9994653501123683
77048000000,1361,77043916655,map,-0.07368087023496628,0.07866281270980835,0.9885894656181335,-0.004774315150792424,-0.00742255212015197,0.031319576009536554,-0.9994704498810381
77080000000,1362,77075916704,map,-0.07452192902565002,0.07904883474111557,0.9875458478927612,-0.0047996351169895335,-0.0072961679624927835,0.031276881251995015,-0.9994725993703122
77116000000,1363,77107916704,map,-0.07501675933599472,0.07920273393392563,0.9866623282432556,-0.004826901411479986,-0.00726600275507819,0.031270938546354876,-0.9994728943982518
77148000000,1364,77147916704,map,-0.07521357387304306,0.07910450547933578,0.9857571125030518,-0.004815541354081157,-0.007191219922476816,0.031315319177836864,-0.9994720936081299
77180000000,1365,77179928753,map,-0.07502167671918869,0.07881631702184677,0.985192060470581,-0.0048984833061822474,-0.007255004320932307,0.031372638891811744,-0.9994694805035222
77216000000,1366,77211928753,map,-0.07456496357917786,0.07836250960826874,0.9846276044845581,-0.004917890530514435,-0.007349044558990304,0.03139316440703649,-0.9994680053638244
77248000000,1367,77243928753,map,-0.07386390119791031,0.07775678485631943,0.9841821789741516,-0.004912668437202258,-0.0075086176311724845,0.03141086608341115,-0.9994663194898841
77280000000,1368,77275928803,map,-0.0729449912905693,0.07698868215084076,0.9837374091148376,-0.004768655783926947,-0.007568680347659176,0.031361259242713824,-0.99946813180437
77316000000,1369,77307928803,map,-0.071812704205513,0.0760689377784729,0.9833977818489075,-0.004757064412769689,-0.007639203549746791,0.03135430501270947,-0.9994678367764304
77348000000,1370,77339928803,map,-0.07049266993999481,0.07503201067447662,0.9832288026809692,-0.004710800837903268,-0.007805169442740215,0.031260233246833136,-0.999469691237765
77380000000,1371,77371928854,map,-0.06897225230932236,0.07390505075454712,0.9831626415252686,-0.004559492828568524,-0.0077374784759453065,0.03123637813057606,-0.9994717142864935
77416000000,1372,77411928854,map,-0.06854967027902603,0.07407057285308838,0.982408881187439,-0.004455090474995483,-0.007686312860397589,0.0312149253846839,-0.9994732737198884
77448000000,1373,77443928854,map,-0.06880220770835876,0.07487307488918304,0.9817582368850708,-0.004311443149285975,-0.007602352716169094,0.03122112097141505,-0.9994743273911011
77480000000,1374,77475928905,map,-0.0687348023056984,0.07542146742343903,0.9812700152397156,-0.004105704954641315,-0.007333221051552494,0.031241815074033896,-0.9994765611740721
77516000000,1375,77507928905,map,-0.0684179812669754,0.075729601085186,0.9809648990631104,-0.00396907837193141,-0.007215121301485668,0.031223186166992045,-0.9994785842228007
77548000000,1376,77539928905,map,-0.06786752492189407,0.07583648711442947,0.9807963967323303,-0.003847649844012858,-0.0071600118275157686,0.03118179796175441,-0.9994806915652262
77580000000,1377,77571928956,map,-0.06707683205604553,0.07572467625141144,0.9807687401771545,-0.0037594583866844477,-0.007239301080185269,0.03110976899764928,-0.9994827567608032
77616000000,1378,77611928956,map,-0.06580369919538498,0.07528994977474213,0.9808796644210815,-0.003717728561483234,-0.0073107826291681265,0.03112030570977703,-0.99948199811753
77648000000,1379,77643928956,map,-0.06455103307962418,0.07474149018526077,0.9809736609458923,-0.0036351288055721047,-0.007357291511863771,0.031112002780620374,-0.9994822931454697
77680000000,1380,77675929008,map,-0.06313760578632355,0.07403739541769028,0.981102466583252,-0.0035251808486973413,-0.0073814640465737855,0.0311586171950734,-0.9994810287400142
77716000000,1381,77707929008,map,-0.06157255545258522,0.07321101427078247,0.9811732172966003,-0.0034565453644418583,-0.007376775209676948,0.03111073837516498,-0.9994827989076518
77748000000,1382,77739929008,map,-0.059862170368433,0.0722416564822197,0.9812135100364685,-0.0033123493065210733,-0.007340678903469272,0.031089117041878944,-0.9994841897536526
77780000000,1383,77771929061,map,-0.05802217498421669,0.07112734764814377,0.981009304523468,-0.003240818531336244,-0.0073353904617979165,0.030992727199334547,-0.9994874350609879
77816000000,1384,77811929061,map,-0.05895841494202614,0.07189729064702988,0.9802889227867126,-0.0031139843408239157,-0.0072414541914541195,0.031012789099225724,-0.99948794082317
77848000000,1385,77843929061,map,-0.059961240738630295,0.07261519134044647,0.9797232151031494,-0.002877612631301424,-0.007112877656809795,0.03096377231440761,-0.9994911018368084
77880000000,1386,77875929114,map,-0.0606173612177372,0.07305721938610077,0.9791762828826904,-0.0027053578028928917,-0.007034686691743483,0.030907464124797,-0.9994938835288101
77916000000,1387,77907929114,map,-0.060959070920944214,0.07327388972043991,0.9787529706954956,-0.002611975533116435,-0.006991224729850148,0.030865907332165265,-0.9994957379901446
77948000000,1388,77939929114,map,-0.06103825569152832,0.07326575368642807,0.9783081412315369,-0.0025231545072383925,-0.006983791573352419,0.03085128237573198,-0.9994964544865692
77980000000,1389,77971929167,map,-0.060853734612464905,0.07306189835071564,0.9780223369598389,-0.0024694750626675778,-0.007050900057530017,0.030823254721472182,-0.9994969181019029
78016000000,1390,78011929167,map,-0.060283586382865906,0.07250860333442688,0.9775722026824951,-0.0024944146370932648,-0.0071424616163780295,0.03081221224716235,-0.9994965809271148
78048000000,1391,78043929167,map,-0.05956845358014107,0.07186803966760635,0.9774976372718811,-0.0024815040366503904,-0.00726181935109123,0.03074427152736281,-0.9994978453325701
78080000000,1392,78075929221,map,-0.05866042897105217,0.07108685374259949,0.9775742292404175,-0.002451327551661098,-0.007400986927785186,0.03067367555610706,-0.999499067591177
78116000000,1393,78107929221,map,-0.0575769804418087,0.07017169147729874,0.9778512716293335,-0.0023896041505614024,-0.007458729427334127,0.030681346282535993,-0.9994985618289949
78148000000,1394,78139929221,map,-0.05629862844944,0.06911606341600418,0.9782275557518005,-0.0023179039648018947,-0.007534155657919801,0.03070241970679155,-0.9994975503046306
78180000000,1395,78171929275,map,-0.05484507605433464,0.06791001558303833,0.9785868525505066,-0.0023139130204473924,-0.007466778158310693,0.03061264691946325,-0.9995007534651174
78216000000,1396,78211929275,map,-0.05582867190241814,0.0686756819486618,0.9794036746025085,-0.002252134960153533,-0.007461317507250499,0.03057766503519921,-0.9995020178705728
78248000000,1397,78243929275,map,-0.05684743449091911,0.06946958601474762,0.9801175594329834,-0.0021194357722531102,-0.007247313426577768,0.030576274189198338,-0.9995039144787558
78280000000,1398,78275929330,map,-0.05754000321030617,0.0699748769402504,0.9807876944541931,-0.0020972080841112966,-0.007055238878020861,0.030504540253032786,-0.9995076234014247
78316000000,1399,78307929330,map,-0.057952020317316055,0.07021716237068176,0.9814469218254089,-0.0021243949416704746,-0.007003880144296178,0.030501294945697477,-0.9995080027230614
78348000000,1400,78339929330,map,-0.05810728296637535,0.07024099677801132,0.9820369482040405,-0.0021971856771352007,-0.007032334041488715,0.0304445231407533,-0.9995093092753652
78380000000,1401,78371929386,map,-0.058015454560518265,0.07005685567855835,0.9826059341430664,-0.00225765405703881,-0.007167267012360215,0.03038699269253592,-0.9995100257717899
78416000000,1402,78411929386,map,-0.05759451910853386,0.06954339146614075,0.9833675026893616,-0.002350298756966326,-0.007241604174965812,0.030344887990873592,-0.9995104893871234
78448000000,1403,78443929386,map,-0.05700875073671341,0.06894045323133469,0.9839619994163513,-0.0024722182298155806,-0.007361196680796109,0.030316649602371237,-0.9995101522123354
78480000000,1404,78475929441,map,-0.05622543767094612,0.06819611042737961,0.9844787120819092,-0.0024796125321873367,-0.007479550793679144,0.03029456465375152,-0.9995099836249413
78516000000,1405,78507929441,map,-0.05524282157421112,0.06733174622058868,0.9849739670753479,-0.002531611206537652,-0.007511663399521906,0.03028790545168686,-0.9995098150375472
78548000000,1406,78539929441,map,-0.054069723933935165,0.0663302019238472,0.9853459000587463,-0.002586954957716267,-0.00752405226807833,0.03025068978445178,-0.999510700121366
78580000000,1407,78571929498,map,-0.05273813009262085,0.06518483906984329,0.9857437014579773,-0.002614920873428387,-0.007343387661666732,0.030222072074312878,-0.99951284961064
78616000000,1408,78611929498,map,-0.05242873728275299,0.06514785438776016,0.9858205318450928,-0.0026259197191645877,-0.0072715926454980755,0.030220175466129873,-0.9995133975196706
78648000000,1409,78643929498,map,-0.05272281914949417,0.0656779557466507,0.985522449016571,-0.002555829510090971,-0.00714672667988398,0.030289970647263853,-0.9995123859953063
78680000000,1410,78675929554,map,-0.052729953080415726,0.06591912358999252,0.9852572083473206,-0.002535413807162872,-0.006839066704191724,0.030279265347742113,-0.999514914806217
78716000000,1411,78707929554,map,-0.05248388275504112,0.06591905653476715,0.9852080345153809,-0.0024544666686945253,-0.006725912458743721,0.030294901828539667,-0.9995153784215507
78748000000,1412,78739929554,map,-0.051999371498823166,0.06568709760904312,0.9852390885353088,-0.0024499586022651287,-0.0066561511926518414,0.030249762553784476,-0.9995172750297336
78780000000,1413,78771929612,map,-0.051310282200574875,0.06525903940200806,0.9852758646011353,-0.002374045213379675,-0.006568933887286863,0.030206941355697348,-0.9995192980784622
78816000000,1414,78811929612,map,-0.05016181245446205,0.06443361937999725,0.9853770732879639,-0.0023623507800069185,-0.006554764643653108,0.030203653901513583,-0.9995194666658562
78848000000,1415,78843929612,map,-0.049028437584638596,0.06357444822788239,0.9855246543884277,-0.002420226634818725,-0.006579665199316695,0.03018203256822749,-0.9995198459874928
78880000000,1416,78875929669,map,-0.047755420207977295,0.06257735192775726,0.9856721758842468,-0.0023730109692298882,-0.0063729836396643515,0.03011312247091219,-0.9995234284696163
78916000000,1417,78907929669,map,-0.04634273052215576,0.06144415959715843,0.9858406782150269,-0.0022917696260026004,-0.006323166723268983,0.03011383896733688,-0.9995238920849498
78948000000,1418,78939929669,map,-0.04482483118772507,0.060168102383613586,0.9861323237419128,-0.002289317864799381,-0.006261740325742386,0.03006435856718509,-0.9995257465462843
78980000000,1419,78971929727,map,-0.04323019087314606,0.058754391968250275,0.9865093231201172,-0.002235664432736631,-0.00613592523285616,0.030045940394385795,-0.9995272216859823
79016000000,1420,79011929727,map,-0.043166447430849075,0.05959631875157356,0.9872528910636902,-0.002149610446245005,-0.00609101579013428,0.03003152617219501,-0.9995281489166495
79048000000,1421,79043929727,map,-0.043253008276224136,0.06048068031668663,0.987852156162262,-0.002046080828781169,-0.006068573745755117,0.030083408942711998,-0.9995269266580427
79080000000,1422,79075929786,map,-0.04310184344649315,0.06103884056210518,0.9883408546447754,-0.001989152784152476,-0.00594984492104704,0.030085136963500958,-0.9995277274481644
79116000000,1423,79107929786,map,-0.042763885110616684,0.06128613278269768,0.9888641238212585,-0.0019516546013234317,-0.0058891152636098894,0.03004598254123425,-0.9995292868815593
79148000000,1424,79139929786,map,-0.04225195199251175,0.06127269193530083,0.9894792437553406,-0.001861775129784935,-0.0059010118701465965,0.029981287128770073,-0.9995313520771363
79180000000,1425,79171929845,map,-0.041533779352903366,0.061045363545417786,0.9900326728820801,-0.001857835057993674,-0.005930670739152615,0.029938255196440444,-0.9995324900420461
79216000000,1426,79211929845,map,-0.040410712361335754,0.06047414615750313,0.9906322956085205,-0.0018472290340564856,-0.0059670067555611965,0.029914273639637723,-0.9995329536573798
79248000000,1427,79243929845,map,-0.03933355584740639,0.05978253856301308,0.9909690618515015,-0.001895459516732124,-0.005904466100727093,0.029899775123749972,-0.9995337123006529
79280000000,1428,79275929905,map,-0.038115244358778,0.05891956016421318,0.9912722706794739,-0.0018825792093366172,-0.005859985205843781,0.029850421164143714,-0.9995354403214419
79316000000,1429,79307929905,map,-0.03676721081137657,0.05790745094418526,0.9915973544120789,-0.0019463775195448399,-0.005829230024868099,0.02984085382953172,-0.9995358196430786
79348000000,1430,79339929905,map,-0.03532889112830162,0.05673234164714813,0.991948664188385,-0.0018653785206964892,-0.0057300222703740265,0.029817883797093325,-0.9995372104890793
79380000000,1431,79371929964,map,-0.03380470350384712,0.05540938675403595,0.9923797845840454,-0.0018177687162196246,-0.005625024921838024,0.02979343862495698,-0.9995386434819287
79416000000,1432,79411929964,map,-0.03294897451996803,0.055743053555488586,0.9934566020965576,-0.001816332266011587,-0.005609129797684972,0.029744042518502267,-0.9995401607684751
79448000000,1433,79443929964,map,-0.032672468572854996,0.05682298168540001,0.9945295453071594,-0.0017327465043358806,-0.005486976376899258,0.029743199581532043,-0.9995410037054453
79480000000,1434,79475930025,map,-0.03217029199004173,0.057574719190597534,0.9955099821090698,-0.0015705194977865286,-0.005294756290006086,0.029745896979836706,-0.9995422681109007
79516000000,1435,79507930025,map,-0.03149538114666939,0.05801428109407425,0.9963920712471008,-0.0015335045219902169,-0.00528268862653343,0.029767054697789175,-0.9995417623487184
79548000000,1436,79547930025,map,-0.030401915311813354,0.05821585655212402,0.9975206255912781,-0.0015441558208623295,-0.005117088390378064,0.02976536882384878,-0.9995426895793857
79580000000,1437,79571930086,map,-0.029648305848240852,0.05815122276544571,0.9982195496559143,-0.00155102987307278,-0.005009682250667987,0.029716183451636513,-0.9995446704812658
79616000000,1438,79611930086,map,-0.02821728028357029,0.05776875093579292,0.9994249939918518,-0.0015930499517658875,-0.004959305900713086,0.029664975030695817,-0.9995463142083576
79648000000,1439,79643930086,map,-0.026904800906777382,0.057223811745643616,1.0002483129501343,-0.0015980277250656014,-0.004909906007627398,0.029606222323871667,-0.9995483372570861
79680000000,1440,79675930147,map,-0.025450974702835083,0.05646510049700737,1.0009115934371948,-0.0016173956836815,-0.0048469845494315544,0.029562979657299482,-0.9995498545436325
79716000000,1441,79707930147,map,-0.023876376450061798,0.05553401634097099,1.0014866590499878,-0.001609371154215604,-0.004776185911103475,0.02956850089445434,-0.9995500652778753
79748000000,1442,79739930147,map,-0.022217178717255592,0.05444875359535217,1.0020277500152588,-0.001592384492540571,-0.004572272378654309,0.029500307293563732,-0.999553099850968
79780000000,1443,79771930209,map,-0.02047801949083805,0.053210221230983734,1.0025941133499146,-0.0015316834817895174,-0.0043755180481875496,0.029502203901746793,-0.9995539849347868
79816000000,1444,79811930209,map,-0.019755085930228233,0.05353126302361488,1.0037850141525269,-0.0015293360175727495,-0.00427056029464009,0.02948778967955601,-0.9995549121654539
79848000000,1445,79843930209,map,-0.01979060471057892,0.05456110090017319,1.0049761533737183,-0.0014020110467658465,-0.004044370012483265,0.02940981800981085,-0.9995582839133348
79880000000,1446,79875930271,map,-0.01961885765194893,0.05529635772109032,1.0060545206069946,-0.0012096728334515564,-0.003854013524229622,0.0293587781762642,-0.9995608548710939
79916000000,1447,79907930271,map,-0.019304974004626274,0.055779553949832916,1.0069903135299683,-0.0012238116194018185,-0.0038292148783286434,0.029337494017766197,-0.9995614870738216
79948000000,1448,79939930271,map,-0.01881008967757225,0.05599517002701759,1.0078167915344238,-0.0012484557542976112,-0.0037449102330044106,0.02936160201511434,-0.9995610656053365
79980000000,1449,79971930333,map,-0.018164729699492455,0.055955782532691956,1.008546233177185,-0.0013602560322372023,-0.003844920588617587,0.029339769947585748,-0.9995611498990336
80016000000,1450,80011930333,map,-0.017174826934933662,0.055589791387319565,1.0092769861221313,-0.00146229857388395,-0.0038876692644907135,0.029327631655214625,-0.9995612341927305
80048000000,1451,80043930333,map,-0.016250113025307655,0.055054519325494766,1.009723424911499,-0.0015825183433581006,-0.003954872249805208,0.02933298430497544,-0.9995606862836999
80080000000,1452,80075930397,map,-0.015227187424898148,0.05432587489485741,1.010040044784546,-0.0016528152530891603,-0.003951628341876947,0.02931406036999412,-0.9995610656053364
80116000000,1453,80107930397,map,-0.014092773199081421,0.05345134809613228,1.0102458000183105,-0.001660570437851292,-0.004002752963029044,0.02930424015429106,-0.999561192045882
80148000000,1454,80139930397,map,-0.012868938036262989,0.05243270471692085,1.0103604793548584,-0.0016645783397268746,-0.004001754609554941,0.029267951717723173,-0.9995622457170947
80180000000,1455,80171930460,map,-0.011551988311111927,0.05125712975859642,1.0104312896728516,-0.0016463928800931225,-0.003912424775726419,0.029225046225939133,-0.9995638472973383
80216000000,1456,80211930460,map,-0.01217520609498024,0.05381975695490837,1.0097194910049438,-0.001647680581560419,-0.003895480178581833,0.02923098893157916,-0.9995637208567927
80248000000,1457,80243930460,map,-0.012868501245975494,0.05626070126891136,1.0089473724365234,-0.0015956342450513382,-0.0037989457031998527,0.029219356401390117,-0.9995645637937629
80280000000,1458,80275930524,map,-0.013322253711521626,0.058315109461545944,1.0082428455352783,-0.0014927189672953862,-0.003642173832400439,0.029128192768061056,-0.9995679776884923
80316000000,1459,80307930524,map,-0.013556099496781826,0.05998458340764046,1.007669448852539,-0.0015247847341600177,-0.0035767972379607722,0.02909148286300811,-0.999569199947099
80348000000,1460,80339930524,map,-0.013582072220742702,0.06129220128059387,1.007120966911316,-0.001681050101914729,-0.003646579577476907,0.029095107491980077,-0.99956860989122
80380000000,1461,80371930588,map,-0.01340260449796915,0.06226697564125061,1.0066148042678833,-0.0019211969178292315,-0.0036767060130835924,0.029031255016486013,-0.9995699164435238
80416000000,1462,80411930588,map,-0.012941584922373295,0.06304969638586044,1.0060561895370483,-0.002085435201624026,-0.003661655060671711,0.02903715557527753,-0.9995694949750387
80448000000,1463,80443930588,map,-0.012358814477920532,0.06340007483959198,1.005656361579895,-0.0021950901061927367,-0.003713659661922598,0.028995050873615202,-0.9995702957651604
80480000000,1464,80475930653,map,-0.0116369454190135,0.0635257139801979,1.0050901174545288,-0.0024326613956955506,-0.003661361967206627,0.029002805893741157,-0.9995697057092812
80516000000,1465,80507930653,map,-0.01077924482524395,0.06343327462673187,1.0045192241668701,-0.0025116698614504594,-0.0036320637336367933,0.02897743349093762,-0.9995702957651604
80548000000,1466,80539930653,map,-0.009800814092159271,0.06314325332641602,1.0038868188858032,-0.0026795982993957352,-0.0035625541138650267,0.02894616052934257,-0.9995710544084335
80580000000,1467,80571930718,map,-0.008688023313879967,0.06266500800848007,1.0032958984375,-0.002787062144068324,-0.0035173497255216323,0.02886608151717185,-0.9995732460445561
80616000000,1468,80611930718,map,-0.0095349857583642,0.06419198960065842,1.003768801689148,-0.0027910220956719194,-0.0034624250144452543,0.028900094023920075,-0.9995724452544344
80648000000,1469,80643930718,map,-0.01039986964315176,0.06549255549907684,1.004296064376831,-0.002844935570497258,-0.003241388090017585,0.028870970551599096,-0.9995738361004353
80680000000,1470,80675930784,map,-0.011023121885955334,0.06650593876838684,1.004688024520874,-0.0029554188726082214,-0.0030322712842235098,0.028895500017432463,-0.9995734989256473
80716000000,1471,80707930784,map,-0.01142812892794609,0.06724012643098831,1.0052080154418945,-0.0029932561235408127,-0.0030158505592350246,0.028868778915476512,-0.9995741732752234
80748000000,1472,80739930784,map,-0.011601202189922333,0.06771433353424072,1.0058250427246094,-0.003154019710426574,-0.0029778317661031464,0.028821110829810703,-0.9995752269464362
80780000000,1473,80771930850,map,-0.011540621519088745,0.0679386779665947,1.0064152479171753,-0.0033654858223040878,-0.0030101107573317527,0.028779174715542366,-0.9995756062680727
80816000000,1474,80811930850,map,-0.011200702749192715,0.06790534406900406,1.0071194171905518,-0.003505174636976112,-0.003022369892620105,0.028743392041156557,-0.9995761541771034
80848000000,1475,80843930850,map,-0.010723311454057693,0.06763775646686554,1.0076749324798584,-0.003665597972436163,-0.0029445346239061667,0.028676547139418362,-0.9995777557573469
80880000000,1476,80875930917,map,-0.010075762867927551,0.06716715544462204,1.008193016052246,-0.003913374973133375,-0.002863348968848835,0.028622936348112527,-0.9995785986943171
80916000000,1477,80907930917,map,-0.009279140271246433,0.06650526821613312,1.0086699724197388,-0.004013511110747576,-0.002863415646480268,0.028598744057067194,-0.9995788515754082
80948000000,1478,80939930917,map,-0.008328336291015148,0.0657312422990799,1.0091112852096558,-0.004121931491318009,-0.0026601615640377834,0.028515293297015687,-0.9995812960926218
80980000000,1479,80971930983,map,-0.007260004058480263,0.06483940780162811,1.0095419883728027,-0.0042087298800578465,-0.002473103725224625,0.028471587015109823,-0.9995826869386226
81016000000,1480,81011930983,map,-0.008178173564374447,0.06601133197546005,1.0101512670516968,-0.004274665908057045,-0.0023949312817226,0.02845447539461443,-0.9995831084071076
81048000000,1481,81043930983,map,-0.009851089678704739,0.06791527569293976,1.0106598138809204,-0.0043328110252545534,-0.0021515086184712012,0.028438038123695164,-0.9995838670503809
81080000000,1482,81075931051,map,-0.011205829679965973,0.0694456472992897,1.0108314752578735,-0.004420063068842327,-0.002033115322189941,0.02838366868911607,-0.9995853000432303
81116000000,1483,81107931051,map,-0.012281771749258041,0.07063788920640945,1.010899305343628,-0.004496821123377332,-0.0019665008287113933,0.028378568920446323,-0.9995852578963818
81148000000,1484,81147931051,map,-0.01324370689690113,0.07171804457902908,1.011008381843567,-0.004587633176257197,-0.0019238013790402382,0.028384005863904216,-0.9995847099873512
81180000000,1485,81171931119,map,-0.013634102419018745,0.07214377820491791,1.011056900024414,-0.0047468047009256355,-0.0020622768254563045,0.028339456645028238,-0.9995850050152907
81216000000,1486,81211931119,map,-0.013984402641654015,0.07253703474998474,1.0112346410751343,-0.004855006115447165,-0.002152296649293066,0.028310838934889282,-0.9995850471621393
81248000000,1487,81243931119,map,-0.014015622437000275,0.07262858003377914,1.0113568305969238,-0.0048854477469189835,-0.0022573880873756466,0.02824622781612207,-0.999586522301837
81280000000,1488,81275931187,map,-0.013863330706954002,0.07251030951738358,1.0114144086837769,-0.004873740471928322,-0.0023964954072471225,0.028175041788987276,-0.9995882503226261
81316000000,1489,81307931187,map,-0.013538945466279984,0.0722130611538887,1.0114929676055908,-0.004908001826182566,-0.002473082240210052,0.028140144198420203,-0.9995889246722022
81348000000,1490,81339931187,map,-0.01308379229158163,0.07173896580934525,1.0116180181503296,-0.004932907403248028,-0.0025831743360139998,0.02806651365407159,-0.9995905683992942
81380000000,1491,81371937255,map,-0.012464935891330242,0.07109489291906357,1.0116790533065796,-0.004916403948605728,-0.00260002089234496,0.028017454722405022,-0.9995920013921435
81416000000,1492,81411937255,map,-0.014057452790439129,0.07186467945575714,1.012263536453247,-0.0049372649099392865,-0.0025976834709319383,0.027992419494389464,-0.9995925914480227
81448000000,1493,81443937255,map,-0.015503406524658203,0.07253699749708176,1.01288640499115,-0.00488123931824072,-0.0025653719023297035,0.02793640633271849,-0.9995944880562057
81480000000,1494,81475943324,map,-0.01663452573120594,0.0729953795671463,1.0134507417678833,-0.004836017972376245,-0.002513453323455171,0.02785354562854614,-0.9995971854545103
81516000000,1495,81507943324,map,-0.017492055892944336,0.07327774912118912,1.0138977766036987,-0.004858888729230105,-0.002551587495642799,0.027808490647487916,-0.9995982391257232
81548000000,1496,81539943324,map,-0.01808357983827591,0.07338295131921768,1.0142290592193604,-0.004870061183762222,-0.002501836845288546,0.027746914101813513,-0.9995999671465121
81580000000,1497,81571949394,map,-0.018431078642606735,0.07330954819917679,1.0142953395843506,-0.00495456717906977,-0.0026519241600596816,0.02773300564180492,-0.999599629971724
81616000000,1498,81611949394,map,-0.01859707199037075,0.07300560176372528,1.0142292976379395,-0.005014560254474742,-0.0026925046604583387,0.027705104428090765,-0.9995999671465121
81648000000,1499,81643949394,map,-0.01847168244421482,0.07259070128202438,1.0141313076019287,-0.005130968862245069,-0.0027987045112659176,0.027668183788795153,-0.999600135733906
81680000000,1500,81675949463,map,-0.018162110820412636,0.07203023135662079,1.0141316652297974,-0.005208101793241244,-0.0028391395556463745,0.027614446556943784,-0.9996011051114218
81716000000,1501,81707949463,map,-0.01767881214618683,0.07133086025714874,1.0140726566314697,-0.005242345778384091,-0.002857572545697065,0.02756871722630949,-0.9996020744889376
81748000000,1502,81739949463,map,-0.017024075612425804,0.07048889994621277,1.0139555931091309,-0.0053154308009258225,-0.002800866842157879,0.027564839716246514,-0.9996019901952407
81780000000,1503,81771949533,map,-0.016183480620384216,0.06952984631061554,1.0139210224151611,-0.005283099969896729,-0.0027578990355997214,0.027589453475776793,-0.9996015687267554
81816000000,1504,81811949533,map,-0.01864022947847843,0.0702991634607315,1.015706181526184,-0.005237961436004132,-0.002704335577180375,0.027557126842969015,-0.9996028752790593
81848000000,1505,81843949533,map,-0.02092435397207737,0.07108426839113235,1.0172293186187744,-0.0050545950684304725,-0.0024067313291708248,0.027447502889992204,-0.999607553579244
81880000000,1506,81875949603,map,-0.022801339626312256,0.07165290415287018,1.0185706615447998,-0.004961555324116229,-0.0021846483067922253,0.027398106783537324,-0.9996099138027607
81916000000,1507,81907949603,map,-0.024326536804437637,0.07200758159160614,1.01986825466156,-0.0049620655314737885,-0.0021570245049520017,0.027356929312542244,-0.9996111360613674
81948000000,1508,81939949603,map,-0.02550659142434597,0.07214852422475815,1.02101731300354,-0.00505896574601189,-0.0022498805976665804,0.027321146638156546,-0.9996114310893071
81980000000,1509,81971949673,map,-0.026420071721076965,0.07212017476558685,1.0220812559127808,-0.005100033733982581,-0.0022605215244626926,0.027261466700665093,-0.9996127797884593
82016000000,1510,82011949673,map,-0.027187572792172432,0.07186143845319748,1.0232055187225342,-0.005067675655674469,-0.00231667610856676,0.027223070921671644,-0.9996139177533692
82048000000,1511,82043949673,map,-0.02749796025454998,0.0714961588382721,1.0239375829696655,-0.005218243131709987,-0.0025896600939189314,0.027168406459153027,-0.9996139599002176
82080000000,1512,82075949743,map,-0.027544260025024414,0.07096131145954132,1.0245211124420166,-0.005253943405714175,-0.002719468518383501,0.027146363657381767,-0.9996140020470663
82116000000,1513,82107949743,map,-0.027355220168828964,0.07029788941144943,1.0249816179275513,-0.005232094298346388,-0.002789529010636195,0.027097641900503233,-0.9996151821588244
82148000000,1514,82147949743,map,-0.026795754209160805,0.06929511576890945,1.0254085063934326,-0.005262538152405921,-0.002894457541271113,0.027009470693418414,-0.9996172052075529
82180000000,1515,82171949814,map,-0.026309538632631302,0.06862030923366547,1.0256373882293701,-0.005214474281490801,-0.002844211912401048,0.026947051210773787,-0.9996192704031299
82216000000,1516,82211949814,map,-0.027402186766266823,0.06799423694610596,1.0265257358551025,-0.005201813022462263,-0.0027682146414088897,0.026928211569489435,-0.9996200711932517
82248000000,1517,82243949814,map,-0.029038487002253532,0.06764812022447586,1.027397871017456,-0.005169119168773144,-0.002638376417805334,0.026846151655438744,-0.999622726444708
82280000000,1518,82275949885,map,-0.030310645699501038,0.06715498864650726,1.02801513671875,-0.005041343835840844,-0.00241301713649952,0.026833634041430965,-0.9996242858781028
82316000000,1519,82315949885,map,-0.03144889697432518,0.06639844924211502,1.0285369157791138,-0.004986610390785003,-0.0023623182643718356,0.026793931710133723,-0.9996258031646492
82348000000,1520,82339949885,map,-0.03189940005540848,0.0658528059720993,1.0287137031555176,-0.004909751578940276,-0.002305034852663022,0.02674217538016238,-0.9996276576259837
82380000000,1521,82371949956,map,-0.03225194290280342,0.06502669304609299,1.0289654731750488,-0.004850764512589311,-0.0023386580772890323,0.02662917967930456,-0.999630902933319
82416000000,1522,82411949956,map,-0.03231919929385185,0.0638856291770935,1.0293751955032349,-0.004806012050414521,-0.002355841890726143,0.026562798392899933,-0.9996327995415021
82448000000,1523,82443949956,map,-0.032087624073028564,0.06288901716470718,1.0295944213867188,-0.004753067953104932,-0.0023843539867895724,0.026446473091009948,-0.999636086995686
82480000000,1524,82475950028,map,-0.03166230767965317,0.06181405112147331,1.02971351146698,-0.004723961602941112,-0.0024332107452923026,0.02639813065576785,-0.9996373935479897
82516000000,1525,82507950028,map,-0.031072072684764862,0.06066934019327164,1.029692530632019,-0.004691188476956844,-0.0024180082453255213,0.026359692729925943,-0.9996386579534451
82548000000,1526,82539950028,map,-0.030288053676486015,0.059463780373334885,1.0295870304107666,-0.00466599997270714,-0.0024189280673670463,0.02625929893677298,-0.9996413553517498
82580000000,1527,82571950099,map,-0.02931513637304306,0.058202341198921204,1.0294404029846191,-0.004575970270702759,-0.002370239320031915,0.026220608129840006,-0.9996428726382961
82616000000,1528,82611950099,map,-0.030547114089131355,0.057753995060920715,1.029236912727356,-0.004558689321950721,-0.0023512785888761406,0.02620952350868161,-0.9996433362536298
82648000000,1529,82643950099,map,-0.03167521953582764,0.057482823729515076,1.0289539098739624,-0.004496997613305471,-0.0022565870502997496,0.026124091846750075,-0.999646075798783
82680000000,1530,82675950171,map,-0.03248997777700424,0.057077351957559586,1.028747797012329,-0.004434831917250601,-0.0021187758283380473,0.025997314126429305,-0.9996499533088461
82716000000,1531,82707950171,map,-0.03300190344452858,0.05654403194785118,1.028518557548523,-0.0043631148562880764,-0.002077829094874888,0.02596022489973976,-0.9996513020079983
82748000000,1532,82739950171,map,-0.03325919061899185,0.05590391904115677,1.0283700227737427,-0.004354648278821197,-0.0021006888211082386,0.02587593120271786,-0.9996534936441209
82780000000,1533,82771950244,map,-0.03327399492263794,0.05514989420771599,1.0281882286071777,-0.004292370383245778,-0.002144414859349275,0.025825481425050423,-0.9996549687838188
82816000000,1534,82811950244,map,-0.032981567084789276,0.05411462485790253,1.0278767347335815,-0.004284706653852193,-0.0022083136799130286,0.02576710803986282,-0.9996563596298196
82848000000,1535,82843950244,map,-0.03248056769371033,0.053188711404800415,1.0276765823364258,-0.004229981769874956,-0.0022397866744024116,0.02573697304317757,-0.9996573290073354
82880000000,1536,82875950316,map,-0.03176480531692505,0.05218536779284477,1.0274962186813354,-0.004188888098668454,-0.0022810285181232106,0.025745866028213327,-0.9996571182730928
82916000000,1537,82907950316,map,-0.03082885779440403,0.051142558455467224,1.0272332429885864,-0.0041126962277741866,-0.0022787706159595284,0.025721631590319538,-0.9996581719443056
82948000000,1538,82939950316,map,-0.029705051332712173,0.05004718527197838,1.0269014835357666,-0.004064177549558242,-0.0020852866998374753,0.025598099177334133,-0.9996619230138231
82980000000,1539,82971950388,map,-0.028413571417331696,0.04891813173890114,1.026402473449707,-0.004071297897414678,-0.0019123059907450192,0.025479540092472996,-0.9996652526148555
83016000000,1540,83011950388,map,-0.02888595685362816,0.04824558272957802,1.0263206958770752,-0.004044864003182315,-0.0018221024329905305,0.025437856859295727,-0.9996666434608563
83048000000,1541,83043950388,map,-0.030118143185973167,0.04799375683069229,1.026611328125,-0.0040542356677573535,-0.001555150303741163,0.025343279331237256,-0.999669425152858
83080000000,1542,83075950461,map,-0.03097769059240818,0.04763326793909073,1.0268012285232544,-0.0038622663216855975,-0.0013019873556263824,0.025249460446451988,-0.9996728811944359
83116000000,1543,83107950461,map,-0.03149663284420967,0.04717855155467987,1.0268570184707642,-0.0038420371514893844,-0.001188736468771832,0.025179665265317897,-0.9996749042431645
83148000000,1544,83139950461,map,-0.03172870725393295,0.046649325639009476,1.0268218517303467,-0.003851964792265287,-0.00110842392025499,0.025152649135422422,-0.9996756207395892
83180000000,1545,83171950534,map,-0.03169754520058632,0.04606960713863373,1.0266921520233154,-0.0038924787796686387,-0.001058349512957,0.025118720922371274,-0.9996763372360138
83216000000,1546,83211950534,map,-0.03131103515625,0.045217543840408325,1.0264025926589966,-0.003904045620042974,-0.0010339430303105256,0.025042392979717942,-0.9996783181378938
83248000000,1547,83243950534,map,-0.030747584998607635,0.04446949064731598,1.0260814428329468,-0.0039543091942508815,-0.001068601733857275,0.02502941175037665,-0.9996783181378939
83280000000,1548,83275950608,map,-0.029984736815094948,0.04369835928082466,1.0256773233413696,-0.003941256183558156,-0.0010712454607845717,0.02497723395192014,-0.9996796668370461
83316000000,1549,83307950608,map,-0.029065439477562904,0.04287653788924217,1.0253123044967651,-0.003983479093959722,-0.0011278878617329271,0.024960670240455396,-0.9996798775712887
83348000000,1550,83339950608,map,-0.02796892076730728,0.04199308156967163,1.0250877141952515,-0.0040570442777658365,-0.001175540965511192,0.024909208938423577,-0.9996808469488044
83380000000,1551,83371950681,map,-0.026703713461756706,0.04106424003839493,1.02492356300354,-0.0040081300612547855,-0.001105023854960275,0.024834861897650384,-0.99968295429123
83416000000,1552,83411950681,map,-0.027268758043646812,0.04065800458192825,1.02516508102417,-0.004028100917367742,-0.0010848774967359412,0.02477084083476233,-0.9996845137246249
83448000000,1553,83443950681,map,-0.02859567292034626,0.04065098986029625,1.0254558324813843,-0.0040031191960935445,-0.0009296070250966642,0.02466914048930552,-0.999687253269778
83480000000,1554,83475950755,map,-0.029531488195061684,0.04052690044045448,1.0256671905517578,-0.003976807544185476,-0.0007525963528876081,0.02455926365523764,-0.9996902456960224
83516000000,1555,83515950755,map,-0.03019791655242443,0.04021912440657616,1.0257575511932373,-0.0039543794938771085,-0.0006999299144061983,0.024547167509714973,-0.9996906250176589
83548000000,1556,83547950755,map,-0.030381841585040092,0.03988952934741974,1.0257593393325806,-0.00394900247796943,-0.000631154818715023,0.024505863598174304,-0.9996917208357203
83580000000,1557,83579950829,map,-0.030281629413366318,0.03947029262781143,1.0257121324539185,-0.003942916044990526,-0.00044984088741855397,0.024446605129167964,-0.9996932381222667
83616000000,1558,83611950829,map,-0.029933705925941467,0.03895498067140579,1.0255953073501587,-0.003935120195105027,-0.0003986136979593402,0.024433244578190072,-0.9996936174439033
83648000000,1559,83643950829,map,-0.02936522290110588,0.038357824087142944,1.0254337787628174,-0.003951330432805149,-0.00032931621183720735,0.024388990387253562,-0.9996947132619646
83680000000,1560,83675950903,map,-0.02857379987835884,0.037701647728681564,1.0252445936203003,-0.004024182412909118,-0.0003946551869218561,0.02440509048338474,-0.9996940389123885
83716000000,1561,83707950903,map,-0.027573667466640472,0.03700874745845795,1.025008201599121,-0.00400360059212888,-0.0004054098772817219,0.024371246564030502,-0.9996949239962071
83748000000,1562,83739950903,map,-0.026371385902166367,0.036271896213293076,1.024735927581787,-0.003927063726230493,-0.000317363299745067,0.02433070129576298,-0.9996961884016624
83780000000,1563,83771950977,map,-0.024987999349832535,0.03547820448875427,1.024396300315857,-0.003917678149902724,-0.00026761816470106855,0.024234859362249284,-0.9996986329188761
83816000000,1564,83811950977,map,-0.027024943381547928,0.03462379425764084,1.0245290994644165,-0.003946059113291001,-0.0002052711219523125,0.02418495749361238,-0.9996997287369374
83848000000,1565,83843950977,map,-0.028962211683392525,0.03390033543109894,1.024593472480774,-0.003886902224775041,1.0793544486438369e-06,0.024133664778974606,-0.9997012038766352
83880000000,1566,83875951052,map,-0.030468562617897987,0.03314836695790291,1.024611234664917,-0.003892009566706701,0.0002779561610236283,0.024146477420921963,-0.9997008667018472
83916000000,1567,83907951052,map,-0.03156328201293945,0.03233605995774269,1.0245659351348877,-0.0038394585381503147,0.00033022203980805797,0.02412114716496694,-0.9997015831982718
83948000000,1568,83939951052,map,-0.032315611839294434,0.0314507819712162,1.0245920419692993,-0.00386003064539906,0.00031608720512484365,0.024094805384647533,-0.9997022154009995
83980000000,1569,83971951127,map,-0.032734669744968414,0.030511852353811264,1.0245203971862793,-0.0038199312117634843,0.000189714489676484,0.024069980890874587,-0.9997030161911212
84016000000,1570,84011951127,map,-0.03479214385151863,0.029702890664339066,1.0251835584640503,-0.00376677070026496,0.00016835114120139738,0.02403129008394167,-0.9997041120091825
84048000000,1571,84043951127,map,-0.03702013939619064,0.029207294806838036,1.026017665863037,-0.0036279514936157268,0.00020064978586766398,0.023973801782572746,-0.9997060507642139
84080000000,1572,84075951202,map,-0.03880241513252258,0.02860804833471775,1.0266786813735962,-0.003483327052492499,0.00011373195361769176,0.023926260137452526,-0.9997077366381544
84116000000,1573,84107951202,map,-0.040194299072027206,0.027939554303884506,1.0271884202957153,-0.0034472852408428587,6.338062835409519e-05,0.023921666130964803,-0.9997079473723969
84148000000,1574,84139951202,map,-0.041230618953704834,0.027185432612895966,1.0275614261627197,-0.003342892600801311,-0.00013614666839965216,0.023814950310535266,-0.9997108133580956
84180000000,1575,84171951277,map,-0.04193304851651192,0.026379721239209175,1.0278126001358032,-0.0032133362342471722,-0.00046076819875757444,0.023755733988377437,-0.9997125413788847
84216000000,1576,84211951277,map,-0.04233451932668686,0.0253322534263134,1.0280070304870605,-0.0031667393535416487,-0.0005355942483422853,0.023811915737442457,-0.9997113191202778
84248000000,1577,84243951277,map,-0.04229262098670006,0.02446776255965233,1.0281180143356323,-0.0030536347458859337,-0.0007778456901862371,0.02381410737356504,-0.9997114877076718
84280000000,1578,84275951353,map,-0.041952356696128845,0.023573869839310646,1.028122901916504,-0.0029902166628130076,-0.0009270530248585803,0.023743553549157748,-0.9997132578753093
84316000000,1579,84307951353,map,-0.041340671479701996,0.022663084790110588,1.0280343294143677,-0.0029737486872560745,-0.0009124702975918743,0.023740518976064995,-0.9997133421690063
84348000000,1580,84339951353,map,-0.04047643765807152,0.021730858832597733,1.0276894569396973,-0.0029433289523891457,-0.0008519796094930582,0.023692429421914074,-0.9997146487213102
84380000000,1581,84371951428,map,-0.039395950734615326,0.020758507773280144,1.027237892150879,-0.0028927278741208966,-0.0007502843677562079,0.02366726775335304,-0.9997154495114319
84416000000,1582,84411951428,map,-0.0398104190826416,0.020404616370797157,1.027672290802002,-0.002849425115362366,-0.0006360817194514958,0.02363978800812394,-0.9997162924484021
84448000000,1583,84443951428,map,-0.040780916810035706,0.020498894155025482,1.0283328294754028,-0.00277044661338257,-0.00038810011720745934,0.023634056036726414,-0.9997167982105843
84480000000,1584,84475951504,map,-0.041376881301403046,0.020494436845183372,1.028791069984436,-0.0026672881680670454,-0.00027869521259759185,0.023598315509189283,-0.9997179783223427
84516000000,1585,84507951504,map,-0.041659221053123474,0.020426440984010696,1.0291364192962646,-0.0025814900261167707,-0.0002481759551918947,0.02359355291530746,-0.9997182733502821
84548000000,1586,84539951504,map,-0.04166772961616516,0.020294344052672386,1.0293641090393066,-0.0025540740773868785,-0.00016141378639999691,0.023601729403918636,-0.9997181890565852
84580000000,1587,84571951580,map,-0.041416291147470474,0.020103834569454193,1.0294299125671387,-0.0025266509669854623,-0.0001695030178638027,0.02358571360148448,-0.9997186105250702
84616000000,1588,84611951580,map,-0.040765807032585144,0.019775869324803352,1.0293676853179932,-0.0025051268513323643,-0.0001839380665245933,0.02356139486989367,-0.9997192427277979
84648000000,1589,84643951580,map,-0.03998790681362152,0.01946071721613407,1.0292587280273438,-0.0024665036275294955,-0.00026186009847745817,0.023505128827131627,-0.9997207178674958
84680000000,1590,84675951657,map,-0.038985952734947205,0.019054358825087547,1.029072642326355,-0.0024201540302867196,-0.00032701031824250605,0.023530164055147074,-0.9997201278116167
84716000000,1591,84707951657,map,-0.037776704877614975,0.018562283366918564,1.028791904449463,-0.002402177576216188,-0.0003426314878802374,0.02351621344828997,-0.9997205071332533
84748000000,1592,84739951657,map,-0.036395035684108734,0.018032854422926903,1.0284976959228516,-0.002395949638486132,-0.00031003032433061633,0.023501841372947807,-0.9997208864548898
84780000000,1593,84771951733,map,-0.03489561751484871,0.01744512841105461,1.0281810760498047,-0.0022830112310006194,-0.00021727712919540916,0.023492358332032837,-0.9997214343639205
84816000000,1594,84811951733,map,-0.0360322929918766,0.017626093700528145,1.0291664600372314,-0.002266024404689459,-0.00016929738734118498,0.023470062649170564,-0.9997219822729511
84848000000,1595,84843951733,map,-0.03717917948961258,0.01785958744585514,1.0299465656280518,-0.002163522363612267,-1.4140761583726064e-05,0.023434490709027422,-0.9997230780910125
84880000000,1596,84875951810,map,-0.037979304790496826,0.017993975430727005,1.0305969715118408,-0.0021210331542752853,7.774834083894427e-05,0.023445153861700596,-0.9997228673567699
84916000000,1597,84907951810,map,-0.038501035422086716,0.018054747954010963,1.0310643911361694,-0.0021384710835744137,3.4120919637977944e-05,0.023452023798007926,-0.9997227409162243
84948000000,1598,84939951810,map,-0.03872594237327576,0.018045851960778236,1.0314640998840332,-0.0022030591532838347,3.1260366931428e-05,0.023415903948834083,-0.9997233731189519
84980000000,1599,84971951887,map,-0.03866342082619667,0.017962725833058357,1.0317624807357788,-0.0023040486822623178,-0.00011592671782655129,0.023415693214591526,-0.9997232466784064
85016000000,1600,85011951887,map,-0.0382484495639801,0.01776326261460781,1.031956434249878,-0.002377689022460406,-0.00020485006505752105,0.023434406415330344,-0.9997225723288302
85048000000,1601,85043951887,map,-0.03765123710036278,0.017510462552309036,1.0320121049880981,-0.00246806898782497,-0.000202912297842782,0.023471116320383345,-0.9997214343639205
85080000000,1602,85075951964,map,-0.036834824830293655,0.017185159027576447,1.0319042205810547,-0.0026137625759569084,-0.0002604592096728519,0.023431835457571215,-0.9997220244197995
85116000000,1603,85107951964,map,-0.0358443409204483,0.016783755272626877,1.0319117307662964,-0.0026648701572698596,-0.00028733383481718215,0.02341758982277453,-0.9997221930071936
85148000000,1604,85139951964,map,-0.0347081683576107,0.016333559527993202,1.0318301916122437,-0.0027524468633000686,-0.00011676339862394321,0.023363009653952937,-0.9997233309721034
85180000000,1605,85171952041,map,-0.03341943398118019,0.01584581285715103,1.031811237335205,-0.0028949527667411165,-3.6840955410017295e-05,0.02336654998922788,-0.9997228252099213
85216000000,1606,85211952041,map,-0.03426416590809822,0.015784822404384613,1.0324307680130005,-0.0029079433803417105,-2.86475092778233e-05,0.02337261913541333,-0.9997226566225272
85248000000,1607,85243952041,map,-0.0351119227707386,0.015731366351246834,1.032981276512146,-0.002922887236952981,6.983008399302345e-05,0.023471032026686267,-0.9997202542521622
85280000000,1608,85275952119,map,-0.035655684769153595,0.01556972973048687,1.0333551168441772,-0.0029899362051706703,0.0002374751831637399,0.023474235187173176,-0.9997200013710711
85316000000,1609,85307952119,map,-0.03589485585689545,0.015278786420822144,1.033546805381775,-0.00296837249452903,0.00021671621391085465,0.023496362282641403,-0.9997195377557375
85348000000,1610,85339952119,map,-0.035873446613550186,0.014878054149448872,1.0336806774139404,-0.0029503240944710016,0.00022524502383373889,0.02346230762904461,-0.9997203806927077
85380000000,1611,85371952196,map,-0.03561399504542351,0.014397592283785343,1.0337402820587158,-0.0028545874457604425,0.00014994120020848638,0.023453288203463263,-0.9997208864548899
85416000000,1612,85411952196,map,-0.034974779933691025,0.013685435988008976,1.0338962078094482,-0.002799964718500006,0.0001664569202422483,0.02343714596048363,-0.9997214343639205
85448000000,1613,85443952196,map,-0.03421004116535187,0.013025621883571148,1.033890962600708,-0.002600959565223026,0.0001288625075969756,0.023484814046149327,-0.9997208864548899
85480000000,1614,85475952274,map,-0.033269137144088745,0.012309208512306213,1.0338244438171387,-0.0024184101221115177,0.00012312353916409642,0.023514443280652497,-0.9997205914269502
85516000000,1615,85507952274,map,-0.0321815125644207,0.01152817253023386,1.033639669418335,-0.00228249114547544,0.00014039024689114932,0.02353989997715311,-0.9997203385458591
85548000000,1616,85539952274,map,-0.030954381451010704,0.010699543170630932,1.0333119630813599,-0.0020702576440304837,0.00013335197014402073,0.02353775048787904,-0.9997208021611927
85580000000,1617,85571952352,map,-0.029588444158434868,0.00985898356884718,1.0328774452209473,-0.0018918642753088548,0.00025126889179181907,0.023507489050648256,-0.999721897979254
85616000000,1618,85611952352,map,-0.030363159254193306,0.010090148076415062,1.0338422060012817,-0.0017992603228227692,0.00033926484371942244,0.023491262513971545,-0.9997223615945876
85648000000,1619,85643952352,map,-0.031170153990387917,0.010412058793008327,1.034901738166809,-0.001637047598457434,0.00038914008246277945,0.02346563723007694,-0.9997232045315578
85680000000,1620,85675952431,map,-0.031686920672655106,0.010569650679826736,1.0357301235198975,-0.0015243577092056216,0.000507159572417696,0.023492864094215027,-0.9997226987693758
85716000000,1621,85707952431,map,-0.031913284212350845,0.01058022677898407,1.0362937450408936,-0.0014737762637955167,0.0005122206104386384,0.02349320126900306,-0.9997227830630728
85748000000,1622,85739952431,map,-0.03190402686595917,0.0105204526335001,1.0366556644439697,-0.0013956004864119197,0.00047105956189716266,0.023561732044681816,-0.9997213500702234
85780000000,1623,85771952509,map,-0.0316820852458477,0.01037871465086937,1.036861777305603,-0.001311174463103059,0.00042089752702057924,0.023549172283825526,-0.9997217715387086
85816000000,1624,85811952509,map,-0.031142009422183037,0.010111662559211254,1.0370737314224243,-0.001257942952274768,0.00039650458569555005,0.02352944755872244,-0.9997222773008907
85848000000,1625,85843952509,map,-0.030515719205141068,0.009833890944719315,1.0370633602142334,-0.0012008356189037767,0.00029176406951766053,0.02356168989783325,-0.999721645098163
85880000000,1626,85875952588,map,-0.029726989567279816,0.009497460909187794,1.037000060081482,-0.001130598513245848,0.00015539765304744069,0.023558486737346396,-0.999721813685557
85916000000,1627,85907952588,map,-0.02877369336783886,0.009133685380220413,1.036821722984314,-0.0011273429984706355,6.014898581729657e-05,0.023545126186368504,-0.9997221930071936
85948000000,1628,85939952588,map,-0.027674857527017593,0.008745034225285053,1.0365941524505615,-0.001125354441010718,1.8932249105864633e-05,0.023563755093410355,-0.9997216872450115
85980000000,1629,85971952667,map,-0.026427941396832466,0.008328189142048359,1.0362706184387207,-0.0011647162636383213,1.9408335626104292e-05,0.023610369507863327,-0.9997205914269502
86016000000,1630,86011952667,map,-0.026293635368347168,0.00867735780775547,1.0366930961608887,-0.0011985906818350951,7.35698759357938e-05,0.02360358386525313,-0.9997207178674958
86048000000,1631,86043952667,map,-0.02674870193004608,0.009309922344982624,1.0373725891113281,-0.0011979209420704766,0.00016282266005688225,0.023549467311765104,-0.9997219822729511
86080000000,1632,86075952746,map,-0.02694459818303585,0.0098391342908144,1.0379078388214111,-0.0011708701974292928,0.0003262787164532888,0.023569866386444316,-0.9997214765107689
86116000000,1633,86107952746,map,-0.02689928375184536,0.010269872844219208,1.0382643938064575,-0.001206203497506407,0.00042749149201997837,0.02354799217206721,-0.9997219401261026
86148000000,1634,86139952746,map,-0.02664285898208618,0.010642539709806442,1.0384465456008911,-0.0012884347566062887,0.0004894073939111645,0.02360670273204285,-0.9997203806927076
86180000000,1635,86171952825,map,-0.026176108047366142,0.010924005880951881,1.0384337902069092,-0.001388279241321517,0.0004978333885727399,0.02363818642788057,-0.999719495608889
86216000000,1636,86211952825,map,-0.02532780170440674,0.011149436235427856,1.0382156372070312,-0.0014918603075750395,0.0005129052497727499,0.023687582534335283,-0.9997182312034336
86248000000,1637,86243952825,map,-0.024490689858794212,0.011275575496256351,1.0379973649978638,-0.001647039817754151,0.0005632774015064116,0.023687624681183794,-0.999717936175494
86280000000,1638,86275952905,map,-0.023530898615717888,0.011347269639372826,1.0376520156860352,-0.0018011121499792167,0.0006098141900255819,0.0236164808008974,-0.9997192848746465
86316000000,1639,86307952905,map,-0.022427542135119438,0.011358839459717274,1.0372213125228882,-0.001892986640945616,0.0005833129184582462,0.02362874553381411,-0.9997188212593128
86348000000,1640,86339952905,map,-0.02118862420320511,0.011338374577462673,1.036741852760315,-0.0020745901260304385,0.0006005220446998822,0.02364771161564394,-0.9997180626160396
86380000000,1641,86371952984,map,-0.019816692918539047,0.01127843651920557,1.0361695289611816,-0.002287152323502942,0.0006924484372053172,0.023652389915828687,-0.9997174304133118
86416000000,1642,86411952984,map,-0.020783182233572006,0.012198113836348057,1.0364636182785034,-0.0023285826755891506,0.0007416196507106088,0.02367919531148166,-0.9997166717700388
86448000000,1643,86443952984,map,-0.021774733439087868,0.013009287416934967,1.036746859550476,-0.002388392099394459,0.0009278905288367273,0.023678310227662924,-0.9997163767420991
86480000000,1644,86475953064,map,-0.022473139688372612,0.013728990219533443,1.037058711051941,-0.002514295437244754,0.0011325916805174409,0.023661156460318966,-0.9997162503015535
86516000000,1645,86507953064,map,-0.022891908884048462,0.014367223717272282,1.0372326374053955,-0.0025902267714680506,0.0012206003917448864,0.023649861104918013,-0.9997162503015536
86548000000,1646,86539953064,map,-0.023072799667716026,0.014915470965206623,1.037329077720642,-0.0027450942138684416,0.0012713384472707958,0.02368813044336593,-0.9997149016024012
86580000000,1647,86571953144,map,-0.023024288937449455,0.01534795667976141,1.037402868270874,-0.0029891420828121068,0.0012308931131324024,0.023637427784607368,-0.9997153652177349
86616000000,1648,86611953144,map,-0.022694433107972145,0.01577095128595829,1.0375947952270508,-0.0030682413453910536,0.0012135514959675663,0.02363148507896723,-0.9997153230708864
86648000000,1649,86643953144,map,-0.022206269204616547,0.016023041680455208,1.0377023220062256,-0.0032111511835696853,0.0011602863582103366,0.023647627321946973,-0.9997145222807646
86680000000,1650,86675953224,map,-0.02157096564769745,0.016199231147766113,1.037706732749939,-0.0034418349618586665,0.001121043114753202,0.023639155805396272,-0.9997140586654312
86716000000,1651,86707953224,map,-0.020782260224223137,0.016307950019836426,1.0378248691558838,-0.0035344537315961815,0.0011344928161939234,0.023641600322609868,-0.999713637196946
86748000000,1652,86739953224,map,-0.019873952493071556,0.016325341537594795,1.0378679037094116,-0.0037006571122027965,0.0010767000203081854,0.023682103444028824,-0.9997121620572481
86780000000,1653,86771953305,map,-0.018824666738510132,0.016270074993371964,1.0378135442733765,-0.003894653211315934,0.001153713096203907,0.023731457403635137,-0.999710096861671
86816000000,1654,86811953305,map,-0.0192648284137249,0.016632383689284325,1.039721131324768,-0.003921128593852299,0.0011718580553504187,0.023779926279422603,-0.9997088324562158
86848000000,1655,86843953305,map,-0.01972353458404541,0.016939084976911545,1.0413968563079834,-0.0039966547585670595,0.0012793664340953596,0.023803739248831335,-0.9997078630787
86880000000,1656,86875953385,map,-0.019933149218559265,0.017151830717921257,1.0429548025131226,-0.004074606754295037,0.0014582379061297843,0.023826414253330153,-0.9997067672606388
86916000000,1657,86907953385,map,-0.019931912422180176,0.01725584827363491,1.044274091720581,-0.00407707695474448,0.001491470037636116,0.023815540366414367,-0.9997069358480328
86948000000,1658,86939953385,map,-0.019708363339304924,0.01728706620633602,1.045383334159851,-0.00414324553127306,0.001439077553670027,0.02387210143711599,-0.9997054185614863
86980000000,1659,86971953466,map,-0.019290659576654434,0.017244139686226845,1.0462040901184082,-0.0040410374480006174,0.0014446307302335912,0.023879139960817364,-0.9997056292957289
87016000000,1660,87011953466,map,-0.018568502739071846,0.01708940416574478,1.0467699766159058,-0.004047465583261101,0.0014865407496758019,0.023906156090712838,-0.9997049127993042
87048000000,1661,87043953466,map,-0.017835164442658424,0.016906308010220528,1.0470054149627686,-0.004026460400680294,0.0015669137196512516,0.02392141324987379,-0.9997045756245161
87080000000,1662,87075953547,map,-0.016957243904471397,0.01664610765874386,1.0470329523086548,-0.0038926495896503964,0.0014678190701764248,0.023911213712534074,-0.9997054185614864
87116000000,1663,87107953547,map,-0.015965111553668976,0.01632630079984665,1.0469366312026978,-0.0038506817829276102,0.00144611451332814,0.023896167287615733,-0.999705966470517
87148000000,1664,87139953547,map,-0.014841319061815739,0.015946652740240097,1.0467361211776733,-0.003737301574395305,0.0014357018545221078,0.023915175516294074,-0.9997060086173655
87180000000,1665,87171953628,map,-0.013597953133285046,0.015524839051067829,1.046499252319336,-0.0035391033027767304,0.0015249264858654798,0.023995928878040973,-0.9997046599182131
87216000000,1666,87211953628,map,-0.013947359286248684,0.015544219873845577,1.0475389957427979,-0.003483946825192574,0.0015494929125093304,0.024065766206023576,-0.9997031004848183
87248000000,1667,87243953628,map,-0.015025929547846317,0.015789641067385674,1.0490520000457764,-0.003384952521437151,0.001719763463997247,0.02406163581486953,-0.9997032690722123
87280000000,1668,87275953709,map,-0.015843590721488,0.015947215259075165,1.0503525733947754,-0.0033084478419015922,0.0018459000089214317,0.024024673028725407,-0.9997042384497281
87316000000,1669,87307953709,map,-0.01640969142317772,0.016049150377511978,1.0515836477279663,-0.0032656034301206172,0.0018702235149599003,0.024024293707088806,-0.9997042805965766
87348000000,1670,87339953709,map,-0.01675937883555889,0.01609024405479431,1.0525795221328735,-0.0032291734064835214,0.0018359390293298118,0.024047516620618326,-0.9997039012749398
87380000000,1671,87371953790,map,-0.01693597063422203,0.016073640435934067,1.0534497499465942,-0.0032322121777975444,0.001827258507215901,0.024114403669205087,-0.999702341841545
87416000000,1672,87411953790,map,-0.016883062198758125,0.01600557565689087,1.0543732643127441,-0.003253976744514119,0.0017685304958107646,0.024141967708131207,-0.9997017517856659
87448000000,1673,87443953790,map,-0.01662462390959263,0.015910524874925613,1.0549061298370361,-0.003269881170608346,0.0015569566913266797,0.024164052656750923,-0.9997014989045747
87480000000,1674,87475953872,map,-0.016224978491663933,0.015797283500432968,1.0553297996520996,-0.003294569757258428,0.001397399506530753,0.024175558746394432,-0.9997013724640292
87516000000,1675,87507953872,map,-0.015707852318882942,0.015635207295417786,1.055602788925171,-0.0033207954691082046,0.0013762419532144113,0.024175221571606398,-0.9997012881703322
87548000000,1676,87539953872,map,-0.01509141270071268,0.015431759878993034,1.0557348728179932,-0.0033530601987323103,0.0013582495294395614,0.024151324308500643,-0.9997018360793628
87580000000,1677,87571953954,map,-0.014346561394631863,0.015172724612057209,1.055656909942627,-0.003408348467536126,0.0012529520492440456,0.024177539648274404,-0.9997010774360897
87616000000,1678,87611953954,map,-0.014959465712308884,0.015111264772713184,1.0563973188400269,-0.003429176337008159,0.0011545864908576193,0.024242951557163384,-0.9996995601495433
87648000000,1679,87643953954,map,-0.016068167984485626,0.015194447711110115,1.0573780536651611,-0.0034110949274066683,0.0011865463966925919,0.02422272106987816,-0.9997000659117254
87680000000,1680,87675954036,map,-0.01690279133617878,0.015223377384245396,1.0581423044204712,-0.003327143755847095,0.001260236786273287,0.024220107965270465,-0.9997003187928165
87716000000,1681,87707954036,map,-0.01749839261174202,0.015193003229796886,1.0586698055267334,-0.0033296840089685744,0.001290813090096988,0.024206916001686563,-0.999700613820756
87748000000,1682,87739954036,map,-0.017857052385807037,0.015122596174478531,1.058948278427124,-0.0032987316762308158,0.001335985703667872,0.024178635466335696,-0.9997013303171807
87780000000,1683,87771954118,map,-0.01801031269133091,0.014973682351410389,1.059138298034668,-0.0032328182033810153,0.0013078652769505656,0.024180827102458224,-0.9997015831982718
87816000000,1684,87811954118,map,-0.017916575074195862,0.014677325263619423,1.0591120719909668,-0.003279917882818384,0.0013077823826606232,0.02417930981591193,-0.9997014146108778
87848000000,1685,87843954118,map,-0.017638137564063072,0.014376671053469181,1.0589163303375244,-0.003251842072491493,0.001245462422554758,0.02420872831617249,-0.9997009088486957
87880000000,1686,87875954200,map,-0.01723046414554119,0.014047311618924141,1.0585508346557617,-0.003188813106904721,0.001320194053320637,0.02427308655384869,-0.9996994337089977
87916000000,1687,87907954200,map,-0.01667148247361183,0.013675895519554615,1.0580953359603882,-0.003136272862014653,0.0013141781669221513,0.024269082603240122,-0.9996997287369374
87948000000,1688,87939954200,map,-0.015981562435626984,0.013291177339851856,1.057700276374817,-0.00307108979734227,0.001266283541945584,0.024268281813118353,-0.9996999394711799
87980000000,1689,87971954282,map,-0.015191575512290001,0.012901640497148037,1.057225227355957,-0.0030306265178660333,0.0012543144955129983,0.024210709218052462,-0.9997015410514234
88016000000,1690,88011954282,map,-0.015247548930346966,0.012795807793736458,1.0578941106796265,-0.0030190080640658847,0.0013001703490109144,0.024176401683364712,-0.9997022996946965
88048000000,1691,88043954282,map,-0.015692435204982758,0.012850319035351276,1.058900237083435,-0.0030155893948888195,0.001346044394800864,0.024137500142189017,-0.9997031847785153
88080000000,1692,88075954365,map,-0.015933843329548836,0.012864666059613228,1.0597230195999146,-0.0029682553559246725,0.0014082101731737974,0.024221709545513892,-0.9997012460234838
88116000000,1693,88107954365,map,-0.015999721363186836,0.01286990474909544,1.0603269338607788,-0.0029932660531572213,0.0014306304855841961,0.02423839969752417,-0.9997007402613016
88148000000,1694,88147954365,map,-0.015866553410887718,0.012827054597437382,1.060793161392212,-0.0030677658762562903,0.0014211267005172434,0.024266090176995825,-0.9996998551774828
88180000000,1695,88171954448,map,-0.015678107738494873,0.012785946018993855,1.0609397888183594,-0.003132968121037469,0.0013557331485564957,0.024258756625354927,-0.99969993947118
88216000000,1696,88211954448,map,-0.015181183815002441,0.012666069902479649,1.0609571933746338,-0.003191497745909576,0.0013696602124474413,0.02424649189243827,-0.9996999816180283
88248000000,1697,88243954448,map,-0.014625334180891514,0.01253251638263464,1.060936689376831,-0.0032542339884625497,0.0013171034216266106,0.0242686189879065,-0.9996993494153007
88280000000,1698,88275954531,map,-0.013941247947514057,0.012393034063279629,1.0607707500457764,-0.003223927029342614,0.0012639619256007545,0.024261833345296246,-0.9996996444432403
88316000000,1699,88307954531,map,-0.013154380023479462,0.01224236749112606,1.0606664419174194,-0.0032265956163250865,0.0012678178683311206,0.024246576186135294,-0.9997000659117254
88348000000,1700,88339954531,map,-0.0122818099334836,0.012065700255334377,1.0603702068328857,-0.0032876836042926433,0.001315005463460305,0.024229970327822037,-0.9997001502054225
88380000000,1701,88371954614,map,-0.011333226226270199,0.011883575469255447,1.060179591178894,-0.0032965955224830462,0.0013485808612914223,0.02426212837323577,-0.9996992651216037
88416000000,1702,88411954614,map,-0.011954951100051403,0.012240458279848099,1.0610731840133667,-0.003302367747413578,0.0013869077400656994,0.024301619970290456,-0.9996982957440881
88448000000,1703,88443954614,map,-0.012603149749338627,0.012593142688274384,1.0618444681167603,-0.003343751836748101,0.0015088631035906383,0.024295550824104895,-0.9996981271566939
88480000000,1704,88475954697,map,-0.013026803731918335,0.012884513475000858,1.0623446702957153,-0.00340364835306459,0.0014770521934505962,0.024282527447915037,-0.9996982535972395
88516000000,1705,88507954697,map,-0.013262830674648285,0.013151789084076881,1.0626040697097778,-0.003444302034221697,0.0014536342684286674,0.024285646314704923,-0.9996980850098454
88548000000,1706,88539954697,map,-0.01333239022642374,0.013382949866354465,1.0627632141113281,-0.0035345422235144417,0.0014944062406430207,0.024247840591590575,-0.999698632918876
88580000000,1707,88571954780,map,-0.013210877776145935,0.013574895448982716,1.0627695322036743,-0.0036432162260385125,0.001471229095956823,0.024251296633168495,-0.999698211450391
88616000000,1708,88611954780,map,-0.012847092933952808,0.013820922002196312,1.0628812313079834,-0.0037136392470428505,0.001452916701869157,0.024246618332983805,-0.9996980850098454
88648000000,1709,88643954780,map,-0.01240400318056345,0.013990013860166073,1.062880516052246,-0.0037739740247294024,0.0014536885983505762,0.024266258764389925,-0.9996974106602692
88680000000,1710,88675954864,map,-0.011827303096652031,0.014119953848421574,1.0628594160079956,-0.00387875191330812,0.0014768016995833724,0.024300355564835174,-0.9996961041079654
88716000000,1711,88707954864,map,-0.011123948730528355,0.014241480268537998,1.0626674890518188,-0.003943282689645345,0.0015002669574918127,0.024312198829266718,-0.9996955561989348
88748000000,1712,88739954864,map,-0.010325591079890728,0.014354422688484192,1.0623823404312134,-0.003991782352388622,0.0014938410448190446,0.024346801391894157,-0.999694502527722
88780000000,1713,88771954948,map,-0.009445251896977425,0.014478028751909733,1.0619902610778809,-0.004053638120934423,0.0015550471592077207,0.024338793490677135,-0.9996943339403279
88816000000,1714,88811954948,map,-0.009856386110186577,0.014425753615796566,1.0623798370361328,-0.0040874197255146025,0.0016000729173533245,0.02433896207807118,-0.9996941653529339
88848000000,1715,88843954948,map,-0.010824967175722122,0.0142698734998703,1.0631544589996338,-0.004176181729341117,0.0017153991249067185,0.02432863610018593,-0.9996938703249943
88880000000,1716,88875955032,map,-0.011536940932273865,0.014091414399445057,1.063699722290039,-0.004277525143674578,0.0018120807026681697,0.02427797558827588,-0.9996944603808735
88916000000,1717,88907955032,map,-0.012022174894809723,0.013908740133047104,1.0641230344772339,-0.004305202040665758,0.0017964788777753604,0.024280251518095486,-0.9996943760871764
88948000000,1718,88939955032,map,-0.01230162288993597,0.013718580827116966,1.0643043518066406,-0.004339894823890795,0.0018288825602906502,0.024289987440101524,-0.9996939124718428
88980000000,1719,88971955116,map,-0.012409880757331848,0.013528848066926003,1.064530372619629,-0.004349106215196204,0.001860644491182911,0.024222847510423695,-0.9996953876115408
89016000000,1720,89011955116,map,-0.012310730293393135,0.01325896568596363,1.0645320415496826,-0.004395983635862129,0.001796899770034025,0.0242371774389174,-0.9996949661430556
89048000000,1721,89043955116,map,-0.012082135304808617,0.013036254793405533,1.0643349885940552,-0.004428514335149395,0.001852790524744582,0.024190815905555385,-0.9996958933737228
89080000000,1722,89075955200,map,-0.011747159995138645,0.012814370915293694,1.0640209913253784,-0.004336419849158298,0.0018510338572695379,0.024229000950306223,-0.9996953876115406
89116000000,1723,89107955200,map,-0.011309703812003136,0.012556123547255993,1.0635762214660645,-0.004325780321769266,0.0018532295269772158,0.02420919193150617,-0.9996958090800259
89148000000,1724,89139955200,map,-0.01075670588761568,0.01227517705410719,1.063163161277771,-0.004190874186586466,0.0017460612864706481,0.02424438455001271,-0.9996957669331773
89180000000,1725,89171955284,map,-0.010125215165317059,0.011993312276899815,1.0626355409622192,-0.004071439072893577,0.0016781246825742619,0.024315865605087195,-0.999694671115116
89216000000,1726,89211955284,map,-0.010758987627923489,0.010702748782932758,1.0636929273605347,-0.004015335608306941,0.0016871283854054651,0.024329268302913654,-0.999694502527722
89248000000,1727,89243955284,map,-0.011358385905623436,0.009567391127347946,1.06466805934906,-0.003916927985390068,0.0016671441937662213,0.024331754966975816,-0.9996948818493585
89280000000,1728,89275955369,map,-0.011744680814445019,0.008473350666463375,1.0655709505081177,-0.0037843200059040007,0.0017202931807358557,0.024314053290601156,-0.9996957247863288
89316000000,1729,89307955369,map,-0.011953762732446194,0.0074419379234313965,1.066244125366211,-0.0037418370527398455,0.0017278966533069606,0.02429049320228366,-0.9996964412827535
89348000000,1730,89339955369,map,-0.011980165727436543,0.006473910994827747,1.0666940212249756,-0.0036331293821278044,0.0017971818740376317,0.024263603512933718,-0.9996973685134207
89380000000,1731,89371955453,map,-0.011842982843518257,0.005582734476774931,1.0670045614242554,-0.003453551456472441,0.0017696373444925563,0.024257702954142202,-0.999698211450391
89416000000,1732,89411955453,map,-0.011489509604871273,0.004518863745033741,1.0671545267105103,-0.003353290936264295,0.0017932343936206564,0.024259178093839984,-0.9996985064783306
89448000000,1733,89443955453,map,-0.011043079197406769,0.0037457982543855906,1.067238688468933,-0.00312674623368508,0.0017707057094796628,0.024280799427126132,-0.9996987172125731
89480000000,1734,89475955538,map,-0.010457881726324558,0.003049967810511589,1.0671826601028442,-0.0029193882253459418,0.0017048912241012192,0.02427852349730658,-0.9996995601495433
89516000000,1735,89507955538,map,-0.009782222099602222,0.00240414054132998,1.067253828048706,-0.0028047118777448318,0.0017395251087518242,0.02431375826266169,-0.9996989700936642
89548000000,1736,89539955538,map,-0.008991643786430359,0.0017935250652953982,1.0671354532241821,-0.00257917026192837,0.0018236689868980462,0.024256396401838298,-0.9997007824081502
89580000000,1737,89571955623,map,-0.008107628673315048,0.0012220293283462524,1.0669035911560059,-0.0023507218512331886,0.0018438945145199494,0.024234100718976137,-0.9997019203730599
89616000000,1738,89611955623,map,-0.00893297977745533,0.00040152555448003113,1.068447232246399,-0.0022934906085971167,0.0018586282336946261,0.024234353600067204,-0.999702004666757
89648000000,1739,89643955623,map,-0.009754395112395287,-0.00021461908181663603,1.06978178024292,-0.002218926783203678,0.0020034702826187112,0.02413644647097629,-0.9997042384497281
89680000000,1740,89675955708,map,-0.010359051637351513,-0.0007608785526826978,1.0706950426101685,-0.002059347800198671,0.0020651638685016743,0.024132358226670758,-0.9997045334776675
89716000000,1741,89707955708,map,-0.010754593648016453,-0.0012639790074899793,1.0712231397628784,-0.0020742597206168546,0.002044526232858835,0.02412881789139587,-0.9997046177713647
89748000000,1742,89739955708,map,-0.010986421257257462,-0.0017350686248391867,1.0715998411178589,-0.0021424572894953855,0.0020022404147359003,0.02413471845018733,-0.9997044491839706
89780000000,1743,89771955793,map,-0.011062964797019958,-0.002147519960999489,1.071753740310669,-0.002076687497680542,0.001980113612525782,0.024104414866108037,-0.9997053342677893
89816000000,1744,89811955793,map,-0.010989228263497353,-0.0025569340214133263,1.0720475912094116,-0.0020423907157897186,0.001995106808526362,0.02410947248792933,-0.9997052499740924
89848000000,1745,89843955793,map,-0.010777296498417854,-0.0028173094615340233,1.072104811668396,-0.0020398164550182564,0.0019395875655261287,0.024089747762826297,-0.9997058400299714
89880000000,1746,89875955878,map,-0.010430995374917984,-0.00303416745737195,1.0720500946044922,-0.002114107519508295,0.0017911898290082868,0.024054133675834533,-0.9997068094074872
89916000000,1747,89907955878,map,-0.009972259402275085,-0.0031998923514038324,1.071820616722107,-0.0021595412151073205,0.0017654871146851857,0.02401548501575007,-0.9997076944913059
89948000000,1748,89939955878,map,-0.00941622443497181,-0.003341151401400566,1.0714621543884277,-0.0022958587963863705,0.0017504227238494378,0.024000860059316786,-0.9997078209318514
89980000000,1749,89971955964,map,-0.008771256543695927,-0.0034501831978559494,1.0709013938903809,-0.002416223918981142,0.0017058086589189028,0.02393283504582011,-0.9997092539247008
90016000000,1750,90011955964,map,-0.010012686252593994,-0.003975955303758383,1.0711694955825806,-0.0024892557640538537,0.0017538782097804026,0.023919938110175787,-0.9997092539247008
90048000000,1751,90043955964,map,-0.011179668828845024,-0.004399119410663843,1.0716344118118286,-0.0025627276403349937,0.001807345726496742,0.0239084741673809,-0.9997092539247008
90080000000,1752,90075956050,map,-0.012139474973082542,-0.004779523704200983,1.071916937828064,-0.002648871024243578,0.001846180590040864,0.023894186385735705,-0.9997092960715492
90116000000,1753,90107956050,map,-0.012886829674243927,-0.0051370407454669476,1.0721731185913086,-0.002747490122265578,0.001797831157763471,0.02389747383991958,-0.9997090431904583
90148000000,1754,90139956050,map,-0.013405978679656982,-0.005464125890284777,1.0721735954284668,-0.002857877575281356,0.001718638958090835,0.023895071469554385,-0.9997090010436098
90180000000,1755,90171956135,map,-0.013732791878283024,-0.005715061444789171,1.072020411491394,-0.002758752468123035,0.0016439876697549297,0.023870499856872618,-0.9997098861274285
90216000000,1756,90211956135,map,-0.01391782145947218,-0.005990953184664249,1.071602702140808,-0.0027213164354319315,0.0016543973651106758,0.023841249944005993,-0.9997107290643986
90248000000,1757,90243956135,map,-0.013941423036158085,-0.006172051653265953,1.0711208581924438,-0.002742374548527568,0.0016364390210141142,0.023775205832389457,-0.9997122884977936
90280000000,1758,90275956221,map,-0.01384088583290577,-0.006323727313429117,1.070528507232666,-0.00277282684018861,0.0015019166114843094,0.023727790627814715,-0.9997135107564004
90316000000,1759,90307956221,map,-0.013628030195832253,-0.0064745573326945305,1.0698450803756714,-0.002799057244168006,0.0014794194963206673,0.023719066230172947,-0.999713637196946
90348000000,1760,90339956221,map,-0.01327520702034235,-0.0066062710247933865,1.0692449808120728,-0.0027853098394506445,0.001431453048833698,0.02368977417045781,-0.9997145222807646
90380000000,1761,90371956307,map,-0.012813381850719452,-0.006692999042570591,1.0685392618179321,-0.0027339069832439263,0.0014372612467579784,0.023623645765144252,-0.9997161660078565
90416000000,1762,90411956307,map,-0.013375338166952133,-0.007108427118510008,1.0685341358184814,-0.0027109984835579537,0.0014588101813072208,0.023574165364992516,-0.9997174304133118
90448000000,1763,90443956307,map,-0.014281726442277431,-0.007581119891256094,1.0688910484313965,-0.0027046638616176045,0.001551038104879248,0.02346129610468034,-0.9997198749305256
90480000000,1764,90475956393,map,-0.01497095637023449,-0.007995937950909138,1.06917142868042,-0.0026851706560680937,0.0016026076963235815,0.02337135472995805,-0.9997219822729511
90516000000,1765,90507956393,map,-0.015447176992893219,-0.008336614817380905,1.0693401098251343,-0.0027061581814242807,0.0016229148628849586,0.023333591153692268,-0.9997228252099213
90548000000,1766,90539956393,map,-0.01571674831211567,-0.008596493862569332,1.0696340799331665,-0.002724594958105892,0.001693223214826845,0.0233496912498235,-0.9997222351540422
90580000000,1767,90571956480,map,-0.015848377719521523,-0.008801515214145184,1.0698741674423218,-0.0027083938577108185,0.0017563903924422298,0.023276397880262978,-0.9997238788811341
90616000000,1768,90611956480,map,-0.015811773017048836,-0.00895721185952425,1.0700316429138184,-0.002774926568193281,0.0017993038279194476,0.023299536500095475,-0.9997230780910124
90648000000,1769,90643956480,map,-0.0156398918479681,-0.009020778350532055,1.0701267719268799,-0.0027716062279430635,0.001767121704472062,0.023232733745205736,-0.9997247218181042
90680000000,1770,90675956566,map,-0.015380971133708954,-0.009028342552483082,1.0701112747192383,-0.0028328013117112313,0.0017180461445565549,0.023211828908344334,-0.9997251432865895
90716000000,1771,90707956566,map,-0.014994422905147076,-0.009009945206344128,1.0702177286148071,-0.002844967015997513,0.001689182714998117,0.02323665340211728,-0.9997245110838617
90748000000,1772,90739956566,map,-0.01452114712446928,-0.008954603224992752,1.0703327655792236,-0.0029136381851335223,0.0016344875066827708,0.023231258605507787,-0.9997245953775589
90780000000,1773,90771956653,map,-0.01397126354277134,-0.00882821436971426,1.070314884185791,-0.0030268082768087497,0.0016732390231876013,0.02316896556340875,-0.999725606901923
90816000000,1774,90811956653,map,-0.014737561345100403,-0.009250005707144737,1.0712000131607056,-0.0030613515704304753,0.0016758452130779431,0.023114806863072213,-0.9997267448668329
90848000000,1775,90843956653,map,-0.015942348167300224,-0.00984796229749918,1.0721396207809448,-0.003166360937403749,0.0016321716937614179,0.02307236498662174,-0.9997274613632576
90880000000,1776,90875956739,map,-0.016931923106312752,-0.010385400615632534,1.0727075338363647,-0.0032469356689528313,0.001673400037319803,0.023036877340175566,-0.9997279671254395
90916000000,1777,90915956739,map,-0.01785726472735405,-0.010929043404757977,1.0731629133224487,-0.0032633116129147737,0.001645560809107405,0.023031398249869217,-0.9997281357128337
90948000000,1778,90939956739,map,-0.01826370134949684,-0.01118962001055479,1.0732773542404175,-0.003250357383898246,0.001537301689623364,0.023003370595609418,-0.9997289365029555
90980000000,1779,90971956826,map,-0.018683364614844322,-0.011500957421958447,1.073228120803833,-0.0031621266608535467,0.0015172502441262428,0.023008596804824866,-0.9997291893840465
91016000000,1780,91011956826,map,-0.018998457118868828,-0.011803370900452137,1.0729414224624634,-0.003131865388258852,0.0015015951594463503,0.02296459549497948,-0.9997302852021077
91048000000,1781,91043956826,map,-0.01910432055592537,-0.011993047781288624,1.0725752115249634,-0.003104344072407683,0.0013694938476411127,0.022925103897924737,-0.9997315074607145
91080000000,1782,91075956913,map,-0.019088754430413246,-0.012088904157280922,1.0720596313476562,-0.002958435634130015,0.0012745705837159753,0.02286824779928348,-0.9997333197752005
91116000000,1783,91107956913,map,-0.018997307866811752,-0.012096082791686058,1.0715217590332031,-0.002920819818788233,0.0012284504892342313,0.022833097327625396,-0.9997343312995648
91148000000,1784,91139956913,map,-0.018843526020646095,-0.012045398354530334,1.0709160566329956,-0.0029826389557957773,0.0011378480181440322,0.022792720646751974,-0.999735174236535
91180000000,1785,91171957000,map,-0.01858540065586567,-0.011917534284293652,1.0702645778656006,-0.0030240062522453467,0.0010031208424312766,0.0227785171588038,-0.9997354692644745
91216000000,1786,91211957000,map,-0.019162194803357124,-0.01217257883399725,1.0704065561294556,-0.0030531684140562188,0.000982395623584425,0.0227412171978717,-0.9997362700545962
91248000000,1787,91243957000,map,-0.020014256238937378,-0.012540747411549091,1.0708204507827759,-0.003103459070907017,0.0009276561693099488,0.0227209024168894,-0.9997366072293843
91280000000,1788,91275957087,map,-0.02068929374217987,-0.012831312604248524,1.071352481842041,-0.003241580220377789,0.0008869169596848679,0.022729247492894622,-0.9997360171735052
91316000000,1789,91307957087,map,-0.021226849406957626,-0.01304357498884201,1.0716859102249146,-0.003294631084215734,0.0008575312220135363,0.02276625242588709,-0.999735089942838
91348000000,1790,91339957087,map,-0.021627439185976982,-0.01319091860204935,1.0719040632247925,-0.003375587771579446,0.0007776002177210067,0.02281151814118787,-0.9997338255373827
91380000000,1791,91371957175,map,-0.021915962919592857,-0.013243161141872406,1.0719072818756104,-0.0033759605900890283,0.0007025919159437116,0.022745769057510856,-0.9997353428239291
91416000000,1792,91411957175,map,-0.02208005078136921,-0.013166970573365688,1.071703314781189,-0.0033890221618603574,0.0006121345715994591,0.022693254084266257,-0.9997366072293843
91448000000,1793,91443957175,map,-0.022074250504374504,-0.01302283350378275,1.0715172290802002,-0.0035149031091973814,0.0005273300086756034,0.022689545161597324,-0.9997362700545962
91480000000,1794,91475957262,map,-0.021966565400362015,-0.012804488651454449,1.0712075233459473,-0.0036162509687062707,0.00040173882092209214,0.02260740095384961,-0.9997378294879912
91516000000,1795,91507957262,map,-0.021765874698758125,-0.012547660619020462,1.0709158182144165,-0.0036959834218296436,0.00039832607864559845,0.022598802996753375,-0.9997377451942941
91548000000,1796,91539957262,map,-0.02146892622113228,-0.012274316512048244,1.0705008506774902,-0.0038065151784107327,0.00038086180756615097,0.022524118781192093,-0.9997390095997495
91580000000,1797,91571957350,map,-0.021060727536678314,-0.01196438167244196,1.070107102394104,-0.003919671893400641,0.000358483148095882,0.02254127254853594,-0.9997382088096278
91616000000,1798,91611957350,map,-0.021837446838617325,-0.012293173000216484,1.0705000162124634,-0.003981802275006271,0.0003657027715368969,0.02252529889295035,-0.9997383352501733
91648000000,1799,91643957350,map,-0.022512542083859444,-0.01262213196605444,1.0709446668624878,-0.004132756152031848,0.0005115308673845901,0.022528670640831194,-0.9997375766069001
