%time,field.header.seq,field.header.stamp,field.header.frame_id,field.pose.position.x,field.pose.position.y,field.pose.position.z,field.pose.orientation.x,field.pose.orientation.y,field.pose.orientation.z,field.pose.orientation.w
37440000000,0,37440000000,map,-0.00014997649122960865,0.00028267738525755703,-0.005259464029222727,0.008591311641274323,-0.009725881260221314,0.027065526001937956,-0.9995494330751475
37476000000,1,37472000000,map,-7.637928501935676e-05,0.00026497553335502744,-0.00526502775028348,0.008569605396905737,-0.009739187110846072,0.02711049668929899,-0.9995482951102377
37508000000,2,37508000000,map,-1.1696778528857976e-05,0.00028739203116856515,-0.005336978007107973,0.008594354322696361,-0.009707979180521152,0.027127355428703426,-0.9995479579354496
37540000000,3,37540000000,map,3.6671739508165047e-05,0.0003297913062851876,-0.00544669758528471,0.008522283993764337,-0.009709897397195811,0.027117324478757865,-0.9995488008724198
37576000000,4,37576000000,map,6.508482329081744e-05,0.00037101225461810827,-0.005642886273562908,0.00847127675817079,-0.009716377804426616,0.02712411012136806,-0.9995490116066623
37608000000,5,37608000000,map,6.17651894572191e-05,0.0004053650191053748,-0.005831934046000242,0.008469313101925079,-0.00971832960687118,0.027140631685984296,-0.9995485058444803
37640000000,6,37640000000,map,6.814409425714985e-05,0.00045350613072514534,-0.006031873635947704,0.008559019540894105,-0.009719126939634221,0.02710687206032708,-0.9995487165787229
37676000000,7,37676000000,map,9.02971369214356e-05,0.0005188058130443096,-0.006174244452267885,0.008545474967885202,-0.00970636397663823,0.027122087072639522,-0.9995485058444802
37708000000,8,37708000000,map,0.0001159327948698774,0.0005512491916306317,-0.006300852634012699,0.008543688418953107,-0.009689972062971968,0.0271786902901896,-0.9995471149984794
37740000000,9,37740000000,map,0.00011562000145204365,0.0006026389310136437,-0.006444462575018406,0.008536544240017289,-0.009714301619388105,0.02721152268517968,-0.9995460613272666
37776000000,10,37776000000,map,0.00011484871356515214,0.0006832522340118885,-0.006598153151571751,0.008528087746513188,-0.009715909250009185,0.02722227013154993,-0.999545850593024
37808000000,11,37808000000,map,0.00014157252735458314,0.0007713295635767281,-0.006687935441732407,0.008545679116682676,-0.009708725517243855,0.027226105494764397,-0.9995456398587815
37840000000,12,37840000000,map,0.00018835988885257393,0.0008452824549749494,-0.006772538647055626,0.008491224112476617,-0.009686911847802404,0.02724675745053473,-0.9995458084461755
37876000000,13,37876000000,map,0.00022955381427891552,0.0009194851736538112,-0.006857724394649267,0.008445858833478117,-0.009702912627189956,0.02723044662016111,-0.9995464406489032
37908000000,14,37908000000,map,0.00027066300390288234,0.0009468058706261218,-0.006867590826004744,0.008416823811916316,-0.00974020843105989,0.027272762056066047,-0.999545176243448
37940000000,15,37940000000,map,0.0002982690930366516,0.0009524709894321859,-0.006863577291369438,0.008397727749864152,-0.009755650888181769,0.02728359379613332,-0.9995448812155083
37976000000,16,37976000000,map,0.0002907605667132884,0.0009008475462906063,-0.006858767010271549,0.008365722527935224,-0.009727097674245622,0.02726530206387956,-0.9995458927398726
38008000000,17,38008000000,map,0.00030118669383227825,0.0008389726281166077,-0.006863838527351618,0.008365716601034651,-0.009754686079318542,0.027278662614857452,-0.999545344830842
38040000000,18,38040000000,map,0.0003241446102038026,0.000776241417042911,-0.006883311551064253,0.008308089923001052,-0.009770404301953136,0.027321694547187136,-0.9995444597470231
38076000000,19,38076000000,map,0.00033936253748834133,0.0006916846032254398,-0.006908425595611334,0.008304384540008824,-0.009782188708969295,0.02733404357380087,-0.9995440804253866
38108000000,20,38108000000,map,0.0003781491832341999,0.0006400010315701365,-0.006921561434864998,0.008298863467490024,-0.009752226086308973,0.027343610908412752,-0.999544122572235
38140000000,21,38140000000,map,0.00041249723290093243,0.0005727797979488969,-0.006939188111573458,0.008296926441137857,-0.009770115694822513,0.02735785654320949,-0.999543532516356
38176000000,22,38176000000,map,0.00045899010729044676,0.0004971338203176856,-0.006950240582227707,0.00829899731666127,-0.00977619233195186,0.027357224340481823,-0.9995434903695075
38208000000,23,38208000000,map,0.0004957923665642738,0.00045284361112862825,-0.006940717808902264,0.008313010896836953,-0.009709795487433202,0.02730740676554194,-0.9995453448308419
38240000000,24,38240000000,map,0.0005423833499662578,0.00039967792690731585,-0.006923169828951359,0.008375134363725249,-0.009699607474622455,0.027329112392525,-0.9995443754533262
38276000000,25,38276000000,map,0.0006078913575038314,0.00033823642297647893,-0.006923495791852474,0.0083549780038562,-0.009724161594715812,0.02734592898508087,-0.9995438275442955
38308000000,26,38308000000,map,0.0006778059178031981,0.00029125023866072297,-0.006905406713485718,0.008317601857556292,-0.00973335203607406,0.02736797178685213,-0.999543448222659
38340000000,27,38340000000,map,0.0007777645951136947,0.00026811458519659936,-0.006845355965197086,0.008277192084821328,-0.009708559317073654,0.027392416958988475,-0.9995433639289619
38376000000,28,38376000000,map,0.0008489160682074726,0.00028521724743768573,-0.006744955666363239,0.008292317946670994,-0.009703904312900915,0.027403037964813137,-0.9995430267541738
38408000000,29,38408000000,map,0.0008811663719825447,0.00029251258820295334,-0.006673748604953289,0.008292587291374758,-0.009721823967507632,0.02742537579452392,-0.9995421838172036
38440000000,30,38440000000,map,0.000905115099158138,0.0003134453436359763,-0.006607425399124622,0.00826991920159323,-0.009701998814367067,0.02741058225069659,-0.9995429846073254
38476000000,31,38476000000,map,0.0009395292145200074,0.00035336220753379166,-0.006549632176756859,0.008285590255977441,-0.009724288899601011,0.02743325725519552,-0.999542057376658
38508000000,32,38508000000,map,0.0009858068078756332,0.00038988026790320873,-0.006497193593531847,0.008287828566442012,-0.009735342651485566,0.027439705723017627,-0.9995417623487185
38540000000,33,38540000000,map,0.000998751726001501,0.00045512878568843007,-0.006425339728593826,0.00824333145490019,-0.009707823969812427,0.0273849991136505,-0.9995438696911441
38576000000,34,38576000000,map,0.0009409476188011467,0.0005659725866280496,-0.006333426106721163,0.008225371135170105,-0.00966532331826462,0.027340028426289353,-0.9995456820056301
38608000000,35,38608000000,map,0.0008878131047822535,0.000670276174787432,-0.006283213850110769,0.008257811984291064,-0.009626768541931549,0.0273488792644766,-0.999545513418236
38640000000,36,38640000000,map,0.0008141604484990239,0.0007887999527156353,-0.00623131450265646,0.008294924136561334,-0.009607210552066066,0.027345001754413678,-0.999545513418236
38676000000,37,38676000000,map,0.000722661498002708,0.000927736924495548,-0.0061709266155958176,0.008309840416621334,-0.009559700270127971,0.02737871923322238,-0.9995449233623568
38708000000,38,38708000000,map,0.0006328439339995384,0.0010523534147068858,-0.006095748394727707,0.008338061477171265,-0.00956424048176116,0.0273808687224964,-0.9995445440407202
38740000000,39,38740000000,map,0.0005605151527561247,0.0011628192150965333,-0.006029073148965836,0.008394784961412168,-0.009595775132480106,0.027408559201968108,-0.9995430689010223
38776000000,40,38776000000,map,0.0004997479845769703,0.0012700248043984175,-0.005971479695290327,0.008389980508795148,-0.00960340474103637,0.02740518745408721,-0.9995430689010223
38808000000,41,38808000000,map,0.0004596631333697587,0.0013470497215166688,-0.005948719102889299,0.008377777637903197,-0.009629427826972847,0.027387275043470105,-0.999543448222659
38840000000,42,38840000000,map,0.0004187741142231971,0.001431377255357802,-0.005914526525884867,0.008367650869731692,-0.009611795627043864,0.027402279321539935,-0.9995432796352648
38876000000,43,38876000000,map,0.0003723702684510499,0.001530134934000671,-0.005889125633984804,0.008387264424290037,-0.009615323326496032,0.02734276797144264,-0.9995447126281143
38908000000,44,38908000000,map,0.00032859918428584933,0.0016123137902468443,-0.005907860584557056,0.008401645801573427,-0.009584621899215814,0.02735477982326817,-0.9995445018938718
38940000000,45,38940000000,map,0.0003069255908485502,0.00164431007578969,-0.0059212069027125835,0.008367103701563622,-0.009522450152783277,0.027346181866171992,-0.9995456820056301
38976000000,46,38976000000,map,0.0002800391230266541,0.0016777758719399571,-0.005992123857140541,0.008361360370273378,-0.0094853433100281,0.027351829543872386,-0.999545934886721
39008000000,47,39008000000,map,0.00027625163784250617,0.001709820469841361,-0.006086983717978001,0.008337814728775931,-0.009522898827388371,0.0273079968214211,-0.9995469464110853
39040000000,48,39040000000,map,0.0002543441660236567,0.0017427372513338923,-0.006209307815879583,0.008322937590955126,-0.009558281724098745,0.027296237850686522,-0.9995470728516309
39076000000,49,39076000000,map,0.00023200426949188113,0.001793568255379796,-0.006348718423396349,0.008360688942988458,-0.00956984481900119,0.02728983152971287,-0.9995468199705397
39108000000,50,39108000000,map,0.00023171183420345187,0.001857000170275569,-0.006498158909380436,0.008306328769191549,-0.00962016021243007,0.027285911872801438,-0.9995469464110853
39140000000,51,39140000000,map,0.0002435361238894984,0.0019184292759746313,-0.006579968612641096,0.008259547454864756,-0.009593807524967347,0.02731183218463562,-0.9995468199705397
39176000000,52,39176000000,map,0.00024637917522341013,0.002001738641411066,-0.006610045675188303,0.00824545419080361,-0.00964723696957932,0.027309598401664525,-0.9995465249426002
39208000000,53,39208000000,map,0.0002753821900114417,0.002053981414064765,-0.00661497050896287,0.008235214070658668,-0.009619932150235148,0.027306774562814218,-0.9995469042642369
39240000000,54,39240000000,map,0.0003512057592161,0.0020587441977113485,-0.006604831665754318,0.00822686282079875,-0.009622193180485244,0.02731111568821093,-0.9995468621173883
39276000000,55,39276000000,map,0.0004405217187013477,0.0020652629900723696,-0.00657368591055274,0.008206214898613522,-0.009680501945992986,0.027329070245676546,-0.999545934886721
39308000000,56,39308000000,map,0.0005057610105723143,0.002087727654725313,-0.006529298145323992,0.008207805530554491,-0.009654053893053701,0.027313012296393935,-0.9995466513831458
39340000000,57,39340000000,map,0.0005259490571916103,0.0021179027389734983,-0.00645009009167552,0.008207136284698253,-0.009646148889416005,0.02731781703712416,-0.9995465670894488
39376000000,58,39376000000,map,0.0004924680106341839,0.0021442370489239693,-0.0062888567335903645,0.008180635301244141,-0.009659230052886447,0.02734858423653702,-0.9995458084461756
39408000000,59,39408000000,map,0.00044404459185898304,0.002122578676789999,-0.006172058638185263,0.008177888018192962,-0.009634932230083788,0.027305425863661914,-0.9995473257327219
39440000000,60,39440000000,map,0.0003635342582128942,0.0020985081791877747,-0.0060504344291985035,0.008207579402834064,-0.009596366299653113,0.02731545681360753,-0.9995471571453278
39476000000,61,39476000000,map,0.00021422562713269144,0.002066821325570345,-0.005907497368752956,0.008209448146352558,-0.00957412614032468,0.027282793006011608,-0.9995482108165407
39508000000,62,39508000000,map,2.5092002033488825e-05,0.0020062860567122698,-0.005749427247792482,0.00815065440397372,-0.00958131106670193,0.027274700811097508,-0.9995488851661168
39540000000,63,39540000000,map,-0.000156667287228629,0.001920924405567348,-0.005601381417363882,0.00812301282143178,-0.009655900287217958,0.02722661125694653,-0.9995496859562385
39576000000,64,39576000000,map,-0.000256074737990275,0.001800179248675704,-0.005475837271660566,0.008098961294275108,-0.009680764458297481,0.027233354752708272,-0.9995494330751475
39608000000,65,39608000000,map,-0.0002815768530126661,0.0016775174299255013,-0.005421041045337915,0.008070618279514103,-0.00964908772660094,0.027212702796937938,-0.9995505288932087
39640000000,66,39640000000,map,-0.000244163500610739,0.0015552934492006898,-0.005389454308897257,0.008045326630730836,-0.009650600650289966,0.027196518407109793,-0.9995512032427849
39676000000,67,39676000000,map,-0.00017565397138241678,0.0014107129536569118,-0.005356972571462393,0.008039922779134456,-0.00963567523292492,0.027202671846992377,-0.9995512032427849
39708000000,68,39708000000,map,-8.839191286824644e-05,0.0012488131178542972,-0.005328243598341942,0.008033339062733963,-0.009714821334481998,0.027163770305816792,-0.9995514982707245
39740000000,69,39740000000,map,-2.8722988645313308e-06,0.0010884220246225595,-0.0053510540165007114,0.008021096473376373,-0.009697071172768022,0.027119473968031882,-0.9995529734104224
39776000000,70,39776000000,map,0.00010821273463079706,0.0009253818425349891,-0.005371679086238146,0.00799844328316434,-0.009701939709997475,0.02714147462295452,-0.9995525519419373
39808000000,71,39808000000,map,0.0001856060844147578,0.0008240668685175478,-0.005407663993537426,0.008001671797614724,-0.009668128388596372,0.027146953713260924,-0.9995527205293313
39840000000,72,39840000000,map,0.00026691608945839107,0.0007383206975646317,-0.005439437925815582,0.007993221189852164,-0.009723213167147223,0.027166931319455134,-0.999551709004967
39876000000,73,39876000000,map,0.000339925434673205,0.0006520393071696162,-0.0054883030243217945,0.00800926374565694,-0.009738901919915085,0.027159513474117214,-0.99955162471127
39908000000,74,39908000000,map,0.0004014013975393027,0.0006001426372677088,-0.005525760352611542,0.008024885326884989,-0.009729947443285853,0.027198119987353164,-0.9995505288932087
39940000000,75,39940000000,map,0.0004682739090640098,0.0005136344116181135,-0.005585862789303064,0.008010907637384993,-0.009735211271856222,0.02723415554283004,-0.999549559515693
39976000000,76,39976000000,map,0.0005297835450619459,0.00039834476774558425,-0.005631146486848593,0.008005891586185752,-0.009770019876596602,0.027236094297861446,-0.999549222340905
40008000000,77,40008000000,map,0.0005705272778868675,0.0003083866904489696,-0.005628705490380526,0.007991118704192366,-0.009794290287484115,0.027198119987353164,-0.9995501917184206
40040000000,78,40040000000,map,0.0005806937697343528,0.00022442755289375782,-0.005610309541225433,0.007995073099326675,-0.009744985883352084,0.02724494513604886,-0.9995493909282991
40076000000,79,40076000000,map,0.0006015105755068362,0.00018301891395822167,-0.005572045221924782,0.00797341184177979,-0.00977780156777518,0.027268420930669335,-0.9995485901381772
40108000000,80,40108000000,map,0.000618308549746871,0.00014329880650620908,-0.005534553900361061,0.007974694933435531,-0.009735990330009166,0.027315161785668007,-0.9995477050543586
40140000000,81,40140000000,map,0.0006429136265069246,8.26693358249031e-05,-0.005472672171890736,0.00794275107962294,-0.00975443797267516,0.02735625496296612,-0.9995466513831458
40176000000,82,40176000000,map,0.00063464225968346,1.808502565836534e-05,-0.005384135991334915,0.007947409047245965,-0.009743758274071139,0.027375979688069152,-0.9995461456209636
40208000000,83,40208000000,map,0.0006134023424237967,-4.812092811334878e-05,-0.005287912208586931,0.007929112540544554,-0.009740912867888273,0.027406999768573193,-0.9995454712713874
40240000000,84,40240000000,map,0.0005729023832827806,-0.00012016602704534307,-0.005206611938774586,0.007916790102665371,-0.009720877062823216,0.027430096241557123,-0.9995451340965993
40276000000,85,40276000000,map,0.0005337398615665734,-0.00017579158884473145,-0.005164362955838442,0.007908875385496181,-0.009695225766420528,0.027446575659324957,-0.9995450076560539
40308000000,86,40308000000,map,0.0005054522771388292,-0.00021571882825810462,-0.0051096463575959206,0.007869127120719488,-0.009696050099508396,0.027522313546098964,-0.9995431953415679
40340000000,87,40340000000,map,0.0004922884982079268,-0.00025637494400143623,-0.005072695203125477,0.007880965363749177,-0.00972324115528881,0.0275638703387307,-0.9995416780550215
40376000000,88,40376000000,map,0.00047898408956825733,-0.00025821730378083885,-0.005027477163821459,0.00786666860943506,-0.009743354174697428,0.027561004353032048,-0.9995416780550215
40408000000,89,40408000000,map,0.0004898137412965298,-0.00021936041594017297,-0.0049939239397645,0.007846352758317986,-0.00972156927541917,0.02755868627636393,-0.9995421416703552
40440000000,90,40440000000,map,0.0005199470324441791,-0.00018058363639283925,-0.004995205905288458,0.007816031064264681,-0.00969341748551967,0.02759050714698963,-0.9995417623487185
40476000000,91,40476000000,map,0.0005191898089833558,-0.00015440663264598697,-0.0050117457285523415,0.007818574363154512,-0.009688590354276156,0.027598557195055162,-0.999541551614476
40508000000,92,40508000000,map,0.0005021149991080165,-0.00010590485180728137,-0.005055922549217939,0.007828615273585788,-0.009673825045544614,0.02759834646081266,-0.9995416780550215
40540000000,93,40540000000,map,0.00048286671517416835,-3.8545942516066134e-05,-0.005118962377309799,0.007811534604682241,-0.00966761431228983,0.02762877648543749,-0.9995410037054453
40576000000,94,40576000000,map,0.00047140265814960003,4.363351399661042e-05,-0.005270661320537329,0.007793284278414452,-0.00967778429744467,0.027634424163137994,-0.9995409194117483
40608000000,95,40608000000,map,0.00046562572242692113,9.693134052213281e-05,-0.005390306003391743,0.007816138077747229,-0.009662842251830795,0.027620389262583867,-0.9995412144396878
40640000000,96,40640000000,map,0.0004836972220800817,0.00012046517076669261,-0.005512237548828125,0.007748766258084502,-0.009629189392701925,0.027595691209356454,-0.9995428160199313
40676000000,97,40676000000,map,0.0005482849664986134,9.440733265364543e-05,-0.005611912347376347,0.007757611827915727,-0.009633685934602431,0.027592867370506258,-0.9995427738730828
40708000000,98,40708000000,map,0.0006012400262989104,5.5246269766939804e-05,-0.005701989401131868,0.007774134051076506,-0.009658709967361265,0.02759864148875224,-0.9995422259640521
40740000000,99,40740000000,map,0.0006265737465582788,2.457748632878065e-05,-0.005797556135803461,0.007752091907849815,-0.009657058996279754,0.02760496351602887,-0.9995422259640521
40776000000,100,40776000000,map,0.0006204242235980928,8.172327397915069e-06,-0.005913996137678623,0.00775524485431791,-0.009684616614396926,0.027602856173603307,-0.9995419730829611
40808000000,101,40808000000,map,0.0005748903495259583,2.8701022529276088e-05,-0.005946273449808359,0.007732874015063674,-0.009660815581107478,0.027543386970354466,-0.9995440382785381
40840000000,102,40840000000,map,0.0004889066331088543,2.7470217901282012e-05,-0.0059329550713300705,0.007683543680741641,-0.00959376924706782,0.027582204217832917,-0.9995439961316896
40876000000,103,40876000000,map,0.0003395991225261241,1.4363353329827078e-05,-0.005887962412089109,0.007701586812443604,-0.009624848267305303,0.027572257561584435,-0.9995438275442956
40908000000,104,40908000000,map,0.00014813020243309438,3.23083768307697e-05,-0.0058263614773750305,0.007768330627599908,-0.009629304967263075,0.02757912749789171,-0.9995431110478709
40940000000,105,40940000000,map,-7.37606969778426e-05,5.6446493545081466e-05,-0.005758705548942089,0.007763097256713032,-0.009652970998928388,0.02756778999564219,-0.9995431531947194
40976000000,106,40976000000,map,-0.00037160090869292617,0.00011779473425121978,-0.005683721974492073,0.007759848245064835,-0.009671288826008245,0.027573943435524828,-0.9995429003136282
41008000000,107,41008000000,map,-0.000534460530616343,0.00019634637283161283,-0.005627971142530441,0.007778555601221164,-0.009656266684918587,0.02763467704422906,-0.9995411722928393
41040000000,108,41040000000,map,-0.0006471915985457599,0.0002919895341619849,-0.005562988109886646,0.007775424469039898,-0.009648139340191382,0.027587051105411764,-0.9995426052856887
41076000000,109,41076000000,map,-0.0007321632001549006,0.00037834417889826,-0.0055077653378248215,0.007795784854229325,-0.009654755572226958,0.027540352397261658,-0.99954370110375
41108000000,110,41108000000,map,-0.0007937915506772697,0.0004470587882678956,-0.005477145314216614,0.007826171414916665,-0.009715819770274163,0.027569686603825194,-0.9995420995235067
41140000000,111,41140000000,map,-0.0008195057744160295,0.0005052052438259125,-0.005496509838849306,0.007809338688020372,-0.00976149938079813,0.02758266783316654,-0.9995413408802334
41176000000,112,41176000000,map,-0.000873117707669735,0.0005596542614512146,-0.005577029660344124,0.007797194798020916,-0.00977411873993235,0.027570866715583564,-0.9995416780550215
41208000000,113,41208000000,map,-0.0009091397514566779,0.0005750854616053402,-0.0056623308919370174,0.007751232836539152,-0.009817785015259288,0.027540141663019047,-0.9995424788451432
41240000000,114,41240000000,map,-0.0009487522765994072,0.0005627595237456262,-0.005731377750635147,0.00769693946385077,-0.009826861404940558,0.027593710307476427,-0.9995412565865364
41276000000,115,41276000000,map,-0.0009689892176538706,0.0005135543178766966,-0.005809039808809757,0.007676084100145529,-0.009848755951879395,0.027589832797413505,-0.9995413408802334
41308000000,116,41308000000,map,-0.00099925824906677,0.0004671317001339048,-0.005869094282388687,0.007684882666362497,-0.009873385104887632,0.02761141198385103,-0.9995404979432632
41340000000,117,41340000000,map,-0.0010195045033469796,0.00040743639692664146,-0.00592059688642621,0.007679153740733364,-0.009859549990273614,0.02760365696372502,-0.9995408351180513
41376000000,118,41376000000,map,-0.0010068485280498862,0.00033493590308353305,-0.005998893175274134,0.0076973058615514,-0.00984198792533473,0.027649807762844425,-0.9995396128594445
41408000000,119,41408000000,map,-0.0009783066343516111,0.0002519933332223445,-0.006050228141248226,0.0076515049965199,-0.009838505953566836,0.027600748831177746,-0.9995413830270818
41440000000,120,41440000000,map,-0.000906566099729389,0.00016640823741909117,-0.006060910411179066,0.007687140980116495,-0.009788670433289116,0.027606986564757408,-0.9995413830270818
41476000000,121,41476000000,map,-0.0008396752527914941,0.00010457239113748074,-0.006070148665457964,0.007704772521500971,-0.009790555516943217,0.027609178200879936,-0.9995412144396878
41508000000,122,41508000000,map,-0.0007389049278572202,6.037912316969596e-05,-0.00604616804048419,0.007734099072484648,-0.009791428500006612,0.027591012909171764,-0.9995414251739304
41540000000,123,41540000000,map,-0.0006952147814445198,3.128886237391271e-05,-0.0060022990219295025,0.007725485721910552,-0.009885214045976146,0.027613013564094402,-0.999539992181081
41576000000,124,41576000000,map,-0.0006640167557634413,-8.481311670038849e-05,-0.005918253678828478,0.007751397884256465,-0.009916670329898639,0.027644370819386532,-0.9995386434819287
41608000000,125,41608000000,map,-0.0006494156550616026,-0.00020189298084005713,-0.005848533008247614,0.007717871630309255,-0.009931596652762385,0.027720951643130876,-0.9995365782863517
41640000000,126,41640000000,map,-0.0006366580491885543,-0.00029974684002809227,-0.005764642730355263,0.007770908911666723,-0.009896126704699863,0.02773675671132242,-0.999536114671018
41676000000,127,41676000000,map,-0.0006311715696938336,-0.0003996550221927464,-0.005679975263774395,0.0077995758480075925,-0.0099039813296827,0.02772402836307214,-0.999536114671018
41708000000,128,41708000000,map,-0.0005984416930004954,-0.0004952328163199127,-0.005586536135524511,0.007829131819434237,-0.009934194857800567,0.027697096526873688,-0.9995364096989576
41740000000,129,41740000000,map,-0.0005431246245279908,-0.0005944884615018964,-0.005488274153321981,0.007851803448892494,-0.009983337506937825,0.02773502869053346,-0.99953463953132
41776000000,130,41776000000,map,-0.0004847019736189395,-0.0007024192600511014,-0.005369474645704031,0.007857027270884004,-0.01001131486486077,0.027728411635317196,-0.9995345130907747
41808000000,131,41808000000,map,-0.0004451105778571218,-0.0007854070863686502,-0.005258716642856598,0.007849755375472667,-0.009947323024885265,0.027751423814604215,-0.9995345130907747
41840000000,132,41840000000,map,-0.00039324257522821426,-0.0008191894739866257,-0.005135900806635618,0.007801786746557017,-0.009915211324541203,0.027791674054932103,-0.9995341337691379
41876000000,133,41876000000,map,-0.00032111717155203223,-0.0008168929489329457,-0.005030038300901651,0.007823695040612458,-0.0099172055619475,0.027785225587109885,-0.9995341759159866
41908000000,134,41908000000,map,-0.00023656987468712032,-0.0007915059104561806,-0.004924532026052475,0.007816805759560261,-0.009942916045037845,0.027745143934176042,-0.9995350609998053
41940000000,135,41940000000,map,-0.00014703940541949123,-0.0007756733684800565,-0.0048131863586604595,0.00781153765045059,-0.0099607386466477,0.027726388586588768,-0.9995354403214418
41976000000,136,41976000000,map,-2.8308753826422617e-05,-0.0007383388001471758,-0.004672766663134098,0.007823396719950342,-0.009995816678409907,0.027703460700998828,-0.9995356089088359
42008000000,137,42008000000,map,9.864719322649762e-05,-0.0006865994073450565,-0.004580871667712927,0.007906095669127986,-0.010017190152006803,0.02773127762101596,-0.9995340073285925
42040000000,138,42040000000,map,0.00023118940589483827,-0.0006421036086976528,-0.004486932419240475,0.007936678640714831,-0.010069018757237933,0.027736335242837362,-0.9995330800979253
42076000000,139,42076000000,map,0.0003406624891795218,-0.0005919748218730092,-0.004405464977025986,0.007954606197855645,-0.01010801051901108,0.02772230034228318,-0.9995329536573797
42108000000,140,42108000000,map,0.0004476144094951451,-0.0005567719344981015,-0.004353979602456093,0.007957898179532987,-0.01014943897778183,0.027669026725765433,-0.999533965181744
42140000000,141,42140000000,map,0.0005418019136413932,-0.000533093698322773,-0.004319112282246351,0.007924786726307743,-0.010172082207508181,0.027659417244304874,-0.9995343023565322
42172000000,142,42172000000,map,0.000661437283270061,-0.0005085411830805242,-0.004293336533010006,0.007910839659127368,-0.010179954860146922,0.02766974322219007,-0.9995340073285925
42208000000,143,42208000000,map,0.0007975857006385922,-0.00045905433944426477,-0.004306620452553034,0.007851221213229374,-0.010195408677161564,0.02773064541828829,-0.9995326164825917
42240000000,144,42240000000,map,0.0009319180389866233,-0.00039840643876232207,-0.0043358406983315945,0.007831816540757154,-0.010199880194370766,0.027799007606573,-0.9995308463149541
42276000000,145,42276000000,map,0.0010575635824352503,-0.0003312570333946496,-0.004344422370195389,0.007830517067806778,-0.010200567220928719,0.027811693807974824,-0.9995304669933176
42308000000,146,42308000000,map,0.0011793039739131927,-0.00025125109823420644,-0.004336682613939047,0.007826847163899918,-0.010186125833777038,0.027762424142065534,-0.9995320264267126
42340000000,147,42340000000,map,0.0012610593112185597,-0.0001574199559399858,-0.004302994813770056,0.007835625315237137,-0.0101604178202286,0.027793022754084518,-0.9995313520771363
42376000000,148,42376000000,map,0.00134276133030653,-6.953993579372764e-05,-0.004283390939235687,0.00781265857552124,-0.010093515625118128,0.02779761676057213,-0.9995320685735609
42408000000,149,42408000000,map,0.001404899638146162,5.6308908824576065e-06,-0.004255335312336683,0.007803832021162684,-0.010080374451779396,0.027841828804660074,-0.9995310991960452
42440000000,150,42440000000,map,0.0014264455530792475,7.472692232113332e-05,-0.00418339716270566,0.007793407590873573,-0.010067265135531236,0.027888401072264646,-0.9995299612311355
42476000000,151,42476000000,map,0.0013887808891013265,0.00012823427096009254,-0.004119628109037876,0.007759175047941551,-0.010079099262657749,0.027869308549889227,-0.9995306777275601
42508000000,152,42508000000,map,0.001326416153460741,0.00017115293303504586,-0.004071610979735851,0.007713092325860634,-0.010068266617091752,0.027916133698584755,-0.9995297926437414
42540000000,153,42540000000,map,0.0012339132372289896,0.00018390904006082565,-0.004027476999908686,0.007680909667345835,-0.009995146691691097,0.02789581891760251,-0.9995313942239847
42576000000,154,42576000000,map,0.0011168024502694607,0.00015932481619529426,-0.00396866025403142,0.007666042695805872,-0.009997091702895424,0.0279078307694281,-0.9995310991960452
42608000000,155,42608000000,map,0.0010152655886486173,0.00013079667405690998,-0.003918665926903486,0.007608130127137744,-0.009973296020280104,0.02794293909423773,-0.9995308884618026
42640000000,156,42640000000,map,0.0009270716109313071,0.00010732081864262,-0.0038951467722654343,0.0075844180796749375,-0.009951880646788886,0.02797084030795194,-0.9995304669933176
42676000000,157,42676000000,map,0.0008655386045575142,0.00011494840146042407,-0.0038755296263843775,0.007571318312322147,-0.00998616052260742,0.02798554955808219,-0.999529750496893
42708000000,158,42708000000,map,0.0008495585061609745,0.00013037063763476908,-0.0038956734351813793,0.007614558262398229,-0.01002606049957514,0.027968395790738287,-0.9995295397626502
42740000000,159,42740000000,map,0.0008385350229218602,0.0001385083596687764,-0.003960616420954466,0.007642400536378976,-0.010014018025429915,0.027935099780414696,-0.9995303826996206
42776000000,160,42776000000,map,0.0008561569848097861,0.00012757595686707646,-0.004057486075907946,0.007617709233232798,-0.010017393559941705,0.027963591050008063,-0.9995297083500444
42808000000,161,42808000000,map,0.0008696540025994182,7.587645814055577e-05,-0.004130223765969276,0.007603715985618801,-0.010053600830898977,0.027931390857745764,-0.9995303826996206
42840000000,162,42840000000,map,0.0008705556974746287,2.5837962311925367e-06,-0.004218742251396179,0.0076265942334164385,-0.0100256952543274,0.02787786436013695,-0.999531984279864
42876000000,163,42876000000,map,0.0008808454731479287,-6.069082155590877e-05,-0.0043671345338225365,0.007617591847674249,-0.010032012095566032,0.027877906506985406,-0.9995320264267125
42908000000,164,42908000000,map,0.0008862021495588124,-7.978442590683699e-05,-0.0044751157984137535,0.00763730200248011,-0.010023649979721732,0.027875040521286643,-0.9995320264267126
42940000000,165,42940000000,map,0.0009011311340145767,-7.68020108807832e-05,-0.004546965006738901,0.007683803888140357,-0.010064261678666456,0.02788030887735049,-0.9995311413428938
42976000000,166,42976000000,map,0.0009738958324305713,-8.12331709312275e-05,-0.0047041019424796104,0.007701306272483203,-0.010063566667256343,0.027834368812473698,-0.9995322371609551
43008000000,167,43008000000,map,0.001012257533147931,-0.00011074599751736969,-0.004878910258412361,0.0077134801262577725,-0.010093415855625168,0.02781359041615772,-0.9995324478951977
43040000000,168,43040000000,map,0.0010351261589676142,-0.00010987988207489252,-0.005081589333713055,0.007718938472412188,-0.010094237389898876,0.02783289367277575,-0.9995317735456215
43076000000,169,43076000000,map,0.0010513809975236654,-8.15578387118876e-05,-0.0052693551406264305,0.007717568452881392,-0.01007203415022192,0.027839131406355355,-0.9995319421330154
43108000000,170,43108000000,map,0.0010515806498005986,4.819536115974188e-06,-0.005436568055301905,0.007685068952140192,-0.010064212287828358,0.027844779084055804,-0.9995321107204096
43140000000,171,43140000000,map,0.0010618066880851984,0.0001144146008300595,-0.005582146346569061,0.00775244315902676,-0.010051324736443261,0.02787272244461858,-0.9995308884618026
43176000000,172,43176000000,map,0.0010722475126385689,0.00029627213370986283,-0.005731914192438126,0.0077453708026013444,-0.010076291064239585,0.027870825836435575,-0.9995307620212571
43208000000,173,43208000000,map,0.0010831814724951982,0.00046593783190473914,-0.005865403451025486,0.007690884805644378,-0.010071512006745154,0.02791478499943245,-0.9995300455248325
43240000000,174,43240000000,map,0.0010896583553403616,0.000606382149271667,-0.005972480401396751,0.0076953229017198005,-0.010061002130306132,0.027984200858929886,-0.9995281489166494
43276000000,175,43276000000,map,0.0010917115723714232,0.0006970790564082563,-0.006059806793928146,0.00768367497805292,-0.010074820616671323,0.02798845769062941,-0.9995280224761041
43308000000,176,43308000000,map,0.0010762063320726156,0.0007712809601798654,-0.006090820301324129,0.0076620158607756846,-0.010058900550145031,0.02805239445982055,-0.9995265473364061
43340000000,177,43340000000,map,0.0010949423303827643,0.0008455454371869564,-0.006079977378249168,0.0076346157171139845,-0.010078749822478203,0.02806132959170482,-0.9995262944553149
43376000000,178,43376000000,map,0.0011498649837449193,0.0009417404071427882,-0.006055847741663456,0.007603621402163843,-0.010071889682020482,0.028117174165981695,-0.9995249879030113
43408000000,179,43408000000,map,0.0012185039231553674,0.0009967830264940858,-0.006023550406098366,0.007582423677632513,-0.01013242227001362,0.02817622190074548,-0.9995229227074343
43440000000,180,43440000000,map,0.0013230382464826107,0.001005638507194817,-0.005993020720779896,0.007506588079317065,-0.01011931221290289,0.028157888021643263,-0.9995240606723439
43476000000,181,43476000000,map,0.001438660779967904,0.0009854893432930112,-0.00595120107755065,0.007510197644083381,-0.010127726353763323,0.028138753352419332,-0.999524566434526
43508000000,182,43508000000,map,0.0015386382583528757,0.0009408886544406414,-0.005912154447287321,0.007515062147727723,-0.010114635312125258,0.028187517256146433,-0.9995232598822221
43540000000,183,43540000000,map,0.0016096517210826278,0.0008924452122300863,-0.005879617296159267,0.007546541069117676,-0.010076848851437847,0.028199065492638398,-0.9995230912948281
43576000000,184,43576000000,map,0.0016382911708205938,0.0008193860994651914,-0.005843183025717735,0.007528688339096584,-0.010061820454175365,0.028223974280108366,-0.9995227119731915
43608000000,185,43608000000,map,0.0016315726097673178,0.0007641292759217322,-0.005813771393150091,0.0074844570325817966,-0.010056778143513866,0.028210740169675952,-0.9995233863227677
43640000000,186,43640000000,map,0.0016240094555541873,0.0007161744870245457,-0.005753134377300739,0.007482813305489872,-0.010001755432782896,0.028234721726478673,-0.9995233441759193
43676000000,187,43676000000,map,0.0015940256416797638,0.0006825597956776619,-0.005702055525034666,0.007484088000703137,-0.010027536380135591,0.028255162948006396,-0.9995224590921005
43708000000,188,43708000000,map,0.0015346425352618098,0.0006388083565980196,-0.005636461544781923,0.007453288532609293,-0.009983944026429676,0.028258281814796227,-0.9995230491479796
43740000000,189,43740000000,map,0.0014519562246277928,0.0006098393350839615,-0.00557387201115489,0.007487187852020275,-0.009942964036468865,0.028294865279303694,-0.9995222062110094
43776000000,190,43776000000,map,0.0013236828381195664,0.0005466893780976534,-0.0055165719240903854,0.007467469547726129,-0.009943051128980045,0.02830460120130973,-0.9995219954767669
43808000000,191,43808000000,map,0.0012232603039592505,0.00047550088493153453,-0.00547016691416502,0.007424250177165921,-0.009916937616650816,0.028357369055645343,-0.9995211525397967
43840000000,192,43840000000,map,0.0011293753050267696,0.000406612700317055,-0.005429660901427269,0.007396092131093596,-0.009936946832981363,0.028382362136812278,-0.9995204360433719
43876000000,193,43876000000,map,0.001051180763170123,0.00030140523449517787,-0.005401290953159332,0.00736737794418428,-0.009925265899771019,0.02836997096335009,-0.9995211103929481
43908000000,194,43908000000,map,0.0009496937855146825,0.00016326359764207155,-0.005391628481447697,0.007365470387698844,-0.009924386495898671,0.028317076668468943,-0.9995225855326461
43940000000,195,43936000000,map,0.0008430041489191353,1.7080163161153905e-05,-0.005399537272751331,0.007349589669206904,-0.00991270844382055,0.02833836082696689,-0.9995222062110094
43976000000,196,43976000000,map,0.0006783983553759754,-0.0001861674536485225,-0.005430256482213736,0.007308919771391288,-0.009940216671099624,0.028327107618414504,-0.999522585532646
44008000000,197,44008000000,map,0.0005486984737217426,-0.0003533080453053117,-0.0054785036481916904,0.007336426105354901,-0.009956454814623272,0.028386998290148513,-0.999520520337069
44040000000,198,44040000000,map,0.00041402055649086833,-0.0005410431767813861,-0.0055441479198634624,0.007313695453845116,-0.00995846107046684,0.02842922943235643,-0.9995195088127047
44076000000,199,44076000000,map,0.0002557865809649229,-0.0007374736596830189,-0.005638619419187307,0.00733404184496375,-0.009966297750111836,0.028416248203015027,-0.9995195931064018
44108000000,200,44108000000,map,8.651234384160489e-05,-0.0009301755344495177,-0.005732506979256868,0.007233062194152886,-0.009959048245213771,0.02836554554425641,-0.9995218268893729
44140000000,201,44140000000,map,-0.00011019995145034045,-0.0011415439657866955,-0.005847040098160505,0.0071881144735314794,-0.009940302858112105,0.028353533692430877,-0.9995227119731915
44176000000,202,44176000000,map,-0.0003718431107699871,-0.0014214273542165756,-0.005913633853197098,0.00716088077699417,-0.009938249763290406,0.02839327817057663,-0.9995218268893729
44208000000,203,44208000000,map,-0.0005687312223017216,-0.0016694836085662246,-0.005967395380139351,0.0070824198086795855,-0.009934527011186781,0.028432811914479827,-0.9995213211271907
44240000000,204,44240000000,map,-0.0007710101781412959,-0.0019406222272664309,-0.0060151852667331696,0.007016701841230593,-0.009909771499951073,0.028447099696125022,-0.9995216161551304
44276000000,205,44276000000,map,-0.0009586247033439577,-0.0022258430253714323,-0.006046378519386053,0.006997231149671449,-0.00991484245729867,0.02844672037448842,-0.9995216583019788
44308000000,206,44308000000,map,-0.0011561871506273746,-0.0025234255008399487,-0.006089900154620409,0.00698661854028918,-0.009937646042612713,0.02849485207548791,-0.9995201410154324
44340000000,207,44340000000,map,-0.0013656930532306433,-0.002828167285770178,-0.006143930368125439,0.006928690331188989,-0.009968929540919923,0.028519086513381586,-0.9995195931064018
44376000000,208,44376000000,map,-0.0015735648339614272,-0.0032540711108595133,-0.006233882158994675,0.006925386413392439,-0.009941679627724107,0.02848402033542058,-0.999520857511857
44408000000,209,44408000000,map,-0.001740783452987671,-0.0036111841909587383,-0.006334894336760044,0.006830555674970674,-0.00989180838140683,0.028518960072836108,-0.9995209839524026
44440000000,210,44436000000,map,-0.0018914147512987256,-0.004004624672234058,-0.00643356004729867,0.0067681449180407695,-0.009885160209962617,0.028527389442538298,-0.9995212368334937
44476000000,211,44476000000,map,-0.0020318555179983377,-0.004399563185870647,-0.006485549733042717,0.006699274333395937,-0.00986665906055535,0.02853775756727195,-0.9995215740082817
44508000000,212,44504000000,map,-0.002173525746911764,-0.004801766946911812,-0.006522704381495714,0.006639781257908652,-0.009893155104925654,0.028561486242983603,-0.9995210260992511
44540000000,213,44540000000,map,-0.002354570897296071,-0.005244038067758083,-0.006560078356415033,0.0065857073451775555,-0.009894637653249251,0.02860847997907323,-0.9995200567217353
44576000000,214,44576000000,map,-0.002587292343378067,-0.005834357347339392,-0.006575964856892824,0.0065840201541481035,-0.009933610317231669,0.028608522125921743,-0.9995196774000987
44608000000,215,44608000000,map,-0.0027596973814070225,-0.006322700995951891,-0.006584718357771635,0.006510411671040588,-0.009951566521058578,0.028625507305871656,-0.9995194666658562
44640000000,216,44640000000,map,-0.00295246671885252,-0.006839525420218706,-0.0066034370101988316,0.006461369532258862,-0.009946401227210216,0.028642787513761037,-0.9995193823721593
44676000000,217,44676000000,map,-0.003151951590552926,-0.0074006905779242516,-0.006614553276449442,0.006433444610942363,-0.009943532607333444,0.028682363404512856,-0.9995184129946435
44708000000,218,44708000000,map,-0.003332396037876606,-0.008024259470403194,-0.006631509866565466,0.006397332993574876,-0.009928974493167724,0.02873281318218035,-0.9995173593234308
44740000000,219,44740000000,map,-0.0035151115152984858,-0.008661028929054737,-0.006628733593970537,0.00634867610333032,-0.009864606706596222,0.028770703198991665,-0.9995172328828852
44776000000,220,44776000000,map,-0.0037617101334035397,-0.00946595799177885,-0.006626501213759184,0.006299215130241516,-0.009838487843592866,0.02877108252062821,-0.9995177807919158
44808000000,221,44808000000,map,-0.003964567091315985,-0.010126527398824692,-0.006656381767243147,0.006239865617456969,-0.009831103090116476,0.028786255386092197,-0.9995177807919158
44840000000,222,44840000000,map,-0.004145167302340269,-0.010799010284245014,-0.0066509973257780075,0.006161856575310988,-0.009822006450191581,0.02874061034915487,-0.9995196774000987
44876000000,223,44876000000,map,-0.004355728160589933,-0.011508476920425892,-0.006650025490671396,0.0061516433731728095,-0.009796909812900741,0.028766699248383154,-0.9995192137847652
44908000000,224,44908000000,map,-0.0045795743353664875,-0.012258337810635567,-0.006647894624620676,0.00607732613153858,-0.0098525191221522,0.028830425283331573,-0.9995172750297336
44940000000,225,44940000000,map,-0.004792125895619392,-0.013068865984678268,-0.006679466925561428,0.006002596476406224,-0.009877124320603958,0.028862119713411793,-0.9995166006801576
44976000000,226,44976000000,map,-0.005053884815424681,-0.014166437089443207,-0.006741310004144907,0.0059781504810892715,-0.009840826170504585,0.02885061362376834,-0.9995174857639763
45008000000,227,45008000000,map,-0.005273561924695969,-0.015095463022589684,-0.006770957726985216,0.0059325762376865815,-0.009815857126212168,0.02885942231510713,-0.9995176964982188
45040000000,228,45040000000,map,-0.005461872089654207,-0.016046544536948204,-0.006769668776541948,0.0058820589592069724,-0.009813506451590922,0.02882857082199708,-0.9995189609036741
45076000000,229,45076000000,map,-0.005622765514999628,-0.016987089067697525,-0.006765746511518955,0.005861339502624567,-0.009816403059609284,0.02881348225023017,-0.9995194666658562
45108000000,230,45108000000,map,-0.005802646744996309,-0.017949869856238365,-0.006780438590794802,0.005793546790703174,-0.00976618591278919,0.028844418037037245,-0.9995194666658562
45140000000,231,45140000000,map,-0.0059752874076366425,-0.018961356952786446,-0.006826580502092838,0.005702723954156992,-0.00973421785746593,0.028834471380788707,-0.9995205624839176
45176000000,232,45176000000,map,-0.006165314931422472,-0.020301230251789093,-0.0068950592540204525,0.005652695151066179,-0.009750024736654912,0.028851035092253452,-0.9995201831622809
45208000000,233,45208000000,map,-0.006282470654696226,-0.02136414870619774,-0.006961786653846502,0.005596143299987671,-0.009742332936801674,0.028821405857750282,-0.9995214897145848
45240000000,234,45240000000,map,-0.006390238646417856,-0.022448435425758362,-0.007129491772502661,0.00556158222566423,-0.009638822252492444,0.028825957717389494,-0.999522501238949
45276000000,235,45276000000,map,-0.006486227735877037,-0.023569628596305847,-0.007304666098207235,0.005615244548077838,-0.009667713752510533,0.028828612968845646,-0.9995218690362213
45308000000,236,45308000000,map,-0.00659759109839797,-0.024731526151299477,-0.0074337199330329895,0.005728963166169182,-0.009670726099726175,0.028833459856424437,-0.9995210682460997
45340000000,237,45340000000,map,-0.006714260205626488,-0.02597920596599579,-0.007577728014439344,0.005820308557782448,-0.00959977978279218,0.028850487183222806,-0.9995207310713116
45376000000,238,45376000000,map,-0.006885744631290436,-0.02759336307644844,-0.007749443408101797,0.005845596831525113,-0.009595578104195122,0.028870801964204995,-0.9995199724280384
45408000000,239,45408000000,map,-0.00708013167604804,-0.02891707420349121,-0.007891255430877209,0.005885455731779148,-0.009577282585310473,0.028897228038221312,-0.9995191716379167
45440000000,240,45440000000,map,-0.007284306455403566,-0.030288856476545334,-0.008034378290176392,0.005893299326141476,-0.009497200609689489,0.02891623626689982,-0.9995193823721592
45476000000,241,45476000000,map,-0.00747027900069952,-0.031665440648794174,-0.008187396451830864,0.005910327146848258,-0.009474930774699164,0.02894788855013153,-0.9995185815820375
45508000000,242,45508000000,map,-0.007690021768212318,-0.03308015689253807,-0.008335637860000134,0.005973053840505866,-0.009429306481913867,0.02896306141559546,-0.9995181601135524
45540000000,243,45540000000,map,-0.007939995266497135,-0.034528546035289764,-0.008475454524159431,0.005967419992240074,-0.00941844774152174,0.02896706536620386,-0.999518202260401
45576000000,244,45576000000,map,-0.008299615234136581,-0.03638142719864845,-0.008667409420013428,0.006040773289350745,-0.009352009161744888,0.02897844501530189,-0.999518033673007
45608000000,245,45608000000,map,-0.00860622525215149,-0.03776367008686066,-0.008885106071829796,0.006156506889000391,-0.009269204104583394,0.029025270163997474,-0.999516727120703
45640000000,246,45640000000,map,-0.008938852697610855,-0.0391450896859169,-0.009097198955714703,0.006220606318684888,-0.009187538658692965,0.029037534896914186,-0.9995167692675515
45676000000,247,45676000000,map,-0.009250923991203308,-0.040581777691841125,-0.009279320947825909,0.00622499946909764,-0.009117229154298192,0.029071631697359435,-0.999516389945915
45708000000,248,45708000000,map,-0.009584267623722553,-0.04207339882850647,-0.009503615088760853,0.006284270203495418,-0.009013945256253895,0.029071463109965445,-0.9995169800017941
45740000000,249,45740000000,map,-0.00997409038245678,-0.04357587918639183,-0.009743189439177513,0.006324739327554163,-0.008886668112241885,0.02907837519312123,-0.9995176543513703
45776000000,250,45776000000,map,-0.010501131415367126,-0.04549640417098999,-0.010085946880280972,0.006363812501892112,-0.008845085883328522,0.029115295832416788,-0.999516727120703
45808000000,251,45808000000,map,-0.010908841155469418,-0.04704107716679573,-0.010382837615907192,0.006405872916436333,-0.008711427196079969,0.02909110354137151,-0.9995183287009465
45840000000,252,45840000000,map,-0.011305944062769413,-0.04861375689506531,-0.01071446854621172,0.006470100186073443,-0.00862776891219032,0.029105349176168194,-0.9995181601135524
45876000000,253,45876000000,map,-0.011731540784239769,-0.050199951976537704,-0.01102561503648758,0.006463766387313729,-0.008564921293297435,0.02910846804295797,-0.9995186658757345
45908000000,254,45908000000,map,-0.012177244760096073,-0.05182277783751488,-0.011331944726407528,0.006503801859813967,-0.008525831490710659,0.029150109129286728,-0.9995175700576733
45940000000,255,45940000000,map,-0.012632327154278755,-0.053438905626535416,-0.011644594371318817,0.00653569212456722,-0.008481714688622199,0.029172573399543045,-0.9995170221486426
45976000000,256,45976000000,map,-0.013238734565675259,-0.05547508969902992,-0.012041320092976093,0.006577023612659168,-0.008436597886698366,0.02911934192987381,-0.9995187501694316
46008000000,257,46008000000,map,-0.013673690147697926,-0.05686319246888161,-0.012319019995629787,0.006602322752386213,-0.008363396219460658,0.029158875673777007,-0.9995179915261583
46040000000,258,46040000000,map,-0.014073807746171951,-0.05808369070291519,-0.012568607926368713,0.006612981542202105,-0.008359218824692333,0.029220536513148432,-0.9995161792116724
46076000000,259,46076000000,map,-0.014516839757561684,-0.059349175542593,-0.012797165662050247,0.006605091602770027,-0.008353814067597255,0.0292337706235809,-0.9995159263305813
46108000000,260,46108000000,map,-0.015028134919703007,-0.060648005455732346,-0.013001671992242336,0.006608752534007966,-0.008354349381964181,0.029319876635088615,-0.9995133553728222
46140000000,261,46140000000,map,-0.015574480406939983,-0.0620061494410038,-0.013230010867118835,0.006604396097451533,-0.008404199390221075,0.02930845483914224,-0.9995133132259737
46176000000,262,46176000000,map,-0.016293196007609367,-0.06378667801618576,-0.013563033193349838,0.006604080325359955,-0.008397637323471282,0.02935098100928968,-0.9995120909673668
46208000000,263,46208000000,map,-0.016899174079298973,-0.06517023593187332,-0.013752763159573078,0.006629579168709047,-0.008310490811640913,0.029373866748031052,-0.9995119645268213
46240000000,264,46240000000,map,-0.017537392675876617,-0.06651744991540909,-0.013798356987535954,0.0066212049932684435,-0.007714383031937131,0.029388154529676302,-0.999516389945915
46276000000,265,46276000000,map,-0.018245700746774673,-0.06792575865983963,-0.013772169128060341,0.006592919662890435,-0.007233480431653886,0.02943405244770464,-0.9995188766099771
46308000000,266,46308000000,map,-0.018990518525242805,-0.0693727508187294,-0.013694287277758121,0.006589101113140413,-0.006087274804579589,0.029467474898573764,-0.9995254936651933
46340000000,267,46340000000,map,-0.019736770540475845,-0.07083147019147873,-0.013528965413570404,0.006678460375676635,-0.004639991498226935,0.02949141430852792,-0.999531984279864
46376000000,268,46376000000,map,-0.020662032067775726,-0.07270396500825882,-0.013019973412156105,0.006779135696606748,-0.003870510887335225,0.02954654238638016,-0.9995329958042283
46408000000,269,46408000000,map,-0.021263394504785538,-0.07390297204256058,-0.012038841843605042,0.0070370910377422465,-0.0012131301921184659,0.029584179522100462,-0.9995368311674427
46440000000,270,46440000000,map,-0.021874289959669113,-0.07479177415370941,-0.010345770046114922,0.007490277001989159,0.0015670247667189086,0.029571619761244117,-0.9995333751258648
46476000000,271,46476000000,map,-0.022762034088373184,-0.07570987939834595,-0.008024091832339764,0.007704233832093442,0.002175955519286971,0.029610226274480123,-0.9995294976158018
46508000000,272,46508000000,map,-0.023867793381214142,-0.07664669305086136,-0.005169209558516741,0.007898826819485,0.001442567098699762,0.029760606229967068,-0.9995248614624657
46540000000,273,46540000000,map,-0.025082390755414963,-0.07764042168855667,-0.0017211766680702567,0.008197845538779634,7.536152858782306e-05,0.0300397448076547,-0.9995151255404596
46576000000,274,46576000000,map,-0.026649078354239464,-0.0789167657494545,0.003545940387994051,0.008352151407350843,-0.000791577742584758,0.030178323645558558,-0.9995093092753651
46608000000,275,46608000000,map,-0.02796724997460842,-0.07994455099105835,0.00849829986691475,0.008631051921198857,-0.002838663674921294,0.030473393731983267,-0.9994943471441438
46640000000,276,46640000000,map,-0.029311977326869965,-0.08097141236066818,0.014111906290054321,0.008934221940435689,-0.004828527193234069,0.030705117105096214,-0.9994768983488602
46676000000,277,46676000000,map,-0.030656911432743073,-0.0820021703839302,0.02042711153626442,0.009071433475304808,-0.0057675183129334215,0.03081225439401092,-0.9994674574547938
46708000000,278,46708000000,map,-0.03197624534368515,-0.0830228179693222,0.027427835389971733,0.009401604971821818,-0.0076673471078399415,0.031031965915298165,-0.9994448245971435
46740000000,279,46740000000,map,-0.03322998806834221,-0.08399820327758789,0.03519183769822121,0.009741484710895993,-0.009210009041065488,0.031239792025305413,-0.999422023152099
46776000000,280,46776000000,map,-0.03471473604440689,-0.08516120910644531,0.04606243222951889,0.00988330427333421,-0.009909988483935357,0.03127203436441617,-0.9994129615796692
46808000000,281,46808000000,map,-0.035486798733472824,-0.08551134169101715,0.05547017604112625,0.010291298828481146,-0.010898222872456174,0.03132202052675015,-0.9993969457772351
46840000000,282,46840000000,map,-0.0361974835395813,-0.08569582551717758,0.06570218503475189,0.010714897828550505,-0.011356703411070172,0.031362186473381015,-0.9993861983308647
46876000000,283,46876000000,map,-0.03698638081550598,-0.08589578419923782,0.07686496526002884,0.010888585299956639,-0.011423329367339063,0.03137188024853854,-0.999383248051469
46908000000,284,46908000000,map,-0.03776978701353073,-0.08611344546079636,0.08892601728439331,0.011307477929381636,-0.011667367152319948,0.03135497936228565,-0.9993762938214648
46940000000,285,46940000000,map,-0.03846343234181404,-0.08633837103843689,0.10179755091667175,0.011735024420157728,-0.012035632186770492,0.031507255925955546,-0.9993621746272137
46976000000,286,46976000000,map,-0.039203304797410965,-0.08659638464450836,0.11904536932706833,0.011854723332374854,-0.012223318143277413,0.03155707350089543,-0.9993569484179983
47008000000,287,47008000000,map,-0.03966573253273964,-0.08680329471826553,0.13370200991630554,0.012119522638468595,-0.012662518721285392,0.031636267429247356,-0.9993457795031429
47040000000,288,47040000000,map,-0.04003741964697838,-0.08700305223464966,0.14916940033435822,0.01229977402878095,-0.012812263983923176,0.03170041493268094,-0.9993396260632603
47076000000,289,47076000000,map,-0.04031248018145561,-0.08719447255134583,0.16545751690864563,0.012395087644963193,-0.012805108403935565,0.03171272181244611,-0.9993381930704108
47108000000,290,47108000000,map,-0.04047580808401108,-0.08735751360654831,0.18253323435783386,0.012503748929346453,-0.012687319692671662,0.03171508203596274,-0.9993381930704108
47140000000,291,47140000000,map,-0.04050425440073013,-0.08748859167098999,0.20037786662578583,0.012557421104203284,-0.01246168310753432,0.031767049100176636,-0.9993387409794416
47176000000,292,47176000000,map,-0.04027223959565163,-0.08761974424123764,0.22379490733146667,0.012568735850653037,-0.012340944605638159,0.03174597567592119,-0.99934076402817
47208000000,293,47208000000,map,-0.03912096470594406,-0.08728038519620895,0.2432480752468109,0.01254633119925422,-0.012062386514354779,0.03179292726516236,-0.9993429556642925
47240000000,294,47240000000,map,-0.03699996694922447,-0.08657197654247284,0.263234406709671,0.012518237978656898,-0.01176721077269551,0.031749558158044644,-0.9993482240203564
47276000000,295,47276000000,map,-0.03455379605293274,-0.08596809208393097,0.2838151454925537,0.012470862904138099,-0.011485384716029813,0.03177737507806183,-0.9993512585934492
47308000000,296,47308000000,map,-0.03179091960191727,-0.08545804768800735,0.30500778555870056,0.012525412738753306,-0.010168549939403488,0.03178985054522104,-0.9993644084101847
47340000000,297,47340000000,map,-0.02879941835999489,-0.08503127843141556,0.32683098316192627,0.012623672271473948,-0.008365798095917398,0.03178854399291725,-0.9993798763035882
47376000000,298,47376000000,map,-0.024757271632552147,-0.08462449908256531,0.35507819056510925,0.012707713252040797,-0.007350813574174873,0.03180215742498621,-0.9993864090651075
47408000000,299,47408000000,map,-0.021329065784811974,-0.08440404385328293,0.37844380736351013,0.013007931016248342,-0.005214277376682917,0.03172089830105723,-0.9993985473574785
47440000000,300,47440000000,map,-0.017771925777196884,-0.08428934216499329,0.40246009826660156,0.013436509806409971,-0.0031479128831474407,0.031493389612795464,-0.9994087468948181
47476000000,301,47476000000,map,-0.014117215760052204,-0.08426520973443985,0.4271559417247772,0.013692535118228698,-0.0021962169581639596,0.03133778344809324,-0.9994127086985782
47508000000,302,47508000000,map,-0.010355427861213684,-0.08435815572738647,0.45246821641921997,0.014460912337797284,-0.0003431339573398298,0.03083855402748159,-0.9994197472222794
47540000000,303,47540000000,map,-0.006329650059342384,-0.0846356526017189,0.4782402813434601,0.015267551651824173,0.0011957897274066356,0.030205719097090633,-0.9994264485711928
47576000000,304,47576000000,map,-0.0010169835295528173,-0.0851982831954956,0.5110909938812256,0.015747286179365903,0.0017761511728571376,0.029816745832183578,-0.999429778172225
47608000000,305,47608000000,map,0.004071845673024654,-0.08482564240694046,0.537713885307312,0.01686401632150014,0.0025306726159777674,0.02898780161567127,-0.9994343300318642
47640000000,306,47640000000,map,0.009893991984426975,-0.08371322602033615,0.5644349455833435,0.01795890846920516,0.0028036590708718423,0.02809281328754243,-0.9994401041501103
47676000000,307,47676000000,map,0.015904298052191734,-0.08284962922334671,0.591040313243866,0.018420740464297376,0.002756494113210122,0.027533398167257306,-0.9994473112612057
47708000000,308,47708000000,map,0.022259248420596123,-0.08214125782251358,0.6178852319717407,0.01911322503913251,0.0063545797902082556,0.026828997888094785,-0.9994370695770174
47740000000,309,47740000000,map,0.028768440708518028,-0.08139058202505112,0.6455585360527039,0.01939034665962834,0.01536646816500959,0.02610407209370741,-0.9993530287610867
47776000000,310,47776000000,map,0.03659370541572571,-0.08025762438774109,0.6815072298049927,0.019218088744292428,0.019502426448552535,0.02580407082600683,-0.999292000124443
47808000000,311,47808000000,map,0.04234081134200096,-0.07921233028173447,0.7110157012939453,0.018574764805091425,0.02658728505334028,0.025438657649417384,-0.9991501338323554
47840000000,312,47840000000,map,0.04759596660733223,-0.07809921354055405,0.740940272808075,0.01743066752883895,0.031643015534820636,0.025255234564697974,-0.9990280765590677
47876000000,313,47876000000,map,0.052376821637153625,-0.07695416361093521,0.7709518074989319,0.0167783732667815,0.03258089684238791,0.02529932016824044,-0.9990080146591765
47908000000,314,47908000000,map,0.05672130361199379,-0.07586247473955154,0.8009161949157715,0.015468315530527788,0.03404121863029508,0.025352509491061163,-0.9989791019210981
47940000000,315,47940000000,map,0.060640498995780945,-0.0748431533575058,0.8307610154151917,0.014524280783077926,0.03473495378115087,0.025370548342223857,-0.9989689866774555
47976000000,316,47976000000,map,0.06492641568183899,-0.07372711598873138,0.8678398728370667,0.014109618355458986,0.03454593109248009,0.02538407748059585,-0.9989810828229782
48008000000,317,48008000000,map,0.06988030672073364,-0.07229768484830856,0.8975676894187927,0.013667835747912301,0.033770955256941515,0.025419944448678514,-0.9990128193999068
48040000000,318,48040000000,map,0.07627316564321518,-0.07041577249765396,0.9271574020385742,0.013555273369340847,0.032433671315094274,0.02544885718675705,-0.9990579165278135
48076000000,319,48076000000,map,0.08215397596359253,-0.06887421011924744,0.95570969581604,0.013611584193129434,0.03169824832124966,0.02554617425996875,-0.9990782734556443
48108000000,320,48108000000,map,0.08782175928354263,-0.06767157465219498,0.9827635884284973,0.013863832422922627,0.03075356424891492,0.02566212024022219,-0.9991014120754766
48140000000,321,48140000000,map,0.09356514364480972,-0.0668686106801033,1.007906436920166,0.014635776319546446,0.030304517895445186,0.02570359273915696,-0.9991030136557202
48176000000,322,48176000000,map,0.1011674776673317,-0.06659621000289917,1.0364775657653809,0.015213551660714102,0.03046408059555137,0.02571455091976971,-0.9990892737831055
48208000000,323,48208000000,map,0.1075974702835083,-0.06692013889551163,1.0570122003555298,0.016658853365483207,0.031932480090393456,0.025745065238091617,-0.9990195628956685
48240000000,324,48240000000,map,0.11443471908569336,-0.06775803864002228,1.0752627849578857,0.01864861662039464,0.03466249478748204,0.025727616442808136,-0.998893796699712
48276000000,325,48276000000,map,0.12167666852474213,-0.06914175301790237,1.0910954475402832,0.019841694461517345,0.036331909725029796,0.025738574623420944,-0.9988112731703277
48308000000,326,48308000000,map,0.12910568714141846,-0.0709632933139801,1.1048403978347778,0.022312797116936456,0.04032724525431129,0.025726942093231956,-0.9986060180180796
48340000000,327,48340000000,map,0.13639265298843384,-0.07310045510530472,1.11703622341156,0.024664173746626283,0.04449730317827274,0.02570464641036963,-0.9983741682044213
48376000000,328,48376000000,map,0.14482508599758148,-0.07605177164077759,1.131066918373108,0.025683512400019464,0.04622357882427324,0.025688967782723563,-0.9982704026633873
48408000000,329,48408000000,map,0.15492630004882812,-0.07633539289236069,1.1437911987304688,0.027452688269447995,0.048658461531753315,0.025590259863511048,-0.998110160345349
48440000000,330,48440000000,map,0.16540947556495667,-0.076064333319664,1.1571338176727295,0.02838581817839017,0.04932315025999551,0.025513679039766816,-0.9980533885404048
48476000000,331,48476000000,map,0.1750108301639557,-0.0759737566113472,1.1700820922851562,0.0287416021171839,0.04933739984605924,0.02541299021867433,-0.9980450856112482
48508000000,332,48508000000,map,0.18385407328605652,-0.07610778510570526,1.1821645498275757,0.029104262577729984,0.04907813087326644,0.025207060716850086,-0.998052587750283
48540000000,333,48540000000,map,0.19202373921871185,-0.07648076862096786,1.1932822465896606,0.02920095205802553,0.04872851288670096,0.025008001151333063,-0.9980718488600526
48576000000,334,48576000000,map,0.20137250423431396,-0.07727798819541931,1.2055820226669312,0.029288344865501886,0.04844500552474735,0.024923581013765742,-0.9980852094110306
48608000000,335,48608000000,map,0.2081683874130249,-0.07813780754804611,1.2144376039505005,0.029413282612467347,0.048000452420455586,0.024725153650976498,-0.9981079687092265
48640000000,336,48640000000,map,0.21422521770000458,-0.07914091646671295,1.2226808071136475,0.029605980638037186,0.04733312292873637,0.024517369687817762,-0.9981392416708215
48676000000,337,48676000000,map,0.21940083801746368,-0.0802391916513443,1.2306541204452515,0.029692577265203392,0.04692098404367202,0.024418746062302325,-0.9981586292211365
48708000000,338,48708000000,map,0.22370879352092743,-0.08138036727905273,1.2389881610870361,0.029839383299645438,0.04549514759746988,0.024178340438396177,-0.9982260641787539
48740000000,339,48740000000,map,0.22741830348968506,-0.08258625864982605,1.2476621866226196,0.029817163349401595,0.04354032737269651,0.02389937044810248,-0.9983205995599639
48776000000,340,48776000000,map,0.23116403818130493,-0.084227055311203,1.2586466073989868,0.02986123248933129,0.04270057841644177,0.023808670430107096,-0.9983577730803505
48808000000,341,48808000000,map,0.23741205036640167,-0.0843181312084198,1.267442226409912,0.029972224239251208,0.041201954362861316,0.023548245053158227,-0.9984235643108761
48840000000,342,48840000000,map,0.24646644294261932,-0.08337626606225967,1.2761141061782837,0.030281052637536745,0.0395601950019263,0.023228013298172537,-0.9984881332827946
48876000000,343,48876000000,map,0.25430768728256226,-0.08276885747909546,1.2842110395431519,0.030460688103518496,0.03878026724095995,0.0230970208930007,-0.9985162873775999
48908000000,344,48904000000,map,0.26098528504371643,-0.08248008042573929,1.2918614149093628,0.030836241548441865,0.03734424113558578,0.02269380199329685,-0.9985687602039961
48940000000,345,48940000000,map,0.2665657103061676,-0.08245940506458282,1.2991172075271606,0.031149578013156806,0.03618442209702198,0.02232699797070659,-0.9986100219686882
48976000000,346,48976000000,map,0.27204057574272156,-0.08270162343978882,1.3077056407928467,0.031336873998127665,0.03567816929923281,0.02212085773463979,-0.9986269228549411
49008000000,347,49008000000,map,0.2755696177482605,-0.08305953443050385,1.3146963119506836,0.03168944177018053,0.03465646762350886,0.021720589114331893,-0.9986605981869012
49040000000,348,49040000000,map,0.2784842848777771,-0.08364178240299225,1.3216068744659424,0.03217158846393693,0.03402974670264797,0.021218620148567128,-0.9986775412200026
49076000000,349,49076000000,map,0.2807621955871582,-0.08443215489387512,1.3281102180480957,0.03245911920356207,0.033978464853994576,0.020932190166087054,-0.9986760239334562
49108000000,350,49108000000,map,0.2823478579521179,-0.08537524193525314,1.3341809511184692,0.03276349275404627,0.03412053179636202,0.020311367087521574,-0.9986740851784248
49140000000,351,49140000000,map,0.28328168392181396,-0.0863817110657692,1.3399840593338013,0.03317584224987608,0.03413175285971064,0.019649324391112447,-0.9986733265351515
49176000000,352,49176000000,map,0.2834254205226898,-0.08777941763401031,1.3471623659133911,0.03334790412474377,0.03410150459336997,0.019276366928639602,-0.9986758131992137
49208000000,353,49208000000,map,0.28754374384880066,-0.08735266327857971,1.3538318872451782,0.03358326450797984,0.03365136387012239,0.018545624869157732,-0.9986970552108632
49240000000,354,49240000000,map,0.29505839943885803,-0.08555956184864044,1.361486554145813,0.03368730915612527,0.032448967081427,0.01758990293232471,-0.998750666002169
49276000000,355,49276000000,map,0.3010152280330658,-0.0840049535036087,1.3694627285003662,0.03367668839725472,0.03193921650680173,0.017178043928676282,-0.9987746054121233
49308000000,356,49308000000,map,0.30542513728141785,-0.08262165635824203,1.3779864311218262,0.03344268185033264,0.030433769932118573,0.01610949487837954,-0.9988473087258045
49340000000,357,49340000000,map,0.3083975315093994,-0.08146490156650543,1.3872623443603516,0.03305024266568009,0.028595113007286312,0.014888205649079335,-0.9989336676184034
49376000000,358,49376000000,map,0.3105790317058563,-0.08064926415681839,1.3997801542282104,0.033413888473446236,0.02764957200391057,0.014056100418928743,-0.9989601779861168
49408000000,359,49408000000,map,0.31110188364982605,-0.0804741308093071,1.4104639291763306,0.03425946258514634,0.02660563901805001,0.012681649542140074,-0.998978343277825
49440000000,360,49440000000,map,0.3104593753814697,-0.08044775575399399,1.4226821660995483,0.03461494095928836,0.02528673637050959,0.011050187183131834,-0.999019689336214
49476000000,361,49476000000,map,0.30894026160240173,-0.08094561845064163,1.4361108541488647,0.03556770076292449,0.024892311674165463,0.010184069446232959,-0.9990053594077204
49508000000,362,49508000000,map,0.3066452443599701,-0.08187973499298096,1.4502081871032715,0.03756896121712854,0.024402558379751544,0.008283120137846047,-0.9989617374195117
49540000000,363,49540000000,map,0.30352699756622314,-0.08320088684558868,1.4643652439117432,0.03868368213996892,0.023447236837979363,0.006309888984263103,-0.9989564269165992
49576000000,364,49576000000,map,0.29863086342811584,-0.085328608751297,1.4811066389083862,0.039431206547692235,0.02277023991288297,0.005299924053396523,-0.9989487983370187
49608000000,365,49608000000,map,0.30124160647392273,-0.08394738286733627,1.495098352432251,0.04093346379132323,0.0209988908465781,0.0030277874501742365,-0.9989365757509505
49640000000,366,49640000000,map,0.30509787797927856,-0.08190391212701797,1.5081778764724731,0.04215993379026771,0.019291098569283148,0.0009400854560355788,-0.9989241845774883
49676000000,367,49676000000,map,0.3078438341617584,-0.08038493990898132,1.519289255142212,0.04266755175082194,0.01857152410756764,0.00012201512643916893,-0.9989166824384534
49708000000,368,49708000000,map,0.3096587359905243,-0.07927011698484421,1.5280810594558716,0.04361823845634693,0.017413501249149366,-0.001995864011233305,-0.9988945131961368
49740000000,369,49740000000,map,0.3106658160686493,-0.07850883901119232,1.5344631671905518,0.04500612627527658,0.016161463259682454,0.02011681723479536,-0.9986533489289573
49776000000,370,49776000000,map,0.31081366539001465,-0.07783937454223633,1.539563775062561,0.045497462381415436,0.016438358834775915,0.018746960364494303,-0.9986532646352604
49808000000,371,49808000000,map,0.3101286292076111,-0.07737267017364502,1.541996717453003,0.046183834346127474,0.017933370771730094,0.015539964514451778,-0.9986511151459863
49840000000,372,49840000000,map,0.3089061379432678,-0.07667462527751923,1.5444636344909668,0.04646131734292206,0.020563035139603253,0.012271012797098359,-0.9986331184416721
49876000000,373,49876000000,map,0.30720049142837524,-0.07578656822443008,1.547958254814148,0.04630364861682083,0.02241529166706986,0.010585265297208104,-0.9986198421843913
49908000000,374,49908000000,map,0.304497629404068,-0.07454841583967209,1.5533889532089233,0.045675748160428076,0.0251536586841532,0.007781488346869482,-0.9986093054722636
49940000000,375,49940000000,map,0.3008028268814087,-0.07290010154247284,1.5607985258102417,0.04423241023538178,0.027134405806205845,0.00527295007034956,-0.9986387661193726
49976000000,376,49976000000,map,0.29476290941238403,-0.07034826278686523,1.5729485750198364,0.04339516835806894,0.027606513729800622,0.004285280822345252,-0.998667341682663
50008000000,377,50008000000,map,0.29685071110725403,-0.06548651307821274,1.5849868059158325,0.04122983318606226,0.027405814388458793,0.0025460489716946384,-0.9987705171678176
50040000000,378,50040000000,map,0.300042986869812,-0.05991523712873459,1.5981866121292114,0.03940002512378376,0.025918934159089184,0.0012867432850376963,-0.9988864631480712
50076000000,379,50076000000,map,0.30177736282348633,-0.05467493459582329,1.61173677444458,0.03864855208319058,0.024871147700040164,0.0007932879826721433,-0.9989430242187728
50108000000,380,50108000000,map,0.30228495597839355,-0.049832187592983246,1.6246875524520874,0.037366776857921204,0.02286205484673043,-0.000209469837099073,-0.9990400462640449
50140000000,381,50140000000,map,0.3018993139266968,-0.045535679906606674,1.6367504596710205,0.03710748286043711,0.021843419518871775,-0.0009470818328882178,-0.9990721200157616
50176000000,382,50176000000,map,0.30040305852890015,-0.04090566188097,1.6495251655578613,0.03713182727526371,0.021654628637867795,-0.001294203277223903,-0.9990749017077634
50208000000,383,50208000000,map,0.29853782057762146,-0.03778892010450363,1.6577885150909424,0.03781251600087185,0.021979105370752025,-0.0019700701399447116,-0.9990411842289546
50240000000,384,50240000000,map,0.29612913727760315,-0.03512781485915184,1.6643517017364502,0.039020280043067075,0.023212133814451502,-0.0026443775692704384,-0.9989652777547864
50276000000,385,50276000000,map,0.293180912733078,-0.032914381474256516,1.6692506074905396,0.039755641133727954,0.02423353239506565,-0.002902695603793691,-0.9989113719355411
50308000000,386,50308000000,map,0.2896084487438202,-0.031121335923671722,1.6728425025939941,0.041461306970806626,0.026109890334435414,-0.003384602669667334,-0.9987931921723165
50340000000,387,50340000000,map,0.2852312922477722,-0.029798757284879684,1.6763451099395752,0.04360824306780478,0.027241125577902474,-0.003535151212548158,-0.998671050605332
50376000000,388,50376000000,map,0.27863553166389465,-0.028161196038126945,1.682265281677246,0.04453605325421147,0.027934968071513064,-0.0035579948044410763,-0.9986108649056584
50408000000,389,50408000000,map,0.27694588899612427,-0.024200405925512314,1.690006136894226,0.04599547086050918,0.02886182600256122,-0.003471635911842295,-0.9985186054542681
50440000000,390,50440000000,map,0.2786824703216553,-0.01756870746612549,1.7006009817123413,0.04648375000304198,0.028762114461518537,-0.003200252354280673,-0.9984997658129837
50476000000,391,50468022328,map,0.27954044938087463,-0.010897564701735973,1.7122546434402466,0.04633440988933322,0.028995411097461003,-0.002975483211172079,-0.9985006508968024
50508000000,392,50500022328,map,0.2796465754508972,-0.0043577891774475574,1.7246521711349487,0.045238786757224335,0.02960132999672181,-0.002511235674824473,-0.9985344105224596
50540000000,393,50532022328,map,0.2790490984916687,0.0018811586778610945,1.7369767427444458,0.04354143636164796,0.03065835912794036,-0.00192354001918865,-0.9985792547692751
50576000000,394,50572022435,map,0.2774792015552521,0.009144028648734093,1.751575231552124,0.04296776243567602,0.03156057300641078,-0.0016092088229943105,-0.9985765573709705
50608000000,395,50604022435,map,0.2757008373737335,0.014533787034451962,1.7631171941757202,0.04220477836635556,0.033642842996175315,-0.0009030383761943185,-0.9985419548083432
50640000000,396,50636022435,map,0.27330806851387024,0.019603563472628593,1.7746855020523071,0.04210628315701913,0.03590361377973434,-0.00018666839205466526,-0.9984678185018124
50676000000,397,50668022543,map,0.27020978927612305,0.02427762560546398,1.78616464138031,0.04223776848275521,0.03680616977207665,0.00018679483260036992,-0.998429422722819
50708000000,398,50700022543,map,0.26645132899284363,0.02854091301560402,1.7973251342773438,0.042566367539623284,0.038084092676610455,0.0009700940121752956,-0.9983670875338714
50740000000,399,50732022543,map,0.2620766758918762,0.032323554158210754,1.80807626247406,0.04355663787379798,0.03864955735138201,0.0018310276867073451,-0.9983014648907399
50776000000,400,50772022649,map,0.25589725375175476,0.03639259189367294,1.82051682472229,0.04414623079616138,0.038781286667858295,0.0022699871139482707,-0.9982694754327202
50808000000,401,50804022649,map,0.25535887479782104,0.04164677858352661,1.831142544746399,0.04573442678099512,0.03885321816737623,0.003160676463529024,-0.9981928103152788
50840000000,402,50836022649,map,0.2558760643005371,0.047133225947618484,1.8406355381011963,0.04803274843094382,0.03859898179171344,0.004051871575291968,-0.9980915314383072
50876000000,403,50868022755,map,0.25586146116256714,0.05192919448018074,1.8479790687561035,0.04920392867935934,0.03852368809321,0.004479324912889329,-0.9980354761297877
50908000000,404,50900022755,map,0.25537899136543274,0.056104741990566254,1.853344440460205,0.05145546008347136,0.03876085960503743,0.0052628769735553775,-0.9979089934374066
50940000000,405,50932022755,map,0.2545064091682434,0.05979236587882042,1.857855200767517,0.05411189099287148,0.040203093809488354,0.005881424122301362,-0.9977078686763126
50976000000,406,50972022861,map,0.25294622778892517,0.06396934390068054,1.862667441368103,0.055405701119024243,0.04126487104660947,0.006170509356237533,-0.997591838402362
51008000000,407,51004022861,map,0.25092822313308716,0.06704612076282501,1.866673231124878,0.05720269127429193,0.04311609102502051,0.006657684778174913,-0.9974089632266733
51040000000,408,51036022861,map,0.24820983409881592,0.07013095170259476,1.871603012084961,0.058675575457233384,0.04459418166084207,0.007158389338484397,-0.9972548743485175
51076000000,409,51068022966,map,0.24480238556861877,0.0732591301202774,1.8775125741958618,0.05924855396020489,0.0451721282235818,0.007359134777941759,-0.997193550683934
51108000000,410,51100022966,map,0.24067069590091705,0.07647345215082169,1.8845090866088867,0.05943320457188718,0.045595783076457244,0.007706593397065589,-0.9971606761420955
51140000000,411,51132022966,map,0.2358272224664688,0.07974084466695786,1.8924119472503662,0.05906747726956742,0.045054404831701284,0.007932374064538453,-0.9972052253609716
51176000000,412,51172023071,map,0.2289307564496994,0.08379212766885757,1.9031418561935425,0.058832377538762096,0.04452747900471752,0.008018817250834313,-0.9972421038534186
51208000000,413,51204023071,map,0.22478777170181274,0.08785386383533478,1.912825584411621,0.05811290120017828,0.04324648678886814,0.00815912410952702,-0.9973395052203273
51240000000,414,51236023071,map,0.22204801440238953,0.09256400167942047,1.9229960441589355,0.057921725070966386,0.04165798062957114,0.008131012161570307,-0.9974185305612853
51276000000,415,51268023175,map,0.21906684339046478,0.09654826670885086,1.9323958158493042,0.05815852318805779,0.04138074261133353,0.008046044114972286,-0.9974169289810417
51308000000,416,51300023175,map,0.2159171849489212,0.09988073259592056,1.9403269290924072,0.05899078515180128,0.041314341568593635,0.007798220645728218,-0.9973727590838024
51340000000,417,51332023175,map,0.2126411646604538,0.10245378315448761,1.9470412731170654,0.0606880156922772,0.04210533452365536,0.0074351676926554,-0.9972406708605692
51376000000,418,51372023278,map,0.2085898518562317,0.10463184863328934,1.9542094469070435,0.06212064436653468,0.0430852862885706,0.00716437419097288,-0.9971125865879447
51408000000,419,51404023278,map,0.2052178680896759,0.10583730041980743,1.9592376947402954,0.06484650167214437,0.04519747626023857,0.006701896822262912,-0.9968487051694179
51440000000,420,51436023278,map,0.20170149207115173,0.1065916121006012,1.9639548063278198,0.0678237860025458,0.04780142512361951,0.0061807088935771385,-0.9965323509244952
51476000000,421,51468023381,map,0.19802306592464447,0.10716012865304947,1.9691983461380005,0.0691570910184758,0.04915754212130603,0.005891918687580547,-0.9963764918787019
51508000000,422,51500023381,map,0.1940814107656479,0.10755360126495361,1.9755539894104004,0.07152829247203393,0.05176906753925132,0.005321713974076606,-0.9960799887994278
51540000000,423,51532023381,map,0.18990786373615265,0.10786007344722748,1.982365608215332,0.07321326354794926,0.05395903556857909,0.0047080137129095236,-0.9958444300631003
51576000000,424,51572023484,map,0.18440550565719604,0.10815639048814774,1.9912080764770508,0.07374862137881324,0.05470743913322056,0.004449611384689193,-0.9957653204284453
51608000000,425,51604023484,map,0.18081961572170258,0.11027902364730835,1.9985774755477905,0.07446133183112205,0.05584552323957065,0.0037830168286409095,-0.995651861112254
51640000000,426,51636023484,map,0.1773567497730255,0.11273818463087082,2.005770206451416,0.0751874937135509,0.056697908347844564,0.0029648622053474773,-0.9955518044938891
51676000000,427,51668023586,map,0.17380057275295258,0.11483323574066162,2.01235294342041,0.07555786770591899,0.057050616225241504,0.00256636375267694,-0.9955047264641026
51708000000,428,51700023586,map,0.17016710340976715,0.11658937484025955,2.0181846618652344,0.076078584116737,0.05757991478808753,0.0016800155284928432,-0.995436532863212
51740000000,429,51732023586,map,0.16650637984275818,0.11803710460662842,2.023179054260254,0.0767001289600832,0.05819822486081053,0.0007554401127093416,-0.9953539671869791
51776000000,430,51772023687,map,0.16171720623970032,0.1195722371339798,2.0286827087402344,0.07707966462364635,0.05835252118048638,0.00029962194606403616,-0.9953158242890767
51808000000,431,51804023687,map,0.157628133893013,0.12095262110233307,2.0333080291748047,0.07756853645623633,0.05844189357275373,-0.0006261757283262357,-0.9952724973288075
51840000000,432,51836023687,map,0.15327435731887817,0.12254123389720917,2.038207769393921,0.07782369018439875,0.05836976253424987,-0.0015099108479026922,-0.9952558071767972
51876000000,433,51868023788,map,0.1485576629638672,0.12450390309095383,2.043898582458496,0.07747485849997579,0.058108033897719756,-0.0019858330612877416,-0.995297532556823
51908000000,434,51900023788,map,0.14345040917396545,0.12681561708450317,2.0500125885009766,0.07641682442983805,0.0571947123490332,-0.0028023018106407248,-0.9954302951296323
51940000000,435,51932023788,map,0.13801886141300201,0.12949955463409424,2.0565786361694336,0.07495759911853667,0.056053371740091146,-0.003525541731087708,-0.9956038558518001
51976000000,436,51972023888,map,0.13084495067596436,0.1332559436559677,2.0653724670410156,0.07415174874083034,0.05536966819772545,-0.003908825171445803,-0.9957010464844662
52008000000,437,52004023888,map,0.12462484836578369,0.13676764070987701,2.073272466659546,0.0725656304639193,0.05429292751229395,-0.004619842505824475,-0.995874101444452
52040000000,438,52036023888,map,0.11804325878620148,0.1405431181192398,2.0818841457366943,0.07118347264075361,0.05376576987764338,-0.005246566143181582,-0.9959992775845293
52076000000,439,52068023988,map,0.11135907471179962,0.14444470405578613,2.091362237930298,0.07054814182667729,0.0537872950634313,-0.0055164324141968,-0.9960418880483739
52108000000,440,52100023988,map,0.10478062927722931,0.1483774036169052,2.1014010906219482,0.06980695920256584,0.05452764528728465,-0.005926605543904836,-0.9960515818235314
52140000000,441,52132023988,map,0.09831731021404266,0.15235719084739685,2.1116292476654053,0.06902150592390527,0.055673074799076766,-0.006185007872125111,-0.9960413401393433
52176000000,442,52172024088,map,0.09052035957574844,0.1571456640958786,2.124350070953369,0.06883821323099845,0.05632417643703027,-0.006332690429307283,-0.9960164734987218
52208000000,443,52204024088,map,0.0846516564488411,0.16075602173805237,2.134145498275757,0.06869367061403034,0.058319724346899825,-0.006487453657039285,-0.9959106849089594
52240000000,444,52236024088,map,0.07917270809412003,0.1641463339328766,2.1434223651885986,0.06883958662556984,0.06097656322462264,-0.006534236658886413,-0.9957410859905516
52276000000,445,52268024186,map,0.0741044133901596,0.16735348105430603,2.152121067047119,0.06919314797664912,0.06257957448525246,-0.006472912994303078,-0.9956175535775662
52308000000,446,52300024186,map,0.06938698887825012,0.17037823796272278,2.1602084636688232,0.07004171533777413,0.06585001862909712,-0.00626323242296128,-0.9953485302435212
52340000000,447,52332024186,map,0.06496365368366241,0.17326262593269348,2.1678452491760254,0.07097855359315883,0.06912219647367712,-0.005938533102033401,-0.9950622688484352
52376000000,448,52372024285,map,0.0596417598426342,0.176772803068161,2.176603078842163,0.07164981986394676,0.07066962460219968,-0.005667571012956836,-0.9949070420053696
52408000000,449,52404024285,map,0.053847115486860275,0.1807815581560135,2.184932231903076,0.07279817926083441,0.07338836499673208,-0.005007846393215882,-0.9946303479448955
52440000000,450,52436024285,map,0.046472176909446716,0.18594934046268463,2.1941685676574707,0.07390533356901662,0.07534427505092761,-0.00420692983096332,-0.9944061688576661
52476000000,451,52468024383,map,0.038844868540763855,0.19124025106430054,2.202806234359741,0.07427154012710206,0.07593656158496478,-0.003748161384922228,-0.9943356571801073
52508000000,452,52500024383,map,0.030882664024829865,0.19669702649116516,2.210885524749756,0.07473540447286398,0.07605751637242791,-0.002795094699545415,-0.9942948168839003
52540000000,453,52532024383,map,0.022584956139326096,0.20232415199279785,2.2184009552001953,0.07453626481187124,0.07528321134678878,-0.0017665008616369836,-0.9943709762391595
52576000000,454,52572024480,map,0.011830274015665054,0.20962168276309967,2.2269444465637207,0.0742620585061737,0.07456257290352304,-0.0012026181754097819,-0.9944467141259336
52608000000,455,52604024480,map,0.002926700748503208,0.21581241488456726,2.2339282035827637,0.07333071617256698,0.07331777861810317,-0.0001129535540091386,-0.9946090637863976
52640000000,456,52636024480,map,-0.006219923496246338,0.22225479781627655,2.241607427597046,0.07190866660681235,0.07201938608973724,0.0010940057467973595,-0.9948071118275502
52676000000,457,52676024577,map,-0.01773730292916298,0.23065413534641266,2.2517142295837402,0.07093790941973806,0.07170782541086759,0.0016229908424575433,-0.9948986126356674
52708000000,458,52708024577,map,-0.026840079575777054,0.23747076094150543,2.2603847980499268,0.0693252016262956,0.07152647884045894,0.0026810453274750444,-0.9950230301324715
52740000000,459,52740024577,map,-0.0357707142829895,0.24445484578609467,2.269892692565918,0.06773802572690474,0.07223369176321512,0.0037362338267938376,-0.9950778210355357
52776000000,460,52772024673,map,-0.04442094638943672,0.25175338983535767,2.280644416809082,0.06684747335458167,0.07321233104892594,0.004226401674975515,-0.9950645869251032
52808000000,461,52804024673,map,-0.05403989553451538,0.2593343257904053,2.2930562496185303,0.06577663454503072,0.07512747660127138,0.005196959302484376,-0.9949886383040866
52840000000,462,52836024673,map,-0.06442594528198242,0.2671320140361786,2.3066108226776123,0.06443049778936268,0.07785758942149165,0.0061561794277438285,-0.9948613126747352
52876000000,463,52868024769,map,-0.07420908659696579,0.2746400237083435,2.3196420669555664,0.06416353108981607,0.07945564842742145,0.006626917578761942,-0.9947491599108478
52908000000,464,52900024769,map,-0.08335711807012558,0.2816369831562042,2.33160138130188,0.06479677761052463,0.08263139173074854,0.007689186748630566,-0.9944417407978092
52940000000,465,52932024769,map,-0.09194686263799667,0.2881777286529541,2.342573881149292,0.06600140105396128,0.08560260428078637,0.008774383804089075,-0.9941021214925084
52976000000,466,52972024864,map,-0.10200615227222443,0.29569369554519653,2.354390859603882,0.0672520449047048,0.08681439005429185,0.009346738006866978,-0.9939079931082673
53008000000,467,53004024864,map,-0.10955992341041565,0.30134117603302,2.3625307083129883,0.07008442441865873,0.08879337886250818,0.010541516868453787,-0.9935254683111824
53040000000,468,53036024864,map,-0.11678371578454971,0.3067041337490082,2.3695425987243652,0.07332332148175685,0.09019741024150651,0.01183352850955533,-0.993150572093678
53076000000,469,53068024959,map,-0.12371832877397537,0.3118515610694885,2.3752593994140625,0.07459597388995715,0.09046547802747047,0.012293687801597236,-0.9930259017157828
53108000000,470,53100024959,map,-0.13044393062591553,0.31687161326408386,2.379948854446411,0.07725174164503773,0.09074488002296131,0.013390559534093188,-0.9927830937215116
53140000000,471,53132024959,map,-0.1369667798280716,0.32179564237594604,2.3835020065307617,0.07999254560607284,0.09064781089175691,0.014369082915970726,-0.9925611905641016
53176000000,472,53172025053,map,-0.14491255581378937,0.3279699981212616,2.3871066570281982,0.08126095303637468,0.09041084221163793,0.014861779575063077,-0.9924725135948348
53208000000,473,53204025053,map,-0.15259720385074615,0.33419910073280334,2.3919999599456787,0.08319788587522221,0.09016862361470132,0.015628135721536658,-0.9923223443735905
53240000000,474,53236025053,map,-0.16163261234760284,0.3416650593280792,2.398906707763672,0.08491554775905831,0.0896418420089648,0.016288745425096347,-0.9922138583855233
53276000000,475,53268025147,map,-0.1707257628440857,0.3493342101573944,2.4065940380096436,0.0853701917408459,0.08930092076117174,0.016530752629245922,-0.9922016357994552
53308000000,476,53300025147,map,-0.179762065410614,0.3571285307407379,2.4146769046783447,0.08556087552572,0.0881584346963761,0.016926258655672106,-0.9922807032872616
53340000000,477,53332025147,map,-0.18856769800186157,0.36499032378196716,2.4230387210845947,0.08553473106179889,0.08666565942352522,0.01719026651474443,-0.992409925524796
53376000000,478,53372025240,map,-0.19881148636341095,0.3745194971561432,2.4326350688934326,0.08550122423491467,0.0862173750883693,0.017240252677078245,-0.9924509765552457
53408000000,479,53404025240,map,-0.2073470950126648,0.38190722465515137,2.4409847259521484,0.08559543108473318,0.08598998419725636,0.017221244448399904,-0.9924629041133743
53440000000,480,53436025240,map,-0.21540918946266174,0.3889688551425934,2.448861598968506,0.08644086728280764,0.08662842263141705,0.017092865147835708,-0.9923362949804476
53476000000,481,53468025333,map,-0.2224472314119339,0.39552900195121765,2.455540895462036,0.08717587855256793,0.0875583277816705,0.017026526008279592,-0.9921915627026612
53508000000,482,53500025333,map,-0.2285623550415039,0.40164509415626526,2.4613404273986816,0.08876784989074787,0.09027672517741184,0.016723152992698172,-0.991811819597578
53540000000,483,53532025333,map,-0.23395469784736633,0.4074212610721588,2.466374397277832,0.09058651809644738,0.0931114905158001,0.01636014218647381,-0.9913913204899849
53576000000,484,53572025425,map,-0.2398097962141037,0.4141925275325775,2.4716062545776367,0.09142073190379446,0.09467762402484546,0.016158553810046224,-0.991169670213666
53608000000,485,53604025425,map,-0.24403147399425507,0.4192531704902649,2.4747586250305176,0.09293520695904595,0.09758384761620464,0.01569055520418123,-0.9907544394621368
53640000000,486,53636025425,map,-0.24798592925071716,0.42404165863990784,2.477240562438965,0.09428657618010218,0.09980090454459602,0.01516624840870568,-0.9904139772198657
53676000000,487,53668025517,map,-0.25185146927833557,0.42856088280677795,2.4788336753845215,0.09482718754977859,0.10051860841063662,0.014882852999318526,-0.9902941115827006
53708000000,488,53700025517,map,-0.2557057738304138,0.4328131377696991,2.47975754737854,0.09594989826386206,0.10140923157649429,0.014316525795877617,-0.9901034813868859
53740000000,489,53732025517,map,-0.25960367918014526,0.4367460310459137,2.479956865310669,0.09746600733267398,0.10178530527157896,0.013767520947174657,-0.9899246101618057
53776000000,490,53772025608,map,-0.26469865441322327,0.4414394199848175,2.479858875274658,0.09820654507707598,0.10188976969297188,0.013472197979658825,-0.9898446575901806
53808000000,491,53804025608,map,-0.2706223428249359,0.44583478569984436,2.482607364654541,0.0996009262271724,0.1017323563998217,0.012756965960428975,-0.9897310296865952
53840000000,492,53836025608,map,-0.2781049907207489,0.4508688747882843,2.487571954727173,0.10101075620375084,0.10134821212860434,0.012100908116508331,-0.9896357778089606
53876000000,493,53868025699,map,-0.2856598198413849,0.45588454604148865,2.4928157329559326,0.1014619066789519,0.10104628257055613,0.011754123846960791,-0.9896247353346507
53908000000,494,53900025699,map,-0.2931169271469116,0.46091392636299133,2.497969388961792,0.10190889193216825,0.10028595657208553,0.011000622489283025,-0.989664774840736
53940000000,495,53932025699,map,-0.3003922402858734,0.46590638160705566,2.5031657218933105,0.10217193345949309,0.099704917072746,0.010127339788137298,-0.9897056572837917
53976000000,496,53972025789,map,-0.30907759070396423,0.47218331694602966,2.509624719619751,0.10224487524860433,0.09970320345761816,0.009581495953072679,-0.9897037606756086
54008000000,497,54004025789,map,-0.3157145380973816,0.4773291349411011,2.5154800415039062,0.1022438120284962,0.09989215732838787,0.008799714060044102,-0.9896920859985712
54040000000,498,54036025789,map,-0.3221293091773987,0.4826696515083313,2.5220324993133545,0.10188075512415631,0.10066403866328341,0.00783724862744934,-0.9896593800441267
54076000000,499,54068025879,map,-0.3282985985279083,0.4881105422973633,2.529019832611084,0.10149610454539967,0.1011008038202238,0.007346912191873617,-0.9896581999323684
54108000000,500,54100025879,map,-0.33415040373802185,0.49353423714637756,2.5362069606781006,0.1005419847650365,0.10190171980624986,0.006238997985067724,-0.9896810013774127
54140000000,501,54132025879,map,-0.33968234062194824,0.49880310893058777,2.5433309078216553,0.09949445843106812,0.10228473785317121,0.005194219757331148,-0.9897533675163059
54176000000,502,54172025968,map,-0.3461092710494995,0.5050200819969177,2.5522005558013916,0.09911474100922078,0.10260827352595353,0.004723355165767446,-0.9897603638931587
54208000000,503,54204025968,map,-0.3537369966506958,0.5108256936073303,2.5600314140319824,0.09880624435273114,0.10310948664725925,0.003644522284434133,-0.9897437158879969
54240000000,504,54236025968,map,-0.3615715503692627,0.5162659883499146,2.5670127868652344,0.09946266703030913,0.103805240237032,0.0027842208126297517,-0.9896080030357919
54276000000,505,54268026057,map,-0.36867764592170715,0.5208276510238647,2.5721986293792725,0.09993830425855832,0.1040947368966496,0.00230252448099872,-0.9895309164498653
54308000000,506,54300026057,map,-0.37536734342575073,0.524902880191803,2.576673746109009,0.10097463204316845,0.10426578988133106,0.0013531245714423275,-0.989409449232457
54340000000,507,54332026057,map,-0.38151389360427856,0.5283828377723694,2.5799591541290283,0.10210941626530709,0.10420861628191894,0.0005995389200675391,-0.9892997831326317
54376000000,508,54372026145,map,-0.3884291350841522,0.5320877432823181,2.5826256275177,0.10258806617004416,0.10412534596306257,0.0002623641319804479,-0.9892591535706672
54408000000,509,54404026145,map,-0.3933519721031189,0.5345958471298218,2.5838067531585693,0.10313247594212455,0.10367188909006868,-0.00043714711275488126,-0.9892500919982374
54440000000,510,54436026145,map,-0.3976360857486725,0.5367094874382019,2.5837879180908203,0.10355655500056073,0.10333861541674923,-0.0010702770710855284,-0.9892401453419888
54476000000,511,54468026232,map,-0.4012615978717804,0.5385107398033142,2.582841396331787,0.10369414301709325,0.10317755160559614,-0.0013566649067170914,-0.9892422105375658
54508000000,512,54500026232,map,-0.40427228808403015,0.5400850772857666,2.581038475036621,0.10383308950804818,0.10304090211788507,-0.0019188617190038996,-0.989240988278959
54540000000,513,54532026232,map,-0.40674325823783875,0.541531503200531,2.5788443088531494,0.1037943217337258,0.1028286221890523,-0.002402707539909004,-0.9892660235069745
54576000000,514,54572026320,map,-0.4091985523700714,0.5433226227760315,2.5756421089172363,0.1037305010330043,0.1025671535129667,-0.002618794432224341,-0.9892993616641466
54608000000,515,54604026320,map,-0.4143706262111664,0.5468281507492065,2.5754497051239014,0.10373712343889464,0.10206163886125293,-0.002905013680461804,-0.9893500643229052
54640000000,516,54636026320,map,-0.42021816968917847,0.5509347915649414,2.5759918689727783,0.10385869701124106,0.10130497550212007,-0.0031827192653001097,-0.9894142539731873
54676000000,517,54668026406,map,-0.42563387751579285,0.5550034046173096,2.5763983726501465,0.10399510536876465,0.10081090898813307,-0.003227942833752267,-0.9894502895286641
54708000000,518,54700026406,map,-0.43074795603752136,0.5591238141059875,2.5771255493164062,0.10460542038188848,0.09982337968083671,-0.003300646147433522,-0.9894858193219588
54740000000,519,54732026406,map,-0.43582937121391296,0.5635910630226135,2.5785393714904785,0.10506461391840946,0.09864199989508156,-0.003277718261843637,-0.9895556987967898
54776000000,520,54772026493,map,-0.44252443313598633,0.5698952078819275,2.5824875831604004,0.10528845912357336,0.09795369641932761,-0.0032482154678860004,-0.9896003744562114
54808000000,521,54804026493,map,-0.44810789823532104,0.5755636692047119,2.5872411727905273,0.10590757854749669,0.09687279504969469,-0.0030279981844166188,-0.9896413833398126
54840000000,522,54836026493,map,-0.453946977853775,0.581867516040802,2.5935792922973633,0.10611398417700019,0.09605214124999341,-0.002770902408500136,-0.9897000517529396
54876000000,523,54868026578,map,-0.4600190222263336,0.5887501239776611,2.6013152599334717,0.10618545041482325,0.09578595657205004,-0.0026275188298661096,-0.9897185963662845
54908000000,524,54900026578,map,-0.4663802981376648,0.5963843464851379,2.610623359680176,0.10587751138089571,0.09587614391314601,-0.002320436891615701,-0.9897436315942999
54940000000,525,54932026578,map,-0.47308820486068726,0.6047576665878296,2.6218199729919434,0.10516854837610959,0.09630683235063897,-0.002015883764275966,-0.9897780234226847
54976000000,526,54972026664,map,-0.48167505860328674,0.6159138083457947,2.637310266494751,0.10467849017558846,0.09665241115446474,-0.0018199430655488288,-0.9897966944765751
55008000000,527,55004026664,map,-0.4911632239818573,0.6261110901832581,2.651721477508545,0.10322369061265299,0.09726069126505892,-0.0014761090753969638,-0.9898904290676633
55040000000,528,55036026664,map,-0.5028132796287537,0.6372121572494507,2.667060375213623,0.10161222759180773,0.09820105001706524,-0.0011169757792356344,-0.9899648182552852
55076000000,529,55068026748,map,-0.5137036442756653,0.6481159329414368,2.682161569595337,0.10093988830506209,0.09890969881380297,-0.0008377107610024132,-0.9899633009687387
55108000000,530,55100026748,map,-0.5237149596214294,0.6586440801620483,2.696592330932617,0.09988778364619715,0.10098023992008519,-0.00028773653478380505,-0.9898612634484938
55140000000,531,55132026748,map,-0.5327516198158264,0.6686375737190247,2.7103161811828613,0.09933927669830131,0.10336708703290495,0.0003192202306215927,-0.9896701274904969
55176000000,532,55172026832,map,-0.5426180958747864,0.680298924446106,2.7262675762176514,0.09907482333386941,0.10459699825617588,0.0006579544521036548,-0.9895672470332818
55208000000,533,55204026832,map,-0.5493800044059753,0.6889092326164246,2.738046407699585,0.09868654252851251,0.10692770086885435,0.0014926727868618882,-0.9893559648816967
55240000000,534,55236026832,map,-0.5551408529281616,0.6967878937721252,2.749143600463867,0.09838281554525806,0.10909242194810734,0.002436129990778253,-0.9891479701842955
55276000000,535,55268026916,map,-0.559901773929596,0.7038348317146301,2.759334087371826,0.09830098809741866,0.11021055610713258,0.002994575733547618,-0.9890306333580411
55308000000,536,55300026916,map,-0.5637291073799133,0.7099948525428772,2.7688050270080566,0.0984065455380587,0.11157564972500743,0.003923998036909855,-0.988863816131635
55340000000,537,55332026916,map,-0.5667580962181091,0.7152194976806641,2.777215003967285,0.09877992644465024,0.11272010327383872,0.00511363498297835,-0.9886913512275284
55376000000,538,55372026999,map,-0.5695765018463135,0.7203689813613892,2.7869021892547607,0.09907542326791619,0.11310626850496372,0.005739684270759167,-0.9886142224947535
55408000000,539,55404026999,map,-0.5758091807365417,0.726062536239624,2.7956700325012207,0.0997759921351313,0.11349388911945137,0.006939689341561368,-0.9884916594592839
55440000000,540,55436026999,map,-0.5860849618911743,0.7335533499717712,2.806220054626465,0.10031722286591749,0.1135484462392152,0.008182515610450587,-0.9884211056348766
55476000000,541,55468027082,map,-0.5958843231201172,0.7403258681297302,2.8165485858917236,0.10055965219709664,0.11347026317668298,0.008816151330963369,-0.9884000322106211
55508000000,542,55500027082,map,-0.6052051186561584,0.7463826537132263,2.826570749282837,0.10106607292373537,0.11323033697317865,0.010142133331964572,-0.9883631537181741
55540000000,543,55532027082,map,-0.6140989661216736,0.7517707943916321,2.8363893032073975,0.10119475910604027,0.11306854444136843,0.011175784791694239,-0.9883573795999281
55576000000,544,55572027164,map,-0.6244380474090576,0.7575376629829407,2.8478024005889893,0.1012663771383724,0.11307696327435848,0.01172445246560911,-0.9883427124966463
55608000000,545,55604027164,map,-0.6319326162338257,0.7613798975944519,2.8559556007385254,0.10101173839201524,0.11338015519020021,0.012674863899529716,-0.9883223134219671
55640000000,546,55636027164,map,-0.6385466456413269,0.7644190192222595,2.8629698753356934,0.10052182671764714,0.11422475366821173,0.013563445906684964,-0.9882631813935062
55676000000,547,55668027246,map,-0.6444624662399292,0.7668297290802002,2.8693597316741943,0.10024004210812641,0.11485456587931117,0.013914360567386715,-0.9882139538744455
55708000000,548,55700027246,map,-0.6497594118118286,0.7687749266624451,2.8756728172302246,0.09944717230121694,0.11625609939899073,0.014533582065708713,-0.9881212308077215
55740000000,549,55732027246,map,-0.654399037361145,0.7702198624610901,2.881545066833496,0.09881625702806664,0.11792454364193371,0.015047857911238645,-0.9879791959282398
55776000000,550,55772027327,map,-0.6591398119926453,0.7710878849029541,2.888312578201294,0.09863188037089965,0.11880811544247215,0.015289148618963473,-0.9878879480012138
55808000000,551,55804027327,map,-0.6662933826446533,0.7738387584686279,2.89548659324646,0.09843500519751569,0.12038696470510409,0.015592142312908348,-0.9877117320275897
55840000000,552,55836027327,map,-0.6737498044967651,0.7764408588409424,2.9026219844818115,0.09883900776518392,0.12173951634282439,0.01591022457862002,-0.9875005341697016
55876000000,553,55868027408,map,-0.6802006363868713,0.7779452800750732,2.9085333347320557,0.09923608903007324,0.12214404706318802,0.01610810403237862,-0.9874075160750382
55908000000,554,55900027408,map,-0.6856974363327026,0.7783941626548767,2.9133925437927246,0.1003799867673398,0.12242934895892588,0.016480429292123906,-0.9872503926237894
55940000000,555,55932027408,map,-0.690302312374115,0.7778186202049255,2.9172232151031494,0.10175916138388431,0.12212019853237593,0.016717252433906656,-0.9871435503628143
55976000000,556,55972027489,map,-0.695126473903656,0.7758975028991699,2.9210891723632812,0.10253756362649792,0.12169005569900784,0.016793201054923275,-0.9871148062121299
56008000000,557,56004027489,map,-0.6987414360046387,0.774000883102417,2.924659490585327,0.10417549091694099,0.12023968188443825,0.01695007162508084,-0.9871183465474048
56040000000,558,56036027489,map,-0.7021384239196777,0.7718627452850342,2.9284989833831787,0.10557768759094008,0.11844916522168404,0.017059526990663605,-0.9871839691905362
56076000000,559,56068027568,map,-0.7053160667419434,0.7696060538291931,2.9328620433807373,0.10627537203321023,0.11751750254990564,0.017047346551443972,-0.9872206790955893
56108000000,560,56100027568,map,-0.7081741690635681,0.7672704458236694,2.937358856201172,0.1074466428314956,0.11584141787358106,0.016966424602303028,-0.987293340262422
56140000000,561,56132027568,map,-0.7106797695159912,0.76495361328125,2.942246675491333,0.10808352484716048,0.11450563574248426,0.016704650526201854,-0.9873841667209631
56176000000,562,56172027648,map,-0.7132587432861328,0.7621279358863831,2.9487380981445312,0.10838794165578707,0.11402021929292767,0.01654546187937623,-0.9874095812706151
56208000000,563,56204027648,map,-0.7193595170974731,0.7635640501976013,2.9553871154785156,0.1084908785831937,0.11340913888644942,0.01611071713698637,-0.9874758782633227
56240000000,564,56236027648,map,-0.7263811826705933,0.766303539276123,2.9632999897003174,0.10819724247743508,0.1131387026451625,0.015622951659169833,-0.9875468957030636
56276000000,565,56268027726,map,-0.7326769232749939,0.7690617442131042,2.9713199138641357,0.10793345835885942,0.11321769390644215,0.01533896619390341,-0.9875712565815029
56308000000,566,56300027726,map,-0.7381584644317627,0.7716436982154846,2.9793434143066406,0.10742124737963428,0.11331547492425968,0.014718775318065543,-0.9876252466944454
56340000000,567,56332027726,map,-0.7427482604980469,0.7740256190299988,2.986994981765747,0.10682138478494113,0.11348208898968508,0.014070008878937397,-0.9876806698002372
56376000000,568,56372027805,map,-0.7470756769180298,0.7764800786972046,2.995932102203369,0.10658963704568143,0.11354341594699097,0.013744930236372806,-0.9877032183641905
56408000000,569,56404027805,map,-0.7493581175804138,0.7779200673103333,3.002368211746216,0.10615771284941924,0.11368956343692503,0.013098355433367244,-0.987741698436881
56440000000,570,56436027805,map,-0.7505406141281128,0.778784453868866,3.008012533187866,0.1059307277040413,0.113433946093429,0.012415702928036294,-0.9878042865069196
56476000000,571,56468027883,map,-0.7506061792373657,0.7789924740791321,3.0126824378967285,0.1059761922997834,0.11330096356675401,0.012094248914443669,-0.9878186585822619
56508000000,572,56500027883,map,-0.7495851516723633,0.7785195112228394,3.0162277221679688,0.10627322056830267,0.1125380651082196,0.01143490361633926,-0.9878818788550281
56540000000,573,56532027883,map,-0.7475990653038025,0.7775301337242126,3.0192277431488037,0.10677753510496872,0.111665113161053,0.010819096012746561,-0.9879334244507569
56576000000,574,56572027960,map,-0.7440664172172546,0.7758164405822754,3.0225226879119873,0.10706531757323202,0.11112999191230352,0.01053911449808876,-0.9879656667898679
56608000000,575,56604027960,map,-0.7449232935905457,0.7770182490348816,3.0270276069641113,0.1079566896688314,0.1099473640200696,0.010005872570728831,-0.9880065492329234
56640000000,576,56636027960,map,-0.7490682601928711,0.7805489301681519,3.033038377761841,0.10888598848995351,0.10885137441308691,0.009535598035044342,-0.9880304886428777
56676000000,577,56668028037,map,-0.7519350647926331,0.783410370349884,3.0382418632507324,0.10940217951153462,0.10838883632966016,0.009274835483307438,-0.9880268218670571
56708000000,578,56700028037,map,-0.753636360168457,0.7857125997543335,3.0427803993225098,0.1104456886005272,0.1075755754740826,0.008809070660413539,-0.9880039361283157
56740000000,579,56732028037,map,-0.7542612552642822,0.787604033946991,3.0466880798339844,0.11133759312936128,0.10698841373340653,0.008335213642605595,-0.9879716937892049
56776000000,580,56772028113,map,-0.7536545991897583,0.7894859313964844,3.0505337715148926,0.11176671324310847,0.10674743715141198,0.008102563038825457,-0.9879512104208286
56808000000,581,56804028113,map,-0.7521111965179443,0.7906253337860107,3.0526235103607178,0.11245366439771527,0.10662710822818564,0.007628663874168946,-0.9878900131967907
56840000000,582,56836028113,map,-0.7497450113296509,0.7915198802947998,3.054183006286621,0.11287938609252902,0.1066256156370583,0.007158979394363503,-0.9878450846562782
56876000000,583,56868028189,map,-0.7466635704040527,0.7922507524490356,3.0548605918884277,0.11309681213510137,0.10670745329233755,0.006954482885388642,-0.9878128844640159
56908000000,584,56900028189,map,-0.7429938316345215,0.7929006814956665,3.0550732612609863,0.11352861120790703,0.10698005449869447,0.006527535309973305,-0.9877367672556052
56940000000,585,56932028189,map,-0.7389117479324341,0.7936521172523499,3.054919719696045,0.11357128950183587,0.1074687004505182,0.0061325350457292,-0.9876813862966618
56976000000,586,56972028265,map,-0.733727216720581,0.7950595617294312,3.05537748336792,0.11351864117332841,0.10771895427826898,0.005943422136460826,-0.9876613665436191
57008000000,587,57004028265,map,-0.7359808087348938,0.8009551167488098,3.059145927429199,0.11353933066613571,0.10820594464919966,0.0055979022723685115,-0.9876077557523133
57040000000,588,57036028265,map,-0.7398732900619507,0.8082805275917053,3.0641534328460693,0.11344746502436115,0.10885282106558994,0.005233458473294823,-0.9875492137797317
57076000000,589,57068028340,map,-0.7433696389198303,0.8156418204307556,3.0698559284210205,0.11339138320942521,0.10919349947509568,0.005071993896649592,-0.9875189101956523
57108000000,590,57100028340,map,-0.7466158270835876,0.8230591416358948,3.0761280059814453,0.11337162341682706,0.10994067172614337,0.004805920842000329,-0.9874395476799064
57140000000,591,57132028340,map,-0.7496662735939026,0.8305066227912903,3.083296775817871,0.11322017102160895,0.11057571706117547,0.004618620247217882,-0.9873868641192678
57176000000,592,57172028414,map,-0.7532553672790527,0.8398638963699341,3.0932493209838867,0.11318128940140476,0.11095213171767916,0.004529226781526292,-0.9873495641583356
57208000000,593,57204028414,map,-0.7560057044029236,0.8473721742630005,3.102172374725342,0.11296054487073863,0.11177747279023408,0.004359922891058028,-0.9872825085223548
57240000000,594,57236028414,map,-0.7586551904678345,0.8548452258110046,3.1116435527801514,0.11297871485457643,0.11257435963632417,0.004232934436494758,-0.9871904176583585
57276000000,595,57268028488,map,-0.7611836194992065,0.8622108101844788,3.1217122077941895,0.1129585500776854,0.1130227785409344,0.004171442184517267,-0.9871417380483284
57308000000,596,57300028488,map,-0.7635772228240967,0.8694016337394714,3.131741523742676,0.11292382360579288,0.11394764645337702,0.00406266116851068,-0.9870398691154776
57340000000,597,57332028488,map,-0.7658401131629944,0.8763118982315063,3.1414952278137207,0.11299633223725399,0.11502077345813902,0.003908867318294436,-0.986907738745396
57376000000,598,57372028562,map,-0.7683935761451721,0.8844423294067383,3.153201103210449,0.11302549456370099,0.1155542504858882,0.0038337194873995298,-0.9868423689833554
57408000000,599,57404028562,map,-0.7746942639350891,0.8933651447296143,3.163278102874756,0.11315801347504235,0.11656964314058955,0.0038024043789559106,-0.9867078783897573
57440000000,600,57436028562,map,-0.7848801016807556,0.9044675230979919,3.1745505332946777,0.11320926601846512,0.1176458187948332,0.0036602430589286546,-0.9865747364953114
57476000000,601,57468028635,map,-0.7942807674407959,0.9146201014518738,3.184687614440918,0.11331633695902064,0.1181330605651298,0.003555592434076112,-0.9865046462862377
57508000000,602,57500028635,map,-0.8028284311294556,0.9237571954727173,3.193598508834839,0.11372665200507014,0.11914199849583615,0.0034165921276871976,-0.9863365646543762
57540000000,603,57532028635,map,-0.8104814887046814,0.9318003058433533,3.200787305831909,0.1142294010168046,0.12013143758220564,0.0033103399225912285,-0.9861588313942058
57576000000,604,57572028707,map,-0.8187446594238281,0.9402835369110107,3.20729660987854,0.114479399000014,0.1205778951972145,0.003231398875330312,-0.9860755913683967
57608000000,605,57604028707,map,-0.8243266344070435,0.9458184838294983,3.2103803157806396,0.11493334459535087,0.12164016140363279,0.0030244157022933445,-0.9858929690737991
57640000000,606,57636028707,map,-0.8290053009986877,0.9502777457237244,3.2114996910095215,0.11510826850465025,0.12246574045770926,0.002820509249197641,-0.9857709118005116
57676000000,607,57668028779,map,-0.8329113125801086,0.9537865519523621,3.2108752727508545,0.11511229352868305,0.12284921355888562,0.002689811871965327,-0.9857230751274517
57708000000,608,57700028779,map,-0.8361316919326782,0.9565474987030029,3.208730697631836,0.1146485494496119,0.12346367476823174,0.0024017803092418817,-0.9857011587662261
57740000000,609,57732028779,map,-0.8389021754264832,0.9588288068771362,3.2059273719787598,0.11361095923517998,0.12399360619234993,0.002002776094389266,-0.9857556546413506
57776000000,610,57772028851,map,-0.8418789505958557,0.9611483812332153,3.2017107009887695,0.11284678352957232,0.12411278760177112,0.0017492628005962372,-0.985828863717214
57808000000,611,57804028851,map,-0.8503353595733643,0.9668663740158081,3.2013485431671143,0.1111495450865623,0.1243672551265562,0.001206158510684848,-0.9859904547344047
57840000000,612,57836028851,map,-0.8601009249687195,0.9733096361160278,3.2014172077178955,0.10922537352319046,0.12469153232045453,0.0006118036529842517,-0.9861650269809369
57876000000,613,57868028922,map,-0.8690949082374573,0.9790687561035156,3.201225996017456,0.1082616311727947,0.12480816516262981,0.000328998299476143,-0.9862567385232966
57908000000,614,57900028922,map,-0.8774484992027283,0.9841822981834412,3.2008936405181885,0.1062144441538762,0.12490020202597647,-0.00010186893285073841,-0.9864676835000936
57940000000,615,57940028922,map,-0.8871950507164001,0.9897639751434326,3.2006328105926514,0.10429582741342917,0.1245248711690968,-0.000571764146898738,-0.9867196795073403
57976000000,616,57972028993,map,-0.8945333361625671,0.9935874342918396,3.2008602619171143,0.10320781178747651,0.12409589527659685,-0.0008057213029826684,-0.9868878875797473
58008000000,617,58004028993,map,-0.9015683531761169,0.9968809485435486,3.2016842365264893,0.10156640211367524,0.12324594151464642,-0.001171008039026581,-0.9871643287591303
58040000000,618,58036028993,map,-0.9084405303001404,0.9997459650039673,3.203640937805176,0.09998694369737342,0.12184837835980548,-0.001463380727146683,-0.9874985954146701
58076000000,619,58068029063,map,-0.9152973890304565,1.0022801160812378,3.2067604064941406,0.09928271661541645,0.1209955744172245,-0.0015879246644963578,-0.987674305626112
58108000000,620,58100029063,map,-0.9220983386039734,1.0043607950210571,3.2109973430633545,0.09777855222689033,0.11891769922423401,-0.001898926259658255,-0.9880760915329664
58140000000,621,58132029063,map,-0.9287349581718445,1.0059281587600708,3.2164342403411865,0.09700550526821562,0.11695002091794227,-0.002131534716589826,-0.9883866716596432
58176000000,622,58172029133,map,-0.9365999102592468,1.0070009231567383,3.2245805263519287,0.09659066371649051,0.11593958249357447,-0.002272810952798403,-0.9885459867470143
58208000000,623,58204029133,map,-0.9473581910133362,1.0094401836395264,3.232961416244507,0.09598939348291156,0.11399739578664225,-0.002515661093918202,-0.9888298036248867
58240000000,624,58236029133,map,-0.9618953466415405,1.0131721496582031,3.242269277572632,0.0958549687437641,0.11244310167307947,-0.002716532973921097,-0.9890202230864589
58276000000,625,58268029202,map,-0.9749392867088318,1.0157877206802368,3.251997709274292,0.09569231681137097,0.11170692991412927,-0.0028536788189755177,-0.9891190152993684
58308000000,626,58300029202,map,-0.9865134954452515,1.01735258102417,3.2619402408599854,0.09564542975949163,0.11030563017775005,-0.0031751749794166548,-0.989279847673286
58340000000,627,58332029202,map,-0.9967250823974609,1.018151044845581,3.272536277770996,0.09577022460229886,0.10891801038643516,-0.003364709357170086,-0.989420913175252
58376000000,628,58372029271,map,-1.0072345733642578,1.0178697109222412,3.285970449447632,0.09571715645166758,0.10842978656164103,-0.0034883682107010807,-0.9894792444135911
58408000000,629,58404029271,map,-1.0136592388153076,1.0165584087371826,3.2964048385620117,0.09585388082823693,0.10759460461154916,-0.003702558494833468,-0.989556373146366
58440000000,630,58436029271,map,-1.0181995630264282,1.0142812728881836,3.3063459396362305,0.0958822825357772,0.10708404295704425,-0.003961972347418012,-0.9896080030357919
58476000000,631,58468029339,map,-1.020851492881775,1.011101245880127,3.3154947757720947,0.09587213041364213,0.10687855072877332,-0.004067465909240779,-0.9896307201871393
58508000000,632,58500029339,map,-1.0216295719146729,1.0070216655731201,3.324092388153076,0.09619651264538946,0.10659911811096284,-0.00418084093173509,-0.9896289500195018
58540000000,633,58532029339,map,-1.0206258296966553,1.0021275281906128,3.3318159580230713,0.09646532458664744,0.10641959426827521,-0.004200439216292644,-0.9896220800831945
58576000000,634,58572029407,map,-1.0170302391052246,0.9949714541435242,3.3404908180236816,0.09666671869244518,0.1062978787795873,-0.004136038831767989,-0.9896156737622208
58608000000,635,58604029407,map,-1.0190705060958862,0.992178738117218,3.348890542984009,0.09749145546809596,0.10604117615474211,-0.0039166223384202664,-0.9895632430826733
58640000000,636,58636029407,map,-1.0257201194763184,0.9921661019325256,3.3588812351226807,0.09842358636501952,0.10579186635054354,-0.0035486803509202016,-0.9894990112855426
58676000000,637,58668029474,map,-1.030754566192627,0.991572916507721,3.369194269180298,0.09901779700147291,0.10564546597951842,-0.0032739671923261372,-0.9894563586748497
58708000000,638,58700029474,map,-1.0345549583435059,0.9905590415000916,3.37994122505188,0.1002361547198958,0.10502184244043275,-0.0026755240903200074,-0.9894018627997251
58740000000,639,58732029474,map,-1.0373276472091675,0.9892702698707581,3.3914589881896973,0.10146173749475189,0.10426084437671224,-0.0019449927650806934,-0.9893591680421836
58776000000,640,58772029541,map,-1.0397640466690063,0.9875800013542175,3.407189130783081,0.10200372802126415,0.10389003327542697,-0.0015785680641269776,-0.9893430679460524
58808000000,641,58804029541,map,-1.0411765575408936,0.9862895011901855,3.4212095737457275,0.10308712916668326,0.10303034760190367,-0.0008684358135669305,-0.9893215309064634
58840000000,642,58836029541,map,-1.0422066450119019,0.9851431846618652,3.436774253845215,0.10392971148753165,0.10226091113664595,-0.00022675004498855995,-0.9893135651520948
58876000000,643,58868029608,map,-1.0428494215011597,0.984088659286499,3.453522205352783,0.1043395198659003,0.10194209780421232,0.00011611456764760234,-0.9893033234679065
58908000000,644,58900029608,map,-1.0430185794830322,0.9830571413040161,3.4713430404663086,0.10510835971298574,0.10146689505070226,0.0007269488431159771,-0.9892705753666136
58940000000,645,58932029608,map,-1.0425810813903809,0.9819411039352417,3.489574432373047,0.1056576136561488,0.10146736245266681,0.001241856891373578,-0.9892114433381529
58976000000,646,58972029674,map,-1.0410261154174805,0.9802416563034058,3.51250958442688,0.10591165082209793,0.10154658041789331,0.0014631699929042515,-0.9891758292511612
59008000000,647,59004029674,map,-1.045803427696228,0.9832508563995361,3.531066656112671,0.10633907946427637,0.102166121639574,0.001863227878969704,-0.9890655730954566
59040000000,648,59036029674,map,-1.0512312650680542,0.9870075583457947,3.5489251613616943,0.10668828470807147,0.10339708604014933,0.0021313661291959616,-0.9888994302186267
59076000000,649,59068029739,map,-1.0548664331436157,0.9898295402526855,3.565608263015747,0.10674088792628011,0.1040732229061183,0.0021824481095911795,-0.9888227229543369
59108000000,650,59100029739,map,-1.0567072629928589,0.9917562007904053,3.5808708667755127,0.10674466628423564,0.1055062095404749,0.0022199588047658934,-0.9886704042438186
59140000000,651,59132029739,map,-1.0568968057632446,0.9929882287979126,3.594975233078003,0.10631555785965345,0.10743606187340873,0.0020952462800221737,-0.9885090239608703
59176000000,652,59172029804,map,-1.0548821687698364,0.9936551451683044,3.610353469848633,0.10615710600065514,0.10810819952205782,0.0020218686167646836,-0.9884529265055022
59208000000,653,59204029804,map,-1.0514264106750488,0.9934811592102051,3.6207685470581055,0.10561748508191873,0.10986934147776121,0.0018402999933797637,-0.9883168764785091
59240000000,654,59236029804,map,-1.046343207359314,0.9926717281341553,3.628980875015259,0.10497900510800524,0.11198207606573728,0.0015522262838078074,-0.988148331231314
59276000000,655,59268029869,map,-1.0398014783859253,0.9912614226341248,3.6349878311157227,0.10460257777451978,0.11295397514840891,0.0013950185388621542,-0.9880778617006039
59308000000,656,59300029869,map,-1.0319749116897583,0.9893296360969543,3.638807535171509,0.10403801547036029,0.1147455797266903,0.0012172009849946777,-0.9879312328146345
59340000000,657,59332029869,map,-1.0231126546859741,0.98686283826828,3.6405816078186035,0.10348558849512166,0.11640364497891523,0.0010111450426249018,-0.9877955621092779
59376000000,658,59372029933,map,-1.010955810546875,0.9831363558769226,3.640594720840454,0.10325064220518669,0.11710800179414028,0.0009187591506890707,-0.9877369779898477
59408000000,659,59404029933,map,-1.006759762763977,0.9842348098754883,3.6413722038269043,0.10293366168443684,0.1183202445975343,0.0008126333861386354,-0.987625626016082
59440000000,660,59436029933,map,-1.007664680480957,0.9889708161354065,3.6430976390838623,0.10284039334286024,0.1193758097843116,0.0006995112447353919,-0.9875083734835246
59476000000,661,59468029996,map,-1.0078984498977661,0.9928053617477417,3.643702983856201,0.1027647061640133,0.11959125591282069,0.0007168757463219062,-0.987490250338665
59508000000,662,59508029996,map,-1.0076823234558105,0.9966208338737488,3.6438257694244385,0.10291758990571952,0.11960419894658057,0.0007331022829985619,-0.987472675102836
59540000000,663,59532029996,map,-1.0074820518493652,0.9984731674194336,3.6436846256256104,0.10283734955014436,0.11897801597426465,0.000691250462427247,-0.9875567580656152
59576000000,664,59572030060,map,-1.0073199272155762,1.0010967254638672,3.644162654876709,0.10285753328076952,0.11841970128185239,0.000710511572196711,-0.9876217063591705
59608000000,665,59604030060,map,-1.007419228553772,1.002874732017517,3.6453869342803955,0.10276081877578266,0.11696092312227192,0.0007050746287388181,-0.9878055930592236
59640000000,666,59636030060,map,-1.0077431201934814,1.004423975944519,3.647582769393921,0.10245297490153656,0.11541516967243318,0.0006708092408994685,-0.9880194040217192
59676000000,667,59668030122,map,-1.008297085762024,1.0057847499847412,3.6508500576019287,0.10219638554634675,0.11459920602671775,0.0006072939401936054,-0.9881409976796731
59708000000,668,59700030122,map,-1.0090898275375366,1.0069917440414429,3.6553072929382324,0.10187580739694978,0.1131057627427816,0.0004833822055715434,-0.9883461685382242
59740000000,669,59732030122,map,-1.0100480318069458,1.008085012435913,3.6607651710510254,0.10132281012216722,0.11156229147893525,0.0002093433965537141,-0.9885785662609132
59776000000,670,59772030185,map,-1.0113996267318726,1.0093165636062622,3.6689701080322266,0.10090911575497502,0.11073636273772505,2.1242011649553868e-05,-0.9887137312040877
59808000000,671,59804030185,map,-1.0172446966171265,1.0140053033828735,3.676957607269287,0.10012402270016031,0.10931237087468974,-0.00030113923261026353,-0.9889519873387198
59840000000,672,59836030185,map,-1.027276873588562,1.0220195055007935,3.685925245285034,0.09925538142070683,0.10780253905212793,-0.000703894516980379,-0.9892050370171792
59876000000,673,59868030247,map,-1.036598563194275,1.0295534133911133,3.6960322856903076,0.09871623794673873,0.10712901232731635,-0.000917284010991053,-0.9893319411780455
59908000000,674,59900030247,map,-1.0451524257659912,1.036551833152771,3.7065813541412354,0.09769099116129218,0.10559779986948611,-0.0013380359996752957,-0.9895978456453007
59940000000,675,59932030247,map,-1.0528777837753296,1.0429965257644653,3.717324733734131,0.09704043446891904,0.1042408389470126,-0.0017592937505416732,-0.9898049974057317
59976000000,676,59972030308,map,-1.0613629817962646,1.0503146648406982,3.7309868335723877,0.09665768510815693,0.10343898791010325,-0.001946678639021087,-0.9899262117420491
60008000000,677,60004030308,map,-1.0672261714935303,1.0555686950683594,3.741899013519287,0.09612640860688118,0.10187286864208288,-0.0022960338663278674,-0.9901396012360597
60040000000,678,60036030308,map,-1.0722795724868774,1.0602385997772217,3.752819538116455,0.09617119276151043,0.10012901858343398,-0.0026315227804746206,-0.9903123190212575
60076000000,679,60068030369,map,-1.0765303373336792,1.0643218755722046,3.7634880542755127,0.09622758540945413,0.09929223488846255,-0.0027753278275937593,-0.9903906278657907
60108000000,680,60100030369,map,-1.0798850059509277,1.0677143335342407,3.7740330696105957,0.09710339190010862,0.09746881972931337,-0.002931102579690031,-0.9904858797434253
60140000000,681,60132030369,map,-1.0823403596878052,1.0704020261764526,3.7840919494628906,0.09849810545054544,0.09571977762344545,-0.003098720596217846,-0.9905182063762332
60176000000,682,60172030429,map,-1.0840487480163574,1.0726993083953857,3.796461582183838,0.09950121361599489,0.09478397797506792,-0.0031264532225380114,-0.9905078382514994
60208000000,683,60204030429,map,-1.0901979207992554,1.0770928859710693,3.8069419860839844,0.10203072044355734,0.09321135212267254,-0.0031006593512494184,-0.9903998580256146
60240000000,684,60236030429,map,-1.1004914045333862,1.083768606185913,3.8180198669433594,0.10535238568532451,0.09195937109730558,-0.002950068661519972,-0.9901695254985026
60276000000,685,60268030489,map,-1.1087373495101929,1.0892921686172485,3.828498601913452,0.10713956286887875,0.09154951077623885,-0.002879093368627622,-0.9900159423825288
60308000000,686,60300030489,map,-1.1149413585662842,1.0937532186508179,3.8383846282958984,0.11108427739892064,0.09124287006280882,-0.0027191882253773058,-0.9896098996439748
60340000000,687,60332030489,map,-1.1191933155059814,1.0973724126815796,3.8476197719573975,0.11499175979811471,0.09175796184498415,-0.0025748774160759768,-0.9891161914605182
60376000000,688,60372030549,map,-1.121944785118103,1.1010037660598755,3.8581604957580566,0.11723384833252679,0.09244143357968303,-0.002486031859415033,-0.9887894690908619
60408000000,689,60404030549,map,-1.1221389770507812,1.1032603979110718,3.865389347076416,0.12020391699075425,0.09421246391044603,-0.002368863620554712,-0.9882659209386595
60440000000,690,60436030549,map,-1.120540738105774,1.105057716369629,3.8712573051452637,0.12298263763965323,0.09746006824902871,-0.0023982821208153255,-0.9876088515703746
60476000000,691,60468030608,map,-1.1173193454742432,1.1065665483474731,3.875847578048706,0.12384287589118484,0.09924551411907145,-0.002522783911316489,-0.9873230959374708
60508000000,692,60500030608,map,-1.1126980781555176,1.1079200506210327,3.878941774368286,0.12460483691161213,0.10309538770325172,-0.002866786488862454,-0.9868317479775308
60540000000,693,60532030608,map,-1.1068766117095947,1.109178900718689,3.8805618286132812,0.12453724917166886,0.10799641817727285,-0.003340643506670398,-0.9863143954120595
60576000000,694,60572030666,map,-1.09837007522583,1.1107521057128906,3.87988018989563,0.12396259730710257,0.11062802590998905,-0.003695604264829115,-0.9860938831006505
60608000000,695,60604030666,map,-1.0972459316253662,1.115526795387268,3.879431962966919,0.12222164599674167,0.11592897400009539,-0.004413660122909217,-0.985699262158043
60640000000,696,60636030666,map,-1.1015839576721191,1.123537540435791,3.879479169845581,0.11892966267303828,0.12163215745368276,-0.005274720237986855,-0.9854103876583493
60676000000,697,60668030725,map,-1.105122685432434,1.1313064098358154,3.8779828548431396,0.11761722594474949,0.12350767607807711,-0.0055765338201733605,-0.9853329638976349
60708000000,698,60700030725,map,-1.1081907749176025,1.1387991905212402,3.8750531673431396,0.11404329436321514,0.12752777419794778,-0.006287424714006554,-0.9852366583487875
60740000000,699,60732030725,map,-1.1110042333602905,1.1459896564483643,3.8707754611968994,0.11058466009559391,0.13071867061040354,-0.006871664328064567,-0.9852088414287703
60776000000,700,60772030782,map,-1.114621639251709,1.1545586585998535,3.8643434047698975,0.10887267354832762,0.13187617321866052,-0.007058543454361902,-0.9852439919004283
60808000000,701,60804030782,map,-1.1178669929504395,1.1611309051513672,3.8588814735412598,0.1056099121493492,0.13327174493490931,-0.007357069582364587,-0.9854090811060455
60840000000,702,60836030782,map,-1.1216412782669067,1.167474627494812,3.8536434173583984,0.10253191990006452,0.1337513207532246,-0.007521062969920437,-0.9856679049027509
60876000000,703,60868030840,map,-1.1261043548583984,1.173649549484253,3.8490426540374756,0.10106219607221688,0.13364723911082696,-0.00754441232399549,-0.9858336263110958
60908000000,704,60908030840,map,-1.1329079866409302,1.1811659336090088,3.8449082374572754,0.0981757032974975,0.13260214741590462,-0.007540492667084001,-0.9862663480047571
60940000000,705,60932030840,map,-1.1376408338546753,1.1855735778808594,3.843668222427368,0.09617161801662646,0.13126360828822514,-0.007430953007804156,-0.9866436887394752
60976000000,706,60972030897,map,-1.1466885805130005,1.1926920413970947,3.843695878982544,0.09534293458373935,0.13033217610702455,-0.007350536820845347,-0.98684818524845
61008000000,707,61004030897,map,-1.1588436365127563,1.201570987701416,3.8451621532440186,0.09363968692209398,0.12829902135448215,-0.00712635773361591,-0.9872792210681709
61040000000,708,61036030897,map,-1.1752341985702515,1.2131845951080322,3.848170042037964,0.09258894491529314,0.12596771057595055,-0.006933578048527115,-0.9876797847164185
61076000000,709,61076030953,map,-1.1957732439041138,1.2264207601547241,3.854886293411255,0.09223745732086949,0.12465901273410583,-0.00681232156536126,-0.9878796029252086
61108000000,710,61100030953,map,-1.2081044912338257,1.2336877584457397,3.8604931831359863,0.09155627863814741,0.12176533787298238,-0.006562896515873765,-0.9883054546825627
61140000000,711,61132030953,map,-1.2244668006896973,1.242538332939148,3.8695781230926514,0.09142988023946325,0.11869877532217826,-0.006231327258638557,-0.9886922363113472
61176000000,712,61172031009,map,-1.2444459199905396,1.2521427869796753,3.8835277557373047,0.09137099055538139,0.11683977266477187,-0.006027294364997375,-0.9889203772023366
61208000000,713,61204031009,map,-1.2597624063491821,1.258524775505066,3.8961212635040283,0.09151739158495104,0.11409584028805159,-0.005727672418933398,-0.9892289342802849
61240000000,714,61236031009,map,-1.274243950843811,1.2636357545852661,3.9096035957336426,0.09205246426604305,0.111046813460406,-0.005437575660632958,-0.9895278818767727
61276000000,715,61268031064,map,-1.2876842021942139,1.267348051071167,3.923511266708374,0.09223456960320199,0.11002969476054923,-0.00536322861985971,-0.9896249882157417
61308000000,716,61300031064,map,-1.2998384237289429,1.2696534395217896,3.9376204013824463,0.09289682171676464,0.10754714133322531,-0.005232741976869952,-0.9898365653952665
61340000000,717,61332031064,map,-1.3105440139770508,1.2705014944076538,3.9514849185943604,0.0938669078264058,0.1052910495083955,-0.0050299734886840525,-0.9899886733715422
61376000000,718,61372031119,map,-1.3216757774353027,1.2695863246917725,3.9680979251861572,0.094415607110457,0.10429409741700668,-0.004937292568808587,-0.9900424948970907
61408000000,719,61404031119,map,-1.3391121625900269,1.2732452154159546,3.982240915298462,0.0954654376916588,0.10249434796025056,-0.0047473788694185,-0.9901306661041754
61440000000,720,61436031119,map,-1.3573204278945923,1.277080774307251,3.9960081577301025,0.09681655617189361,0.10111461176987685,-0.004397222851990006,-0.9901429729839406
61476000000,721,61468031174,map,-1.372601866722107,1.2790716886520386,4.008635997772217,0.09750480334209212,0.10066963620928321,-0.004228593311097922,-0.9901215202380487
61508000000,722,61500031174,map,-1.3849132061004639,1.2793140411376953,4.019859790802002,0.0989105177550577,0.10016099639344775,-0.0038813875730651587,-0.9900351191986012
61540000000,723,61532031174,map,-1.3942515850067139,1.2779085636138916,4.029728412628174,0.10028236234420343,0.10012206696188332,-0.0035154264874450664,-0.9899023987726405
61576000000,724,61572031228,map,-1.4019774198532104,1.274186134338379,4.040065288543701,0.10091617389095496,0.10023001887549926,-0.0032991288608871733,-0.9898277988507762
61608000000,725,61604031228,map,-1.4052268266677856,1.2699049711227417,4.046989917755127,0.1022039045605847,0.10078958457610201,-0.0028659014050436632,-0.9896401189343571
61640000000,726,61636031228,map,-1.4061553478240967,1.264788031578064,4.053239822387695,0.10317601865803817,0.1015273681227355,-0.002380327563349654,-0.9894651673661885
61676000000,727,61668031282,map,-1.405239224433899,1.2591992616653442,4.059171676635742,0.10362318190348734,0.10195003153685417,-0.002134442849137102,-0.9893755631662542
61708000000,728,61700031282,map,-1.4027200937271118,1.2533361911773682,4.065310001373291,0.10458231905213877,0.10300797933766136,-0.0015193517419691486,-0.9891660933291551
61740000000,729,61732031282,map,-1.3986817598342896,1.2472206354141235,4.071083068847656,0.10507158514709389,0.10387542029627192,-0.0009868263110339663,-0.989024269183916
61776000000,730,61772031335,map,-1.3916969299316406,1.2392823696136475,4.077810287475586,0.10535750195876607,0.1044269613645112,-0.00070254581782802,-0.9889359715362857
61808000000,731,61804031335,map,-1.394287109375,1.2382521629333496,4.083714962005615,0.10596367236029039,0.10567584235334539,-6.026999337054769e-05,-0.9887387664321032
61840000000,732,61836031335,map,-1.3982186317443848,1.2384554147720337,4.089540958404541,0.10642228413447712,0.10688188358136917,0.0005613538753167012,-0.9885596844727804
61876000000,733,61868031388,map,-1.40056312084198,1.238088607788086,4.095000743865967,0.1066466377771602,0.10745062826053985,0.0009351542747598262,-0.9884735784612726
61908000000,734,61900031388,map,-1.401595950126648,1.23725163936615,4.100002765655518,0.10720539920970307,0.10839214712101503,0.001639807435013414,-0.9883094164863226
61940000000,735,61932031388,map,-1.4015530347824097,1.236026406288147,4.104642868041992,0.10759138770394573,0.10903068529379942,0.0023028616557868096,-0.9881958728764344
61976000000,736,61972031440,map,-1.4003041982650757,1.2341519594192505,4.110273361206055,0.10780195171274488,0.10926308466284976,0.002632450011141991,-0.9881464767699796
62008000000,737,62004031440,map,-1.3985919952392578,1.2325782775878906,4.114983081817627,0.10814095297402494,0.10957689593815495,0.003305661622406537,-0.9880726776382369
62040000000,738,62036031440,map,-1.3965250253677368,1.2311255931854248,4.120211601257324,0.10804674085585035,0.10971361315305277,0.0038130253847806837,-0.9880659341424753
62076000000,739,62068031492,map,-1.394146203994751,1.229785442352295,4.126102924346924,0.10794423996722605,0.10972629910750036,0.004005257160838889,-0.9880749957149051
62108000000,740,62100031492,map,-1.3914369344711304,1.228521704673767,4.132534980773926,0.10772967027913903,0.10975533836844241,0.004403207704478725,-0.9880935403282499
62140000000,741,62132031492,map,-1.3883532285690308,1.2273529767990112,4.139381408691406,0.10745925733386409,0.11001161104604196,0.004661483592153466,-0.9880932874471589
62176000000,742,62172031544,map,-1.3839892148971558,1.2260143756866455,4.148613929748535,0.10718849420754702,0.11018634257802695,0.004727654144315592,-0.9881028969286193
62208000000,743,62204031544,map,-1.3860108852386475,1.228646993637085,4.156832695007324,0.1067142162151623,0.1106044598947709,0.0049179471653422804,-0.9881065637044397
62240000000,744,62236031544,map,-1.39288330078125,1.2344889640808105,4.165737152099609,0.10598774893271788,0.11133575299136983,0.0050376020682647085,-0.9881020539916491
62276000000,745,62268031595,map,-1.3985569477081299,1.239835262298584,4.1748127937316895,0.10567171292942858,0.11177540570134156,0.005111696227946834,-0.9880858696018209
62308000000,746,62300031595,map,-1.4031428098678589,1.2447593212127686,4.183945178985596,0.10502244072811825,0.11245013459915247,0.005191480212177975,-0.9880780724348464
62340000000,747,62332031595,map,-1.4067379236221313,1.2493127584457397,4.192992687225342,0.104377813570495,0.11333626319874315,0.0052016376026690694,-0.9880451557461594
62376000000,748,62372031645,map,-1.4100291728973389,1.2545305490493774,4.204188823699951,0.10405466808533365,0.11370400004962904,0.005214155216676848,-0.9880368528170027
62408000000,749,62404031645,map,-1.4119125604629517,1.2583446502685547,4.2134575843811035,0.10325270213240766,0.11446967756598714,0.00526228691767628,-0.9880323852510606
62440000000,750,62436031645,map,-1.4133985042572021,1.2619988918304443,4.223080158233643,0.10250902889296702,0.11495265147396364,0.005209266182249601,-0.9880539644374982
62476000000,751,62468031696,map,-1.414570927619934,1.2654656171798706,4.233260631561279,0.10213438028819763,0.11500784804044471,0.005187434114720897,-0.9880865018045486
62508000000,752,62500031696,map,-1.415368676185608,1.2686198949813843,4.2436065673828125,0.10161215515191184,0.11531592503944665,0.00515085065021343,-0.9881046249494083
62540000000,753,62532031696,map,-1.4157308340072632,1.2713418006896973,4.254028797149658,0.10101866298751667,0.1155527916451669,0.005081856259201163,-0.9881381316939744
62576000000,754,62572031745,map,-1.415546178817749,1.2740803956985474,4.266794681549072,0.10099965410029375,0.11569486933004162,0.005074902029196811,-0.9881235067375411
62608000000,755,62604031745,map,-1.42353355884552,1.280092477798462,4.277717590332031,0.10078494685872262,0.11565614757151675,0.0049846234796864855,-0.9881504807205881
62640000000,756,62636031745,map,-1.4331552982330322,1.2866820096969604,4.288600921630859,0.10051215928426996,0.11581090289671465,0.00480992479260884,-0.9881609752858673
62676000000,757,62668031795,map,-1.4415379762649536,1.2923164367675781,4.29906702041626,0.1003603871656932,0.11570526313801112,0.004741773338566686,-0.9881890872338241
62708000000,758,62700031795,map,-1.4488203525543213,1.2970937490463257,4.309158802032471,0.10040788468833146,0.1152869154953255,0.004639314349836783,-0.9882336364527001
62740000000,759,62732031795,map,-1.4550483226776123,1.3010531663894653,4.318869113922119,0.10018419028985989,0.11449501835865432,0.004536307452076123,-0.9883488659365289
62776000000,760,62772031844,map,-1.4616169929504395,1.3050981760025024,4.331106662750244,0.1002054342771429,0.11396196411647926,0.004498543875810342,-0.9884084615803232
62808000000,761,62804031844,map,-1.4659488201141357,1.3076300621032715,4.3410139083862305,0.10010081328679322,0.11236903648935567,0.004403629172963837,-0.9886018313212913
62840000000,762,62836031844,map,-1.469290852546692,1.309457540512085,4.350625038146973,0.10010837535337838,0.11088460670410027,0.004266483327909361,-0.9887693228972736
62876000000,763,62876031892,map,-1.4718987941741943,1.310611605644226,4.361915588378906,0.10015749849313459,0.11003041553751322,0.0042199532071533555,-0.988859938621572
62908000000,764,62900031892,map,-1.4725842475891113,1.3106971979141235,4.368076324462891,0.10033118598512024,0.10856151324393928,0.004124195567336571,-0.9890050923678435
62940000000,765,62932031892,map,-1.4724535942077637,1.3101105690002441,4.375733375549316,0.10046254355322178,0.10699545587910265,0.004022874543516415,-0.9891628901686683
62976000000,766,62972031940,map,-1.470560908317566,1.308376669883728,4.383935451507568,0.10057822084731599,0.10636897985448067,0.00396947448645308,-0.9892188190366422
63008000000,767,63004031940,map,-1.4772744178771973,1.312290906906128,4.391716003417969,0.10109227179989645,0.10489463403200375,0.0038711037420287096,-0.9893242704516165
63040000000,768,63036031940,map,-1.4852067232131958,1.3171783685684204,4.399123191833496,0.10164882990715172,0.10364756303217025,0.0038367540604923376,-0.9893988282266323
63076000000,769,63068031988,map,-1.491411805152893,1.3212049007415771,4.405900955200195,0.10202698793676318,0.10297869711495487,0.00377757988518302,-0.9894300168945303
63108000000,770,63100031988,map,-1.4960113763809204,1.32451593875885,4.412195682525635,0.10286075047648617,0.10188857636916437,0.0037800665492451818,-0.9894565272622438
63140000000,771,63132031988,map,-1.4989943504333496,1.3271293640136719,4.417891502380371,0.10398676259766526,0.10067064197138302,0.0038421488571017187,-0.9894632286111569
63176000000,772,63172032035,map,-1.500407099723816,1.3294967412948608,4.424048900604248,0.10456545479742416,0.10028938668347341,0.0038389456966148655,-0.9894409750751432
63208000000,773,63204032035,map,-1.499654769897461,1.3306238651275635,4.427435874938965,0.10609903620448574,0.09925828000435871,0.004155131354143588,-0.9893804522006815
63240000000,774,63236032035,map,-1.4972115755081177,1.3310295343399048,4.428690433502197,0.10828994298900964,0.09833306415404122,0.005790091901578204,-0.989227206259496
63276000000,775,63268032082,map,-1.4931268692016602,1.3307151794433594,4.427419185638428,0.10963076035141445,0.09787389564221154,0.007268013291461212,-0.9891152642298511
63308000000,776,63300032082,map,-1.4875307083129883,1.3298237323760986,4.42350959777832,0.11209754032068317,0.09703803012292038,0.011741648379801522,-0.9888781460601286
63340000000,777,63332032082,map,-1.480546236038208,1.3284648656845093,4.4168291091918945,0.11467385072960859,0.09639977932249565,0.0182484052934589,-0.9885464082154994
63376000000,778,63372032128,map,-1.4703906774520874,1.326647162437439,4.406004428863525,0.1155314501932967,0.09643255310702442,0.022013341124088488,-0.9883666519066006
63408000000,779,63404032128,map,-1.4686839580535889,1.3295419216156006,4.399648666381836,0.11658337231185587,0.09708136169300113,0.029923040184128065,-0.9879717359360534
63440000000,780,63436032128,map,-1.4730280637741089,1.3366351127624512,4.396373271942139,0.11591944683669841,0.09910869557063749,0.03739656150892829,-0.9875938894391533
63476000000,781,63468032174,map,-1.476453423500061,1.3442150354385376,4.394301891326904,0.11529083317660352,0.10040978327214795,0.04090747828358277,-0.9873968950692134
63508000000,782,63508032174,map,-1.4799636602401733,1.354569911956787,4.394134998321533,0.11317888225659194,0.10371680808168593,0.04706753522138952,-0.9870248648374076
63540000000,783,63532032174,map,-1.4818274974822998,1.3612735271453857,4.39548397064209,0.11072857791846007,0.10739645169718356,0.05241803549299901,-0.9866395162014725
63576000000,784,63572032219,map,-1.4846693277359009,1.373150110244751,4.399346351623535,0.10943450597970636,0.10899383343124591,0.05497441044257879,-0.9864695801082766
63608000000,785,63604032219,map,-1.486713171005249,1.3830667734146118,4.403110027313232,0.1073229642216294,0.11173705108137989,0.060538805970381034,-0.986068763578938
63640000000,786,63636032219,map,-1.4886239767074585,1.3931069374084473,4.406630516052246,0.1058915294885649,0.11387101055884824,0.06726889903429757,-0.9855431923780071
63676000000,787,63668032264,map,-1.490411400794983,1.4031803607940674,4.409475326538086,0.10540876829046449,0.11473745559236757,0.0711724979965281,-0.9852202210778682
63708000000,788,63700032264,map,-1.4920862913131714,1.413251519203186,4.411415100097656,0.1047467861801501,0.11637062753291849,0.08005932959244412,-0.9844168178515535
63740000000,789,63732032264,map,-1.4937105178833008,1.423283338546753,4.412365913391113,0.10397044715748,0.11790110011599403,0.09027130025239123,-0.9834330682604607
63776000000,790,63772032309,map,-1.4957762956619263,1.4357894659042358,4.4122633934021,0.10343496156898146,0.11879201007798491,0.09572097205854686,-0.9828667832038684
63808000000,791,63804032309,map,-1.5059086084365845,1.4496504068374634,4.413110256195068,0.10202414981572894,0.1207072985344886,0.1072142069132251,-0.9815936533508998
63840000000,792,63836032309,map,-1.5181853771209717,1.4645050764083862,4.413661956787109,0.1002132136634157,0.12280561297337333,0.11943245185598773,-0.9801081876751334
63876000000,793,63868032353,map,-1.529911994934082,1.4791157245635986,4.413318157196045,0.0989234753179558,0.12391669082799557,0.12571768493387186,-0.9793130030842783
63908000000,794,63900032353,map,-1.5412249565124512,1.4935581684112549,4.412447929382324,0.09613736843385529,0.12637915206238096,0.1385988155100138,-0.9775357969231194
63940000000,795,63932032353,map,-1.5522760152816772,1.5078415870666504,4.411082744598389,0.09270339336533545,0.12883458267559908,0.15181703658054596,-0.9755815739982148
63976000000,796,63972032397,map,-1.5657750368118286,1.5254688262939453,4.4088826179504395,0.09102067517018195,0.13016486892350448,0.1584484638720985,-0.9745083887945819
64008000000,797,64004032397,map,-1.5763834714889526,1.5393387079238892,4.4067606925964355,0.08745187891872083,0.1328576218552424,0.17179519068374033,-0.9722075923343722
64040000000,798,64036032397,map,-1.5868847370147705,1.5529892444610596,4.404313564300537,0.0832857314320478,0.13607508592878376,0.18635865486504322,-0.9694419582819358
64076000000,799,64068032440,map,-1.5973575115203857,1.5664311647415161,4.401810646057129,0.08184280509731898,0.13718947757937014,0.19168260262209075,-0.968369025959394
64108000000,800,64100032440,map,-1.6078624725341797,1.5795772075653076,4.399117946624756,0.0782275801409561,0.13993304248825497,0.20485045820865244,-0.9655751956653038
64140000000,801,64132032440,map,-1.6184132099151611,1.5923759937286377,4.396198749542236,0.0748727884640761,0.14256225509459566,0.2180140991103629,-0.962569451016901
64176000000,802,64172032483,map,-1.6317417621612549,1.6078872680664062,4.392387866973877,0.07321447329421041,0.1438001975974137,0.22458403414993805,-0.9610011667838106
64208000000,803,64204032483,map,-1.6478517055511475,1.6219441890716553,4.390535831451416,0.07019840793627838,0.14617881294504267,0.2377225555299361,-0.9577014057201957
64240000000,804,64236032483,map,-1.668663740158081,1.637349247932434,4.38936185836792,0.06751329016956603,0.14861659193126886,0.25076456062684416,-0.9541866957291751
64276000000,805,64268032525,map,-1.6885937452316284,1.6519684791564941,4.387530326843262,0.06622932857653015,0.14987851072253355,0.2572267683216255,-0.9523573539164083
64308000000,806,64300032525,map,-1.7077165842056274,1.66579008102417,4.3852219581604,0.06385275208269786,0.1521738491658611,0.2701725943102318,-0.9485635474945489
64340000000,807,64332032525,map,-1.7261121273040771,1.6788609027862549,4.38223123550415,0.06136708637402921,0.1541206884897422,0.2830391842236375,-0.944653247183405
64376000000,808,64372032567,map,-1.7480756044387817,1.6941959857940674,4.377501010894775,0.0600998518114961,0.15489002125739187,0.2894989895480537,-0.9426492066835606
64408000000,809,64404032567,map,-1.7648749351501465,1.7056797742843628,4.373039245605469,0.05717940711612317,0.15602893973963358,0.30255958140515504,-0.9385325132552589
64440000000,810,64436032567,map,-1.7810100317001343,1.716513991355896,4.3681159019470215,0.05398281626930686,0.15665988333019773,0.31564061448378417,-0.9342990309097337
64476000000,811,64468032609,map,-1.7965611219406128,1.7267248630523682,4.363277912139893,0.052162541297325914,0.15678271505182664,0.3221047820070213,-0.9321731227974199
64508000000,812,64500032609,map,-1.8117433786392212,1.7364375591278076,4.359341144561768,0.048451990706343505,0.1563394829878179,0.334427719721485,-0.9280995034482964
64540000000,813,64532032609,map,-1.8267465829849243,1.7457091808319092,4.356966018676758,0.04487938148218119,0.15482338708989615,0.34554806033396307,-0.924452389132679
64576000000,814,64572032650,map,-1.84526526927948,1.7567036151885986,4.356673717498779,0.04309917235806592,0.1536063652290077,0.35056433609688126,-0.9228500923928404
64608000000,815,64604032650,map,-1.8650315999984741,1.7664473056793213,4.3587470054626465,0.039775940768186496,0.15022059825265024,0.3594621890936829,-0.9201297029822805
64640000000,816,64636032650,map,-1.8890163898468018,1.7768166065216064,4.362496852874756,0.03716544926511874,0.1460703980797825,0.3668732698624142,-0.9179794761383759
64676000000,817,64668032691,map,-1.9117223024368286,1.786038875579834,4.367918014526367,0.03623519982985447,0.14389505698252153,0.3700932047949495,-0.9170672497492062
64708000000,818,64700032691,map,-1.9330463409423828,1.7939990758895874,4.3747453689575195,0.03520635311085504,0.13938783085591802,0.3756148001980889,-0.9155571913873336
64740000000,819,64732032691,map,-1.952840805053711,1.8005043268203735,4.382896900177002,0.03544509920260107,0.13544071000424396,0.3799971452125547,-0.9143313081515456
64776000000,820,64772032731,map,-1.9752212762832642,1.8064154386520386,4.394247055053711,0.03595662496626566,0.13384337605581745,0.3817960570006967,-0.9137970546998216
64808000000,821,64804032731,map,-1.9910969734191895,1.8093209266662598,4.403907775878906,0.03817738456115318,0.13165232998913012,0.3847066972854347,-0.9128038431412381
64840000000,822,64836032731,map,-2.005186080932617,1.8106564283370972,4.4140801429748535,0.041355399184488315,0.1311377327738803,0.3867788260190486,-0.9118634415838388
64876000000,823,64868032771,map,-2.017585515975952,1.8105638027191162,4.424686908721924,0.04325948316473316,0.13141076532688994,0.3875001693313126,-0.9114293711910251
64908000000,824,64900032771,map,-2.0284335613250732,1.809310793876648,4.436225891113281,0.047189684690908125,0.1322863265920333,0.38858210000601145,-0.9106466831407536
64940000000,825,64932032771,map,-2.037778615951538,1.8070446252822876,4.448384761810303,0.050700153655297196,0.13312410584166465,0.38922854836847154,-0.9100597461283908
64976000000,826,64972032811,map,-2.047426223754883,1.8030236959457397,4.464756488800049,0.05282846150379804,0.13364586538698328,0.3893904133401776,-0.9097929355038925
65008000000,827,65004032811,map,-2.0596585273742676,1.8027327060699463,4.480045795440674,0.05553643339911541,0.13428905263703986,0.3893876105747517,-0.909538052437523
65040000000,828,65036032811,map,-2.07202410697937,1.8027899265289307,4.496186256408691,0.0581302057742145,0.135102726523501,0.38909713449481453,-0.9093798331682131
65076000000,829,65068032850,map,-2.082519054412842,1.8021085262298584,4.512593746185303,0.059294654709941684,0.1356690800687222,0.38882020862667377,-0.9093387189174906
65108000000,830,65100032850,map,-2.0913774967193604,1.801021695137024,4.529362678527832,0.06106966660079996,0.13659719845395862,0.3881062410128992,-0.9093873563806723
65140000000,831,65132032850,map,-2.0986669063568115,1.7996069192886353,4.5465312004089355,0.06225409314272129,0.13752285388273522,0.38704702748954767,-0.9096188900929669
65176000000,832,65172032889,map,-2.105541944503784,1.7973331212997437,4.56793737411499,0.06275399427873098,0.13815733517439624,0.38624566838538577,-0.9098290132062179
65208000000,833,65204032889,map,-2.1091549396514893,1.7950938940048218,4.584858417510986,0.06314476932141184,0.13925659874054525,0.38478182404290545,-0.910254612082481
65240000000,834,65236032889,map,-2.1111063957214355,1.7924492359161377,4.60123348236084,0.06313814699783957,0.1404594961388265,0.3833277788427039,-0.9106835616332006
65276000000,835,65268032927,map,-2.1114091873168945,1.7894268035888672,4.616861820220947,0.06295992114637716,0.1411468559203005,0.38246865748265785,-0.9109507726527597
65308000000,836,65300032927,map,-2.1101505756378174,1.7860183715820312,4.631650447845459,0.06244292946329632,0.14254726662159395,0.38075119447926314,-0.9114876181356673
65340000000,837,65332032927,map,-2.1073391437530518,1.7822178602218628,4.645308017730713,0.061757906197736634,0.14389774647829215,0.379010930030824,-0.9120472650636191
65376000000,838,65372032965,map,-2.1017730236053467,1.776980996131897,4.660645961761475,0.06147862010607919,0.14460317935524322,0.378207168556297,-0.9122881132294347
65408000000,839,65404032965,map,-2.102508068084717,1.773634910583496,4.674601078033447,0.06087954480134534,0.14588033423224459,0.37658192285744424,-0.912797226086022
65440000000,840,65436032965,map,-2.1036479473114014,1.770308017730713,4.688053607940674,0.060303681873428876,0.14716133500917258,0.3751036221459245,-0.9132383771493855
65476000000,841,65468033003,map,-2.103135347366333,1.7666981220245361,4.700089454650879,0.060056917343753645,0.1476764274498924,0.37442077997977535,-0.9134517034231233
65508000000,842,65500033003,map,-2.101173162460327,1.7628529071807861,4.71094274520874,0.05972368592018029,0.14856298377414104,0.37314929385389867,-0.9138499068478543
65540000000,843,65532033003,map,-2.097926139831543,1.7588623762130737,4.720543384552002,0.05957596648450568,0.14915880850318347,0.37198760026839295,-0.9142360984207596
65576000000,844,65572033040,map,-2.092255115509033,1.7537143230438232,4.7308831214904785,0.05958184070151688,0.14931892964903243,0.3714421146815407,-0.9144313436964864
65608000000,845,65604033040,map,-2.0866384506225586,1.7494914531707764,4.738053798675537,0.0595405525950444,0.14953879395264558,0.370335865275251,-0.9148467219619854
65640000000,846,65636033040,map,-2.0802135467529297,1.7452187538146973,4.744084358215332,0.05963692136416456,0.14964395033968025,0.3693608822286485,-0.9152173192009417
65676000000,847,65668033076,map,-2.073106288909912,1.7408941984176636,4.748847007751465,0.05969076923149329,0.14960025986284264,0.3689447453198762,-0.9153887515072598
65708000000,848,65700033076,map,-2.0655581951141357,1.7365679740905762,4.752534866333008,0.059882753394816475,0.14936907913040434,0.3680800395024024,-0.9157621093647936
65740000000,849,65732033076,map,-2.0578718185424805,1.7323579788208008,4.75574254989624,0.06014203027014337,0.1488890159891531,0.36734187959758263,-0.9161195146401659
65776000000,850,65772033113,map,-2.0484893321990967,1.7274727821350098,4.759228706359863,0.060343634451639164,0.14856324719194422,0.3669615675100445,-0.9163115146085574
65808000000,851,65804033113,map,-2.0438895225524902,1.7249011993408203,4.763415336608887,0.06082918721990891,0.14762541659230408,0.3664415596931171,-0.9166391642088809
65840000000,852,65836033113,map,-2.041959524154663,1.7234528064727783,4.768775939941406,0.061636233514441745,0.1464792989015011,0.36600403325872555,-0.9169438437767663
65876000000,853,65876033148,map,-2.0396435260772705,1.7217495441436768,4.774800777435303,0.062099306207386996,0.14594782187342267,0.36581102176596986,-0.9170743093463316
65908000000,854,65908033148,map,-2.0379436016082764,1.7204818725585938,4.77910041809082,0.0632504920567234,0.1447406650092638,0.36568496054207383,-0.9172371226221293
65940000000,855,65932033148,map,-2.0366506576538086,1.719491958618164,4.781905174255371,0.06462295676327609,0.1435373988260581,0.3655794880536753,-0.9173726879603645
65976000000,856,65972033184,map,-2.0343313217163086,1.7176334857940674,4.785603046417236,0.06525516212511753,0.1430801239589611,0.36550537282056883,-0.9174288486360054
66008000000,857,66004033184,map,-2.032346248626709,1.7160365581512451,4.7878804206848145,0.06649728506847224,0.14229706448958704,0.36529055033370883,-0.9175469862523815
66040000000,858,66036033184,map,-2.0303380489349365,1.7144838571548462,4.78978157043457,0.06742242946671062,0.14130901591994618,0.36496292180680945,-0.9177625884559388
66076000000,859,66068033219,map,-2.028376817703247,1.7131308317184448,4.79174280166626,0.0677927369460834,0.14089875322818504,0.36476784511847676,-0.9178759002581605
66108000000,860,66100033219,map,-2.0266072750091553,1.7121502161026,4.793840408325195,0.06800476983840761,0.1401426045215852,0.3642962218836398,-0.9181632574713077
66140000000,861,66132033219,map,-2.025110960006714,1.7116931676864624,4.796590328216553,0.06790260324343918,0.1391907627289932,0.36390986172334056,-0.9184687799761632
66176000000,862,66172033254,map,-2.0238349437713623,1.7121559381484985,4.801373481750488,0.06765375771311874,0.13866981714468643,0.3636768107244995,-0.9186581668399468
66208000000,863,66204033254,map,-2.0256354808807373,1.712739109992981,4.809319972991943,0.06685888922362754,0.13772640208761858,0.36313891157037925,-0.9190709741476868
66240000000,864,66236033254,map,-2.028538703918457,1.7140190601348877,4.819368839263916,0.06575859832804606,0.13675346843152492,0.36259610230840744,-0.9195098492812308
66276000000,865,66268033288,map,-2.031784772872925,1.716219425201416,4.830949306488037,0.06526233235772044,0.1363815514693746,0.36235232493662034,-0.9196965598201341
66308000000,866,66300033288,map,-2.0353782176971436,1.7192699909210205,4.844043254852295,0.06403829041237691,0.13551694311648804,0.36190839218125515,-0.920085195910253
66340000000,867,66332033288,map,-2.03933048248291,1.7231580018997192,4.858716011047363,0.06313230702514278,0.13460161366559661,0.3614853853361756,-0.92044826993675
66376000000,868,66372033322,map,-2.0447182655334473,1.7289700508117676,4.878826141357422,0.06252851917590982,0.1339305436410721,0.3612617120111282,-0.9206752307159813
66408000000,869,66404033322,map,-2.049293041229248,1.7342212200164795,4.89598274230957,0.061104005745624204,0.1318740856325702,0.3607501546373273,-0.9212681315074083
66440000000,870,66436033322,map,-2.0540060997009277,1.739866852760315,4.913996696472168,0.059952796188685514,0.12961055752315626,0.3604415764859548,-0.9217855894400008
66476000000,871,66468033355,map,-2.058741331100464,1.7457760572433472,4.932529449462891,0.059418951034556376,0.12845197490190619,0.36023198020831015,-0.9220642222555062
66508000000,872,66500033355,map,-2.0633604526519775,1.7517306804656982,4.951452732086182,0.058309590664010966,0.1261740562779038,0.35988209814539696,-0.922586063460344
66540000000,873,66532033355,map,-2.067791700363159,1.7576173543930054,4.970666408538818,0.05756039355323738,0.12448505820232217,0.3594781838226927,-0.9230199863391879
66576000000,874,66572033388,map,-2.073044538497925,1.7647387981414795,4.9949116706848145,0.05732568302223627,0.12388800067796077,0.3593354113733621,-0.9231704295149474
66608000000,875,66604033388,map,-2.079775094985962,1.7698962688446045,5.0175251960754395,0.057196848008872564,0.12320685755664212,0.35898213648914373,-0.9234069576287904
66640000000,876,66636033388,map,-2.087038278579712,1.7748013734817505,5.04115629196167,0.05728526682869236,0.12305985461739219,0.3585691184471613,-0.9235815088018984
66676000000,877,66668033421,map,-2.094007968902588,1.7795439958572388,5.065321445465088,0.05739751705716704,0.12296313550259379,0.35837954192255933,-0.923661082051887
66708000000,878,66700033421,map,-2.1006410121917725,1.7840925455093384,5.089618682861328,0.0577759904884388,0.12276429193967545,0.35803050279661636,-0.9237993026415785
66740000000,879,66732033421,map,-2.106910467147827,1.7884094715118408,5.113983631134033,0.05834398776075192,0.1223389196027232,0.35767235995139496,-0.9239587652429194
66776000000,880,66772033453,map,-2.1141324043273926,1.7934069633483887,5.14442777633667,0.058640119420923564,0.12215285443743776,0.3574902855658279,-0.9240349667450272
66808000000,881,66804033453,map,-2.1193816661834717,1.7970795631408691,5.168490409851074,0.05939434254338208,0.12199665294850032,0.3571408881916726,-0.9241425255024269
66840000000,882,66836033453,map,-2.1254289150238037,1.801769495010376,5.195363998413086,0.06006959827679937,0.12078029490047593,0.3568651845821387,-0.9243652083765344
66876000000,883,66868033485,map,-2.1332781314849854,1.8085442781448364,5.227144241333008,0.060128335178555356,0.11931667709730628,0.3567935560130943,-0.9245791247061513
66908000000,884,66900033485,map,-2.14326548576355,1.8178353309631348,5.264764785766602,0.05872294588078157,0.11368004450533438,0.3568577035165279,-0.9253546267187518
66940000000,885,66932033485,map,-2.1551382541656494,1.8294557332992554,5.307590484619141,0.05469322510856025,0.1035155180259204,0.357115431495172,-0.9266940957112766
66976000000,886,66972033516,map,-2.1714940071105957,1.846116065979004,5.365844249725342,0.05208231213700738,0.09721588126255773,0.35731468072150735,-0.92744955689741
67008000000,887,67004033516,map,-2.1849968433380127,1.8571836948394775,5.413198947906494,0.046748689044048476,0.08357933428130876,0.3576951192495909,-0.9289151503341035
67040000000,888,67036033516,map,-2.1979103088378906,1.8671998977661133,5.459773063659668,0.042048235422090706,0.07112675812918161,0.3578825884317674,-0.9301037757558078
67076000000,889,67068033547,map,-2.209651470184326,1.8766024112701416,5.505073070526123,0.04051439965221291,0.0660871606710578,0.3578987517481713,-0.9305372350193182
67108000000,890,67100033547,map,-2.219764471054077,1.8849562406539917,5.5481414794921875,0.03933870014211137,0.059705730045625634,0.35746881174651157,-0.9311840627034147
67140000000,891,67132033547,map,-2.22799015045166,1.8920137882232666,5.588756561279297,0.04009578398191255,0.058514344005343936,0.35672247535308077,-0.9315135667650729
67176000000,892,67172033578,map,-2.23535418510437,1.898829460144043,5.635782241821289,0.04108119442225446,0.05952722102002479,0.35625494036254934,-0.9315853428480869
67208000000,893,67204033578,map,-2.2388124465942383,1.9026161432266235,5.670267105102539,0.0439816173889512,0.06478028502186667,0.3551936827170451,-0.9315077926468269
67240000000,894,67236033578,map,-2.2401392459869385,1.904942512512207,5.701811790466309,0.04763527171007743,0.07276035153821762,0.3540312937085389,-0.9311813863785343
67276000000,895,67268033608,map,-2.239614248275757,1.906092882156372,5.730664253234863,0.04960620059206055,0.07738397145534004,0.353491118624599,-0.9309109089782157
67308000000,896,67300033608,map,-2.237715721130371,1.9064587354660034,5.757505893707275,0.053841767889498085,0.08697390863191598,0.35245230417592677,-0.9302226298686085
67340000000,897,67332033608,map,-2.2349603176116943,1.906562328338623,5.783017158508301,0.057557414297883275,0.0957855173228632,0.3515164334047423,-0.9294883053270032
67376000000,898,67372033638,map,-2.2308366298675537,1.9068026542663574,5.813446044921875,0.05926905576782738,0.09928919010792987,0.35111348845955387,-0.929165397247137
67408000000,899,67404033638,map,-2.2298107147216797,1.9088304042816162,5.839183330535889,0.062018132694244034,0.1045914994095342,0.35048699662986377,-0.9286405214692066
67440000000,900,67436033638,map,-2.2291948795318604,1.9115276336669922,5.863803863525391,0.0641283266175083,0.10736556678293979,0.35016206550126905,-0.9283031570203011
67476000000,901,67468033668,map,-2.2281906604766846,1.9144668579101562,5.886040210723877,0.06485758958602525,0.10798365426761909,0.350047889688653,-0.9282237945045552
67508000000,902,67500033668,map,-2.2267656326293945,1.9176051616668701,5.905930042266846,0.06595928581558676,0.10796470003959034,0.34997265756406104,-0.9281768007684654
67540000000,903,67532033668,map,-2.224921464920044,1.9209457635879517,5.923181533813477,0.06688930739445124,0.1069311025805103,0.34995826441529454,-0.9282353638144714
67576000000,904,67572033697,map,-2.2220287322998047,1.9252309799194336,5.941409111022949,0.06738321577543828,0.10615262921508983,0.3500159213040575,-0.9282673111256426
67608000000,905,67604033697,map,-2.2193055152893066,1.9287407398223877,5.953549861907959,0.06828245830108869,0.10490296725420774,0.35012246853709306,-0.9283033888279679
67640000000,906,67636033697,map,-2.21636700630188,1.9324324131011963,5.964150428771973,0.06888885003530623,0.10413802961260435,0.35025337664856787,-0.9282952966330539
67676000000,907,67668033725,map,-2.2132747173309326,1.9362903833389282,5.9737443923950195,0.06914805842200429,0.10402076127497885,0.35033577373740665,-0.9282580809658187
67708000000,908,67700033725,map,-2.2099575996398926,1.9401692152023315,5.98207950592041,0.06978266220294381,0.10428981753624929,0.3505272890170401,-0.9281081224788169
67740000000,909,67732033725,map,-2.2063357830047607,1.943893313407898,5.989467144012451,0.07104087207153953,0.10493619214172448,0.35086692939576525,-0.927811471885573
67776000000,910,67772033754,map,-2.2012689113616943,1.948161005973816,5.9966301918029785,0.07166748507341916,0.10555118315012725,0.3510367811952641,-0.9276291446189149
67808000000,911,67804033754,map,-2.1975367069244385,1.9522576332092285,6.004158973693848,0.0737748551578332,0.10750603169231446,0.3515071189512214,-0.9270612790555033
67840000000,912,67836033754,map,-2.193554401397705,1.9562236070632935,6.011178016662598,0.07580982749321766,0.11068879705573019,0.35190816728822677,-0.9263700918133488
67876000000,913,67868033782,map,-2.189091444015503,1.9597241878509521,6.016744613647461,0.07697690007026464,0.11264175030682341,0.35210450838201485,-0.9259636908265827
67908000000,914,67908033782,map,-2.1830406188964844,1.9635889530181885,6.02181339263916,0.0790419349624385,0.11742865501761113,0.3525799669800662,-0.9250137430079957
67940000000,915,67932033782,map,-2.1792280673980713,1.9657137393951416,6.023867130279541,0.08039212769373122,0.12137126352231649,0.3531180347215806,-0.9241828389630277
67976000000,916,67972033809,map,-2.1727921962738037,1.9691722393035889,6.025828838348389,0.08080696726982281,0.12345170703888812,0.3533833069861081,-0.9237696312602268
68008000000,917,68004033809,map,-2.1677162647247314,1.9720298051834106,6.026031017303467,0.08075632519715893,0.12737655064694617,0.35394242707845364,-0.9230267509083738
68040000000,918,68036033809,map,-2.162900447845459,1.97516667842865,6.0255866050720215,0.07961679558561383,0.1302640154333593,0.35465110526274013,-0.9224506667095027
68076000000,919,68076033836,map,-2.1574819087982178,1.9797803163528442,6.024151802062988,0.07810292556812906,0.1315475318503078,0.35511065342547854,-0.9222210717522397
68108000000,920,68100033836,map,-2.154658794403076,1.98300039768219,6.023088455200195,0.07545328491115075,0.1322616206362718,0.35601055186145897,-0.9219924883193407
68140000000,921,68132033836,map,-2.1515185832977295,1.987858533859253,6.021327972412109,0.0712778150684227,0.1316049332238016,0.3572154248932642,-0.9219526384740737
68176000000,922,68172033863,map,-2.148681402206421,1.9949312210083008,6.019120216369629,0.06896101861084705,0.1306871697924087,0.3578999740067781,-0.9219940266793114
68208000000,923,68204033863,map,-2.1467807292938232,2.0012614727020264,6.019134044647217,0.06386983999559098,0.1278191057272007,0.35937880155390406,-0.9221875017874006
68240000000,924,68236033863,map,-2.1451399326324463,2.00813627243042,6.020638465881348,0.0587329557573029,0.12384729735901139,0.3609636073516107,-0.9224520154086551
68276000000,925,68268033889,map,-2.144392251968384,2.015580415725708,6.022459983825684,0.056124450424471214,0.12159778834508336,0.36179857856746,-0.9225865902959502
68308000000,926,68300033889,map,-2.144484758377075,2.023498773574829,6.024386405944824,0.05128145616084961,0.11671510228687662,0.36361283180846,-0.9227857763020128
68340000000,927,68332033889,map,-2.1453964710235596,2.031798839569092,6.027065277099609,0.046920037056669514,0.11185836288228437,0.3653460366597735,-0.9229347654114988
68376000000,928,68372033915,map,-2.1474435329437256,2.042480707168579,6.030259132385254,0.04501577395231849,0.10956703365792145,0.3662358409255354,-0.9229517927382971
68408000000,929,68404033915,map,-2.1497552394866943,2.051102876663208,6.0328192710876465,0.04174623217908589,0.10510949866571226,0.3679951346760772,-0.922924060111977
68440000000,930,68436033915,map,-2.1525650024414062,2.059680461883545,6.035258769989014,0.03921326190131984,0.10146182327017401,0.36957524110017487,-0.9228119284215137
68476000000,931,68468033941,map,-2.1558079719543457,2.068115472793579,6.037388324737549,0.03825187384754012,0.09994185776472336,0.37033272533503686,-0.9227145481280292
68504000000,932,68500033941,map,-2.1593739986419678,2.0762734413146973,6.038998603820801,0.03693040946186364,0.0974422572542658,0.3717302094645369,-0.9224737421090623
68540000000,933,68532033941,map,-2.1632230281829834,2.084066867828369,6.03991174697876,0.03624215142568075,0.09583255320580135,0.37305326225956664,-0.9221354925763382
68576000000,934,68572033966,map,-2.1683390140533447,2.0931341648101807,6.039947032928467,0.036247746419820565,0.09546068102467761,0.3736789111522866,-0.9219205225755083
68608000000,935,68604033966,map,-2.1733930110931396,2.1010494232177734,6.041491508483887,0.036698470086152124,0.09524611668726471,0.3747120357764099,-0.9215055236316458
68640000000,936,68636033966,map,-2.1787805557250977,2.1086788177490234,6.043002128601074,0.037711817301611675,0.09579330922148163,0.3756275706931877,-0.9210349751414459
68676000000,937,68668033991,map,-2.184257745742798,2.1155662536621094,6.043229103088379,0.03835860810721592,0.09630910762191404,0.37601329865075944,-0.9207970983284505
68708000000,938,68700033991,map,-2.1898694038391113,2.1217293739318848,6.042544364929199,0.0397853790280749,0.09746010117625409,0.37666520503010176,-0.9203488455211128
68740000000,939,68732033991,map,-2.1956310272216797,2.1272518634796143,6.041046619415283,0.041379193714650736,0.09854033544030044,0.3771984891043101,-0.9199451208592271
68776000000,940,68772034016,map,-2.203195571899414,2.13337779045105,6.038766384124756,0.042044663476679414,0.09904549439566186,0.3774720642979943,-0.9197484215172267
68808000000,941,68804034016,map,-2.2096054553985596,2.1377832889556885,6.037153720855713,0.04308492672326923,0.0995333810456679,0.37787237506515076,-0.919483233546396
68840000000,942,68836034016,map,-2.2164368629455566,2.141862630844116,6.035951614379883,0.04377115380818951,0.09895915921066531,0.37822600819758134,-0.9193673086395668
68876000000,943,68868034040,map,-2.2236855030059814,2.1457178592681885,6.035733699798584,0.04393369049529375,0.0983359153224885,0.37835820178793583,-0.9193720923068729
68908000000,944,68900034040,map,-2.231318235397339,2.149362802505493,6.036492347717285,0.04404768454962554,0.09618484817579179,0.3786419343721112,-0.9194773751344532
68940000000,945,68932034040,map,-2.2392683029174805,2.1527669429779053,6.038584232330322,0.043786756044672644,0.09348445481067226,0.37890577364378936,-0.9196596181074141
68976000000,946,68972034063,map,-2.2495903968811035,2.156700611114502,6.043081283569336,0.04366219893643278,0.09185857954326979,0.3790340054303838,-0.9197765966854563
69008000000,947,69004034063,map,-2.2578275203704834,2.1605570316314697,6.049394130706787,0.04313304788755655,0.0885814908499757,0.3791922246996937,-0.920057800458721
69040000000,948,69036034063,map,-2.265922784805298,2.1649386882781982,6.058262348175049,0.04259288860868486,0.08496571798458216,0.3793089714700688,-0.9203756719901901
69076000000,949,69068034087,map,-2.2739100456237793,2.168745994567871,6.068472385406494,0.042301028268192,0.08347037282410695,0.3793413402497252,-0.9205125649541535
69108000000,950,69100034087,map,-2.2816669940948486,2.171903610229492,6.080124855041504,0.04196756503695184,0.08134919306136051,0.3793406237533005,-0.9207181151343411
69140000000,951,69132034087,map,-2.289041042327881,2.1743481159210205,6.092743396759033,0.04192958809226549,0.07986747055257742,0.37922885031104964,-0.9208955533665719
69176000000,952,69172034110,map,-2.2975358963012695,2.1762502193450928,6.110396862030029,0.04203255811153367,0.0795494462387824,0.37912314601498426,-0.920961976799825
69208000000,953,69204034110,map,-2.303656816482544,2.1767354011535645,6.125106334686279,0.04259594820646895,0.08002773657821813,0.3786565593285445,-0.9210864996637506
69240000000,954,69236034110,map,-2.309081554412842,2.1762712001800537,6.140026092529297,0.04374286800448264,0.08174345180448862,0.3781660332321505,-0.921083654751476
69276000000,955,69268034132,map,-2.3137261867523193,2.1748197078704834,6.154738426208496,0.04428841681160764,0.08277528041302021,0.37791338394875185,-0.9210690930153156
69308000000,956,69300034132,map,-2.317532539367676,2.1723804473876953,6.1689229011535645,0.04581768886804512,0.08594238953930314,0.3772079299983765,-0.9209933972753899
69340000000,957,69332034132,map,-2.320488452911377,2.1689932346343994,6.1826171875,0.04750256445500678,0.08961327204330272,0.37628643130253436,-0.9209351503307479
69376000000,958,69372034154,map,-2.3229944705963135,2.1635329723358154,6.19812536239624,0.04833156135507968,0.09166055520971939,0.3758107619702403,-0.9208848269936258
69408000000,959,69404034154,map,-2.32515811920166,2.1609063148498535,6.211810111999512,0.049946607516592884,0.0957186223717423,0.37480359980479977,-0.9207961710977832
69440000000,960,69436034154,map,-2.3267741203308105,2.1582202911376953,6.224551200866699,0.0515539329022945,0.09941617329413713,0.373734713579715,-0.9207502731797548
69476000000,961,69468034176,map,-2.3275578022003174,2.154681921005249,6.235415935516357,0.05227868220675374,0.10114066165034297,0.37319860566665647,-0.920738977824354
69508000000,962,69500034176,map,-2.3275606632232666,2.15045428276062,6.244713306427002,0.053429167364733646,0.10408938951524474,0.37215403817316245,-0.9207671319191593
69540000000,963,69532034176,map,-2.326873779296875,2.1456403732299805,6.252205848693848,0.05448761961063395,0.1065367858854655,0.37108664816119985,-0.9208560406960931
69576000000,964,69572034198,map,-2.3250997066497803,2.139026165008545,6.259215354919434,0.05471790735671944,0.10718167744870873,0.37071607199566775,-0.9209168375250699
69608000000,965,69604034198,map,-2.3230931758880615,2.13340163230896,6.263210773468018,0.05507989610186738,0.10822859462900719,0.36988934048870237,-0.9211051285707923
69640000000,966,69636034198,map,-2.3206961154937744,2.1276402473449707,6.266343593597412,0.0551953020756243,0.10864784250203521,0.36920717267212927,-0.9213225852356843
69676000000,967,69668034219,map,-2.318007469177246,2.1218676567077637,6.268558502197266,0.055078676477438596,0.10849677239190399,0.3689171812809501,-0.921463461076832
69708000000,968,69700034219,map,-2.315160036087036,2.1162116527557373,6.270381450653076,0.054805314652174975,0.10757039256416864,0.3684205860383704,-0.9217870013594258
69740000000,969,69732034219,map,-2.3121237754821777,2.1106979846954346,6.271724700927734,0.054275478717010425,0.10595763023500912,0.36807167335297303,-0.9221445120019195
69776000000,970,69772034239,map,-2.3080992698669434,2.1040050983428955,6.272835731506348,0.05391462793677229,0.10491720366938131,0.3679293645189759,-0.9223413588578897
69808000000,971,69804034239,map,-2.3037807941436768,2.1007637977600098,6.275624752044678,0.05322124379013925,0.10269296169113558,0.36769646103410475,-0.9227248108856417
69840000000,972,69836034239,map,-2.2990646362304688,2.098144054412842,6.278653621673584,0.05256174307553094,0.10049079675897546,0.3674874758857635,-0.923088222086927
69876000000,973,69868034260,map,-2.294235944747925,2.095449686050415,6.281460762023926,0.05216402170537986,0.09943257632074197,0.36736303731553505,-0.9232748694055574
69908000000,974,69900034260,map,-2.289283514022827,2.0926640033721924,6.28372049331665,0.05145255129237958,0.09755268989989843,0.3671849879540008,-0.9235861871020832
69940000000,975,69932034260,map,-2.2842323780059814,2.089815378189087,6.285988807678223,0.0507676939800359,0.09599927560179831,0.3670703063792026,-0.9238323668442353
69976000000,976,69972034280,map,-2.277895450592041,2.0861690044403076,6.288546562194824,0.050502869525773764,0.09540439917684737,0.3670188872240194,-0.9239289674210223
70008000000,977,70004034280,map,-2.2727952003479004,2.0832154750823975,6.29058313369751,0.05018123507098599,0.09420674510993869,0.36699703408306644,-0.9240779354570839
70040000000,978,70036034280,map,-2.2677037715911865,2.0802226066589355,6.292794704437256,0.04998036845933912,0.09318888291333241,0.3670015227224329,-0.9241903621754868
70076000000,979,70068034299,map,-2.262688159942627,2.077234983444214,6.295339107513428,0.04993824400134151,0.09260352509069984,0.36705424842992,-0.9242304438284207
70108000000,980,70100034299,map,-2.2578346729278564,2.0742812156677246,6.298314094543457,0.049850755046366976,0.09141444922455214,0.36717561028020707,-0.9243054019984973
70140000000,981,70132034299,map,-2.253171920776367,2.07135272026062,6.301643371582031,0.049894028005986524,0.09011039543857773,0.3674133817260813,-0.9243366117398195
70176000000,982,70172034318,map,-2.247609853744507,2.0676512718200684,6.306905746459961,0.05007380407122072,0.08946442254525239,0.3675302760104263,-0.9243431234279145
70208000000,983,70204034318,map,-2.2429964542388916,2.0664000511169434,6.312353610992432,0.050342147787333535,0.08804309910456345,0.3678783457588535,-0.9243266650835711
70240000000,984,70236034318,map,-2.2382030487060547,2.066591262817383,6.318943977355957,0.05101905383328782,0.08670990340702177,0.36816108789208885,-0.9243028731875866
70276000000,985,70268034337,map,-2.233476161956787,2.066319704055786,6.325653553009033,0.051377515414051,0.08613168815812278,0.36829650571635436,-0.9242832749030291
70308000000,986,70308034337,map,-2.227606773376465,2.0653746128082275,6.334514617919922,0.05213598746567502,0.08513263135848646,0.3685616093934878,-0.9242275567692977
70340000000,987,70332034337,map,-2.224134922027588,2.0645174980163574,6.340068340301514,0.05284178912755058,0.08447007236318307,0.3687746195658619,-0.924163409265864
70376000000,988,70372034356,map,-2.218398094177246,2.0626163482666016,6.349544525146484,0.05320882364071869,0.08424745402643755,0.3688967611328465,-0.9241138445720152
70408000000,989,70404034356,map,-2.213808059692383,2.060701608657837,6.357269287109375,0.05387438296480043,0.0838810846432225,0.3691495368567906,-0.924007739880889
70440000000,990,70436034356,map,-2.209196090698242,2.058424711227417,6.365102291107178,0.054657895512796,0.08369362336358015,0.3694581360815874,-0.9238553368766738
70476000000,991,70468034374,map,-2.2045083045959473,2.055706262588501,6.373040676116943,0.054998393316470426,0.08362780710836333,0.3696362486633944,-0.9237698630678937
70508000000,992,70500034374,map,-2.199746608734131,2.052602529525757,6.380990982055664,0.05575513339603845,0.08364680084906256,0.36992052915660034,-0.9236089042534306
70540000000,993,70532034374,map,-2.1948978900909424,2.0491740703582764,6.38899040222168,0.0568610324566499,0.083908514339069,0.37025403716886707,-0.9233841351103218
70576000000,994,70572034392,map,-2.1886770725250244,2.044435739517212,6.398995399475098,0.05734608604818259,0.08411541716967602,0.370425869870246,-0.923266334668734
70608000000,995,70604034392,map,-2.1836349964141846,2.0430216789245605,6.4084320068359375,0.058234801081328384,0.084588119100417,0.37067388300030835,-0.9230680548199144
70640000000,996,70636034392,map,-2.1784756183624268,2.0420446395874023,6.418471813201904,0.05915650260887903,0.08512812296278481,0.3709022556989646,-0.9228680048034574
70676000000,997,70668034409,map,-2.1731553077697754,2.0406687259674072,6.428126811981201,0.05954334218958021,0.08538262143916177,0.3710146191970946,-0.9227743545060664
70708000000,998,70700034409,map,-2.167679786682129,2.03902006149292,6.437807083129883,0.05990979718358129,0.08595653639242362,0.3711792869342267,-0.9226311816616748
70740000000,999,70732034409,map,-2.162029981613159,2.0371744632720947,6.447291374206543,0.059993855121669215,0.08622739706564593,0.3714339381929296,-0.9224979133266833
70776000000,1000,70772034426,map,-2.1547179222106934,2.034680128097534,6.459196090698242,0.059830000028460006,0.08625898481151584,0.3715895232842075,-0.9224428906159523
70808000000,1001,70804034426,map,-2.1487157344818115,2.032647132873535,6.468725204467773,0.0592584400303587,0.08640186921341285,0.37188316037778296,-0.9223481866473484
70840000000,1002,70836034426,map,-2.142554998397827,2.0306293964385986,6.4782586097717285,0.05851088137832096,0.0863509242102753,0.37213825417839513,-0.9222978422368021
70876000000,1003,70868034443,map,-2.1362576484680176,2.028596878051758,6.487814426422119,0.057996293382694256,0.08638043358967801,0.3722855574139407,-0.922268044414905
70908000000,1004,70900034443,map,-2.1297762393951416,2.0265846252441406,6.4971604347229,0.056861366997259945,0.08632227752417805,0.372640728906342,-0.922200735897833
70940000000,1005,70932034443,map,-2.1231131553649902,2.0245728492736816,6.506399154663086,0.05582222986177878,0.08638682147140544,0.37303408544349415,-0.9220991198460733
70976000000,1006,70972034459,map,-2.1145260334014893,2.0220890045166016,6.517705917358398,0.055264164757735046,0.08645298016976641,0.3732798437171612,-0.9220270908819682
71008000000,1007,71004034459,map,-2.1063661575317383,2.0235793590545654,6.528146743774414,0.05424425712188696,0.08664771573204395,0.3736625160282158,-0.9219144112824743
71040000000,1008,71036034459,map,-2.097848892211914,2.026013135910034,6.539051532745361,0.053095672523357104,0.08681680757118064,0.3740780839545333,-0.9217967372814319
71076000000,1009,71068034475,map,-2.089512348175049,2.0282998085021973,6.550449371337891,0.0525875777765791,0.08680333506763632,0.3743184052847424,-0.9217295552049055
71108000000,1010,71100034475,map,-2.0812995433807373,2.0304477214813232,6.561983585357666,0.05129766294119105,0.08656104337225931,0.374815906684565,-0.9216230079718699
71140000000,1011,71140034475,map,-2.0711677074432373,2.032806158065796,6.576418876647949,0.049938378344421136,0.08627413528646649,0.37543989077676876,-0.921470562820806
71176000000,1012,71172034491,map,-2.0631442070007324,2.034359931945801,6.587862491607666,0.04932979629117004,0.08607405629405118,0.3758048614114488,-0.9213732246741702
71208000000,1013,71204034491,map,-2.0551819801330566,2.035576820373535,6.599061489105225,0.04829087779246552,0.08583616762725456,0.37665462617112555,-0.9211034005500034
71240000000,1014,71236034491,map,-2.0472538471221924,2.036402702331543,6.610420227050781,0.04756498788891846,0.0857382657665198,0.3777760695163034,-0.9206909514904758
71276000000,1015,71268034506,map,-2.039440631866455,2.036797046661377,6.621410846710205,0.04742564777356341,0.08574125029022998,0.37820664172069063,-0.9205210996909768
71308000000,1016,71300034506,map,-2.0318233966827393,2.0368144512176514,6.632558345794678,0.04724972814496796,0.08567086373612777,0.3793563023809466,-0.9200634059895728
71340000000,1017,71332034506,map,-2.024502754211426,2.0364773273468018,6.643718242645264,0.04750059672401692,0.08548003334278256,0.3806117937778133,-0.9195496148328007
71376000000,1018,71372034521,map,-2.015752077102661,2.035583019256592,6.657764434814453,0.047683504826931095,0.08527892833802383,0.3812387913696857,-0.9192990728918278
71408000000,1019,71404034521,map,-2.0078349113464355,2.038693428039551,6.669993877410889,0.048384418771468415,0.08475325045288269,0.38258563606069973,-0.9187513324485801
71440000000,1020,71436034521,map,-1.999822974205017,2.0424299240112305,6.682372570037842,0.049361480184538106,0.08405268290275658,0.3839175186204925,-0.9182081017181232
71476000000,1021,71468034535,map,-1.9920904636383057,2.045348882675171,6.694579124450684,0.04981436124267783,0.08370112286843705,0.3845753887788991,-0.9179404270832305
71508000000,1022,71500034535,map,-1.9846240282058716,2.047539234161377,6.7062506675720215,0.05058685897523285,0.08302989347614156,0.3858805080898874,-0.9174111469596309
71540000000,1023,71532034535,map,-1.9774137735366821,2.0490312576293945,6.717491626739502,0.051307851941818555,0.08244833282114203,0.38719867185048984,-0.9168680637431437
71576000000,1024,71572034550,map,-1.9687466621398926,2.0500261783599854,6.730748176574707,0.05169828585844431,0.08214097034293125,0.3879426690938285,-0.9165591062701346
71608000000,1025,71604034550,map,-1.9620484113693237,2.0501132011413574,6.740708827972412,0.05234689424689058,0.08164436456363952,0.38953204782459855,-0.915892406346965
71640000000,1026,71636034550,map,-1.9555386304855347,2.049558401107788,6.749775409698486,0.05295349276408363,0.081378849954733,0.3909083953095703,-0.9152945954476864
71676000000,1027,71668034563,map,-1.949182152748108,2.0484254360198975,6.758000373840332,0.05331573439032264,0.08125605511159652,0.3916449747075709,-0.9149694535848492
71708000000,1028,71700034563,map,-1.9429417848587036,2.0467138290405273,6.765241622924805,0.0541137665276302,0.08123533730137539,0.39316384176078223,-0.9142728715460853
71740000000,1029,71732034563,map,-1.9367940425872803,2.0445289611816406,6.771547794342041,0.054849040690416004,0.08128130765929961,0.39459162947436155,-0.9136096276644936
71776000000,1030,71772034577,map,-1.9292370080947876,2.0411696434020996,6.778270244598389,0.05528274361539426,0.08137427175331352,0.395305344207045,-0.9132665523176151
71808000000,1031,71804034577,map,-1.9230191707611084,2.0406620502471924,6.783868789672852,0.05601677181197097,0.08163229607698622,0.3966157740209458,-0.9126303877861915
71840000000,1032,71836034577,map,-1.9166491031646729,2.0421805381774902,6.790034770965576,0.056709904394601954,0.08190672869561982,0.39778465364412263,-0.9120540928530778
71876000000,1033,71868034590,map,-1.9104329347610474,2.0432302951812744,6.795370578765869,0.05688489679253017,0.08202496245949403,0.39832525019654763,-0.911796554535252
71908000000,1034,71900034590,map,-1.9044181108474731,2.043910264968872,6.800571441650391,0.056917235279139174,0.08228261536406424,0.39938595993302134,-0.9113071874771921
71940000000,1035,71932034590,map,-1.8985729217529297,2.044344425201416,6.8052659034729,0.056470885665429627,0.08223213792752736,0.4004636127025963,-0.9108665421760107
71976000000,1036,71972034603,map,-1.8914979696273804,2.0445806980133057,6.810736656188965,0.05619981952632083,0.08213577837803032,0.4009820821595531,-0.9106639212017945
72008000000,1037,72004034603,map,-1.885967493057251,2.044600248336792,6.814759731292725,0.055349542419016975,0.08175406095651222,0.4019984323379691,-0.9103021958744498
72040000000,1038,72036034603,map,-1.8805899620056152,2.0444557666778564,6.818638801574707,0.054310635774113596,0.08133372780213505,0.40304283124406903,-0.9099404916205294
72076000000,1039,72068034615,map,-1.8753581047058105,2.04418683052063,6.822747230529785,0.053739194314023714,0.08110784571880796,0.4035939434351974,-0.9097502407463511
72108000000,1040,72100034615,map,-1.8702703714370728,2.043816566467285,6.827094554901123,0.05282722739139007,0.08067880528894623,0.40461446615161606,-0.9093884732721579
72140000000,1041,72132034615,map,-1.8653312921524048,2.0433688163757324,6.832028388977051,0.05181478765026251,0.0802919696595121,0.40551919040175083,-0.9090779352923295
72176000000,1042,72172034627,map,-1.8593716621398926,2.04280161857605,6.838988780975342,0.05132921775983555,0.08008261177497933,0.4060108333896304,-0.9089045010107073
72208000000,1043,72204034627,map,-1.8532723188400269,2.04478120803833,6.845664024353027,0.05040539308479117,0.07952955819464133,0.4070301549208664,-0.9085487394624268
72240000000,1044,72236034627,map,-1.8468947410583496,2.047358512878418,6.8529815673828125,0.049449498609297045,0.07913833402460602,0.4079239420638127,-0.9082344714865054
72276000000,1045,72268034639,map,-1.8407055139541626,2.0496931076049805,6.860928058624268,0.048963590226992974,0.07891106504654512,0.40837794791597193,-0.9080765893919835
72308000000,1046,72300034639,map,-1.8347554206848145,2.051854133605957,6.869765281677246,0.04772526576836031,0.07852904337746434,0.4092762447717089,-0.9077712144010979
72340000000,1047,72332034639,map,-1.82905912399292,2.053903102874756,6.879561901092529,0.04653586984958173,0.07800603391466954,0.41024686561949064,-0.9074398769515295
72376000000,1048,72372034650,map,-1.8222782611846924,2.0562875270843506,6.893074989318848,0.04594234870922821,0.07775340438760622,0.4107501200641349,-0.9072640192261177
72408000000,1049,72404034650,map,-1.8170673847198486,2.0580244064331055,6.90462064743042,0.04469021457226314,0.07698345917356413,0.41185531579921186,-0.9068911671307661
72440000000,1050,72436034650,map,-1.8120160102844238,2.0595505237579346,6.916994571685791,0.04355016075928968,0.07638581949585768,0.4129641783101092,-0.9064928161920653
72476000000,1051,72468034661,map,-1.8071266412734985,2.0608596801757812,6.92969274520874,0.04304157210413069,0.07609235362385436,0.4135624738981456,-0.9062689532061997
72508000000,1052,72500034661,map,-1.8024011850357056,2.0619184970855713,6.943411827087402,0.04234935884963284,0.07559540408432947,0.4147197209911335,-0.9058142940778885
72540000000,1053,72532034661,map,-1.7978394031524658,2.0627264976501465,6.957404136657715,0.041801524893065135,0.0752433712150532,0.41590859929392876,-0.9053237890549186
72576000000,1054,72572034672,map,-1.792389154434204,2.0634336471557617,6.975462436676025,0.04162974750942489,0.07499495505575196,0.41653127683382873,-0.9050660189294261
72608000000,1055,72604034672,map,-1.787779688835144,2.067030191421509,6.9907450675964355,0.04143524112063613,0.07447834927975278,0.4177136645219533,-0.9045724793333635
72640000000,1056,72636034672,map,-1.7832034826278687,2.0710904598236084,7.005919933319092,0.04151254634333921,0.07397363286630074,0.4188769596877025,-0.9040723226820847
72676000000,1057,72668034683,map,-1.7788074016571045,2.0744919776916504,7.020556449890137,0.041603754757694816,0.0737047754854717,0.4194132151147309,-0.9038414633193663
72708000000,1058,72700034683,map,-1.774601936340332,2.0772414207458496,7.034340858459473,0.04179642117312826,0.07321323523053538,0.42054586952161266,-0.9033460692619693
72740000000,1059,72732034683,map,-1.7706445455551147,2.079430341720581,7.047547817230225,0.04217728643805303,0.07260327023381752,0.4216695677231858,-0.9028536465573922
72776000000,1060,72772034693,map,-1.7660913467407227,2.0814402103424072,7.063396453857422,0.04226375201486214,0.07215835624713539,0.4222606140532784,-0.9026089630283622
72808000000,1061,72804034693,map,-1.7628355026245117,2.0825648307800293,7.075713157653809,0.042531591285881826,0.0711432322785933,0.4234011499208317,-0.9021426081495892
72840000000,1062,72836034693,map,-1.7599456310272217,2.0833349227905273,7.087972164154053,0.04288557344690171,0.06980954662393768,0.42459399002738707,-0.9016692147471148
72876000000,1063,72868034702,map,-1.7575024366378784,2.0838897228240967,7.100379943847656,0.042870068675005764,0.06895091522100555,0.4251745417922003,-0.9014625055285932
72908000000,1064,72900034702,map,-1.7555782794952393,2.0843911170959473,7.113719940185547,0.04282454349316892,0.06658085700071327,0.4262861227748267,-0.9011178286014712
72940000000,1065,72932034702,map,-1.7542450428009033,2.084996223449707,7.127984046936035,0.04250177239056037,0.06350168200549225,0.4274326224214442,-0.9008121585826457
72976000000,1066,72972046711,map,-1.753396987915039,2.086001396179199,7.147457599639893,0.042109622306946815,0.06173128782872395,0.428009170235649,-0.9006798385517459
73008000000,1067,73004046711,map,-1.7526198625564575,2.0886027812957764,7.163966178894043,0.04117590036649196,0.057566895363164686,0.42903559351085907,-0.9005105135878533
73040000000,1068,73036046711,map,-1.75165593624115,2.092780113220215,7.181417465209961,0.03994337702643011,0.053128128230888506,0.4299476723860591,-0.9004038609876965
73076000000,1069,73068052720,map,-1.7511671781539917,2.0968728065490723,7.1995978355407715,0.039190802240875074,0.050884641606485995,0.4303675814377731,-0.9003658866771882
73108000000,1070,73100052720,map,-1.751011848449707,2.10078501701355,7.218127250671387,0.03765721177882651,0.04651276843751395,0.4310777558351816,-0.9003279545135284
73140000000,1071,73132052720,map,-1.7510807514190674,2.1044459342956543,7.236668586730957,0.03616989065390881,0.042737628789005354,0.4317177978766681,-0.9002694546877952
73176000000,1072,73172052729,map,-1.7512341737747192,2.108469009399414,7.259130477905273,0.035503076473267094,0.04115422272765043,0.43198252223216504,-0.9002427757326878
73208000000,1073,73204052729,map,-1.7512997388839722,2.111064910888672,7.275937557220459,0.03452128457036042,0.03892841291956733,0.4323885017504462,-0.9001850134768037
73240000000,1074,73236052729,map,-1.7512414455413818,2.113095760345459,7.291256427764893,0.03394383948926352,0.03790411443821227,0.4327933643772419,-0.9000562127077545
73276000000,1075,73268046737,map,-1.7511281967163086,2.1146883964538574,7.305711269378662,0.0337785756047156,0.0376799309058074,0.4329632793970136,-0.8999900632290166
73308000000,1076,73300046737,map,-1.751055359840393,2.116114854812622,7.320069789886475,0.03323585590479689,0.037305229617477356,0.433330589181786,-0.8998490820207476
73340000000,1077,73332046737,map,-1.7511805295944214,2.117575168609619,7.335197925567627,0.03222341451730806,0.03645990114287874,0.4336670474734485,-0.8997585084432977
73376000000,1078,73372052744,map,-1.751646637916565,2.1195719242095947,7.355471134185791,0.031486441638963907,0.03574089006598981,0.4338543691416551,-0.8997230840171242
73408000000,1079,73404052744,map,-1.7521415948867798,2.124289035797119,7.372154235839844,0.02977676707682901,0.03368262056618258,0.43412838687724864,-0.8997285841808549
73440000000,1080,73436052744,map,-1.7526854276657104,2.1297125816345215,7.38858699798584,0.028014420807856648,0.031248642204948104,0.43447917509740486,-0.899703675393385
73476000000,1081,73476052751,map,-1.7533859014511108,2.1359095573425293,7.408280372619629,0.027020318732462256,0.029820591238201737,0.4346667496467026,-0.8996919374960748
73508000000,1082,73500052751,map,-1.7537689208984375,2.139319658279419,7.4194536209106445,0.025676906622377923,0.027800015755896617,0.43484606341369225,-0.899709365217934
73540000000,1083,73540052751,map,-1.7542855739593506,2.144453525543213,7.4368977546691895,0.02405225814107576,0.025682440289560432,0.4350419198187223,-0.8997224728878209
73576000000,1084,73572052757,map,-1.7546002864837646,2.148090124130249,7.44980525970459,0.023382791013883637,0.024882420664927785,0.4351683814376792,-0.8997013783901412
73608000000,1085,73604052757,map,-1.7548176050186157,2.151283025741577,7.4617815017700195,0.022240787826848483,0.02373419571401734,0.43538872516169425,-0.8996548482693851
73640000000,1086,73636052757,map,-1.7549158334732056,2.1540026664733887,7.472751140594482,0.02104932276122583,0.022641812620887734,0.4356818354196632,-0.8995697748556659
73676000000,1087,73668052763,map,-1.7548511028289795,2.1563122272491455,7.483053207397461,0.020561802508920413,0.02212332974608662,0.4358254718793883,-0.8995243405529711
73708000000,1088,73700052763,map,-1.7546637058258057,2.1582140922546387,7.492363929748535,0.01963922948003152,0.02135462613539627,0.43609525385670667,-0.8994328397448541
73740000000,1089,73732052763,map,-1.7543050050735474,2.159700393676758,7.501008033752441,0.018989786633375562,0.020726945715187236,0.4363371135468863,-0.8993440574084658
73776000000,1090,73772046769,map,-1.7535898685455322,2.160949230194092,7.510012149810791,0.01866913843130655,0.02048330556761208,0.4364544714465649,-0.899299444969317
73808000000,1091,73804046769,map,-1.7527250051498413,2.1643900871276855,7.516997814178467,0.01814721227422739,0.02019391542756866,0.4367676225310009,-0.8991645750540822
73840000000,1092,73836046769,map,-1.7515854835510254,2.1699774265289307,7.523578643798828,0.017921051708891488,0.020122387533516053,0.437171452560008,-0.8989744295470252
73876000000,1093,73868046774,map,-1.7502129077911377,2.174668312072754,7.528226375579834,0.017920281623407468,0.02012107925253288,0.43734560333805494,-0.8988898829689125
73908000000,1094,73900046774,map,-1.7486002445220947,2.17846941947937,7.530616283416748,0.017953534252111606,0.02017962772824153,0.43764933460184874,-0.8987399877021836
73940000000,1095,73932046774,map,-1.74667489528656,2.181389570236206,7.5306620597839355,0.018159307843523573,0.020530806300654805,0.4379272298475053,-0.8985924948058195
73976000000,1096,73972040778,map,-1.7438650131225586,2.183945655822754,7.5281195640563965,0.018237746092052632,0.020734130271133203,0.43812386596923303,-0.8984903519184535
74008000000,1097,74004040778,map,-1.7413755655288696,2.185229778289795,7.524604320526123,0.018179848834544318,0.021284692577597488,0.4385289814771196,-0.8982810506687483
74040000000,1098,74036040778,map,-1.7388132810592651,2.1859607696533203,7.521046161651611,0.017800372110714637,0.02173436751180009,0.4390395483999806,-0.898028422458774
74076000000,1099,74068040783,map,-1.7362431287765503,2.186255693435669,7.517788410186768,0.017438534666167408,0.021711546475056583,0.43928574921555696,-0.8979157428592801
74108000000,1100,74100040783,map,-1.7337818145751953,2.186248302459717,7.515500068664551,0.01633974920333119,0.021282282140062142,0.43980697929109125,-0.8976914794783537
74140000000,1101,74132040783,map,-1.7314225435256958,2.185961961746216,7.514102458953857,0.015084423101135929,0.020303611902759436,0.4403406426869362,-0.8974744232085226
74176000000,1102,74172034786,map,-1.7286405563354492,2.185232400894165,7.513820171356201,0.014331799254015051,0.019557283082590367,0.44062376414180815,-0.8973644410073334
74208000000,1103,74204034786,map,-1.7263860702514648,2.187584400177002,7.514410018920898,0.012888434987188436,0.017803042344058377,0.4411599563485637,-0.8971593544424794
74240000000,1104,74236034786,map,-1.7241907119750977,2.1903955936431885,7.515696048736572,0.011683835251354064,0.015870607364200363,0.4416356889011304,-0.8969780597736098
74276000000,1105,74268034790,map,-1.7220364809036255,2.1925606727600098,7.517572402954102,0.01115564880554589,0.014911831921119941,0.4418343269981623,-0.8969033334112
74308000000,1106,74300034790,map,-1.7199137210845947,2.1940696239471436,7.5195417404174805,0.01022516031862523,0.013112181904584515,0.4423070881979089,-0.8967095000548984
74340000000,1107,74332034790,map,-1.7177588939666748,2.1949217319488525,7.521495819091797,0.009502747777034505,0.011533448957376303,0.442734667976052,-0.896528142165756
74376000000,1108,74372034793,map,-1.714987874031067,2.1950418949127197,7.523435592651367,0.009196863484289962,0.01087744601960408,0.442960216835858,-0.8964281066208154
74408000000,1109,74404034793,map,-1.712673306465149,2.1943986415863037,7.524465560913086,0.00869613163554249,0.0097250309557845,0.44335214038016085,-0.8962525649967675
74440000000,1110,74436034793,map,-1.7102584838867188,2.193152904510498,7.525084972381592,0.008245944353712677,0.009020646152417865,0.4437503859517403,-0.896067161010168
74476000000,1111,74468034796,map,-1.7077152729034424,2.1913156509399414,7.525078773498535,0.008094439151456823,0.008733251196438476,0.44396742114814713,-0.8959639223047406
74508000000,1112,74500034796,map,-1.7050423622131348,2.1888716220855713,7.524591445922852,0.007714900524443396,0.008348633215634978,0.4443472906937759,-0.8957824801219013
74540000000,1113,74532034796,map,-1.702246069908142,2.185859203338623,7.523754596710205,0.007422366492918869,0.008225271365677115,0.4447881678026241,-0.8955673415336775
74576000000,1114,74572034798,map,-1.6986193656921387,2.1814091205596924,7.52243709564209,0.007209663366921659,0.008212033139341518,0.44496027445851827,-0.8954836589659589
74608000000,1115,74604034798,map,-1.6952309608459473,2.181131362915039,7.522735595703125,0.006865156755872944,0.008214403487979938,0.44530366590676074,-0.8953156827012188
74640000000,1116,74636034798,map,-1.6916224956512451,2.1813321113586426,7.523288726806641,0.006382715034176963,0.00817553084044467,0.44557620850265645,-0.8951839105793495
74676000000,1117,74668028801,map,-1.687903642654419,2.1807243824005127,7.523820877075195,0.006092947383494344,0.008115131936986654,0.44569912978633847,-0.8951253896801922
74708000000,1118,74700028801,map,-1.6840691566467285,2.1794023513793945,7.523795127868652,0.0054806870298939195,0.00807071804900703,0.44597300000796225,-0.894993301456959
74740000000,1119,74732028801,map,-1.6801173686981201,2.1774256229400635,7.523237228393555,0.0048029435622796626,0.00792171552167667,0.4462532133302869,-0.894858831936785
74776000000,1120,74772028802,map,-1.6750324964523315,2.1740105152130127,7.521666049957275,0.004378052456726609,0.00789696297389125,0.4464028557159249,-0.8947865711650131
74808000000,1121,74804028802,map,-1.670810580253601,2.1705589294433594,7.519811153411865,0.0035797366513722413,0.007868809372994355,0.4466788122065499,-0.8946526495538697
74840000000,1122,74836028802,map,-1.666451096534729,2.1665451526641846,7.517449855804443,0.0028274852111706285,0.007787193317942024,0.44697225963930703,-0.8945094977829025
74876000000,1123,74868028804,map,-1.6619900465011597,2.161961078643799,7.514692783355713,0.002593138690646311,0.007869454911248304,0.44715618848620853,-0.8944175333594516
74908000000,1124,74900028804,map,-1.6574523448944092,2.156831741333008,7.5116777420043945,0.001961216996851683,0.007991801450210986,0.44748135142247014,-0.8942554787269272
74936000000,1125,74932028804,map,-1.6528358459472656,2.151186466217041,7.508447170257568,0.0014779796710719948,0.008139490592838238,0.4478149437284339,-0.8940880292977935
74976000000,1126,74972028806,map,-1.6470032930374146,2.1434693336486816,7.5044403076171875,0.0012958038696507033,0.008239973948044273,0.4480222008559862,-0.8939835261869108
75008000000,1127,75004028806,map,-1.641688346862793,2.139167547225952,7.501668930053711,0.0011126688981535344,0.008331436889852214,0.44833115832899534,-0.8938280675361784
75040000000,1128,75036028806,map,-1.6358181238174438,2.136526584625244,7.499273300170898,0.0010133692767005978,0.008337238996239796,0.44858127880148324,-0.8937026174415856
75076000000,1129,75068028807,map,-1.629996657371521,2.1331465244293213,7.496532440185547,0.0010329547196402588,0.00829526764984028,0.44867840621387656,-0.8936542117860709
75108000000,1130,75100028807,map,-1.6241989135742188,2.1291043758392334,7.493509292602539,0.0009180992890920086,0.008133785951037836,0.44888458859679187,-0.8935523007063716
75140000000,1131,75132028807,map,-1.618420958518982,2.124445915222168,7.490080833435059,0.0007300278679630013,0.007908787305168207,0.4490480972955898,-0.8934723270613221
75176000000,1132,75172028808,map,-1.611193060874939,2.1178016662597656,7.485185146331787,0.0006109175813486749,0.007718034620074949,0.44914836464819724,-0.893423647451292
75208000000,1133,75204028808,map,-1.6054068803787231,2.111856460571289,7.481033802032471,0.00037841416226607356,0.00739894247636024,0.44935503171987046,-0.8933226003819872
75240000000,1134,75236028808,map,-1.5996674299240112,2.1054391860961914,7.476802825927734,0.00015195223049970608,0.007071201009077687,0.44960116931517413,-0.8932013860456699
75276000000,1135,75268028808,map,-1.5940231084823608,2.0985734462738037,7.4731974601745605,0.00012124759281501207,0.006871138480275077,0.44972537607773566,-0.8931404838495716
75308000000,1136,75300028808,map,-1.5884965658187866,2.0913493633270264,7.470065116882324,-1.9885739235272652e-05,0.006438787547171722,0.4499865390245334,-0.8930121677692802
75340000000,1137,75332028808,map,-1.5830918550491333,2.083801746368408,7.467705249786377,-0.00023681425143182814,0.005770702046357349,0.4502645607107355,-0.8928766024310448
75376000000,1138,75372028809,map,-1.5765190124511719,2.073920726776123,7.4653401374816895,-0.00031480337260644375,0.0053419484126288495,0.4503795373134733,-0.8928212214721016
75408000000,1139,75404028809,map,-1.571094274520874,2.0680289268493652,7.463689804077148,-0.00035699977659156383,0.004493449869404928,0.4505676176249531,-0.892730921849167
75440000000,1140,75436028809,map,-1.565468668937683,2.063905715942383,7.4620442390441895,-0.00022621135558105267,0.003673912467280816,0.4506923090762726,-0.8926718108941305
75476000000,1141,75468022809,map,-1.559948205947876,2.0590415000915527,7.460015773773193,-8.922619538655152e-05,0.0032724278445388656,0.45071338250052806,-0.8926627914685491
75508000000,1142,75500022809,map,-1.5544766187667847,2.0534801483154297,7.457545280456543,0.00014184620648020291,0.002610959892849084,0.4507708708018969,-0.8926359017791992
75540000000,1143,75532022809,map,-1.5490564107894897,2.047287702560425,7.454700469970703,0.0003939344922760195,0.001992408051973584,0.4508355872877854,-0.8926048184784224
75576000000,1144,75572022809,map,-1.5423225164413452,2.0386900901794434,7.450934410095215,0.0004900240796838258,0.0016667274585697306,0.45087326657035415,-0.8925863581587746
75608000000,1145,75604022809,map,-1.536953091621399,2.031163454055786,7.447779655456543,0.0005858329624951042,0.0014512343676054184,0.45099880095864386,-0.8925232011062811
75640000000,1146,75636022809,map,-1.5316165685653687,2.023113965988159,7.444490909576416,0.0007928792734868077,0.0013388423051073413,0.45107614042566135,-0.8924842152714085
75676000000,1147,75668022808,map,-1.5262888669967651,2.0145351886749268,7.441010475158691,0.0008695621922093554,0.00127284937474675,0.45112823393042073,-0.8924578313442406
75708000000,1148,75700022808,map,-1.5209670066833496,2.00545597076416,7.437206745147705,0.0010327115829499587,0.0013166826631347665,0.45118903075939776,-0.8924269587777064
75740000000,1149,75732022808,map,-1.5156320333480835,1.9959344863891602,7.433119297027588,0.0014219426783216328,0.001379882675367729,0.4512315569295452,-0.8924046630948441
75776000000,1150,75772022808,map,-1.5089445114135742,1.9834551811218262,7.4276227951049805,0.0015897237051947,0.0014893021296953199,0.451194741657371,-0.8924229337536737
75808000000,1151,75804022808,map,-1.5034091472625732,1.9753692150115967,7.423542499542236,0.0019656293376629865,0.0017527727502158995,0.45112833929754204,-0.8924552814599057
75840000000,1152,75836022808,map,-1.4977350234985352,1.9689818620681763,7.419654846191406,0.0023702152419984293,0.0020654600238128214,0.4510953172417338,-0.8924702646645514
75876000000,1153,75868022807,map,-1.4920884370803833,1.9619091749191284,7.415666103363037,0.002681414030081425,0.0022411327393768153,0.45103905119897175,-0.8924973650881439
75908000000,1154,75900022807,map,-1.4864269495010376,1.9542349576950073,7.411654472351074,0.003047805083526683,0.0025713115416219606,0.4508822227756627,-0.8925745359677673
75940000000,1155,75932022807,map,-1.4807780981063843,1.9459903240203857,7.407669544219971,0.003184088934979215,0.002649187022709917,0.45075531861479645,-0.8926379669747763
75976000000,1156,75972022806,map,-1.4737505912780762,1.9350041151046753,7.402867317199707,0.0032001958223506146,0.002748817356982956,0.45067810558832444,-0.8926765734880122
76008000000,1157,76004022806,map,-1.4681615829467773,1.925722360610962,7.399040222167969,0.0032289630015133078,0.0027785684427996072,0.4505582399511594,-0.8927369277750797
76040000000,1158,76036022806,map,-1.462584137916565,1.9160507917404175,7.395248889923096,0.003136494832672962,0.0026879078963156105,0.4504351079332349,-0.8927996212122398
76076000000,1159,76068022805,map,-1.4570236206054688,1.9059858322143555,7.391297340393066,0.0031202415220461157,0.0026314065267895427,0.45036196207764423,-0.8928367736592021
76108000000,1160,76100022805,map,-1.4514471292495728,1.895575761795044,7.387423515319824,0.0031739273256873347,0.002542230442524118,0.45018793774014276,-0.8929246498383473
76140000000,1161,76132022805,map,-1.4458497762680054,1.8848427534103394,7.383554458618164,0.003197745563452054,0.002431579818659338,0.45001130029803355,-0.8930138747166448
76176000000,1162,76172022804,map,-1.4387975931167603,1.871087670326233,7.378940105438232,0.003305226736077009,0.0023647084516636454,0.4499215485841296,-0.8930588664774302
76208000000,1163,76204022804,map,-1.4328320026397705,1.8628053665161133,7.375247478485107,0.0034446704075559364,0.002240508109910994,0.449711130442939,-0.8931645918469198
76240000000,1164,76236022804,map,-1.4267488718032837,1.854996919631958,7.371629238128662,0.003482450118162143,0.0022891854150352987,0.44939363823310646,-0.8933241176685336
76276000000,1165,76268028802,map,-1.420634150505066,1.846665620803833,7.368095874786377,0.003518602482971061,0.0022675473711823197,0.4492527202451102,-0.8933949033006076
76308000000,1166,76300028802,map,-1.414491057395935,1.8379132747650146,7.364542007446289,0.0034973493995420304,0.0023070836257864753,0.44890920235632226,-0.8935675578655324
76340000000,1167,76332028802,map,-1.4083930253982544,1.8288490772247314,7.361717700958252,0.003242240040815843,0.0020104923838663294,0.4486290522542703,-0.8937099720666508
76376000000,1168,76372022800,map,-1.400917410850525,1.8172845840454102,7.36009407043457,0.0030271722461265925,0.0017609023689796088,0.4484454395087326,-0.8938033905563751
76408000000,1169,76404022800,map,-1.395020842552185,1.8078943490982056,7.360388278961182,0.002369924947347504,0.0008558588482354811,0.4481608007673143,-0.8939494504598897
76440000000,1170,76436022800,map,-1.389177918434143,1.7983741760253906,7.361354351043701,0.0016460706460336462,-0.00041401380243758054,0.4478510635776077,-0.8941066160579868
76476000000,1171,76476022798,map,-1.3818614482879639,1.7862416505813599,7.362433910369873,0.001154247351770787,-0.00115231779369272,0.4477012526045757,-0.8941817428154575
76508000000,1172,76508022798,map,-1.375930905342102,1.7762932777404785,7.362853527069092,0.0004003409778858024,-0.002207371302722138,0.44736744956436947,-0.8943474642238023
76540000000,1173,76532022798,map,-1.3714029788970947,1.7686532735824585,7.362580299377441,-8.722520789904574e-05,-0.002917735113994811,0.4470137321382418,-0.8945223947185468
76576000000,1174,76572022796,map,-1.3636006116867065,1.7555413246154785,7.360189914703369,-0.00027102498007702304,-0.0030994538855275626,0.44686552274545316,-0.89459575130838
76608000000,1175,76604022796,map,-1.3567019701004028,1.7473018169403076,7.356533050537109,-0.00042186459963046457,-0.0031413323771514534,0.4464460351622243,-0.8948050104112366
76640000000,1176,76636022796,map,-1.349242925643921,1.7410557270050049,7.351767063140869,-0.00039638905229334357,-0.0025583239943691776,0.4460282755997843,-0.8950151545979119
76676000000,1177,76668022794,map,-1.341610074043274,1.7341798543930054,7.346642971038818,-0.00042998972176995525,-0.0021007303094122735,0.4458257810661137,-0.8951172553384296
76708000000,1178,76700022794,map,-1.3338381052017212,1.7267423868179321,7.341464519500732,-0.0005844762373315101,-0.0010149571509863843,0.44552135437931956,-0.8952705434264637
76740000000,1179,76732022794,map,-1.3259755373001099,1.7188265323638916,7.336297512054443,-0.000919937369131796,-2.9274855239772693e-05,0.445264258603403,-0.8953988384333308
76776000000,1180,76772022791,map,-1.3160279989242554,1.7082713842391968,7.330049514770508,-0.0011203262067381117,0.000396524383189789,0.44518841534950776,-0.8954362437613843
76808000000,1181,76804022791,map,-1.3079783916473389,1.6994071006774902,7.32529878616333,-0.0016083907872384074,0.001037809468594075,0.4450382882751119,-0.8955094949840962
76840000000,1182,76836022791,map,-1.2998720407485962,1.6902329921722412,7.320783615112305,-0.0021345781800335695,0.0014740053549663185,0.44494910554366285,-0.8955521475947892
76876000000,1183,76868022788,map,-1.2917531728744507,1.680767297744751,7.316941261291504,-0.002444487249856713,0.0016018160023478587,0.4449295704793781,-0.8955608087721583
76908000000,1184,76900022788,map,-1.2837008237838745,1.6710344552993774,7.313604354858398,-0.003089037604726736,0.00168954738401938,0.4450419129040838,-0.8955028357820314
76940000000,1185,76932022788,map,-1.2757389545440674,1.6610852479934692,7.310880184173584,-0.003529847459717065,0.0015154105177250972,0.445259222055006,-0.8953935068569941
76976000000,1186,76972022785,map,-1.2659257650375366,1.6483360528945923,7.308310508728027,-0.0037522038603845414,0.0013157739025830247,0.4453783079754735,-0.8953336794055331
77008000000,1187,77004022785,map,-1.2571923732757568,1.641304612159729,7.3067827224731445,-0.004181020385113553,0.0007942138962502988,0.44563456081441977,-0.8952049629301806
77040000000,1188,77036022785,map,-1.2482832670211792,1.6348646879196167,7.305426597595215,-0.004316170017128179,0.0001797689858807697,0.445840658903638,-0.89510195603242
77076000000,1189,77068022782,map,-1.2394781112670898,1.6278773546218872,7.303923606872559,-0.004323514764025711,-4.397546197340691e-05,0.44590343663449505,-0.8950706198505523
77108000000,1190,77100022782,map,-1.2307318449020386,1.6203540563583374,7.302136421203613,-0.004454394887358958,-0.00039575545015859987,0.44606169805065343,-0.8949910044537152
77140000000,1191,77132022782,map,-1.222010850906372,1.6123285293579102,7.29987907409668,-0.004704311869593893,-0.00047760430069450225,0.44619285904321937,-0.894924328139371
77176000000,1192,77172022779,map,-1.2110803127288818,1.6016515493392944,7.296904563903809,-0.004817499536175677,-0.0003928700373968738,0.4463270124620295,-0.894856935328602
77208000000,1193,77204022779,map,-1.2023266553878784,1.5925660133361816,7.294157981872559,-0.0049952535404981175,-1.8475960079807788e-05,0.44668930677182916,-0.894675198117823
77240000000,1194,77236022779,map,-1.193580985069275,1.5830535888671875,7.291240215301514,-0.005271079639310615,0.0005174310969038295,0.44713987765583485,-0.8944484269994102
77276000000,1195,77268022775,map,-1.1848244667053223,1.5731514692306519,7.287966251373291,-0.0052800230030012755,0.0009052522381941544,0.447390756771596,-0.8943226397300295
77308000000,1196,77300022775,map,-1.1761372089385986,1.562872290611267,7.284350872039795,-0.005138133332583572,0.0016218306516705967,0.4478751083546832,-0.8940799581763037
77340000000,1197,77332022775,map,-1.1674854755401611,1.5522807836532593,7.280635356903076,-0.005026622978863621,0.0023983306884728943,0.4482998853674002,-0.893865915406141
77376000000,1198,77372022771,map,-1.15677011013031,1.5385617017745972,7.2760138511657715,-0.004911264091039018,0.0027460082736456095,0.44847171806877906,-0.8937793879261482
77408000000,1199,77404022771,map,-1.1476919651031494,1.5302231311798096,7.272617340087891,-0.004646801671620142,0.0032352062504031756,0.4488739043706943,-0.8935771462735687
77440000000,1200,77436022771,map,-1.1386041641235352,1.5223416090011597,7.269583225250244,-0.004330313454049029,0.0036663964576521793,0.44921341830887385,-0.8934065569042209
77476000000,1201,77468022768,map,-1.1297353506088257,1.5139957666397095,7.26718807220459,-0.00410704375504656,0.0037691498775157786,0.44941060233963204,-0.893307912205281
77508000000,1202,77500022768,map,-1.121058464050293,1.505237102508545,7.264998912811279,-0.0037845361499868235,0.0038021547314212316,0.44964108238071393,-0.8931931674102103
77540000000,1203,77532022768,map,-1.1125291585922241,1.496070384979248,7.26272439956665,-0.003579650639285588,0.003723959617010031,0.44983544257262187,-0.8930965036131505
77576000000,1204,77572022763,map,-1.1020889282226562,1.4840623140335083,7.2596516609191895,-0.003588996432836733,0.003640403759943329,0.44988542873495585,-0.8930716369725291
77608000000,1205,77604022763,map,-1.093902826309204,1.4740527868270874,7.257091522216797,-0.0035305690161302164,0.003520979378467969,0.4500096987177902,-0.8930098286191879
77640000000,1206,77636022763,map,-1.0859227180480957,1.4637106657028198,7.255007743835449,-0.0034531293603121305,0.003312176078446286,0.45009502501260046,-0.8929679135783437
77676000000,1207,77668022759,map,-1.0781794786453247,1.4531468152999878,7.253851890563965,-0.0034537066054426513,0.003229446723033937,0.4501316295505321,-0.8929496850663627
77708000000,1208,77700022759,map,-1.0706772804260254,1.44244384765625,7.253756999969482,-0.0034159017878270777,0.0028976454111777333,0.4501303229982283,-0.8929516659682427
77740000000,1209,77732022759,map,-1.0634057521820068,1.4315959215164185,7.254432201385498,-0.003267397593473617,0.00238221688638416,0.4501673700780694,-0.892935102256778
77776000000,1210,77772022755,map,-1.054573893547058,1.4178091287612915,7.255740642547607,-0.003217143938592361,0.002129007305086407,0.45017175335031456,-0.8929337535576256
77808000000,1211,77804022755,map,-1.0469238758087158,1.4106378555297852,7.25640344619751,-0.003147246518423456,0.0016230944808994785,0.4501706153854047,-0.8929356501658086
77840000000,1212,77836022755,map,-1.0392085313796997,1.4042576551437378,7.256822109222412,-0.002965061579697116,0.0012439927158490348,0.45008204378325906,-0.8929814848635643
77876000000,1213,77868022750,map,-1.0316261053085327,1.3973063230514526,7.256697177886963,-0.002853105720617514,0.0011013183896500707,0.45002807474374096,-0.8930092385633087
77908000000,1214,77900022750,map,-1.024099349975586,1.3898029327392578,7.255509376525879,-0.0027638535950409333,0.0010050667591342693,0.4499452140395685,-0.8930513854118196
77940000000,1215,77932022750,map,-1.0166054964065552,1.3817416429519653,7.253323554992676,-0.0028124553321829475,0.001235271034703375,0.4499026246491482,-0.8930723113221052
77976000000,1216,77972022745,map,-1.0073497295379639,1.3709872961044312,7.249774932861328,-0.0029160217046621355,0.001542058233127395,0.44981386338618434,-0.8931162283382537
78008000000,1217,78004022745,map,-1.0000653266906738,1.361942172050476,7.2468743324279785,-0.0029244809969803955,0.0020156186177935627,0.44971056146048416,-0.8931672681718004
78040000000,1218,78036022745,map,-0.9929490685462952,1.3525875806808472,7.244077205657959,-0.002996556573688969,0.0025417144934816306,0.4496790777646465,-0.8931816402471425
78072000000,1219,78068022740,map,-0.9859964847564697,1.3429455757141113,7.241520881652832,-0.0029633756851771644,0.0027588907418902827,0.449611811394423,-0.8932149362574661
78108000000,1220,78100022740,map,-0.9792423844337463,1.333022117614746,7.23906135559082,-0.003012918038675274,0.003005927858829238,0.44957632374797696,-0.8932317949968704
78140000000,1221,78132022740,map,-0.9726564884185791,1.3228832483291626,7.236594200134277,-0.0029747127649034097,0.002962131170467095,0.4495288453231293,-0.8932560083613399
78176000000,1222,78172022734,map,-0.9646506309509277,1.3099021911621094,7.233407020568848,-0.0029287137094873906,0.002828999534266734,0.44951778177539525,-0.8932620985809497
78208000000,1223,78204022734,map,-0.9568262100219727,1.3030754327774048,7.229806423187256,-0.0027917441742903175,0.0026821505452301777,0.4494428446787429,-0.8933007050941858
78240000000,1224,78236022734,map,-0.9487720727920532,1.297002911567688,7.225996017456055,-0.002520757452819498,0.0024869598656728563,0.44940185686856604,-0.8933227268225327
78276000000,1225,78268022729,map,-0.9410133361816406,1.290455937385559,7.222588062286377,-0.0022609568558242146,0.0022879439428779747,0.4493718693858505,-0.8933390587263308
78308000000,1226,78300022729,map,-0.9335300922393799,1.2835030555725098,7.21962308883667,-0.002125056462490972,0.0020669451522932207,0.4493130323853293,-0.8933694887509556
78340000000,1227,78332022729,map,-0.9262868762016296,1.2761605978012085,7.216947555541992,-0.0021515722709138335,0.001776484375798631,0.44923497642188714,-0.8934093596696469
78376000000,1228,78372022723,map,-0.9176033139228821,1.2664955854415894,7.213961601257324,-0.0021865791592896628,0.0016732249467987105,0.44919002680795034,-0.89343205574757
78408000000,1229,78404022723,map,-0.9109154343605042,1.2583903074264526,7.211555004119873,-0.002376370657514489,0.0014796372687576182,0.4491470791693176,-0.8934534241997649
78440000000,1230,78436022723,map,-0.9044532179832458,1.2499971389770508,7.209132671356201,-0.002593001548752468,0.0011690317469582512,0.44917594976054764,-0.8934388835370287
78476000000,1231,78468022717,map,-0.8982166051864624,1.2413142919540405,7.2067084312438965,-0.00265529129812903,0.0011425839409731572,0.4491533379763215,-0.8934500313784598
78508000000,1232,78500022717,map,-0.8921957612037659,1.2323763370513916,7.204233646392822,-0.0026624968451811858,0.0010443296766085798,0.44913957703028284,-0.893457048828737
78540000000,1233,78532022717,map,-0.8863805532455444,1.2231996059417725,7.2017974853515625,-0.0026285576015094075,0.0008299956651373491,0.44907064585954315,-0.8934920096395766
78576000000,1234,78572022711,map,-0.8793874979019165,1.2114429473876953,7.198646068572998,-0.0025216164765400305,0.0007335189770359442,0.44902209269005866,-0.8935168762801982
78608000000,1235,78604022711,map,-0.872757613658905,1.2055835723876953,7.195305824279785,-0.0021972940900248593,0.0006260762057876113,0.4489899767914934,-0.8935339036069966
78640000000,1236,78636022711,map,-0.865980863571167,1.2004188299179077,7.191409587860107,-0.001890829413773624,0.0005442386739854398,0.4489496633308926,-0.8935548295172822
78676000000,1237,78668022705,map,-0.8594879508018494,1.19475519657135,7.187309741973877,-0.001639656093253586,0.0005741899367530019,0.4489130377195366,-0.8935738377459606
78708000000,1238,78700022705,map,-0.8532564640045166,1.1886556148529053,7.182933807373047,-0.0012411932431455458,0.0005448059689200351,0.4488852840197923,-0.8935884416289697
78740000000,1239,78732022705,map,-0.847301721572876,1.182173252105713,7.178469181060791,-0.001156776892209146,0.00034251838286107833,0.44885860506468483,-0.8936019707673416
78776000000,1240,78772022699,map,-0.8402676582336426,1.1736176013946533,7.172891139984131,-0.0011438573602563823,0.0002680204119184381,0.44886298833693006,-0.893599863424916
78808000000,1241,78804022699,map,-0.8348746299743652,1.166460394859314,7.168404579162598,-0.0010900512281858447,-0.00010301978053753514,0.4488751266293012,-0.8935937942787305
78840000000,1242,78836022699,map,-0.8296990394592285,1.159024715423584,7.163689136505127,-0.0012225769513469619,-0.000607732921846563,0.44895665970774545,-0.8935525535874626
78876000000,1243,78868022692,map,-0.8247430324554443,1.1513208150863647,7.158824920654297,-0.0012821507191159915,-0.0007677239845756708,0.4489546788058654,-0.8935533543775843
78908000000,1244,78900022692,map,-0.8200303912162781,1.14336359500885,7.1539530754089355,-0.0013204007333984774,-0.0010755573838482006,0.44896100083314217,-0.8935498140423095
78940000000,1245,78932022692,map,-0.8155319094657898,1.1352057456970215,7.149025917053223,-0.0012397096349768826,-0.0014771086533523108,0.44892422770781637,-0.8935677896731993
78976000000,1246,78972022685,map,-0.8101309537887573,1.1247327327728271,7.142980575561523,-0.0012098803572896664,-0.0016194790715505986,0.448904397615592,-0.8935775888154781
79008000000,1247,79004022685,map,-0.8056625723838806,1.1199138164520264,7.139094829559326,-0.0010690361674374179,-0.001962596524118755,0.4488871806279753,-0.8935857020838165
79040000000,1248,79036022685,map,-0.801260232925415,1.1158274412155151,7.135460376739502,-0.0008183051418725536,-0.002119736521298131,0.44888994124655274,-0.8935842901643913
79076000000,1249,79068022678,map,-0.7970362305641174,1.1112546920776367,7.13182258605957,-0.0006428024954277464,-0.0022781235959804676,0.44889379768319143,-0.893582035307996
79108000000,1250,79100022678,map,-0.7929503321647644,1.106265902519226,7.128085613250732,-0.0006248620966690271,-0.0024819585969970566,0.44884157773788647,-0.8936077027387391
79140000000,1251,79132022678,map,-0.789026141166687,1.1009135246276855,7.1241254806518555,-0.0006420677243929646,-0.0028563235337196445,0.44881641606932543,-0.8936192088283825
79176000000,1252,79172022671,map,-0.7843354940414429,1.0937610864639282,7.118783473968506,-0.0007045617872031277,-0.003042058274298201,0.4487900321421577,-0.8936317685892389
79208000000,1253,79204022671,map,-0.7807031869888306,1.0877045392990112,7.114346981048584,-0.000927382873339049,-0.003463982883796983,0.4487280341279981,-0.8936611449426508
79240000000,1254,79236022671,map,-0.7771632671356201,1.0813648700714111,7.109694004058838,-0.0011434888634451346,-0.003896120119207497,0.44870755075962176,-0.893669405724959
79276000000,1255,79268022664,map,-0.7737059593200684,1.0747548341751099,7.10513973236084,-0.001161482686627064,-0.004086933308077427,0.4487027670923158,-0.8936709862317782
79308000000,1256,79300022664,map,-0.7703513503074646,1.06788969039917,7.100741863250732,-0.001260529591625062,-0.004595449029432158,0.44872719119102794,-0.8936560873208297
79340000000,1257,79332022664,map,-0.7670499086380005,1.0608032941818237,7.096635818481445,-0.001227223867769963,-0.004841707632289121,0.44873901338203526,-0.8936489012831585
79376000000,1258,79372022656,map,-0.7629885077476501,1.0516653060913086,7.091701507568359,-0.00114837040692862,-0.004967159043970814,0.4487172656082036,-0.8936592694078922
79408000000,1259,79404022656,map,-0.7587748765945435,1.0488102436065674,7.08834981918335,-0.0010677373941905812,-0.005013439082449934,0.44866685797738454,-0.8936844732233017
79440000000,1260,79436022656,map,-0.7543097734451294,1.0468664169311523,7.084745407104492,-0.0008569374618214398,-0.004942345745454533,0.44862509045051024,-0.8937059259691937
79476000000,1261,79468022649,map,-0.7499427795410156,1.0442920923233032,7.0808234214782715,-0.000797127791061941,-0.004828846258048219,0.4485852406052432,-0.8937267254389338
79508000000,1262,79500022649,map,-0.7456412315368652,1.041156530380249,7.076687335968018,-0.0009046040657621175,-0.004585998915742606,0.448615164867686,-0.8937128169789254
79540000000,1263,79532022649,map,-0.7413967847824097,1.0375540256500244,7.072336196899414,-0.0012013608493079574,-0.004222856565252807,0.4485832597033632,-0.8937303079210573
79576000000,1264,79572022641,map,-0.7361709475517273,1.0324345827102661,7.06681489944458,-0.0013845624161184956,-0.004053587495325405,0.44858991890542793,-0.8937274419353586
79608000000,1265,79604022641,map,-0.7320588827133179,1.0278879404067993,7.062302589416504,-0.0018753116767826782,-0.0037354901654080667,0.44863143355121116,-0.8937071693012248
79640000000,1266,79636022641,map,-0.7279953360557556,1.0229614973068237,7.0578694343566895,-0.0022723415340413482,-0.0035003641339814563,0.4485967677683109,-0.8937245548762356
79676000000,1267,79668022633,map,-0.7239758372306824,1.0177078247070312,7.053336143493652,-0.002419336982347505,-0.0033766225507966784,0.4486162185388987,-0.8937148821745023
79708000000,1268,79700022633,map,-0.7199935913085938,1.01217520236969,7.048802852630615,-0.0027440987415265953,-0.0032752496254374536,0.44859099365006494,-0.8937270415402977
79740000000,1269,79732022633,map,-0.7160508632659912,1.0063532590866089,7.044395923614502,-0.0028870216065387754,-0.0031087772088198118,0.44864361399043085,-0.8937007208334027
79776000000,1270,79772022625,map,-0.7111791372299194,0.9986417889595032,7.039094924926758,-0.002980770093945098,-0.0030655344753642076,0.4486632544218369,-0.8936906898834571
79808000000,1271,79804022625,map,-0.7069237232208252,0.9950329661369324,7.034218788146973,-0.003015394697877153,-0.0030278799081509236,0.4486686492184463,-0.8936879924851524
79840000000,1272,79836022625,map,-0.7023483514785767,0.9936676025390625,7.028891086578369,-0.0027499537064007004,-0.0029852827547514117,0.44869787805788863,-0.8936743579796591
79876000000,1273,79868022616,map,-0.6978797316551208,0.9916777014732361,7.0240373611450195,-0.0026003968698102616,-0.002942046735362862,0.44870293567970987,-0.8936723349309306
79908000000,1274,79900022616,map,-0.6934697031974792,0.9891294836997986,7.019627094268799,-0.0024439714242913205,-0.0030653589166591616,0.44872826593566495,-0.8936596487295287
79940000000,1275,79932022616,map,-0.689096987247467,0.9860928058624268,7.015666484832764,-0.002466025030308352,-0.0032745614464266114,0.44873916089600496,-0.8936533899225249
79976000000,1276,79972022608,map,-0.6837080121040344,0.9816230535507202,7.011347770690918,-0.0024785162613767363,-0.003384136708268888,0.448740067053248,-0.893652483765282
80008000000,1277,80004022608,map,-0.6794115900993347,0.9775459170341492,7.008322715759277,-0.002703549933582385,-0.0035710832119011655,0.44878495344691205,-0.8936285865021762
80040000000,1278,80036022608,map,-0.6751154661178589,0.9730494618415833,7.005687713623047,-0.00288203640403383,-0.0037911340482461938,0.44882627843187706,-0.8936063961864353
80076000000,1279,80068022599,map,-0.6708053350448608,0.9681854248046875,7.003278732299805,-0.002894354972964028,-0.0038350453021301005,0.44882417108945144,-0.8936072391234055
80108000000,1280,80100022599,map,-0.6664905548095703,0.9629392027854919,7.001051902770996,-0.002876967792751046,-0.0038322309710162043,0.44879235021882574,-0.8936232127789911
80140000000,1281,80132022599,map,-0.6621655821800232,0.9573338031768799,6.998815059661865,-0.0029159512403997816,-0.0037727858869599376,0.44886104958189854,-0.8935889052443032
80176000000,1282,80172022590,map,-0.6567348837852478,0.9498142600059509,6.996142864227295,-0.002858759777967895,-0.003737083061095782,0.44888777068385444,-0.8935757554275678
80204000000,1283,80204022590,map,-0.6521756649017334,0.9485253691673279,6.993486404418945,-0.0026664034135206035,-0.003370373333847208,0.448911583653263,-0.8935659352118648
80240000000,1284,80236022590,map,-0.6475120782852173,0.9481514096260071,6.990716934204102,-0.002159564552278355,-0.0030534856267139397,0.4489494736700744,-0.8935493715004
80276000000,1285,80268022581,map,-0.6428070664405823,0.9470585584640503,6.988008975982666,-0.001980406736860053,-0.0027552553086724564,0.44899134656406997,-0.8935296678487212
80308000000,1286,80300022581,map,-0.6380689144134521,0.9453070759773254,6.985368251800537,-0.0019509755801971865,-0.0022980968187377502,0.44904034227546386,-0.8935064660086159
80340000000,1287,80332022581,map,-0.6333041191101074,0.9429641962051392,6.982784271240234,-0.0020922899708281342,-0.0019737403113852595,0.4490969244195897,-0.8934784594277805
80376000000,1288,80372022571,map,-0.6272818446159363,0.9392250180244446,6.979799270629883,-0.002267105014488544,-0.0018441103113233214,0.4490875467457961,-0.8934830323608439
80408000000,1289,80404022571,map,-0.6224105954170227,0.9356480836868286,6.977621555328369,-0.0025024446818694476,-0.0016274048193402975,0.44915904887429475,-0.8934468492913973
80440000000,1290,80436022571,map,-0.6175483465194702,0.9315604567527771,6.975464344024658,-0.0027763672577816216,-0.0013937417033791392,0.44921017300153854,-0.8934207603921691
80476000000,1291,80468022562,map,-0.6126765608787537,0.9270493388175964,6.973572731018066,-0.0029497832647938536,-0.0012634396174877733,0.4492574617655677,-0.8933965681011238
80508000000,1292,80500022562,map,-0.6078271269798279,0.9221197366714478,6.972229957580566,-0.0029220143362076833,-0.0013905325336736759,0.44931741565757444,-0.8933663698841656
80540000000,1293,80532022562,map,-0.6029712557792664,0.9167755842208862,6.971213340759277,-0.0029647854849121445,-0.0014403784260273958,0.4493507327413223,-0.8933494057776401
80576000000,1294,80572022552,map,-0.5968618392944336,0.909497082233429,6.970311164855957,-0.002949630647104129,-0.0014726531161371847,0.4493861360940715,-0.8933316198075685
80608000000,1295,80604022552,map,-0.5915279984474182,0.9084417223930359,6.969343662261963,-0.0027240574623103157,-0.0014264189699784637,0.4493848927620404,-0.8933330317269936
80640000000,1296,80636022552,map,-0.5860638618469238,0.9082531332969666,6.968143463134766,-0.0022187467535988415,-0.0011263340259663746,0.44939911732341287,-0.8933276580038085
80676000000,1297,80668022542,map,-0.5805701613426208,0.9072046279907227,6.966644763946533,-0.002022351700320219,-0.0008675589203955333,0.44941633431102956,-0.8933197133228642
80708000000,1298,80700022542,map,-0.5750656723976135,0.9053734540939331,6.964783668518066,-0.0017784805270998519,-0.00036946627108186696,0.44942982130255305,-0.8933138970577696
80740000000,1299,80732022542,map,-0.5694674253463745,0.9028417468070984,6.96267557144165,-0.0015632152513762698,0.00025157058749450574,0.4494173879822424,-0.893320514112986
80776000000,1300,80772022532,map,-0.5623912811279297,0.8987905979156494,6.95968770980835,-0.0015433821133835446,0.00054284523496558,0.44942613345330834,-0.893316067620468
80808000000,1301,80804022532,map,-0.5566861033439636,0.8948777914047241,6.957481861114502,-0.0017030513330638917,0.001138595548478623,0.4494582493518736,-0.8932990402936696
80840000000,1302,80836022532,map,-0.550961971282959,0.8904181122779846,6.95529842376709,-0.0017810745236270372,0.0016135232053102156,0.4494982467111105,-0.8932780090162626
80876000000,1303,80868022522,map,-0.5452204942703247,0.8854192495346069,6.953111171722412,-0.001873726562724403,0.001793189527703578,0.4494983942250802,-0.8932774400338077
80908000000,1304,80900022522,map,-0.5395097136497498,0.8799183368682861,6.9511284828186035,-0.001954427372105051,0.002178223248169453,0.4495323435115558,-0.8932593379623723
80940000000,1305,80932022522,map,-0.5337803363800049,0.8739227056503296,6.9494171142578125,-0.0017368691575920107,0.0024869553034514305,0.4496001367173855,-0.8932248407668661
80976000000,1306,80972022512,map,-0.526627779006958,0.8657729625701904,6.947432994842529,-0.001584618606430216,0.0026038752710322065,0.44962019861727676,-0.8932146412295265
81008000000,1307,81004022512,map,-0.521472156047821,0.8617427945137024,6.9457268714904785,-0.0013793125816189207,0.0029000489134162273,0.449609830492543,-0.8932192773828627
81040000000,1308,81036022512,map,-0.5167951583862305,0.859951376914978,6.943989276885986,-0.0008053289750921033,0.003197737208168609,0.4495939411306545,-0.8932270745498373
81076000000,1309,81068022501,map,-0.5119923949241638,0.8573668599128723,6.942354679107666,-0.0005314315885073596,0.0033661970092137635,0.44960414066799403,-0.8932214268721367
81108000000,1310,81100022501,map,-0.5070787072181702,0.8540595769882202,6.940816879272461,-0.00023316031722928667,0.00372432865917845,0.449582350747314,-0.8932310785004458
81140000000,1311,81132022501,map,-0.5020546913146973,0.8501119017601013,6.939345359802246,-9.06119376674742e-05,0.003986958019959354,0.4495701703080943,-0.8932360939754186
81176000000,1312,81172022491,map,-0.49564889073371887,0.8443036079406738,6.937507152557373,-4.593808924332333e-05,0.004079425406778097,0.44958431057576975,-0.8932286129098079
81208000000,1313,81204022491,map,-0.4903872311115265,0.8390100598335266,6.936282157897949,-9.105744302712434e-05,0.004296037323702441,0.4496015064899622,-0.8932190034283474
81240000000,1314,81236022491,map,-0.48505470156669617,0.833202600479126,6.93535041809082,-0.0001519071202008546,0.0043214559892576845,0.4496374788251662,-0.893200732769518
81276000000,1315,81268022480,map,-0.47962483763694763,0.826921284198761,6.934572219848633,-0.00017982677316128983,0.004327003897465185,0.44966076495896845,-0.8931889948722076
81308000000,1316,81300022480,map,-0.4740779995918274,0.8202251195907593,6.933889389038086,-0.0003706966791769694,0.004222240990774024,0.4496646635424557,-0.89318737221854
81340000000,1317,81332022480,map,-0.4684222638607025,0.813120424747467,6.933316707611084,-0.00045790147219629517,0.004254671673614141,0.4497180846729433,-0.8931603350152202
81376000000,1318,81372022469,map,-0.461221307516098,0.8036878108978271,6.932693004608154,-0.00047771493617184394,0.004240721231393162,0.44974309882753455,-0.8931477963277883
81408000000,1319,81404022469,map,-0.45578160881996155,0.800919771194458,6.932241439819336,-0.0007135708407084579,0.0043891655599349435,0.44984342940041466,-0.8930963560991807
81440000000,1320,81436022469,map,-0.45036181807518005,0.7990474700927734,6.931886672973633,-0.0007839628278028578,0.0046077922937814595,0.449907555830424,-0.8930629125748873
81476000000,1321,81468022458,map,-0.4448583126068115,0.7963664531707764,6.931704998016357,-0.0007976370106027382,0.004750272513986696,0.44993145309352967,-0.8930501420797885
81508000000,1322,81500022458,map,-0.43928366899490356,0.7929685711860657,6.931568145751953,-0.0009864222939783983,0.004918093032950726,0.44995874317794043,-0.8930352431688399
81540000000,1323,81532022458,map,-0.4336552321910858,0.788888692855835,6.931439399719238,-0.0013995947646480262,0.00501633898319089,0.45004742014720744,-0.892989555985054
81576000000,1324,81572022446,map,-0.4265140891075134,0.7829161882400513,6.9314117431640625,-0.001614612839226924,0.004966689337100549,0.4500943928098728,-0.8929656797953727
81608000000,1325,81604022446,map,-0.42069706320762634,0.7774890661239624,6.931388854980469,-0.0021155436918929007,0.004843908570352917,0.45017213267195116,-0.8929262092717423
81640000000,1326,81636022446,map,-0.41480323672294617,0.7715898752212524,6.93133544921875,-0.002598325140236937,0.0048647312537869495,0.45015809777139704,-0.8929318990962912
81676000000,1327,81668022435,map,-0.4088355600833893,0.765208899974823,6.93115758895874,-0.002853017393335381,0.0049231136939615235,0.4501568333659417,-0.892931393334109
81708000000,1328,81700022435,map,-0.4028174579143524,0.7583798170089722,6.930898666381836,-0.003403380572404064,0.005075386553318526,0.4501917309565088,-0.8929109942594298
81740000000,1329,81732022435,map,-0.3967684209346771,0.7511171698570251,6.93050479888916,-0.00400354852595375,0.005224534248553865,0.4502414642377515,-0.8928825872835334
81776000000,1330,81772022423,map,-0.3892005980014801,0.7415427565574646,6.930112838745117,-0.004251557293158741,0.00536785765268351,0.45025583631309385,-0.8928733571237095
81808000000,1331,81804022423,map,-0.3841830790042877,0.7375667691230774,6.929664611816406,-0.004519213571123269,0.00560782789635181,0.4502760457269548,-0.8928603126740955
81840000000,1332,81836022423,map,-0.37939828634262085,0.734257698059082,6.929152488708496,-0.004946609944620815,0.005854029699744958,0.45030752942279234,-0.8928406300958408
81876000000,1333,81868022411,map,-0.3745560348033905,0.7302556037902832,6.928553104400635,-0.005128006317457878,0.005977091623838467,0.4503347352135062,-0.8928251411290131
81908000000,1334,81900022411,map,-0.3696443736553192,0.7256476283073425,6.927760124206543,-0.0054363051430614245,0.006099923448364983,0.4503608241127345,-0.8928092517671244
81940000000,1335,81932022411,map,-0.36466002464294434,0.720482349395752,6.926537990570068,-0.005864716786395122,0.006148886767600912,0.45037089720952855,-0.892801201719059
81976000000,1336,81972022399,map,-0.3583124279975891,0.7133368253707886,6.924297332763672,-0.006043006454936259,0.006195084385118954,0.4503957427767257,-0.8927870614513835
82008000000,1337,82004022399,map,-0.35316696763038635,0.7071073651313782,6.922083377838135,-0.006445368369577741,0.006363712169034874,0.4504428208065123,-0.8927593709719118
82040000000,1338,82036022399,map,-0.3479980230331421,0.7004753351211548,6.919683456420898,-0.006922414566663953,0.0064826197757146715,0.4504506601203354,-0.8927509416022097
82076000000,1339,82068022387,map,-0.3428497910499573,0.6935015320777893,6.917256832122803,-0.007148140801317325,0.006573721938029818,0.4504839139838105,-0.8927317647861372
82108000000,1340,82100022387,map,-0.33768999576568604,0.6862356662750244,6.91461706161499,-0.0074702866364950654,0.006687957986888794,0.4505202867140754,-0.8927099748654571
82140000000,1341,82132022387,map,-0.3325563073158264,0.6786946058273315,6.911795139312744,-0.007750450156391328,0.006797733158148276,0.4505422662955738,-0.8926955817166906
82176000000,1342,82172022375,map,-0.326188325881958,0.6688757538795471,6.908419132232666,-0.007837047894851387,0.006843878236162291,0.4505235109479865,-0.8927040532332413
82204000000,1343,82204022375,map,-0.32123854756355286,0.6650580763816833,6.907318592071533,-0.007920416542634619,0.0069670502195066965,0.4504617447414937,-0.8927333663663806
82240000000,1344,82236022375,map,-0.31636732816696167,0.6620501279830933,6.906608581542969,-0.007805360379488531,0.00717630590616365,0.4503967964479384,-0.8927656087054914
82276000000,1345,82268022362,map,-0.3115954101085663,0.6584550142288208,6.905919075012207,-0.00773870145483521,0.007240040893201527,0.4503906640814802,-0.892768706498857
82308000000,1346,82300022362,map,-0.30695289373397827,0.6543540954589844,6.905226707458496,-0.007543556689464024,0.007270637776541103,0.45034326995032964,-0.8927940999750849
82340000000,1347,82332022362,map,-0.3024355173110962,0.6497759819030762,6.904709815979004,-0.0074765559596315445,0.007101953329500663,0.45021990612473817,-0.8928582053316698
82376000000,1348,82372022349,map,-0.2969331443309784,0.6434155106544495,6.904287338256836,-0.007405354374382643,0.006948230355137082,0.45018538785580786,-0.8928773821477424
82408000000,1349,82404022349,map,-0.29266396164894104,0.6378751993179321,6.903817653656006,-0.007355335140766713,0.006607147907996172,0.4500821070035319,-0.8929324470053218
82440000000,1350,82436022349,map,-0.2884846329689026,0.6319367289543152,6.903109550476074,-0.0072494855944783484,0.00629831461178585,0.4499192937277343,-0.8930176257861624
82476000000,1351,82468022337,map,-0.28441286087036133,0.6256489753723145,6.902273178100586,-0.007180837639036246,0.006200827592932104,0.4498047596669059,-0.8930766103006533
82508000000,1352,82508022337,map,-0.2794502079486847,0.6172734498977661,6.900862216949463,-0.006801072925461423,0.0060577988463107494,0.4496287333541002,-0.8931691015597105
82540000000,1353,82532022337,map,-0.27654829621315,0.612015962600708,6.899910926818848,-0.006474305033915858,0.006043411706762915,0.4494457738847144,-0.8932637212346175
82576000000,1354,82572022324,map,-0.2718367874622345,0.6028560996055603,6.898280143737793,-0.0062161094063530094,0.006036061115282875,0.44937909757037015,-0.8932992088810636
82608000000,1355,82604022324,map,-0.268672376871109,0.5983622074127197,6.897543907165527,-0.005719444460953133,0.006140495634639227,0.4491740531523647,-0.8934049553239775
82640000000,1356,82636022324,map,-0.2660195231437683,0.5963375568389893,6.89721155166626,-0.005049004437148048,0.006421812245389452,0.4490148855789633,-0.893486994164604
82676000000,1357,82668022310,map,-0.26337674260139465,0.5935836434364319,6.896764278411865,-0.004703788162073919,0.006591547482510442,0.4489523607291973,-0.893519088989745
82708000000,1358,82708022310,map,-0.26003924012184143,0.5892364382743835,6.896296501159668,-0.004168308665112089,0.006766660887991999,0.4487881355339746,-0.8936028979980088
82740000000,1359,82740022310,map,-0.25739213824272156,0.5851230025291443,6.896234035491943,-0.0038278195871523867,0.007013665621776507,0.4485094605716206,-0.8937424883602769
82776000000,1360,82772022297,map,-0.2547571659088135,0.5804959535598755,6.896625995635986,-0.00379996578864275,0.007084308349692321,0.44838689753615096,-0.8938034327032237
82808000000,1361,82804022297,map,-0.25215214490890503,0.5753949880599976,6.8973493576049805,-0.0038059843915373304,0.007045326959995173,0.4481642146620436,-0.8939154379531413
82840000000,1362,82836022297,map,-0.24957849085330963,0.5698018670082092,6.898183822631836,-0.0037754598657755694,0.007088438246938007,0.4479604346494935,-0.8940173911796893
82876000000,1363,82868022284,map,-0.2469933032989502,0.5637701749801636,6.899038791656494,-0.0036777713734614135,0.007132542948271134,0.4478481343716362,-0.894073720442724
82908000000,1364,82900022284,map,-0.24435341358184814,0.5572704672813416,6.89970588684082,-0.0033866275293932373,0.007293142197432881,0.447654743557244,-0.8941704263866324
82940000000,1365,82932022284,map,-0.24167035520076752,0.5503645539283752,6.899942874908447,-0.003139076697575485,0.007740742387163083,0.44750834647894144,-0.8942407905502213
82976000000,1366,82972022270,map,-0.23820529878139496,0.5412023663520813,6.899618148803711,-0.0029621412640764657,0.008038716325595802,0.447435221696775,-0.8942753931128488
83008000000,1367,83004022270,map,-0.2362145185470581,0.5364518761634827,6.8989667892456055,-0.0025479857510925467,0.0090354999942267,0.447219661640066,-0.8943748807487586
83040000000,1368,83036022270,map,-0.23490773141384125,0.5339956879615784,6.898072242736816,-0.0021396967172218643,0.0099278785104704,0.44708917499707623,-0.8944317789942483
83076000000,1369,83068022256,map,-0.2334226369857788,0.5308466553688049,6.896977424621582,-0.0018914155595447589,0.010432753633148875,0.446992384759471,-0.8944749584405478
83108000000,1370,83100022256,map,-0.23183199763298035,0.5270923972129822,6.895996570587158,-0.0016636125018878844,0.01127825826840338,0.4468429109612271,-0.8945398013669817
83140000000,1371,83132022256,map,-0.23016704618930817,0.5227946043014526,6.895505905151367,-0.0017605943759449762,0.011852619056297144,0.44669653495634876,-0.8946052554227192
83176000000,1372,83172022242,map,-0.22797055542469025,0.516721248626709,6.895388126373291,-0.0017399825913896247,0.01210483699304297,0.44661999627945304,-0.8946401530132863
83208000000,1373,83204022242,map,-0.22614827752113342,0.5113492012023926,6.895596981048584,-0.0019430000093995524,0.012398375304942172,0.4464605968983848,-0.8947153429910296
83240000000,1374,83236022242,map,-0.22426176071166992,0.5055590867996216,6.89579963684082,-0.0020688419379744794,0.012554636721429834,0.4463330605347908,-0.8947764559213705
83276000000,1375,83268022228,map,-0.22228026390075684,0.4993889331817627,6.896006107330322,-0.002120507059531502,0.01266159521551061,0.4462561214628342,-0.8948132711935447
83308000000,1376,83300022228,map,-0.22023308277130127,0.4928556978702545,6.896360874176025,-0.002178648637052279,0.012846177338564071,0.44617741222324003,-0.8948496649972338
83340000000,1377,83332022228,map,-0.21808473765850067,0.48602548241615295,6.896816253662109,-0.002204224859381058,0.013142419963485304,0.44610040993101063,-0.8948837617976791
83376000000,1378,83372022214,map,-0.21532201766967773,0.47711601853370667,6.897344589233398,-0.002140245943341521,0.01336881834570665,0.4460716025600535,-0.8948948674922619
83408000000,1379,83404022214,map,-0.21411332488059998,0.4729630649089813,6.897695541381836,-0.0020611593577443523,0.013842644411922757,0.44596659368698865,-0.8949402807215323
83440000000,1380,83436022214,map,-0.21380838751792908,0.4714481830596924,6.897964954376221,-0.0019546055392637325,0.014314756286784584,0.4458743342355983,-0.8949790136753139
83476000000,1381,83476022199,map,-0.21319679915905,0.4687449336051941,6.898396968841553,-0.0019996967402698173,0.014476270254267919,0.4458309862019048,-0.894997916536871
83508000000,1382,83500022199,map,-0.21270552277565002,0.46675658226013184,6.89866828918457,-0.0021269183195889666,0.014624134569734293,0.44578104218641934,-0.8950201279260361
83540000000,1383,83532022199,map,-0.2119334191083908,0.46373695135116577,6.899162769317627,-0.0023819377046717513,0.014553074324600419,0.44568416765511715,-0.8950688707563391
83576000000,1384,83572022185,map,-0.2108079493045807,0.45942795276641846,6.899893760681152,-0.00261620964503054,0.014398666710902727,0.4456166905506511,-0.8951042319622396
83608000000,1385,83604022185,map,-0.20979775488376617,0.45562708377838135,6.900534629821777,-0.0031649168316158363,0.014061236407546477,0.44544768168812243,-0.8951919817008394
83640000000,1386,83636022185,map,-0.20871426165103912,0.45152485370635986,6.901115894317627,-0.0035861587774140315,0.013592737307855443,0.44530969290609784,-0.8952663287416126
83676000000,1387,83668022170,map,-0.20754235982894897,0.447189062833786,6.901755332946777,-0.0038115084275064165,0.01342144099097828,0.4452549862967307,-0.895295072892297
83708000000,1388,83700022170,map,-0.20628702640533447,0.4425961673259735,6.9023542404174805,-0.004208622290348886,0.012981488807891534,0.44515014601105973,-0.8953520343580594
83740000000,1389,83732022170,map,-0.20499102771282196,0.4377894699573517,6.9030256271362305,-0.004608962362735962,0.012576644291069855,0.4450228414551327,-0.8954191532143131
83772000000,1390,83772022155,map,-0.20332099497318268,0.43151116371154785,6.903952598571777,-0.004780366351640181,0.012345184994304662,0.4449606327067306,-0.8954522806372427
83808000000,1391,83804022155,map,-0.20258645713329315,0.4289149045944214,6.904980659484863,-0.004968576067115865,0.01205022521408498,0.4448117911112144,-0.8955293040028963
83840000000,1392,83836022155,map,-0.20240341126918793,0.428505003452301,6.906095504760742,-0.004970310344077637,0.011928608177801017,0.4446604207047875,-0.8956060744874589
83876000000,1393,83868022140,map,-0.20211879909038544,0.4275973439216614,6.90699577331543,-0.004999841126176851,0.011845519287956583,0.44457292384727887,-0.8956504129720924
83908000000,1394,83900022140,map,-0.20172511041164398,0.4262588918209076,6.9077229499816895,-0.005174024831449264,0.01155433856539596,0.4444832775004962,-0.8956977438829701
83940000000,1395,83932022140,map,-0.20127227902412415,0.424551784992218,6.908275604248047,-0.005475515397554612,0.011160290885782659,0.4443061132227806,-0.8957888442960263
83976000000,1396,83972022125,map,-0.20060820877552032,0.42194658517837524,6.908710956573486,-0.0056233828411073996,0.010866118560158396,0.4442164458025737,-0.8958359433992372
84008000000,1397,84004022125,map,-0.1999601423740387,0.41951096057891846,6.908820152282715,-0.006029817907551984,0.0103670473548649,0.44418321301252284,-0.8958557734914616
84040000000,1398,84036022125,map,-0.19919274747371674,0.4167610704898834,6.9086995124816895,-0.00633642849257077,0.009793328483230291,0.4441018274480484,-0.8959004070040347
84076000000,1399,84068022109,map,-0.19833122193813324,0.41372182965278625,6.908376693725586,-0.0064851128605857115,0.009536993161584432,0.44403121040336835,-0.8959370536888149
84108000000,1400,84100022109,map,-0.1973758190870285,0.41038358211517334,6.907901763916016,-0.006679706753475969,0.009310033123215837,0.4438991432535595,-0.896003540342341
84140000000,1401,84132022109,map,-0.19633403420448303,0.4067862033843994,6.907142162322998,-0.0067931300143554835,0.00915459340563801,0.44375497995822794,-0.8960757168204158
84176000000,1402,84172022094,map,-0.19495618343353271,0.4019019603729248,6.905993938446045,-0.006813471795662562,0.00914330134295963,0.44371831220002345,-0.8960938399652755
84208000000,1403,84204022094,map,-0.19482387602329254,0.4011867344379425,6.904916286468506,-0.006594662151078954,0.009238259839015946,0.4436116385264424,-0.8961472400223388
84240000000,1404,84236022094,map,-0.19547247886657715,0.40322405099868774,6.903395652770996,-0.006165359702821114,0.009467982471595526,0.44353172810166575,-0.8961874481158182
84276000000,1405,84268022078,map,-0.1958904266357422,0.40451449155807495,6.901276588439941,-0.005990818078608613,0.009559135238940206,0.4434688450036875,-0.8962188053711103
84308000000,1406,84308022078,map,-0.19609765708446503,0.4051826596260071,6.8980512619018555,-0.005606029040869167,0.009640480138291375,0.44340975512207526,-0.8962497411579173
84340000000,1407,84332022078,map,-0.19608594477176666,0.40513986349105835,6.895958423614502,-0.005518400968367336,0.009778210276960532,0.44333378542763435,-0.896286345695849
84376000000,1408,84372022062,map,-0.19581986963748932,0.4043347239494324,6.892435073852539,-0.005463551290205835,0.009806949982469533,0.44329505247385276,-0.8963055225119214
84408000000,1409,84404022062,map,-0.19541427493095398,0.403057336807251,6.889614582061768,-0.0054072338809721685,0.009841926598377512,0.4432103162349216,-0.8963473532590686
84440000000,1410,84436022062,map,-0.19481176137924194,0.40120866894721985,6.886775016784668,-0.005226745764488711,0.009947897769604693,0.44313137518766077,-0.896386339093941
84476000000,1411,84468022046,map,-0.19404685497283936,0.3987964391708374,6.883930683135986,-0.005176605338103795,0.010025374378515972,0.44312288259768584,-0.8963899426494888
84508000000,1412,84500022046,map,-0.19311566650867462,0.39578893780708313,6.881016254425049,-0.0047714035608865365,0.010377546200683414,0.44305015821058025,-0.8964240605233582
84540000000,1413,84532022046,map,-0.19200380146503448,0.3922716975212097,6.878081798553467,-0.004285223199700675,0.010989612612926237,0.4429789089631726,-0.8964544273277104
84576000000,1414,84572022030,map,-0.19038258492946625,0.38719823956489563,6.874413967132568,-0.0038698650198090508,0.011343482492107513,0.4429638836116785,-0.8964593374355619
84608000000,1415,84604022030,map,-0.1899075210094452,0.3854725956916809,6.872193336486816,-0.0031694683619827592,0.01217567234522737,0.4428708022967422,-0.896497122085252
84640000000,1416,84636022030,map,-0.1901203691959381,0.38582658767700195,6.870431900024414,-0.0022948853647060227,0.013222080141348925,0.4427829682644454,-0.896528395046847
84676000000,1417,84668022014,map,-0.1900196373462677,0.3853705823421478,6.868607997894287,-0.001924417200473296,0.013813459694962487,0.44275336010336663,-0.8965349910286391
84708000000,1418,84700022014,map,-0.18964631855487823,0.3841994106769562,6.8668212890625,-0.001328674130949842,0.014733044660464475,0.4427166712717378,-0.8965395639617024
84740000000,1419,84732022014,map,-0.18900741636753082,0.38240960240364075,6.865005016326904,-0.000944577388124412,0.015676029687968614,0.44261707826870667,-0.8965732392936627
84776000000,1420,84772021997,map,-0.18783974647521973,0.3792998194694519,6.862642288208008,-0.0007495487735408215,0.01605418899351007,0.44258384547865576,-0.8965831227296385
84808000000,1421,84804021997,map,-0.18665190041065216,0.3762318789958954,6.860685348510742,-0.0006540347951920252,0.01666415399022792,0.44254757811551215,-0.8965898872988245
84840000000,1422,84836021997,map,-0.18523991107940674,0.37264853715896606,6.858572959899902,-0.00037318400178361935,0.01735944791593411,0.44253095118377456,-0.8965851879252155
84876000000,1423,84868021981,map,-0.18362344801425934,0.36861690878868103,6.856388092041016,-0.00038382805666614385,0.01778302571910212,0.4424992567536944,-0.8965925214768564
84908000000,1424,84900021981,map,-0.18182632327079773,0.3641713559627533,6.854101657867432,-0.000285741144924657,0.018351978539496328,0.4424187562730386,-0.8966208441590557
84940000000,1425,84932021981,map,-0.17986524105072021,0.3594171702861786,6.8517374992370605,-0.0001601481461737479,0.0193347462407277,0.4423183203330371,-0.8966497147502857
84976000000,1426,84972021964,map,-0.17716583609580994,0.3530658781528473,6.848846435546875,-0.00016853536902741777,0.01965362929656113,0.44230618204066596,-0.8966487875196184
85008000000,1427,85004021964,map,-0.17626464366912842,0.3504628837108612,6.847034454345703,-0.00028160680250354013,0.02035492190419053,0.442273181058282,-0.8966493354286491
85040000000,1428,85036021964,map,-0.17650294303894043,0.35003215074539185,6.845500469207764,-0.00033015931344358246,0.021179649460218178,0.44231408457476173,-0.8966100334924126
85076000000,1429,85068021947,map,-0.17645183205604553,0.34908297657966614,6.843756675720215,-0.00044125511339576016,0.021658068215832958,0.44226997789779515,-0.8966203383968736
85108000000,1430,85100021947,map,-0.17615047097206116,0.34763801097869873,6.8418474197387695,-0.0008087183390385617,0.022038018762436128,0.4422566805670899,-0.8966174513377505
85140000000,1431,85132021947,map,-0.17566357553005219,0.3457989990711212,6.839865684509277,-0.0013584067569407533,0.02225369077171145,0.4421775287855864,-0.8966504944669831
85176000000,1432,85172021930,map,-0.17477458715438843,0.34303018450737,6.837316989898682,-0.0016080129061679198,0.02219604771238322,0.44214024989807854,-0.8966699030907224
85208000000,1433,85204021930,map,-0.1738789677619934,0.34051674604415894,6.835342884063721,-0.002302097085612942,0.021988659534473806,0.44209098023216936,-0.8966977621575881
85240000000,1434,85236021930,map,-0.17280630767345428,0.3377406597137451,6.833200931549072,-0.002908208938414585,0.02159678011265304,0.4420988616928409,-0.8967015975208026
85276000000,1435,85268021913,map,-0.17160280048847198,0.3347887098789215,6.8310065269470215,-0.0033111216149220965,0.021418143987962154,0.4421246766375538,-0.8966917983785238
85308000000,1436,85300021913,map,-0.17028303444385529,0.33167192339897156,6.8286895751953125,-0.00390927166462223,0.02106341042765866,0.44209865095859835,-0.8967106590932323
85340000000,1437,85332021913,map,-0.16888123750686646,0.32845139503479004,6.82625675201416,-0.004626121069163707,0.020662836242698997,0.4420551554109351,-0.8967378859573705
85376000000,1438,85372021896,map,-0.16700467467308044,0.3242935836315155,6.823253631591797,-0.004909037058149145,0.020519621251458973,0.4420231659529153,-0.8967554611931995
85408000000,1439,85404021896,map,-0.16547787189483643,0.324685662984848,6.821631908416748,-0.005455140359749879,0.020199988771975468,0.4419588709355119,-0.8967912649410095
85440000000,1440,85436021896,map,-0.16391554474830627,0.32593390345573425,6.820430755615234,-0.00584301056260605,0.019729774163841137,0.441900876871961,-0.896827848405517
85476000000,1441,85468021878,map,-0.16237281262874603,0.32673802971839905,6.819300174713135,-0.006078586421090644,0.019589560818468504,0.44189160456528864,-0.8968340018453995
85508000000,1442,85500021878,map,-0.1608610600233078,0.32710370421409607,6.818270683288574,-0.006547791480494235,0.01911949174867044,0.4418175314790307,-0.8968773077322445
85540000000,1443,85532021878,map,-0.1593817174434662,0.3271348774433136,6.817567825317383,-0.007049333050873303,0.018450263673134716,0.4417970270372301,-0.896897559292954
85576000000,1444,85572021861,map,-0.1575879454612732,0.32669851183891296,6.817414283752441,-0.0071806613137442325,0.018149152099393714,0.44176141295023846,-0.8969202764443014
85608000000,1445,85604021861,map,-0.15620246529579163,0.32599586248397827,6.817667007446289,-0.007427764993841064,0.017546055063349615,0.44165315876983824,-0.896983602084189
85640000000,1446,85636021861,map,-0.154830202460289,0.32497456669807434,6.818007946014404,-0.007479457444995167,0.016998354791317026,0.4416055960512937,-0.897017087755331
85676000000,1447,85668021843,map,-0.15345332026481628,0.32363107800483704,6.8179826736450195,-0.007433011617936163,0.016782389071191138,0.4415634492027828,-0.8970422915707403
85708000000,1448,85700021843,map,-0.1520395278930664,0.3219587802886963,6.817577838897705,-0.007196177610169068,0.016458485601301108,0.44146111665459825,-0.8971006228090794
85740000000,1449,85732021843,map,-0.15060590207576752,0.3199804425239563,6.817105293273926,-0.006896575749712614,0.01645814414597372,0.44137220787766457,-0.8971467103879261
85776000000,1450,85772021825,map,-0.1487904042005539,0.31704458594322205,6.816765785217285,-0.006685457575709991,0.016522744069484285,0.44131651081735734,-0.897174506234519
85808000000,1451,85804021825,map,-0.14774122834205627,0.31697362661361694,6.817382335662842,-0.006233731275365022,0.016751389734839122,0.44123095271488033,-0.8972155572649687
85840000000,1452,85836021825,map,-0.14706793427467346,0.3188875615596771,6.818694591522217,-0.005566383015127336,0.017100344896357325,0.44105886713241027,-0.8972979543538074
85876000000,1453,85868021807,map,-0.1463400274515152,0.3201127350330353,6.819909572601318,-0.0051052240525222775,0.017332873010858976,0.4410158562735049,-0.8973174472712437
85908000000,1454,85900021807,map,-0.14551305770874023,0.3206953704357147,6.820606231689453,-0.004126071102095219,0.017891019774421694,0.4408676890275649,-0.8973842710995578
85940000000,1455,85932021807,map,-0.14456012845039368,0.3206966519355774,6.8206048011779785,-0.003274955009088192,0.01842733973881184,0.44078891656769803,-0.8974157547953954
85976000000,1456,85972021789,map,-0.14315229654312134,0.31988710165023804,6.819202423095703,-0.002825857289146838,0.018762596186747235,0.4407339992240884,-0.8974372075412875
86008000000,1457,86004021789,map,-0.14186660945415497,0.3186319172382355,6.817209243774414,-0.002185180410754707,0.019632342503885097,0.4406337740183294,-0.8974696606146408
86040000000,1458,86036021789,map,-0.14047616720199585,0.3169436454772949,6.8149943351745605,-0.0017828571315818386,0.02059737757715002,0.4405001052882771,-0.8975144837880321
86076000000,1459,86068021770,map,-0.13901545107364655,0.3148859739303589,6.8128743171691895,-0.0016631185935068987,0.021065899725898833,0.44041557978358853,-0.8975453985014149
86108000000,1460,86100021770,map,-0.1375179886817932,0.31248313188552856,6.81105375289917,-0.0017113918815755541,0.02197722851890424,0.4402855778293566,-0.8975872292485619
86140000000,1461,86132021770,map,-0.13599015772342682,0.3097894787788391,6.809717655181885,-0.002045987150824937,0.022694102289592517,0.4402560961088233,-0.8975830777839837
86176000000,1462,86172021752,map,-0.13406454026699066,0.3060724139213562,6.808497428894043,-0.002291433274395178,0.02301310783470442,0.44023930058969174,-0.8975825930952257
86208000000,1463,86204021752,map,-0.132930189371109,0.3049357235431671,6.807628154754639,-0.0028574931087658206,0.023447342863645117,0.4402578241296123,-0.8975606135137274
86240000000,1464,86236021752,map,-0.13211940228939056,0.30540981888771057,6.8059821128845215,-0.0031884176509277087,0.023894860076767315,0.44025135458836584,-0.8975508986651455
86276000000,1465,86268021733,map,-0.1310863047838211,0.3054186701774597,6.803262710571289,-0.0033916668766044455,0.024272175786794047,0.4402575291016727,-0.8975370534254097
86308000000,1466,86300021733,map,-0.12992465496063232,0.30504751205444336,6.800027847290039,-0.004076295674003854,0.024832235622152456,0.44023750934863004,-0.8975286662025561
86340000000,1467,86332021733,map,-0.1287078857421875,0.30441296100616455,6.797104358673096,-0.00539953220295131,0.02516578117145612,0.44028682116138773,-0.8974882895216826
86376000000,1468,86372021714,map,-0.12731210887432098,0.3033233880996704,6.795137405395508,-0.006396891933390567,0.025061252377337546,0.44025744480797563,-0.8974990369680529
86408000000,1469,86404021714,map,-0.12628193199634552,0.30229657888412476,6.795055866241455,-0.008068569629867746,0.024539343342415587,0.44029929662854705,-0.8974794386834954
86440000000,1470,86436021714,map,-0.1252816915512085,0.30113571882247925,6.795462131500244,-0.009617414287626969,0.02358252229479873,0.4403919775484224,-0.8974443303586858
86476000000,1471,86468021696,map,-0.12421200424432755,0.2998622953891754,6.7958598136901855,-0.010328741137924502,0.023162556608257008,0.44041404142361795,-0.8974365964119841
86508000000,1472,86500021696,map,-0.12305279821157455,0.298501580953598,6.795782089233398,-0.011997846888825756,0.022380642018510075,0.44052374967029173,-0.8973817633620713
86540000000,1473,86532021696,map,-0.12180864810943604,0.2970809042453766,6.795423984527588,-0.01334511930449782,0.021828467265817993,0.4406541520195844,-0.8973123053557255
86576000000,1474,86572021677,map,-0.12017272412776947,0.29519495368003845,6.794951915740967,-0.014115430669286347,0.02167257792697734,0.44073439961914923,-0.8972648480043022
86608000000,1475,86604021677,map,-0.12002153694629669,0.2963077425956726,6.795257568359375,-0.015614441947037507,0.021252926366165922,0.44088745589951656,-0.8971748434093072
86640000000,1476,86636021677,map,-0.12010975182056427,0.29802432656288147,6.795612335205078,-0.01690971799326503,0.020993388048669362,0.4410092392182887,-0.8970976514562595
86676000000,1477,86668021657,map,-0.11999038606882095,0.2994394600391388,6.795772552490234,-0.01757052147354626,0.021069448457616227,0.44108253258784924,-0.8970471173848948
86708000000,1478,86700021657,map,-0.11974570155143738,0.3005596101284027,6.795786380767822,-0.018469789106206027,0.020900074679112052,0.4411696501237212,-0.8969902612862537
86740000000,1479,86732021657,map,-0.11935070157051086,0.30137839913368225,6.795641899108887,-0.019445362044051565,0.020929264170520007,0.44130911404544376,-0.896900277764683
86776000000,1480,86772021638,map,-0.11871214956045151,0.3019850254058838,6.795555114746094,-0.01970534467329586,0.020886451080762196,0.4413473412370431,-0.8968768019700624
86808000000,1481,86804021638,map,-0.11814121901988983,0.302155077457428,6.795406818389893,-0.020180978855776695,0.020936725274000294,0.4414856671938559,-0.8967969758389828
86840000000,1482,86836021638,map,-0.1175653412938118,0.30202242732048035,6.795341968536377,-0.0205199429916101,0.021097988912252532,0.4416003698420783,-0.8967289718989104
86876000000,1483,86868021619,map,-0.11700204759836197,0.30155062675476074,6.795336723327637,-0.020487498973243694,0.021049645324557643,0.44164192663471,-0.8967105115792626
86908000000,1484,86900021619,map,-0.11651205271482468,0.300725519657135,6.795382499694824,-0.020307247973942143,0.021011760041035003,0.44171688480478666,-0.8966785431946671
86940000000,1485,86932021619,map,-0.11607383191585541,0.299530565738678,6.79564905166626,-0.019784601574966403,0.021092504635908112,0.4418246332230047,-0.8966351951609737
86976000000,1486,86972021599,map,-0.1156298816204071,0.2974688410758972,6.795770168304443,-0.01927405099224104,0.021128270970158257,0.4419048808225695,-0.8966060295418041
87008000000,1487,87004021599,map,-0.11700794100761414,0.29844555258750916,6.796432971954346,-0.018298830046435018,0.021390949392505007,0.4420832462854676,-0.896532188263213
87040000000,1488,87036021599,map,-0.1188882365822792,0.29974836111068726,6.7970356941223145,-0.017034545104753156,0.02175907116265579,0.4421316097941338,-0.8965244543165113
87076000000,1489,87068021579,map,-0.12070264667272568,0.30037060379981995,6.797187805175781,-0.01630301147477268,0.021914728693829634,0.44211388704433496,-0.8965430200032803
87108000000,1490,87100021579,map,-0.12245852500200272,0.3003321588039398,6.796901702880859,-0.015062948787911187,0.022229254489925993,0.44214865819435645,-0.8965397746959449
87140000000,1491,87132021579,map,-0.12415126711130142,0.2996842563152313,6.7961745262146,-0.013627616129903927,0.02225414022833815,0.4421948300669002,-0.896539374300884
87176000000,1492,87172021560,map,-0.1262512356042862,0.29806581139564514,6.794468879699707,-0.012941810184196503,0.022278872855152204,0.44225052712720736,-0.8965214408168427
87208000000,1493,87204021560,map,-0.1278190314769745,0.2961646020412445,6.792396068572998,-0.011663234497419161,0.022215845865198956,0.44233886692168617,-0.8964969113510094
87240000000,1494,87236021560,map,-0.12930214405059814,0.2937246561050415,6.7899956703186035,-0.010482371010558267,0.02195603260537031,0.442400064145724,-0.8964877233380341
87276000000,1495,87268021540,map,-0.130614772439003,0.2908480763435364,6.786983489990234,-0.010116873540271795,0.021914581179859848,0.4424200628253424,-0.8964831504049706
87308000000,1496,87308021540,map,-0.13208740949630737,0.2866908311843872,6.782623767852783,-0.009251166076601395,0.022029144875191062,0.44246463311764267,-0.8964676614381428
87340000000,1497,87340021540,map,-0.1330745816230774,0.28299379348754883,6.778698444366455,-0.008608366709260035,0.02223085639944166,0.44251230120330853,-0.8964455343426747
87376000000,1498,87372021519,map,-0.13386651873588562,0.2789685130119324,6.77437686920166,-0.008443561994870312,0.022361105966408515,0.4425584730758523,-0.8964210259502656
87408000000,1499,87404021519,map,-0.13521866500377655,0.2766876518726349,6.770626544952393,-0.008248382573594393,0.02258576183986174,0.4427600403788555,-0.8963177450979896
87440000000,1500,87436021519,map,-0.13701783120632172,0.27597543597221375,6.767461776733398,-0.00813347906929706,0.023056147669568143,0.4428832566904772,-0.8962458636478543
87476000000,1501,87468021499,map,-0.13840974867343903,0.27486875653266907,6.764026165008545,-0.008202374678633195,0.023269430479368504,0.44294245193921067,-0.8962106078090749
87508000000,1502,87508021499,map,-0.13966360688209534,0.27304187417030334,6.759436130523682,-0.008733159576433744,0.023709748483929437,0.4431028628446432,-0.8961146815818641
87540000000,1503,87532021499,map,-0.140147864818573,0.2717764377593994,6.756636142730713,-0.009688637851798822,0.023980351007704615,0.4432840521463915,-0.8960080922019801
87576000000,1504,87572021479,map,-0.14065435528755188,0.2694205045700073,6.752266883850098,-0.010201910075498586,0.023892495901983658,0.4434002299343117,-0.895947126785609
87608000000,1505,87604021479,map,-0.14081129431724548,0.26737573742866516,6.749381065368652,-0.011665680660994066,0.0236941291252891,0.44359010148685335,-0.895840621699422
87640000000,1506,87636021479,map,-0.14084428548812866,0.265198677778244,6.747305870056152,-0.012852784186340352,0.022840826005971065,0.44384401517570715,-0.8957207349888328
87676000000,1507,87676021458,map,-0.1407794952392578,0.2624104917049408,6.746370315551758,-0.013502847628877015,0.022362373993858632,0.4439744385984241,-0.8956586737544004
87708000000,1508,87700021458,map,-0.1407441347837448,0.2606601119041443,6.747214317321777,-0.014615193510949356,0.02127730765948497,0.44417737567400417,-0.8955669200651923
87740000000,1509,87732021458,map,-0.14070415496826172,0.25825515389442444,6.75015926361084,-0.01550448114854484,0.019718475186445424,0.4443998899607174,-0.8954772526449853
87776000000,1510,87772021438,map,-0.1407591998577118,0.2551146149635315,6.756882667541504,-0.0159729889739506,0.018915529483927683,0.4444980499708993,-0.8954376767542337
87808000000,1511,87804021438,map,-0.14146143198013306,0.2556022107601166,6.7643561363220215,-0.01654841619235698,0.0173022492918307,0.44464130710898775,-0.8953886599694154
87840000000,1512,87836021438,map,-0.1423342525959015,0.25667864084243774,6.772604942321777,-0.016725635376220876,0.01591081101250433,0.4448159847226412,-0.8953244913925577
87876000000,1513,87868021417,map,-0.14307473599910736,0.2573477327823639,6.780510425567627,-0.016713651800650084,0.015402626086287766,0.44495055960993657,-0.8952667080632493
87908000000,1514,87900021417,map,-0.1436714380979538,0.25765231251716614,6.787371635437012,-0.01669172675486872,0.01472454729604185,0.4451388085088104,-0.8951849221037138
87940000000,1515,87932021417,map,-0.14412395656108856,0.2576245665550232,6.79288911819458,-0.01679479637899373,0.01442504174771969,0.44524364879448125,-0.8951357999517744
87976000000,1516,87972021396,map,-0.14457328617572784,0.2571202218532562,6.798162460327148,-0.016849850205952706,0.014258383065903869,0.4452541012129119,-0.8951321753228024
88008000000,1517,88004021396,map,-0.14486224949359894,0.2563294768333435,6.801670074462891,-0.017026382445576714,0.014278747731632596,0.4452821288671717,-0.8951146000869734
88040000000,1518,88036021396,map,-0.14515483379364014,0.25514450669288635,6.805114269256592,-0.01699633281272327,0.014244109854555913,0.4453246971841677,-0.8950944538933852
88076000000,1519,88068021375,map,-0.1454187035560608,0.25360605120658875,6.808783531188965,-0.01689037226052628,0.01426961470712364,0.4453409658676929,-0.8950880475724114
88108000000,1520,88100021375,map,-0.14569365978240967,0.25168856978416443,6.812976360321045,-0.016527613265258187,0.014380941409243928,0.4453121163498872,-0.8951073719024538
88140000000,1521,88132021375,map,-0.1459379643201828,0.24943894147872925,6.817330837249756,-0.016069398819784447,0.014788753492254704,0.4452839622550819,-0.8951230505300998
88176000000,1522,88172021354,map,-0.14617280662059784,0.24616190791130066,6.82258415222168,-0.015623185442469992,0.015088672524209814,0.44529652201593817,-0.895119763075916
88208000000,1523,88204021354,map,-0.1474301815032959,0.24568931758403778,6.827134609222412,-0.014916790473151774,0.015790286460400076,0.4452940564253003,-0.8951209642610986
88240000000,1524,88236021354,map,-0.14966334402561188,0.24710112810134888,6.832599639892578,-0.01435836625655603,0.016639916424247746,0.4452095098471874,-0.8951566204949387
88276000000,1525,88268021333,map,-0.15165819227695465,0.24787454307079315,6.8385844230651855,-0.014062801109297385,0.016959044294002013,0.44516458130667486,-0.8951776939191942
88308000000,1526,88300021333,map,-0.15342235565185547,0.24809032678604126,6.844921112060547,-0.013617022289040139,0.017613328842198718,0.4450173623648262,-0.8952451710236601
88340000000,1527,88332021333,map,-0.15488961338996887,0.24783141911029816,6.851022720336914,-0.013247266176056666,0.01842859294901053,0.44484000842629234,-0.8953224683438291
88376000000,1528,88372021311,map,-0.1562681347131729,0.24683606624603271,6.85762357711792,-0.013102102222345273,0.018843604734490954,0.4447479597091446,-0.8953616649129442
88408000000,1529,88404021311,map,-0.15698780119419098,0.24562442302703857,6.86237907409668,-0.013131406794405998,0.019762230200644815,0.44460731567566375,-0.8954112717536415
88440000000,1530,88436021311,map,-0.15746325254440308,0.24405236542224884,6.866885662078857,-0.013210125912167713,0.02022624922204804,0.4444780302178566,-0.8954639342408559
88476000000,1531,88468021290,map,-0.15772925317287445,0.24217046797275543,6.871500492095947,-0.01339742617767787,0.020440629496270957,0.4444439544908355,-0.8954732276209525
88508000000,1532,88500021290,map,-0.15779730677604675,0.2399756908416748,6.875919342041016,-0.013740423487032352,0.020676980132369193,0.4443075883624785,-0.895530357674109
88540000000,1533,88532021290,map,-0.1576860398054123,0.23753653466701508,6.880103588104248,-0.013940669091208181,0.020609873788461245,0.444198069776623,-0.895583062308172
88576000000,1534,88572021268,map,-0.15731270611286163,0.2341834008693695,6.884705543518066,-0.014041850174320422,0.020559160922262766,0.4441439742965593,-0.8956094251619156
88608000000,1535,88604021268,map,-0.157440185546875,0.23339644074440002,6.888266086578369,-0.014273612401559293,0.02045878886107858,0.4439865979642196,-0.8956861324262053
88640000000,1536,88636021268,map,-0.15800480544567108,0.23427149653434753,6.891885757446289,-0.014436342700748868,0.02030055510378951,0.4438292427053042,-0.8957650945468905
88672000000,1537,88668021246,map,-0.15838012099266052,0.23466503620147705,6.895206928253174,-0.014570137542074448,0.020207582119424763,0.4437210306717525,-0.8958186842647722
88708000000,1538,88700021246,map,-0.15858513116836548,0.2346128672361374,6.898278713226318,-0.014786236782099327,0.01978498439512076,0.4435444985967646,-0.8959119341671025
88740000000,1539,88732021246,map,-0.15863895416259766,0.23420415818691254,6.901086807250977,-0.015144815419148807,0.019299633306106574,0.44338963000191134,-0.8959932143644558
88776000000,1540,88772021224,map,-0.15851561725139618,0.23323605954647064,6.904582977294922,-0.015328065965207124,0.0189957110644055,0.4432577946597692,-0.8960618294338314
88808000000,1541,88804021224,map,-0.15828551352024078,0.23214253783226013,6.90726900100708,-0.015852555589101675,0.018367392679204363,0.4430891018986043,-0.8961491787773702
88840000000,1542,88836021224,map,-0.15793949365615845,0.23080013692378998,6.909860134124756,-0.016416696424776056,0.017895482318961976,0.4428791895195958,-0.8962523753359491
88876000000,1543,88868021202,map,-0.15746407210826874,0.22928735613822937,6.912225246429443,-0.016655305498105386,0.017698358915457527,0.4428016182449115,-0.8962902442793362
88908000000,1544,88900021202,map,-0.15684786438941956,0.2275928109884262,6.9141740798950195,-0.017307335035560388,0.01751937506897667,0.4426571599216404,-0.8963526848354051
88940000000,1545,88932021202,map,-0.15610000491142273,0.22576704621315002,6.9158196449279785,-0.018014601207813882,0.017327448950178008,0.44253065615583503,-0.8964049258541344
88976000000,1546,88972021180,map,-0.15501293540000916,0.2233208417892456,6.9175705909729,-0.018353792047594162,0.017226540586810134,0.44247306248734486,-0.8964284648690277
89008000000,1547,89004021180,map,-0.15527762472629547,0.22267688810825348,6.920224189758301,-0.019155174735881235,0.017164289815036638,0.4423702452504026,-0.8964635942672616
89040000000,1548,89036021180,map,-0.15657129883766174,0.22318287193775177,6.923999786376953,-0.01989957031632906,0.016927318583057693,0.4422186641097331,-0.8965266670260581
89076000000,1549,89068021158,map,-0.15765336155891418,0.22339248657226562,6.927610397338867,-0.020183119001950543,0.016822767563061974,0.44215415835808725,-0.8965541678447115
89108000000,1550,89100021158,map,-0.15856237709522247,0.22330202162265778,6.930999279022217,-0.02090037011864189,0.01632208275908779,0.4419484606639298,-0.8966484292714061
89140000000,1551,89132021158,map,-0.15931586921215057,0.2229509949684143,6.93411922454834,-0.0213700985562932,0.015604641487669766,0.44177886174552194,-0.8967337344927921
89176000000,1552,89172021135,map,-0.16009095311164856,0.22209511697292328,6.938060760498047,-0.02151080515150231,0.01507153192775604,0.441721942426608,-0.8967674730450251
89208000000,1553,89204021135,map,-0.16066193580627441,0.221073716878891,6.941529273986816,-0.021678913454416332,0.013844542007922508,0.44156949727554407,-0.8968582995035661
89240000000,1554,89236021135,map,-0.16114380955696106,0.21973596513271332,6.945318698883057,-0.021482828205169682,0.012521291320268132,0.4414618542244473,-0.8969354282363411
89276000000,1555,89268021113,map,-0.16151809692382812,0.21806789934635162,6.949163913726807,-0.021314606303328036,0.01185958118883554,0.4414137857437206,-0.8969721170679698
89308000000,1556,89300021113,map,-0.16179302334785461,0.21607570350170135,6.9528889656066895,-0.020788705500870943,0.01074061693445797,0.4412960274489811,-0.8970564950586886
89340000000,1557,89332021113,map,-0.16194841265678406,0.21375636756420135,6.956159591674805,-0.02007524200291726,0.01007763811703075,0.4411185259964775,-0.8971676573716361
89376000000,1558,89372021090,map,-0.1619684100151062,0.21035243570804596,6.959697723388672,-0.019674559487386032,0.009816404376698389,0.4410506484969507,-0.897212859866664
89408000000,1559,89404021090,map,-0.16305211186408997,0.209143728017807,6.96365213394165,-0.018875883952094177,0.009429431111462092,0.44092943416063335,-0.8972936975221079
89440000000,1560,89436021090,map,-0.1651488095521927,0.20920968055725098,6.969635009765625,-0.017869790604390055,0.009151523353459859,0.4407568638894055,-0.897402035996205
89476000000,1561,89468021067,map,-0.16704581677913666,0.20868779718875885,6.9768877029418945,-0.017291985957991793,0.008975255025547427,0.44072660245217465,-0.8974299372099193
89508000000,1562,89500021067,map,-0.16868945956230164,0.20759262144565582,6.984459400177002,-0.016228342076462808,0.008713420034079274,0.4406747829019305,-0.8974778792501004
89540000000,1563,89532021067,map,-0.17006711661815643,0.20600958168506622,6.991391181945801,-0.01539524639537222,0.008841804602999522,0.4406050720144935,-0.8975255051889177
89576000000,1564,89572021044,map,-0.17137986421585083,0.20341818034648895,6.999155521392822,-0.01496126391825034,0.008971384100929503,0.4405629251659826,-0.8975522262908737
89608000000,1565,89604021044,map,-0.17213883996009827,0.2009488344192505,7.00533390045166,-0.014236948594621861,0.00928416442480745,0.44043928738587595,-0.8976214946364014
89640000000,1566,89636021044,map,-0.17270492017269135,0.19812631607055664,7.012784481048584,-0.01361069993249125,0.009408077970426877,0.44029908589430444,-0.8976988130299945
89676000000,1567,89668021021,map,-0.17313794791698456,0.19497157633304596,7.02186918258667,-0.013252612075736345,0.009325041105598574,0.44020608887306517,-0.8977505904333902
89708000000,1568,89700021021,map,-0.1734161227941513,0.19151942431926727,7.032179355621338,-0.01265881056005855,0.009114874363773858,0.440073010198892,-0.8978265179809826
89740000000,1569,89732021021,map,-0.17353735864162445,0.18780136108398438,7.043007850646973,-0.011998971188937009,0.009108244302303614,0.4399719209827386,-0.897885291761231
89776000000,1570,89772020998,map,-0.17338064312934875,0.1828252524137497,7.056519508361816,-0.0116801873263701,0.009121238290944814,0.43991455912191535,-0.8979174498066449
89808000000,1571,89804020998,map,-0.17429664731025696,0.18025997281074524,7.065921783447266,-0.011287442494747777,0.009678347929225525,0.4397427474939606,-0.8980006687590295
89840000000,1572,89836020998,map,-0.17600341141223907,0.17894966900348663,7.073166370391846,-0.011263051961226107,0.010890922659631083,0.43959959572299334,-0.8980572509031555
89876000000,1573,89868020975,map,-0.1770673394203186,0.1772875338792801,7.078043460845947,-0.011427852662610233,0.011679209717048056,0.43954120126438145,-0.8980738356880446
89908000000,1574,89900020975,map,-0.17756178975105286,0.17526575922966003,7.08113956451416,-0.01207421047520048,0.013248229873626094,0.43942769980134166,-0.8980990816503025
89940000000,1575,89932020975,map,-0.17752335965633392,0.17292508482933044,7.082884311676025,-0.012751944476237433,0.014771659817097122,0.43938635374295254,-0.8980863111552038
89976000000,1576,89972020951,map,-0.1767168492078781,0.1696193963289261,7.083352088928223,-0.013022015472276606,0.015428463874263307,0.43938629052267975,-0.8980712858037097
90008000000,1577,90004020951,map,-0.17557770013809204,0.1667136549949646,7.082670211791992,-0.013572600992434796,0.016729950489109493,0.43940422400672113,-0.8980310987836545
90040000000,1578,90036020951,map,-0.17408324778079987,0.1636352837085724,7.081339359283447,-0.014132424081042589,0.01784091276917056,0.43945973140621,-0.8979739055102252
90076000000,1579,90068020928,map,-0.17230086028575897,0.1603957861661911,7.080045700073242,-0.014374194703077652,0.018231115701310134,0.43950980186224087,-0.8979378278078998
90108000000,1580,90100020928,map,-0.17031636834144592,0.15699778497219086,7.079190731048584,-0.01467400482823475,0.018820791106373164,0.4396637642998512,-0.8978453154754185
90140000000,1581,90132020928,map,-0.16816982626914978,0.1534675508737564,7.079044342041016,-0.014704337223636309,0.019016215670842176,0.43984857823057155,-0.8977501900383293
90176000000,1582,90172020904,map,-0.16522853076457977,0.1489243358373642,7.079623222351074,-0.014648541052380712,0.018990441885161004,0.4399025472700897,-0.8977252180305867
90208000000,1583,90204020904,map,-0.16396518051624298,0.14722895622253418,7.081407070159912,-0.014496573839993476,0.01897597646113478,0.44010615869524583,-0.8976281538384661
90240000000,1584,90236020904,map,-0.1627974510192871,0.14595280587673187,7.083460807800293,-0.014437387810883036,0.019045812472028318,0.4402370668067206,-0.8975635005728503
90276000000,1585,90268020881,map,-0.16128423810005188,0.14448390901088715,7.085172176361084,-0.014424413331622886,0.019118127079813772,0.4403154599449509,-0.897523713947856
90308000000,1586,90300020881,map,-0.1594277024269104,0.14284002780914307,7.086823463439941,-0.014630218697807363,0.019199858050882746,0.4404613723344956,-0.8974470066835663
90340000000,1587,90332020881,map,-0.15724001824855804,0.1410718560218811,7.088331699371338,-0.014924244497278596,0.0194211854757565,0.44070135648991665,-0.8973196389073663
90376000000,1588,90372020857,map,-0.15414227545261383,0.1387338787317276,7.090376853942871,-0.015043365649877306,0.019501015887375437,0.4407674848952302,-0.8972834347644956
90408000000,1589,90404020857,map,-0.15139588713645935,0.1368022859096527,7.091766357421875,-0.015473736668917411,0.019758023089055565,0.44097910422160347,-0.8971665615535747
90440000000,1590,90436020857,map,-0.14843663573265076,0.13481654226779938,7.0928521156311035,-0.01588723610693525,0.019847201210693062,0.4411506418950427,-0.8970729112561835
90476000000,1591,90468020833,map,-0.14530637860298157,0.13281583786010742,7.093747138977051,-0.01604873822061744,0.01990427265338837,0.4412587064146247,-0.8970156758359058
90508000000,1592,90500020833,map,-0.14206814765930176,0.1307651698589325,7.094304084777832,-0.01632619833299037,0.01999842393851402,0.4414963092731049,-0.896891616587314
90540000000,1593,90532020833,map,-0.1387847512960434,0.12866882979869843,7.094754695892334,-0.01646982326818661,0.019989618869170042,0.4417380425227392,-0.8967701704433299
90576000000,1594,90572020809,map,-0.13463322818279266,0.12605531513690948,7.094583988189697,-0.016472828865321042,0.0200243794824794,0.4418277520897945,-0.8967251365356959
90608000000,1595,90604020809,map,-0.1331738829612732,0.12679538130760193,7.0958991050720215,-0.016329594447018037,0.01984963436801393,0.44201083799972585,-0.8966414328945532
90640000000,1596,90636020809,map,-0.13228727877140045,0.12818874418735504,7.097067356109619,-0.01597342147305622,0.01948776728896384,0.4422255551194646,-0.8965498688661633
90676000000,1597,90668020784,map,-0.13142743706703186,0.12929700314998627,7.097481727600098,-0.015748653317764386,0.0192503109566367,0.4423522063992399,-0.8964965531027971
90708000000,1598,90700020784,map,-0.13062570989131927,0.1301429122686386,7.097300052642822,-0.015103448616607616,0.01826717743393114,0.442574130630074,-0.8964186868001731
90740000000,1599,90732020784,map,-0.12989455461502075,0.13077571988105774,7.096389293670654,-0.014324515010894132,0.01681536791001609,0.44285084576397227,-0.8963231188211747
90776000000,1600,90772020760,map,-0.1291746348142624,0.13129958510398865,7.093896865844727,-0.014048452741557459,0.016277160968656387,0.4429536419274903,-0.8962866617972127
90808000000,1601,90804020760,map,-0.12876242399215698,0.1315225064754486,7.090910911560059,-0.013314095025772564,0.014822608936137842,0.44321628001398594,-0.8961932854543369
90840000000,1602,90836020760,map,-0.12855030596256256,0.13158245384693146,7.087378978729248,-0.01272708765204508,0.01317382346094958,0.4434906981446404,-0.8960917536962743
90876000000,1603,90868020736,map,-0.12848594784736633,0.1314936876296997,7.083756923675537,-0.012383934384688202,0.012378029270106408,0.4436183398753557,-0.8960448653273059
90908000000,1604,90900020736,map,-0.12858255207538605,0.13129329681396484,7.080438137054443,-0.011727499221775165,0.01075221258615453,0.44389840568371053,-0.8959359157239052
90940000000,1605,90932020736,map,-0.12882651388645172,0.1309872269630432,7.077568531036377,-0.011400957457950028,0.009336389144560132,0.4441977536752592,-0.8958076839373108
90976000000,1606,90972020711,map,-0.12919436395168304,0.13040266931056976,7.0747456550598145,-0.011271032800379801,0.00864980290592881,0.44436581423369637,-0.8957327679140826
91008000000,1607,91004020711,map,-0.1314733475446701,0.13116656243801117,7.073494911193848,-0.011203478563888362,0.007672887113513434,0.4446438780667469,-0.8956045782743367
91040000000,1608,91036020711,map,-0.13414809107780457,0.13212384283542633,7.072474956512451,-0.011358308633887926,0.007211524331383154,0.4449387163455049,-0.8954599513636716
91076000000,1609,91068020687,map,-0.1364428699016571,0.13278703391551971,7.071356773376465,-0.01153807580877127,0.007228527621307014,0.44502218817898076,-0.895416097567796
91108000000,1610,91100020687,map,-0.13832616806030273,0.13317829370498657,7.069934368133545,-0.012093703968863213,0.007535861452831693,0.44532766853698774,-0.8952542536695143
91140000000,1611,91132020687,map,-0.13973958790302277,0.13329553604125977,7.068217754364014,-0.012784381497568439,0.00826215438561764,0.44561232835183034,-0.8950966244560835
91176000000,1612,91172020662,map,-0.14075817167758942,0.13308417797088623,7.065446376800537,-0.013101158363429209,0.0087782374419136,0.4456901314341814,-0.895048408461387
91208000000,1613,91204020662,map,-0.14090964198112488,0.13260407745838165,7.06309700012207,-0.013850866175468738,0.01009534786057555,0.44583808794587887,-0.8949495108813561
91240000000,1614,91236020662,map,-0.14049634337425232,0.1318397969007492,7.061307430267334,-0.014672614640778401,0.011928914071724975,0.44605817878880283,-0.8948042728413876
91276000000,1615,91268020637,map,-0.13953149318695068,0.13081207871437073,7.060065269470215,-0.015050111203590635,0.01291828985550364,0.4461202610966593,-0.894753317301538
91308000000,1616,91300020637,map,-0.13803590834140778,0.12951304018497467,7.059320449829102,-0.015735716766551992,0.015117222507161968,0.4462844652184577,-0.8946251065883679
91340000000,1617,91332020637,map,-0.1360107958316803,0.127950519323349,7.058437824249268,-0.016265798976783007,0.017511920849344446,0.4464379218938859,-0.8944953364418028
91376000000,1618,91372020612,map,-0.13266721367835999,0.12565460801124573,7.056675910949707,-0.016498913319373858,0.01870860936652732,0.4465510440352892,-0.8944104526889018
91408000000,1619,91404020612,map,-0.13113123178482056,0.12490690499544144,7.055086612701416,-0.016968904022375473,0.021331773241562192,0.4467522741635044,-0.8942424342773131
91440000000,1620,91436020612,map,-0.13060496747493744,0.12513701617717743,7.052974224090576,-0.017580402439980162,0.024513815193835893,0.44694977429562643,-0.8940503289418005
91476000000,1621,91468020587,map,-0.12927588820457458,0.12501947581768036,7.049200057983398,-0.017829966771631067,0.02563118906322668,0.4469919632909859,-0.8939929670809772
91508000000,1622,91500020587,map,-0.1273929476737976,0.1246311143040657,7.044293403625488,-0.01830659231055061,0.028160345051202504,0.4471642806811227,-0.8938209868656285
91540000000,1623,91540020587,map,-0.12453361600637436,0.12385658919811249,7.037786483764648,-0.018676288660619978,0.030303085561140294,0.44729761223638687,-0.8936765285423574
91576000000,1624,91572020562,map,-0.12210696935653687,0.12309357523918152,7.032709121704102,-0.018729315981491763,0.0307836268057043,0.4473501061362072,-0.8936327168933302
91608000000,1625,91604020562,map,-0.11971591413021088,0.1222136840224266,7.028049945831299,-0.018625618270542266,0.031319229615125246,0.44749163525350677,-0.8935454729169128
91640000000,1626,91636020562,map,-0.11746832728385925,0.12127628177404404,7.023965358734131,-0.018268961760275457,0.030858242532636776,0.44768812386126466,-0.8934704515265635
91676000000,1627,91668020536,map,-0.11540141701698303,0.12026826292276382,7.020549297332764,-0.018023074411884873,0.030287982501394216,0.44777793879544125,-0.8934499260113385
91708000000,1628,91700020536,map,-0.11355586349964142,0.11922796070575714,7.017838954925537,-0.017551222003559193,0.028729347262434816,0.4479658294461029,-0.893416630001015
91740000000,1629,91732020536,map,-0.11188318580389023,0.11815884709358215,7.015863418579102,-0.01700841109522612,0.02686449574198078,0.44811859069853066,-0.8934085167326766
91776000000,1630,91772020511,map,-0.10999637097120285,0.11680392920970917,7.014849662780762,-0.01677558696496813,0.025911455069111997,0.44817964040859865,-0.8934104344142839
91808000000,1631,91804020511,map,-0.11014478653669357,0.11718624085187912,7.015419960021973,-0.016482301534159992,0.024084988461667005,0.4483285241509634,-0.893392290196
91840000000,1632,91836020511,map,-0.1107046976685524,0.11797025054693222,7.016661167144775,-0.016537328196158014,0.022720688389924283,0.44840417774404046,-0.8933890448886647
91876000000,1633,91868020485,map,-0.11104660481214523,0.11864131689071655,7.017817974090576,-0.01664669103623743,0.022224709874276403,0.448410162596529,-0.8933965470276996
91908000000,1634,91900020485,map,-0.11116431653499603,0.11919917166233063,7.018594741821289,-0.01711927986195917,0.021404986433328787,0.44839815074470335,-0.8934137007950435
91940000000,1635,91932020485,map,-0.11102615296840668,0.11962922662496567,7.018962860107422,-0.01772620929776747,0.020908713548285836,0.44838436872524035,-0.8934204021439567
91976000000,1636,91972020460,map,-0.1105484664440155,0.1200406476855278,7.019076347351074,-0.018082654991473657,0.02080912655447323,0.4483631267135908,-0.8934263869964453
92008000000,1637,92004020460,map,-0.11002686619758606,0.12021875381469727,7.0192766189575195,-0.018713133320342915,0.0206849135357388,0.44836443326589465,-0.8934154709626809
92040000000,1638,92036020460,map,-0.10949711501598358,0.12027543783187866,7.0199103355407715,-0.019260873557795335,0.02061455484630108,0.4483763608240232,-0.8933994973070952
92076000000,1639,92068020434,map,-0.10899358242750168,0.12017875909805298,7.021510601043701,-0.01937191379305465,0.020566742786342206,0.448388878438031,-0.8933920373149089
92108000000,1640,92100020434,map,-0.10859187692403793,0.11997216194868088,7.02392578125,-0.019389182764528452,0.02011775310885919,0.4484465142533697,-0.8933728394254121
92140000000,1641,92132020434,map,-0.10831975191831589,0.11966361105442047,7.027232646942139,-0.019017469272051613,0.019528929387060624,0.44846118135665136,-0.8933865792980267
92176000000,1642,92172020408,map,-0.10820066183805466,0.1191582977771759,7.0324201583862305,-0.018702038265370004,0.019117761896304583,0.44844029759321424,-0.8934126049769823
92208000000,1643,92204020408,map,-0.11070147156715393,0.12049223482608795,7.037518501281738,-0.018041171683148224,0.018194225710058607,0.4483983825523702,-0.8934665740165004
92240000000,1644,92236020408,map,-0.11393629014492035,0.12221857905387878,7.0428643226623535,-0.01732086081432642,0.0172035799952246,0.448393830692731,-0.8935027360125227
92276000000,1645,92268020382,map,-0.11706998199224472,0.12374124675989151,7.0480756759643555,-0.017028786462303103,0.016785108530736854,0.44836542371683463,-0.8935304686388429
92308000000,1646,92300020382,map,-0.12014982849359512,0.1251109093427658,7.052962303161621,-0.016363103208376757,0.015505814824650656,0.44832361404311183,-0.8935870297095445
92340000000,1647,92332020382,map,-0.12314429134130478,0.12629589438438416,7.057365417480469,-0.015933317594245214,0.014176538495907267,0.4482931629450627,-0.8936322322045724
92376000000,1648,92372020356,map,-0.1267615109682083,0.1276271492242813,7.062446594238281,-0.015773393188568026,0.013526305642795925,0.44823535854233,-0.8936740208048709
92408000000,1649,92404020356,map,-0.12958607077598572,0.12856408953666687,7.066375255584717,-0.015442022811774234,0.012316760896251113,0.4482077523565554,-0.893711236472106
92440000000,1650,92436020356,map,-0.13237854838371277,0.1293822079896927,7.070382118225098,-0.015211941519391993,0.01107236893779414,0.4481872689881791,-0.893741666496731
92476000000,1651,92468020330,map,-0.13507412374019623,0.13003621995449066,7.074468612670898,-0.015124458491318044,0.010502134589787396,0.44815253998500615,-0.8937674603680197
92508000000,1652,92500020330,map,-0.13767968118190765,0.13055141270160675,7.078578948974609,-0.014910529155446968,0.009421252153309072,0.44805530720549147,-0.8938318186056957
92540000000,1653,92532020330,map,-0.1401965618133545,0.13093268871307373,7.082935810089111,-0.014637028871200539,0.008613543527637345,0.4480270266701407,-0.8938586661481973
92576000000,1654,92572020303,map,-0.14324530959129333,0.13122563064098358,7.088547706604004,-0.014546533002002569,0.00828111947963078,0.44805088178639785,-0.8938514168902534
92608000000,1655,92604020303,map,-0.14787907898426056,0.13286496698856354,7.094549655914307,-0.014346044065631041,0.007839158735794688,0.4480712808610771,-0.8938483823171606
92640000000,1656,92636020303,map,-0.15299634635448456,0.1347198486328125,7.100991725921631,-0.014191530426267564,0.00757587198295869,0.44803794270390507,-0.8938697507693556
92676000000,1657,92668020277,map,-0.1577882468700409,0.13624326884746552,7.107503890991211,-0.014041826466718138,0.007438690247228555,0.4480144879827087,-0.8938851132956378
92708000000,1658,92700020277,map,-0.1622471958398819,0.1374855488538742,7.113682746887207,-0.013804608856775143,0.00730806860261469,0.4479932248976349,-0.8939005601156171
92740000000,1659,92732020277,map,-0.16635668277740479,0.13840161263942719,7.119144916534424,-0.013648596370111496,0.007320851610059143,0.4479399723545414,-0.8939295360739683
92776000000,1660,92772020251,map,-0.17101013660430908,0.1392170637845993,7.1245269775390625,-0.01366095362853154,0.007370347486006871,0.44793282846371885,-0.8939324652799399
92808000000,1661,92804020251,map,-0.17428405582904816,0.13959674537181854,7.127760410308838,-0.013686284543031094,0.00753860758342998,0.4479468422908487,-0.8939237619557223
92840000000,1662,92836020251,map,-0.17714880406856537,0.13973839581012726,7.130117416381836,-0.013920331261168152,0.007932971693679368,0.4479804754759604,-0.8938998225457682
92876000000,1663,92868020224,map,-0.1796102523803711,0.13963443040847778,7.131808280944824,-0.014047005590001167,0.008141676960604742,0.44796376425052586,-0.8939043111851346
92908000000,1664,92900020224,map,-0.181688591837883,0.13931520283222198,7.132944583892822,-0.014340775544931052,0.00889122589878172,0.44792958315638354,-0.8939096638348955
92940000000,1665,92932020224,map,-0.18336844444274902,0.13877245783805847,7.1335859298706055,-0.014711616939263678,0.00982221636125359,0.44791788740592176,-0.8938997803989196
92976000000,1666,92972020197,map,-0.1849735677242279,0.13782669603824615,7.133949279785156,-0.014962394309898291,0.010384046034977204,0.4479338821349316,-0.8938812568589991
93008000000,1667,93004020197,map,-0.18727941811084747,0.1378583014011383,7.134198188781738,-0.015280410227250829,0.01150896435488757,0.44797577610235145,-0.8938410487655197
93040000000,1668,93036020197,map,-0.1905289888381958,0.13861113786697388,7.134624004364014,-0.01555627896682022,0.012751978473597715,0.44796589266637565,-0.8938244639806306
93076000000,1669,93068020170,map,-0.19327358901500702,0.13905300199985504,7.135162830352783,-0.01568284117845075,0.013332948578809723,0.4479437655709074,-0.8938247590085702
93108000000,1670,93100020170,map,-0.19557304680347443,0.13924306631088257,7.135744571685791,-0.01607543907232973,0.014233242141494865,0.4479815712940217,-0.8937849302367274
93140000000,1671,93132020170,map,-0.19744502007961273,0.13920454680919647,7.136488437652588,-0.016458878340782,0.015053279790490854,0.4479535225663377,-0.8937785871360265
93176000000,1672,93172020144,map,-0.19922901690006256,0.13889187574386597,7.13717794418335,-0.016645075379605162,0.01541776820595497,0.4479435337632406,-0.8937739931295388
93208000000,1673,93204020144,map,-0.20018605887889862,0.13845929503440857,7.137361526489258,-0.016976402827528842,0.01600799740579018,0.4479588962895228,-0.8937496111776753
93240000000,1674,93236020144,map,-0.20079612731933594,0.13794158399105072,7.137320518493652,-0.017469546309069856,0.016612673960836676,0.4479620151563126,-0.8937276105227526
93276000000,1675,93268020117,map,-0.20104970037937164,0.13729600608348846,7.137471675872803,-0.01772557878256011,0.016882507716216848,0.44796458611407175,-0.8937161044331091
93308000000,1676,93300020117,map,-0.20105433464050293,0.13652756810188293,7.1379594802856445,-0.018074743484708944,0.017203657029497398,0.4479312268834754,-0.8937197079886569
93340000000,1677,93332020117,map,-0.2008754312992096,0.13560183346271515,7.139030456542969,-0.018215077590680726,0.017361733147694874,0.447988862698814,-0.893684915765211
93376000000,1678,93372020089,map,-0.2004188448190689,0.13429570198059082,7.141234397888184,-0.01826534548658697,0.017410744787634075,0.44796873757865013,-0.893693071180398
93408000000,1679,93404020089,map,-0.20148561894893646,0.13360267877578735,7.1432929039001465,-0.01816391666726263,0.01742031455062892,0.4479772933888979,-0.8936907531037299
93440000000,1680,93436020089,map,-0.2038092166185379,0.13323050737380981,7.145384788513184,-0.01795288395998943,0.01739271970416753,0.44800076918351833,-0.8936837145800285
93476000000,1681,93468020062,map,-0.20574872195720673,0.13268953561782837,7.147566795349121,-0.017833764494911027,0.01736073744897832,0.44800475206070267,-0.8936847893246656
93508000000,1682,93508020062,map,-0.20776453614234924,0.13186493515968323,7.150481224060059,-0.017568423443351647,0.01725990668067505,0.4480602805336158,-0.8936640741486225
93540000000,1683,93532020062,map,-0.208793506026268,0.13127699494361877,7.152407169342041,-0.017209517437653397,0.016864125948581173,0.4480316838969012,-0.8936930079601252
93576000000,1684,93572020035,map,-0.21021996438503265,0.13021868467330933,7.155938148498535,-0.016935746676829826,0.01650363668869839,0.44805170364994384,-0.8936949045683081
93608000000,1685,93604020035,map,-0.211152121424675,0.1292833834886551,7.158873081207275,-0.016204249431433417,0.015724904350650156,0.44806089166291924,-0.8937179167475952
93640000000,1686,93636020035,map,-0.21186980605125427,0.1283317357301712,7.161596298217773,-0.015559552179979083,0.01486530682176579,0.44806706617622605,-0.8937409078534578
93676000000,1687,93668020008,map,-0.21235819160938263,0.1273452639579773,7.1638078689575195,-0.015285338856666634,0.014460323681325181,0.44805467500276386,-0.8937586095298324
93708000000,1688,93700020008,map,-0.2126561850309372,0.12636330723762512,7.165480136871338,-0.01487352508679407,0.013770703322350423,0.4480181126116807,-0.8937946661587335
93740000000,1689,93732020008,map,-0.21277408301830292,0.12538138031959534,7.166739463806152,-0.01460022388878421,0.013155306609371701,0.4480118116578282,-0.8938116724121076
93776000000,1690,93772019980,map,-0.2127080261707306,0.12414634972810745,7.1678547859191895,-0.014486284082056248,0.012876537886743346,0.4480615660124953,-0.8937926852568534
93808000000,1691,93804019980,map,-0.21352146565914154,0.12373622506856918,7.168971061706543,-0.01426542208351351,0.012309056254779968,0.448043885409545,-0.8938130632581084
93840000000,1692,93836019980,map,-0.21511401236057281,0.12385925650596619,7.170190811157227,-0.014076858647318977,0.011774240159091868,0.44804230490272584,-0.8938240003652971
93876000000,1693,93876019952,map,-0.21678563952445984,0.12385301291942596,7.170989036560059,-0.013899849374517001,0.011480664063201522,0.4480534105973085,-0.8938250329630855
93908000000,1694,93900019952,map,-0.21766339242458344,0.12381301820278168,7.1713032722473145,-0.013756865038490903,0.010961350187549398,0.4481285162813549,-0.8937962045187041
93940000000,1695,93932019952,map,-0.218733549118042,0.12367091327905655,7.171735763549805,-0.013457690902692386,0.010145244954764765,0.44819866971070127,-0.8937751100210244
93976000000,1696,93972019925,map,-0.21999113261699677,0.1233886256814003,7.17291259765625,-0.013366735863336227,0.00963635024104569,0.4482095857444657,-0.8937766694544194
94008000000,1697,94004019925,map,-0.22090832889080048,0.12300270050764084,7.174514293670654,-0.012878623167927816,0.008524090463667767,0.4482638076650749,-0.8937679661302018
94040000000,1698,94036019925,map,-0.22177371382713318,0.12251625955104828,7.176624298095703,-0.012327085721683334,0.007380951863582789,0.44827367002762647,-0.8937809473595432
94076000000,1699,94068019897,map,-0.22256684303283691,0.12191774696111679,7.178614616394043,-0.012088855270287063,0.006870617406933137,0.4483160908306526,-0.8937669335324132
94108000000,1700,94100019897,map,-0.22326068580150604,0.12126896530389786,7.180155277252197,-0.011568634743483573,0.006114030768235474,0.4483957062274897,-0.8937394116403357
94140000000,1701,94132019897,map,-0.22384905815124512,0.12054920196533203,7.180867671966553,-0.011110875022992595,0.005605090614945348,0.44845861039889223,-0.8937169684435036
94176000000,1702,94172019869,map,-0.22440126538276672,0.11961950361728668,7.180722236633301,-0.011056881288055345,0.005416160451777932,0.4484464088862483,-0.8937249552712964
94208000000,1703,94204019869,map,-0.22627367079257965,0.11900744587182999,7.180972576141357,-0.01086545491193042,0.0052091555467721675,0.4484561869551028,-0.893723690865841
94240000000,1704,94236019869,map,-0.2294263392686844,0.11854267120361328,7.1818156242370605,-0.010932181604929515,0.005134092997391028,0.4484141665471375,-0.893744300674763
94272000000,1705,94268019841,map,-0.23219391703605652,0.1179967001080513,7.182674407958984,-0.010995108825389805,0.00510850129926631,0.44840542107607145,-0.8937481571114017
94308000000,1706,94300019841,map,-0.23464924097061157,0.11738097667694092,7.183473110198975,-0.010994779882408068,0.005247560545388703,0.44838622318657484,-0.8937569025824676
94340000000,1707,94332019841,map,-0.23683470487594604,0.11668465286493301,7.184133052825928,-0.011082042298071842,0.005304105811022133,0.448386813242454,-0.8937553010022243
94372000000,1708,94364019813,map,-0.23878079652786255,0.11593135446310043,7.184678554534912,-0.011144430170580092,0.0053182012976709945,0.448370481338656,-0.8937625291867439
94408000000,1709,94404019813,map,-0.2408287078142166,0.11486256122589111,7.185290336608887,-0.01112440811263164,0.005349819007316006,0.44835090412752265,-0.8937724126227197
94440000000,1710,94436019813,map,-0.24219463765621185,0.11394621431827545,7.185422420501709,-0.011054420965773522,0.005494848617947771,0.4483152689671066,-0.8937903461067611
94472000000,1711,94468019785,map,-0.24330341815948486,0.11296810209751129,7.185168743133545,-0.011034038190070821,0.0056771648539853895,0.44830136050709807,-0.8937964152529466
94508000000,1712,94500019785,map,-0.24414697289466858,0.1119665652513504,7.184757232666016,-0.011076203148555685,0.005959508238521139,0.44829611322445845,-0.8937966049137649
94540000000,1713,94540019785,map,-0.2448696345090866,0.1107146292924881,7.184198379516602,-0.011155154567892591,0.006299284442050949,0.44829172995221334,-0.8937955090957036
94572000000,1714,94572019757,map,-0.24518391489982605,0.10970628261566162,7.183783054351807,-0.011194889003234617,0.006477599361658066,0.4482747026254149,-0.8938023368851624
94608000000,1715,94604019757,map,-0.24693918228149414,0.10846797376871109,7.184272289276123,-0.011449657647495986,0.006806600130676009,0.4482065933182213,-0.8938307438610588
94640000000,1716,94636019757,map,-0.24884167313575745,0.1071619912981987,7.1850433349609375,-0.011660645265049903,0.007099757309941215,0.44822265126750405,-0.893817720484869
94672000000,1717,94668019728,map,-0.250373899936676,0.10586647689342499,7.1857590675354,-0.011755302476993815,0.007376230758005061,0.44822022782371457,-0.8938155077753221
94708000000,1718,94700019728,map,-0.25154757499694824,0.1045914739370346,7.186731338500977,-0.011871970715936415,0.007898506108309583,0.4481571339914938,-0.8938410909123682
94740000000,1719,94732019728,map,-0.25239741802215576,0.10335738956928253,7.1876606941223145,-0.012042925906758444,0.008349369715349095,0.44817789131438546,-0.8938242953932366
94772000000,1720,94764019700,map,-0.2529451549053192,0.10215381532907486,7.188620090484619,-0.012064599100424534,0.008477828864434869,0.4481758682656569,-0.8938238739247515
94808000000,1721,94804019700,map,-0.2532493472099304,0.10064055770635605,7.190003395080566,-0.012106757638100445,0.008628972896187127,0.4481571129180696,-0.8938311653295439
94840000000,1722,94836019700,map,-0.2532140910625458,0.09942721575498581,7.191116809844971,-0.012147400041682853,0.008724068369501101,0.44812251035544204,-0.8938470546914324
94872000000,1723,94868019671,map,-0.25291746854782104,0.09822934865951538,7.192354679107666,-0.012125036858008522,0.008784210934509384,0.44811694697143867,-0.8938495835023431
94908000000,1724,94900019671,map,-0.2523636817932129,0.09704221040010452,7.193454742431641,-0.012026024361961067,0.008926414730657396,0.448135702319026,-0.8938401004614281
94940000000,1725,94932019671,map,-0.25157830119132996,0.0958837941288948,7.194522857666016,-0.011955580514486662,0.009065690967195169,0.44810514585385564,-0.8938549782989526
94972000000,1726,94964019643,map,-0.25058940052986145,0.09474406391382217,7.195493698120117,-0.011903597645204538,0.009108198698096436,0.4481228686036544,-0.893846359268432
95008000000,1727,95004019643,map,-0.2503415048122406,0.09403365850448608,7.196626663208008,-0.011916167119592277,0.009193134640649634,0.4481398327101801,-0.8938368130072443
95040000000,1728,95036019643,map,-0.25130438804626465,0.0942630022764206,7.197375774383545,-0.011879082502714246,0.009217184027536655,0.4481179374223787,-0.893848002995524
95072000000,1729,95068019614,map,-0.2519036531448364,0.09439145773649216,7.197878360748291,-0.011796556256833821,0.00916408039782001,0.4481383575704822,-0.8938394682587005
95108000000,1730,95100019614,map,-0.2521577775478363,0.09444229304790497,7.198169231414795,-0.011777209042369924,0.00904577863922536,0.4481245334041707,-0.8938478133347056
95140000000,1731,95132019614,map,-0.2520942687988281,0.0944092869758606,7.198308944702148,-0.011762200730714933,0.008833179480942345,0.4480793098357184,-0.8938728907095697
95172000000,1732,95164019585,map,-0.2517620921134949,0.09430376440286636,7.198493480682373,-0.011740053220366968,0.008711818289199735,0.44805145076885267,-0.8938882743092761
95208000000,1733,95204019585,map,-0.250995010137558,0.09405283629894257,7.198568820953369,-0.011824568352979565,0.008355213639312933,0.44805716166682596,-0.8938876210331241
95240000000,1734,95236019585,map,-0.25014346837997437,0.09374658763408661,7.198577404022217,-0.011686136699773279,0.007851892352401042,0.44806335725355706,-0.8938909506341566
95272000000,1735,95268019556,map,-0.24910402297973633,0.09337634593248367,7.198702812194824,-0.0116850762784793,0.007586638691755825,0.44807973130420353,-0.8938851132956378
95308000000,1736,95300019556,map,-0.2478550225496292,0.09293004870414734,7.1987996101379395,-0.011633566902698416,0.007227909083377892,0.44805739347449275,-0.8938999489863136
95340000000,1737,95332019556,map,-0.24641594290733337,0.0924120545387268,7.198787689208984,-0.011528111371820983,0.006794124663516784,0.448062366802617,-0.8939021406224362
95372000000,1738,95364019527,map,-0.2448330819606781,0.09180580079555511,7.198626518249512,-0.011484994651885957,0.006594462365138901,0.44803943891702713,-0.8939157962013538
95408000000,1739,95404019527,map,-0.24426768720149994,0.09105254709720612,7.198363304138184,-0.011384079785391066,0.006350778012763642,0.44800228647006474,-0.8939374386080641
95440000000,1740,95436019527,map,-0.24436615407466888,0.09042491763830185,7.197945594787598,-0.01116788571495704,0.0062016129072578734,0.4479867132095401,-0.8939489657711319
95472000000,1741,95468019498,map,-0.2441643327474594,0.08970148116350174,7.197255611419678,-0.01110795454273582,0.006124967216879542,0.44796759961374033,-0.8939598185846234
95508000000,1742,95500019498,map,-0.24368299543857574,0.08886931091547012,7.196265697479248,-0.010929756679414995,0.005922137813326643,0.447995542974303,-0.8939494083130411
95540000000,1743,95540019498,map,-0.2427450716495514,0.08774520456790924,7.194737911224365,-0.010698692673990718,0.005709386284308095,0.448033074742902,-0.8939348044300321
95572000000,1744,95564019469,map,-0.24205008149147034,0.08702529966831207,7.19356632232666,-0.010610801512957948,0.0055910924282475405,0.448036046095722,-0.893935120531396
95608000000,1745,95604019469,map,-0.2407475858926773,0.08570198714733124,7.191669940948486,-0.010425779482173155,0.005267185994907225,0.4480353506727216,-0.8939396091707623
95640000000,1746,95636019469,map,-0.2395649552345276,0.08454186469316483,7.190725803375244,-0.010174218278937915,0.004610149389211659,0.448039017448542,-0.8939442874709471
95672000000,1747,95668019440,map,-0.23827320337295532,0.08333424478769302,7.189884662628174,-0.010062750401338728,0.004322011142277914,0.4480608916629192,-0.8939359845417905
95708000000,1748,95700019440,map,-0.23692315816879272,0.0821041464805603,7.189145088195801,-0.009751781074857732,0.003754562437539938,0.4480947988025462,-0.8939250895814503
95740000000,1749,95740019440,map,-0.235127791762352,0.08055298030376434,7.188147068023682,-0.009477387310350097,0.003072663965670627,0.44814358377969754,-0.8939061445730447
95772000000,1750,95772019410,map,-0.23359084129333496,0.07928573340177536,7.1872239112854,-0.00940751573805313,0.0028278566302731315,0.44813641881545074,-0.8939112021948661
95808000000,1751,95804019410,map,-0.23317968845367432,0.07793238759040833,7.185695648193359,-0.009284678089523622,0.0022633568878419,0.44820857422010135,-0.8938779904782395
95840000000,1752,95836019410,map,-0.2337888926267624,0.07645926624536514,7.183670997619629,-0.009251626728484732,0.0018856542829167294,0.4482442515273658,-0.8938612792528049
95872000000,1753,95868019381,map,-0.23418788611888885,0.07493923604488373,7.181501388549805,-0.009244322482074442,0.0016690856652937863,0.4482618899834676,-0.8938529973970725
95908000000,1754,95900019381,map,-0.2343946099281311,0.07340575009584427,7.179325103759766,-0.009175356079203697,0.0012846310035282678,0.4483302732451766,-0.8938200174881128
95940000000,1755,95932019381,map,-0.23445023596286774,0.07187705487012863,7.177360534667969,-0.008901094023597657,0.0008448069073483253,0.44835355937897886,-0.8938116513386833
95972000000,1756,95964019351,map,-0.2343367040157318,0.07038509845733643,7.1754350662231445,-0.008811302797023229,0.0006472659454667817,0.4483513255960077,-0.8938138008279574
96008000000,1757,96004019351,map,-0.23400364816188812,0.06853332370519638,7.172824859619141,-0.008588131941435505,0.00015198581626961415,0.4483707552931712,-0.893806425129468
96040000000,1758,96036019351,map,-0.23359891772270203,0.06706446409225464,7.170739650726318,-0.008372913340053927,-0.00030734338042001533,0.44838856233666713,-0.8937995762665849
96072000000,1759,96068019322,map,-0.2330859899520874,0.06561699509620667,7.168638706207275,-0.008411474742991108,-0.0004947924769889783,0.4483771826875692,-0.8938048024758003
96108000000,1760,96100019322,map,-0.23247499763965607,0.0641779750585556,7.166594505310059,-0.008262545561055327,-0.0009749846929637541,0.4483136252400147,-0.8938375927239417
96140000000,1761,96132019322,map,-0.23177802562713623,0.06274933367967606,7.164621353149414,-0.008240450404995743,-0.0013417712641246033,0.44826977144413915,-0.8938593615711976
96172000000,1762,96164019292,map,-0.23100703954696655,0.06134273484349251,7.16274881362915,-0.008221828083399009,-0.0014899464125987473,0.44830915767407264,-0.8938396157726702
96208000000,1763,96204019292,map,-0.23089201748371124,0.06013314798474312,7.160686016082764,-0.008097225206315853,-0.0017341811435465525,0.4483698912827768,-0.893809733657076
96240000000,1764,96236019292,map,-0.231134831905365,0.05937685817480087,7.1594462394714355,-0.00814535427313726,-0.001889820235474172,0.4484195402703226,-0.8937841926668785
96272000000,1765,96268019262,map,-0.23117224872112274,0.05858483910560608,7.158382892608643,-0.008128212030322216,-0.0019749782721626874,0.4484516140220394,-0.8937680504238988
96308000000,1766,96300019262,map,-0.23102934658527374,0.057793937623500824,7.157514572143555,-0.008100768175768798,-0.0020591386139216087,0.4484319946640576,-0.8937778917130261
96340000000,1767,96332019262,map,-0.23073403537273407,0.05697837471961975,7.156652450561523,-0.008043691135445175,-0.0021199719921187665,0.448408013107255,-0.8937902407396399
96372000000,1768,96364019233,map,-0.2303110659122467,0.05614966154098511,7.155737400054932,-0.008042607829729544,-0.002129765207496978,0.4483932406368518,-0.893797679658402
96408000000,1769,96404019233,map,-0.2295842170715332,0.05509290099143982,7.154634475708008,-0.008036273290107258,-0.002102158363177834,0.4483823246030876,-0.893803369482951
96440000000,1770,96436019233,map,-0.22885668277740479,0.0541871041059494,7.153789043426514,-0.008037037860281026,-0.002162448112883652,0.44836184123471123,-0.8938134004328966
96472000000,1771,96468019203,map,-0.22799137234687805,0.05324813351035118,7.152646541595459,-0.008037788930292378,-0.0021519084373056423,0.44835463412361587,-0.893817151502414
96508000000,1772,96500019203,map,-0.22698500752449036,0.052247993648052216,7.151374816894531,-0.007999001317316705,-0.0020869522412162596,0.4483337082133302,-0.8938280464627542
96540000000,1773,96532019203,map,-0.22585757076740265,0.051198676228523254,7.150017738342285,-0.00801205827927648,-0.0019864794227223512,0.4483670885173508,-0.8938114406044407
96572000000,1774,96564019173,map,-0.22464728355407715,0.05010092258453369,7.148661136627197,-0.008008224562423259,-0.0019240879282193069,0.4483924609201544,-0.8937988808435845
96608000000,1775,96604019173,map,-0.2240411341190338,0.04926525056362152,7.146656036376953,-0.007914360238066957,-0.0016489230080928236,0.4484460717114602,-0.8937734241470839
96640000000,1776,96636019173,map,-0.22459779679775238,0.04922747239470482,7.145044803619385,-0.007928984206683476,-0.0014310425698099794,0.4484267684548422,-0.8937832865096355
96672000000,1777,96668019142,map,-0.22492118179798126,0.049058374017477036,7.143741130828857,-0.007879135350879468,-0.001368209191942078,0.4483911332944263,-0.893801725755859
96708000000,1778,96700019142,map,-0.22502543032169342,0.04875073581933975,7.142611980438232,-0.00786194404649858,-0.0012337679891819134,0.44843273223390656,-0.8937812002406342
96740000000,1779,96732019142,map,-0.2249128818511963,0.04831622540950775,7.141594409942627,-0.0077804244682166705,-0.0012329234058504259,0.4484105840650141,-0.893792980284793
96772000000,1780,96764019112,map,-0.22463680803775787,0.04774866998195648,7.1407999992370605,-0.007757478801925027,-0.0012785691013322326,0.4483974342482787,-0.8937998080742517
96808000000,1781,96804019112,map,-0.22404532134532928,0.046845246106386185,7.13999080657959,-0.0077440952018892955,-0.0012158552492925292,0.4483946947031255,-0.8938013675076467
96840000000,1782,96836019112,map,-0.22338879108428955,0.04602700099349022,7.139397144317627,-0.007650861433899388,-0.0012678562285486233,0.44844086657566906,-0.8937788821639661
96872000000,1783,96868019082,map,-0.22257734835147858,0.045111313462257385,7.138894557952881,-0.007603092590923846,-0.001231046224730421,0.4484502021026143,-0.8937746885525393
96908000000,1784,96900019082,map,-0.22161757946014404,0.044077083468437195,7.138492107391357,-0.007572081071498431,-0.0011322994513919364,0.44846200322019736,-0.8937692094622328
96940000000,1785,96932019082,map,-0.2204972356557846,0.042972713708877563,7.138044834136963,-0.007474458433635072,-0.0010898299160721308,0.44846288830401604,-0.8937695887838695
96972000000,1786,96964019052,map,-0.21924607455730438,0.04181847721338272,7.137339115142822,-0.007449868710979252,-0.0009841713888501132,0.4485237272798416,-0.8937393484200629
97008000000,1787,97004019052,map,-0.21742083132266998,0.04112802818417549,7.136368274688721,-0.007384592791531243,-0.0007580117290129095,0.44857974044151255,-0.8937119951153794
97040000000,1788,97036019052,map,-0.21580180525779724,0.040849532932043076,7.1355743408203125,-0.007423156499374203,-0.00048616587320665926,0.4485739663232665,-0.8937148189542297
97072000000,1789,97068019021,map,-0.21409252285957336,0.04039965569972992,7.1348185539245605,-0.007421105791776344,-0.00040183068788086804,0.4485804990847857,-0.8937114893531971
97108000000,1790,97100019021,map,-0.21229524910449982,0.0397934727370739,7.134077548980713,-0.007409864437025081,-0.00017261834497691027,0.44859961268058546,-0.893702069532555
97140000000,1791,97132019021,map,-0.2103990912437439,0.039028748869895935,7.133148670196533,-0.007310678414499771,5.711161391032119e-05,0.4485545998463758,-0.8937255031803271
97172000000,1792,97164018991,map,-0.2084352821111679,0.038146112114191055,7.132140159606934,-0.007367501256643314,0.00014937271166193806,0.4485823535461202,-0.893711152178409
97208000000,1793,97204018991,map,-0.20593644678592682,0.03686527535319328,7.13067626953125,-0.007423392587580314,0.00047001276424266043,0.44859651488721997,-0.8937034814519802
97240000000,1794,97236018991,map,-0.2039368599653244,0.03573109954595566,7.129350662231445,-0.007450130482421175,0.0007058589552477824,0.4486137108014123,-0.8936944620263988
97272000000,1795,97268018960,map,-0.2019074708223343,0.034504327923059464,7.127915382385254,-0.007445672136102133,0.0007939498199025979,0.4486352478410014,-0.8936836302863315
97308000000,1796,97308018960,map,-0.19932690262794495,0.03286479413509369,7.126026630401611,-0.007475442628402252,0.0009526593755986877,0.44871772922353725,-0.8936418627594572
97340000000,1797,97340018960,map,-0.197226881980896,0.03142011538147926,7.12444543838501,-0.007448287545615585,0.0010109971993828447,0.44879974699073943,-0.8936007274353106
97372000000,1798,97372018929,map,-0.19512245059013367,0.029896631836891174,7.122868061065674,-0.007437091630435371,0.001071336339926761,0.4488151305904459,-0.8935930988557301
97408000000,1799,97404018929,map,-0.1931406855583191,0.029919542372226715,7.12109375,-0.007381580279679475,0.0012437215601478742,0.4488676244902662,-0.8935669888830775
