%time,field.header.seq,field.header.stamp,field.header.frame_id,field.pose.position.x,field.pose.position.y,field.pose.position.z,field.pose.orientation.x,field.pose.orientation.y,field.pose.orientation.z,field.pose.orientation.w
47640000000,0,47640000000,map,-0.0008870246820151806,0.0005986953619867563,-0.007317110430449247,0.006893940089955629,-0.00974352835971979,0.02838556529729913,-0.9995258308399814
47676000000,1,47676000000,map,-0.0008068878669291735,0.00045148341450840235,-0.007414230145514011,0.006867634694220387,-0.009760581205117875,0.02838518597566253,-0.9995258729868299
47708000000,2,47708000000,map,-0.0007851723930798471,0.00030799125670455396,-0.007486059330403805,0.00690552092440076,-0.009719377227706286,0.028400274547429438,-0.9995255358120418
47740000000,3,47740000000,map,-0.0007908837869763374,0.0001544457918498665,-0.007562027312815189,0.006862607036174193,-0.009750873271253449,0.02845717279291915,-0.9995239342317983
47776000000,4,47776000000,map,-0.0008284699870273471,-1.8598722817841917e-05,-0.007660967763513327,0.006849448493724063,-0.009745634714328573,0.028469016057350638,-0.9995237234975558
47808000000,5,47808000000,map,-0.0008739217882975936,-0.0001381908805342391,-0.0077702985145151615,0.006869868477191464,-0.009746804454010877,0.028511584374346644,-0.9995223747984034
47840000000,6,47840000000,map,-0.0009697852074168622,-0.0002483021526131779,-0.007903700694441795,0.006885554842735485,-0.00969812895988397,0.028532615651753634,-0.9995220797704639
47876000000,7,47876000000,map,-0.0010606732685118914,-0.00033483156585134566,-0.007991026155650616,0.0068150293357420915,-0.00969741048782576,0.028492154677183135,-0.9995237656444043
47908000000,8,47908000000,map,-0.0011530026094987988,-0.00043860776349902153,-0.008091907016932964,0.006797272012356592,-0.009712018651374088,0.028513228101438637,-0.9995231755885252
47940000000,9,47940000000,map,-0.0012410931522026658,-0.0005379013018682599,-0.008205623365938663,0.006797401910260792,-0.009773114953466056,0.028506821780464986,-0.9995227541200401
47976000000,10,47976000000,map,-0.0013049491681158543,-0.0006445482722483575,-0.008327748626470566,0.006758888087164311,-0.009751760495341828,0.028507875451677767,-0.9995232177353737
48008000000,11,48008000000,map,-0.001332690822891891,-0.0006943342741578817,-0.008427535183727741,0.006805288968560646,-0.009761482094004795,0.028575310409295118,-0.9995208575118572
48040000000,12,48040000000,map,-0.0013570240698754787,-0.0007331411470659077,-0.008529971353709698,0.006804744681524798,-0.0097441706052512,0.028610713762044326,-0.9995200145748868
48076000000,13,48076000000,map,-0.0013724974123761058,-0.0007158947410061955,-0.008637727238237858,0.006819176025872732,-0.009732318121196527,0.028650163212250557,-0.9995188344631286
48108000000,14,48108000000,map,-0.001420780667103827,-0.0006844631861895323,-0.008763858117163181,0.006811812675092851,-0.009793446362697135,0.028683627809968193,-0.9995174014702792
48140000000,15,48140000000,map,-0.0014975409721955657,-0.0006350848125293851,-0.008922799490392208,0.006847676515089208,-0.009767544984017539,0.02869589254288485,-0.9995170221486427
48176000000,16,48176000000,map,-0.0016065423842519522,-0.0005744399968534708,-0.009113263338804245,0.006824874082228053,-0.009767614460463132,0.028697325535734175,-0.9995171907360366
48208000000,17,48208000000,map,-0.001702446723356843,-0.0005022607510909438,-0.009232979267835617,0.0068278661792000725,-0.009769500861206247,0.028700360108826983,-0.9995170221486426
48240000000,18,48240000000,map,-0.0017962766578420997,-0.0003977484302595258,-0.009327076375484467,0.006790601121126854,-0.00980761280751673,0.02865682241431522,-0.9995181601135523
48276000000,19,48276000000,map,-0.0018595334840938449,-0.0003313872730359435,-0.009418602101504803,0.006810931707177296,-0.009823807734057043,0.028708199422650016,-0.9995163477990665
48308000000,20,48308000000,map,-0.0018619968323037028,-0.00022884260397404432,-0.009476982988417149,0.0068184070105235355,-0.009809176686087063,0.028741664020367708,-0.9995155048620963
48340000000,21,48340000000,map,-0.0018416313687339425,-0.00015372516645584255,-0.009509188123047352,0.00682854958376323,-0.009817323210923063,0.028742844132126022,-0.9995153362747022
48376000000,22,48376000000,map,-0.001768451533280313,-7.924226520117372e-05,-0.009547306224703789,0.006832475826119824,-0.00983777365207396,0.028734962671454478,-0.9995152941278537
48408000000,23,48408000000,map,-0.0016834979178383946,-1.0498990377527662e-05,-0.009568345732986927,0.00681309222707186,-0.009890893169176861,0.02876948094038484,-0.9995139032818527
48440000000,24,48440000000,map,-0.001592387561686337,7.372653635684401e-05,-0.00959701370447874,0.00670851618238484,-0.009900998370015728,0.028739093062608467,-0.9995154627152476
48476000000,25,48476000000,map,-0.0014921104302629828,0.00012390714255161583,-0.009603815153241158,0.006713418387702264,-0.009929897937204042,0.028760040046318436,-0.999514493337732
48508000000,26,48508000000,map,-0.001402182737365365,0.00017213971295859665,-0.009587460197508335,0.006729583185831333,-0.009949314298841277,0.028766446367292087,-0.9995139875755499
48540000000,27,48540000000,map,-0.0013211864279583097,0.0002246931690024212,-0.009526625275611877,0.006729495270139518,-0.009879658399870676,0.02879864655955444,-0.9995138189881558
48576000000,28,48576000000,map,-0.0012692969758063555,0.00025872717378661036,-0.00944201648235321,0.006736435999981403,-0.009860477961803425,0.02881120632041062,-0.9995135661070647
48608000000,29,48608000000,map,-0.0012797737726941705,0.00028094841400161386,-0.009413898922502995,0.006722432874199785,-0.0098507102650249,0.028795148371127954,-0.9995141983097924
48640000000,30,48640000000,map,-0.001341389142908156,0.00031011286773718894,-0.009405646473169327,0.006688151845928363,-0.00988797845118453,0.028804926439982448,-0.9995137768413074
48676000000,31,48676000000,map,-0.0014438899233937263,0.0003504101186990738,-0.009397313930094242,0.006685933209480969,-0.00991621618114232,0.028768427269172114,-0.9995145354845805
48708000000,32,48708000000,map,-0.0015311253955587745,0.0003824232262559235,-0.00937210489064455,0.00667018642247834,-0.009923039690061784,0.028742043342004253,-0.9995153784215507
48740000000,33,48740000000,map,-0.0016305985627695918,0.0004037233884446323,-0.009348716586828232,0.006629581555932889,-0.009908633699677406,0.02872885137842035,-0.9995161792116724
48776000000,34,48776000000,map,-0.001759462058544159,0.00041973331826739013,-0.009306213818490505,0.006632413791225596,-0.009959734942499469,0.028753549431647707,-0.999514914806217
48808000000,35,48808000000,map,-0.0018461882136762142,0.00043273603660054505,-0.009248949587345123,0.006608847117462925,-0.009951941726792002,0.02878650826718332,-0.999514240456641
48840000000,36,48840000000,map,-0.0019463662756606936,0.0004544758703559637,-0.009208660572767258,0.006605432893461289,-0.009958337840325784,0.028823260319084776,-0.9995131446385797
48876000000,37,48876000000,map,-0.0020636161789298058,0.0004841445479542017,-0.009204713627696037,0.006594863418744293,-0.009930470706289862,0.028849012043524858,-0.9995127653169431
48908000000,38,48908000000,map,-0.002173625398427248,0.0005283330101519823,-0.009196537546813488,0.006640223305909635,-0.00992269132001706,0.02887670252299651,-0.9995117116457303
48940000000,39,48940000000,map,-0.002268825424835086,0.0005609773797914386,-0.009202557615935802,0.006623133252746848,-0.009980832403629456,0.028858579378136906,-0.9995117959394273
48976000000,40,48976000000,map,-0.0023736064322292805,0.0005912334891036153,-0.00921542290598154,0.006634977998903552,-0.009991725882244382,0.02889077957039915,-0.999510700121366
49008000000,41,49008000000,map,-0.0024449441116303205,0.0006208521081134677,-0.009269065223634243,0.0065825888076600034,-0.010013638950747507,0.028894825667856228,-0.999510700121366
49040000000,42,49040000000,map,-0.0025282350834459066,0.0006221969961188734,-0.00930691510438919,0.006592584196202165,-0.010017350507594497,0.02888589053597196,-0.999510784415063
49076000000,43,49076000000,map,-0.002584280679002404,0.0005951065104454756,-0.009349015541374683,0.0065895402388501416,-0.010009258477316532,0.028916699882233443,-0.9995100679186384
49108000000,44,49108000000,map,-0.0026001317892223597,0.0005155258695594966,-0.00935326050966978,0.006624730387814833,-0.010017537534234764,0.028898155268888615,-0.9995102365060323
49140000000,45,49140000000,map,-0.0025555603206157684,0.0003971606492996216,-0.009304855018854141,0.0065956270011012985,-0.010097855927334113,0.028944980417584254,-0.9995082556041524
49176000000,46,49176000000,map,-0.002458200789988041,0.00026284108753316104,-0.009233827702701092,0.0065930247624780055,-0.01010205052657771,0.028960448310987708,-0.9995077919888187
49208000000,47,49208000000,map,-0.002336187055334449,0.0001671294157858938,-0.009144027717411518,0.006565535303717409,-0.010167769811115718,0.02903155004442559,-0.9995052210310595
49240000000,48,49240000000,map,-0.0021698882337659597,5.96317695453763e-05,-0.00907419715076685,0.006533750488403497,-0.010188796643347224,0.029059029789654744,-0.9995044623877865
49276000000,49,49276000000,map,-0.0019799205474555492,-6.74566617817618e-05,-0.009027636609971523,0.00652631173427745,-0.010232418466919874,0.02906577328541643,-0.9995038723319072
49308000000,50,49308000000,map,-0.0017644446343183517,-0.00020284269703552127,-0.00896497629582882,0.006473196991622232,-0.010257099891898432,0.029077785137242018,-0.9995035773039675
49340000000,51,49340000000,map,-0.0015661460347473621,-0.0002791922015603632,-0.008918647654354572,0.006509115820085005,-0.010249481355121706,0.029088068968278702,-0.9995031558354825
49376000000,52,49376000000,map,-0.001351478393189609,-0.0003557650779839605,-0.008898638188838959,0.006519276009390291,-0.010220866114524715,0.02907761654984803,-0.9995036615976647
49408000000,53,49408000000,map,-0.0011905658757314086,-0.00038138669333420694,-0.008883705362677574,0.006564312057293832,-0.010231002925499966,0.029118288258660974,-0.9995021021642697
49440000000,54,49440000000,map,-0.001054086722433567,-0.0003807751345448196,-0.008890376426279545,0.0065655081387564545,-0.01027000966916067,0.029132913215094314,-0.999501301374148
49476000000,55,49476000000,map,-0.0009331132750958204,-0.00037125765811651945,-0.0089578777551651,0.00656654962689583,-0.010267141378556152,0.029115885888295945,-0.9995017228426332
49508000000,56,49508000000,map,-0.0008337887702509761,-0.0003263094986323267,-0.009054520167410374,0.006619897000398493,-0.010236023833464952,0.029126001131938528,-0.9995014699615421
49540000000,57,49540000000,map,-0.0007513751625083387,-0.0002800183719955385,-0.009109513834118843,0.006569003528368701,-0.010231621957337468,0.029130848019517264,-0.9995016806957846
49576000000,58,49576000000,map,-0.0006758926901966333,-0.00023787545796949416,-0.009148100391030312,0.006589115313006367,-0.010201895422883255,0.029107287931199655,-0.9995025657796033
49608000000,59,49608000000,map,-0.0006237787310965359,-0.00022996497864369303,-0.00918279867619276,0.006598932565259118,-0.010165897075171144,0.029072896102814827,-0.9995038301850587
49640000000,60,49640000000,map,-0.0005677677690982819,-0.0002495251828804612,-0.009218716062605381,0.006572636389146987,-0.010132724048034402,0.02907247463432966,-0.9995043359472409
49676000000,61,49676000000,map,-0.0005404475959949195,-0.0002663809573277831,-0.009300394915044308,0.00655496714608943,-0.010094750231434468,0.029071041641480277,-0.99950492600312
49708000000,62,49708000000,map,-0.0005345577374100685,-0.000280162290437147,-0.009364666417241096,0.006546645283778179,-0.010053255835894857,0.029022994234177868,-0.9995067804644544
49740000000,63,49740000000,map,-0.0005532633513212204,-0.00030539557337760925,-0.009362874552607536,0.006511433896753105,-0.010053703975432541,0.0290261131009677,-0.9995068647581515
49776000000,64,49776000000,map,-0.0005628134240396321,-0.0003570206754375249,-0.009320763871073723,0.006528542389162115,-0.010075157215232966,0.029014564864475678,-0.9995069490518484
49808000000,65,49808000000,map,-0.0006252539460547268,-0.00040826000622473657,-0.009282303974032402,0.006483512432795273,-0.010081957345822396,0.029011825319322504,-0.9995072440797881
49840000000,66,49840000000,map,-0.000710301857907325,-0.0004301874723751098,-0.009218002669513226,0.0064766961678653975,-0.010087870087687318,0.029024300786481716,-0.999506822611303
49876000000,67,49876000000,map,-0.000795845699030906,-0.0004530757141765207,-0.009172598831355572,0.0064829839508276175,-0.01009476768286393,0.02904339330885719,-0.9995061904085754
49908000000,68,49908000000,map,-0.0009147095261141658,-0.0005125962197780609,-0.009127400815486908,0.006481866894705952,-0.010118701989098181,0.02903601761036778,-0.9995061482617268
49940000000,69,49940000000,map,-0.001040361705236137,-0.0005995218525640666,-0.009062360040843487,0.006425764829526396,-0.010128954868542962,0.02903327806521455,-0.9995065275833634
49976000000,70,49976000000,map,-0.0011654662666842341,-0.0007101095980033278,-0.008916877210140228,0.006417035986709211,-0.010110114404077958,0.029025775926179553,-0.9995069490518486
50008000000,71,50008000000,map,-0.0012272486928850412,-0.0008278298773802817,-0.008785430341959,0.006441298412744565,-0.010130231292435562,0.02901974892684256,-0.999506822611303
50040000000,72,50040000000,map,-0.0012448732741177082,-0.0009552357951179147,-0.008655526675283909,0.0064571441460595175,-0.010166854434249624,0.028944853977038665,-0.9995084663383949
50076000000,73,50076000000,map,-0.0012274846667423844,-0.0011076072696596384,-0.00852807704359293,0.006459959259195017,-0.010173401189839606,0.028942198725582513,-0.9995085084852434
50108000000,74,50108000000,map,-0.0012097818544134498,-0.0012986735673621297,-0.008367975242435932,0.0065175374518892165,-0.010179686009351539,0.02893929059303524,-0.9995081291636069
50140000000,75,50136000000,map,-0.0011798940831795335,-0.0014944614376872778,-0.0082094082608819,0.0064835460185651795,-0.010132748908089578,0.028901231988829934,-0.9995099414780928
50172000000,76,50176000000,map,-0.0011195852421224117,-0.0016634773928672075,-0.008062495850026608,0.006576420550525983,-0.010135488453242787,0.02891303310641291,-0.9995089299537285
50208000000,77,50204000000,map,-0.0010429546236991882,-0.0017658883007243276,-0.007962712086737156,0.0065137402842561885,-0.010135570112761776,0.028895626457977996,-0.9995098150375472
50240000000,78,50236000000,map,-0.0009467437048442662,-0.0018468601629137993,-0.007833141833543777,0.006556396187671752,-0.010143653746597264,0.028830340989634606,-0.9995113744709421
50276000000,79,50276000000,map,-0.0008670287788845599,-0.0019114759052172303,-0.007742364890873432,0.006550218381642367,-0.010168740999628867,0.028821700885689805,-0.9995114166177907
50308000000,80,50308000000,map,-0.0008142790757119656,-0.001961221219971776,-0.007651353254914284,0.006570314690484095,-0.010156671031250432,0.028808635362651436,-0.9995117537925788
50340000000,81,50336000000,map,-0.000733949535060674,-0.0020235024858266115,-0.007548311725258827,0.006612195322377635,-0.010124607980881896,0.028791355154762,-0.9995123438484579
50376000000,82,50376000000,map,-0.0006548645324073732,-0.002005532616749406,-0.007426300086081028,0.006615194663339243,-0.010101441372907827,0.028810194796046407,-0.9995119645268213
50408000000,83,50408000000,map,-0.0005921547417528927,-0.0019790497608482838,-0.007328588515520096,0.006643291958680707,-0.010080099427129249,0.02878511742118245,-0.9995127653169431
50440000000,84,50440000000,map,-0.000513645529281348,-0.001941062044352293,-0.007245630957186222,0.0066154133001158945,-0.010069903676420534,0.028747901753947258,-0.9995141561629439
50476000000,85,50476000000,map,-0.0004635421501006931,-0.001876826398074627,-0.007153953425586224,0.006624970756560247,-0.01003099489125539,0.028724763134114817,-0.9995151255404596
50508000000,86,50508000000,map,-0.0004245230520609766,-0.0018222338985651731,-0.007042212877422571,0.006650147407008806,-0.010054442533098241,0.02870744077937687,-0.9995151676873082
50540000000,87,50540000000,map,-0.00037736448575742543,-0.0018109423108398914,-0.006931297015398741,0.006621616130836584,-0.010094072918408007,0.028715490827442403,-0.9995147883656714
50576000000,88,50576000000,map,-0.0003613454755395651,-0.0017786527751013637,-0.0068197171203792095,0.006592278466914333,-0.010058647998326219,0.02874225407624681,-0.9995144933377319
50608000000,89,50608000000,map,-0.0003527031803969294,-0.0017867140704765916,-0.006764662452042103,0.00655913244010242,-0.010036384090236466,0.02872539533684243,-0.9995154205683991
50640000000,90,50636068496,map,-0.0003595195012167096,-0.0018034093081951141,-0.006708798464387655,0.0065429951362065576,-0.01001890006282178,0.028718061785201587,-0.9995159263305813
50676000000,91,50668068496,map,-0.0003961070324294269,-0.0018271709559485316,-0.0067008794285357,0.006562589634133203,-0.010006245306920257,0.028720674889809283,-0.9995158420368844
50708000000,92,50700068496,map,-0.0004312200180720538,-0.001854711677879095,-0.006693931762129068,0.006581496611593515,-0.010040783167549791,0.028701750954827854,-0.9995159684774297
50740000000,93,50732068167,map,-0.00047558441292494535,-0.0019268309697508812,-0.0066989511251449585,0.006601140664994384,-0.010084256653972017,0.028686325208272856,-0.9995157998900357
50776000000,94,50772068167,map,-0.0005322368815541267,-0.0020063400734215975,-0.00673097325488925,0.006600630128364571,-0.010060348360245832,0.02869837920694701,-0.9995157155963388
50808000000,95,50804068167,map,-0.0005651475512422621,-0.002034230623394251,-0.00676985178142786,0.006601079749627395,-0.010091664291870061,0.02869323729142864,-0.9995155470089447
50840000000,96,50836067839,map,-0.0006321683758869767,-0.002009511226788163,-0.00679411506280303,0.006678694488249224,-0.010086407789607343,0.028673470419477043,-0.9995155891557932
50876000000,97,50868067839,map,-0.000736890418920666,-0.0019246460869908333,-0.0068122101947665215,0.006704822076967311,-0.010070866962399587,0.028652396995221596,-0.9995162635053694
50908000000,98,50900067839,map,-0.000848639290779829,-0.001837283605709672,-0.0067981816828250885,0.0067385379094147555,-0.010053369764094738,0.02861518132798646,-0.9995172328828852
50940000000,99,50932067510,map,-0.0009823848959058523,-0.001743166707456112,-0.006783700548112392,0.006778870138533903,-0.010064982208676252,0.02860224224549357,-0.9995171907360367
50976000000,100,50972067510,map,-0.0011430586455389857,-0.0016209465684369206,-0.006760545540601015,0.006782087293091525,-0.010041715008028586,0.02859174768021444,-0.9995177386450673
51008000000,101,51004067510,map,-0.0012315688654780388,-0.001512041431851685,-0.006778969895094633,0.006782275307548555,-0.010115610616541582,0.028582053905056914,-0.9995173171765821
51040000000,102,51036067182,map,-0.0012803254649043083,-0.0013868147507309914,-0.00683100800961256,0.006824981424982854,-0.010137946305982706,0.02856999990638276,-0.999517148589188
51076000000,103,51068067182,map,-0.0013015932636335492,-0.001272234134376049,-0.006931065581738949,0.006854275131059194,-0.010133016112523692,0.028579525094146296,-0.999516727120703
51108000000,104,51100067182,map,-0.00131972914095968,-0.001148777548223734,-0.007054802030324936,0.006840527026638294,-0.010234357221951375,0.02860805851058812,-0.9995149148062171
51140000000,105,51132066855,map,-0.0013428287347778678,-0.0010255436645820737,-0.0072021037340164185,0.006789130426604401,-0.010267222379530634,0.02861239963598472,-0.9995147883656714
51176000000,106,51172066855,map,-0.0013688874896615744,-0.0009267675341106951,-0.007378893438726664,0.006776216533438988,-0.010255360511216722,0.028629511256480222,-0.9995145354845805
51208000000,107,51204066855,map,-0.0013668846804648638,-0.0008667234797030687,-0.007470876909792423,0.0067463996137510545,-0.010300526786296718,0.02862837329157042,-0.999514324750338
51240000000,108,51236066528,map,-0.0013590994058176875,-0.0008152001537382603,-0.007522141560912132,0.006774672575840022,-0.010327902152221305,0.028671320930203026,-0.999512596729549
51276000000,109,51268066528,map,-0.0013330404181033373,-0.0007526132976636291,-0.007559238467365503,0.006771270864184037,-0.010344318020444044,0.028691256389548614,-0.9995118802331242
51304000000,110,51300066528,map,-0.0013012699782848358,-0.0006946210050955415,-0.007585406769067049,0.006803607375159513,-0.01035651228909836,0.028737744363456108,-0.9995102365060324
51340000000,111,51332066201,map,-0.0012515843845903873,-0.0006273214239627123,-0.0075857085175812244,0.0068056019418380655,-0.010376792331857815,0.028758649200317565,-0.9995093935690622
51376000000,112,51372066201,map,-0.0011642472818493843,-0.0005360458162613213,-0.007545377127826214,0.006830077242385625,-0.010413192885628178,0.028765308402382228,-0.9995086349257889
51408000000,113,51404066201,map,-0.0010847902158275247,-0.0004014879232272506,-0.007480079773813486,0.006836665486279611,-0.010413354722941014,0.028839529002609943,-0.999506485436515
51440000000,114,51436065875,map,-0.0010294535895809531,-0.0002236561558675021,-0.007424908224493265,0.006866216189350191,-0.010432459922298229,0.028819467102718765,-0.9995066540239088
51476000000,115,51468065875,map,-0.000968935142736882,-4.377231380203739e-05,-0.007363479118794203,0.00688899985369287,-0.010441007171467337,0.028785749623910006,-0.9995073283734852
51508000000,116,51500065875,map,-0.0009331026813015342,0.00016311134095303714,-0.007284010760486126,0.0069141926384818754,-0.010459670816731948,0.028764043996926947,-0.9995076234014246
51540000000,117,51532065549,map,-0.0009109501261264086,0.00035354236024431884,-0.00721699558198452,0.006891054677193902,-0.01041396058388836,0.02877462285590321,-0.9995080027230613
51576000000,118,51572065549,map,-0.000853970879688859,0.0005799152422696352,-0.007173584774136543,0.006871286488153277,-0.010418196342163705,0.028740652496003383,-0.9995090142474257
51608000000,119,51604065549,map,-0.0007843198836781085,0.0007484122179448605,-0.007170150987803936,0.0068786643269123345,-0.0104791214226836,0.02877689878572276,-0.999507328373485
51640000000,120,51636065223,map,-0.000699356198310852,0.0008695955039002001,-0.007171337027102709,0.006916239065540432,-0.010491995144634026,0.028809899768106773,-0.9995059375274843
51676000000,121,51668065223,map,-0.0005886362050659955,0.0009611391578800976,-0.007179686799645424,0.006893000511578865,-0.010514560666108435,0.0288162217953834,-0.9995056846463932
51708000000,122,51700065223,map,-0.000472759798867628,0.0009967135265469551,-0.007188345771282911,0.0068215392128396285,-0.010559803990895863,0.028821785179386883,-0.9995055160589992
51740000000,123,51732064898,map,-0.00035186135210096836,0.001021448289975524,-0.0072189811617136,0.006717570510825094,-0.010536049302676166,0.028828528675148568,-0.9995062747022724
51776000000,124,51772064898,map,-0.00019334691751282662,0.0010733527597039938,-0.007277161814272404,0.006706271862701634,-0.010545464513506794,0.02887451088687404,-0.9995049681499685
51808000000,125,51804064898,map,-7.357224239967763e-05,0.0011173118837177753,-0.007309064734727144,0.006697290138793386,-0.010488550956857275,0.028872951453479068,-0.9995056003526962
51840000000,126,51836064573,map,-1.2659547792281955e-05,0.001156339654698968,-0.007327404338866472,0.006727944397823219,-0.010435442964283262,0.028815547445807277,-0.9995076234014246
51876000000,127,51868064573,map,3.325159559608437e-05,0.0011651864042505622,-0.007347326260060072,0.006764182126463984,-0.010414605957506182,0.02881740190714177,-0.9995076234014246
51908000000,128,51900064573,map,4.534931940725073e-05,0.0011803412344306707,-0.007359018083661795,0.0067581615479358785,-0.010472122082380504,0.0287958648675527,-0.9995076655482732
51940000000,129,51932064249,map,3.594262307160534e-05,0.0011910662287846208,-0.007352171931415796,0.0067317550656186605,-0.010458051785059073,0.02879670780452287,-0.9995079184293643
51976000000,130,51972064249,map,1.2040018191328272e-05,0.0012018609559163451,-0.007342017255723476,0.00674661248826326,-0.01048225263718293,0.02881390371871534,-0.999507075492394
52008000000,131,52004064249,map,7.880988960096147e-06,0.0012407723115757108,-0.007340676616877317,0.0067249527947595795,-0.010468414147528306,0.02882136371090177,-0.9995071176392425
52040000000,132,52036063925,map,2.5528521291562356e-05,0.0012604923686012626,-0.007310765329748392,0.006772823382861606,-0.010453095414455868,0.028831731835635477,-0.9995066961707575
52076000000,133,52068063925,map,4.4331369281280786e-05,0.0012571150436997414,-0.007312852889299393,0.006772195460673244,-0.010474354218990312,0.028805558642710227,-0.9995072440797881
52108000000,134,52100063925,map,4.14933092542924e-05,0.0012220082571730018,-0.007345401216298342,0.006788730690088055,-0.010515726125251437,0.02881685399811107,-0.9995064011428179
52140000000,135,52132063601,map,2.540767854952719e-05,0.0011869940208271146,-0.007396921049803495,0.006747787002393247,-0.010542455788285948,0.02885057147691983,-0.9995053896184536
52176000000,136,52172063601,map,-1.3896367818233557e-05,0.0011140130227431655,-0.007464720401912928,0.006732088618411954,-0.010559601653095786,0.028832743359999746,-0.9995058532337873
52208000000,137,52204063601,map,-5.5058531870599836e-05,0.0010780295124277472,-0.007520991377532482,0.006708327509383302,-0.010522751642698723,0.02881554744580722,-0.9995068647581515
52240000000,138,52236063278,map,-7.248233305290341e-05,0.0010746680200099945,-0.007549522444605827,0.006636997096365028,-0.010537157468446972,0.028814072306109384,-0.9995072440797881
52276000000,139,52268063278,map,-9.758736268850043e-05,0.0010474190348759294,-0.007588686887174845,0.0065860565384029115,-0.01052811120717694,0.028825030486722247,-0.9995073283734851
52308000000,140,52300063278,map,-0.00011729361722245812,0.0010228747269138694,-0.0076069883070886135,0.006590523775072813,-0.010561825063990862,0.028874089418388926,-0.9995055582058476
52340000000,141,52332062955,map,-0.00010760963778011501,0.0010069392155855894,-0.0076338318176567554,0.006588705039777892,-0.010549365237263702,0.028983671224517227,-0.9995025236327548
52376000000,142,52372062955,map,-8.482536941301078e-05,0.000994570553302765,-0.007629846688359976,0.00660203085253305,-0.010575710145669425,0.02897254445651032,-0.9995025236327549
52408000000,143,52404062955,map,-6.447151099564508e-05,0.0009688184363767505,-0.00764602143317461,0.00664226808660692,-0.010623691533884917,0.029023078527874946,-0.9995002055560868
52440000000,144,52436062633,map,-6.551357364514843e-05,0.0009771165205165744,-0.007620089687407017,0.006623875103135089,-0.010624774016419914,0.029051949119104914,-0.999499489059662
52476000000,145,52468062633,map,-6.77182397339493e-05,0.0010303165763616562,-0.007589057553559542,0.006636228081015831,-0.010596800362809826,0.0290920307720387,-0.9994985196821464
52508000000,146,52500062633,map,-6.410304922610521e-05,0.0011090938933193684,-0.0074913944117724895,0.00667884809375571,-0.010542171132422373,0.02915023556983226,-0.9994971288361454
52540000000,147,52532062311,map,-8.735610208532307e-06,0.001164941000752151,-0.007367108017206192,0.0066573285055961055,-0.010500133273027549,0.029148929017528413,-0.9994977610388731
52576000000,148,52572062311,map,8.885552233550698e-05,0.001222928985953331,-0.007220209110528231,0.006669504828912578,-0.01050249892953635,0.02917746243397029,-0.9994968759550544
52608000000,149,52604062311,map,0.00012032352242385969,0.0012473942479118705,-0.007118724286556244,0.00662998804253044,-0.01051455704411364,0.02920995765417217,-0.9994960751649327
52640000000,150,52636061990,map,0.00012629182310774922,0.0012565910583361983,-0.00705045647919178,0.006631825710979967,-0.01050388697672305,0.029224161142120397,-0.9994956958432961
52676000000,151,52668061990,map,0.00013254673103801906,0.0012655933387577534,-0.00704319728538394,0.006645592748555472,-0.010497043876104475,0.02925425399195719,-0.9994947686126289
52708000000,152,52700061990,map,0.00013199505337979645,0.0013085216050967574,-0.007079900708049536,0.006667583360674411,-0.010499860635601243,0.029253579642380956,-0.9994946843189318
52740000000,153,52732061668,map,0.0001207883469760418,0.001341144205071032,-0.007120801135897636,0.006715165670918068,-0.010476644472152949,0.029222095946543347,-0.9994954851090535
52776000000,154,52772061668,map,8.177071867976338e-05,0.0013875151053071022,-0.007204893976449966,0.006735883810411459,-0.010477414639955033,0.029234824294793627,-0.9994949793468715
52808000000,155,52804061668,map,4.75863998872228e-05,0.0014253784902393818,-0.0072998832911252975,0.0067989801121741715,-0.01052604304814962,0.02923490858849065,-0.9994940521162042
52840000000,156,52836061348,map,-3.592138455132954e-05,0.0014684132765978575,-0.007418948691338301,0.006789322721600733,-0.0105274870716195,0.02924510812583031,-0.9994937992351132
52876000000,157,52868061348,map,-0.0001511254085926339,0.0014775589806959033,-0.007564016152173281,0.006761870470604838,-0.010545965995149623,0.029242832196010704,-0.9994938835288101
52908000000,158,52900061348,map,-0.0002429827000014484,0.0014648144133388996,-0.007736473344266415,0.006711182299825409,-0.010565515547413596,0.029267488102389605,-0.9994932513260825
52940000000,159,52932061027,map,-0.000326782203046605,0.0014353386359289289,-0.00791845191270113,0.006742148379679771,-0.010581994965181358,0.029324428494727772,-0.9994911861305055
52976000000,160,52972061027,map,-0.00041341318865306675,0.0013794561382383108,-0.008151992224156857,0.006721419703474253,-0.010600838887005028,0.029328516739033417,-0.99949105968996
53008000000,161,53004061027,map,-0.0004542003443930298,0.001281615113839507,-0.008304179646074772,0.006687974203547334,-0.0106215678924828,0.029422588504909697,-0.9994882779979581
53040000000,162,53036060707,map,-0.0004573461483232677,0.0011773465666919947,-0.008449278771877289,0.006671140324198154,-0.010564768593305419,0.02945297638268607,-0.9994880672637156
53076000000,163,53068060707,map,-0.00043256423668935895,0.0011321197962388396,-0.008530953899025917,0.00664509143154877,-0.010564915613366824,0.02944168102728506,-0.9994885730258978
53108000000,164,53100060707,map,-0.0003874392423313111,0.0010861667105928063,-0.00857473537325859,0.006612752780303644,-0.010583622393296709,0.029472743254637612,-0.999487687942079
53140000000,165,53132060388,map,-0.0003606653190217912,0.001003063516691327,-0.008582602255046368,0.006550344657551772,-0.010575622888522115,0.029484038610038565,-0.9994878565294731
53176000000,166,53172060388,map,-0.00031450678943656385,0.000905885361135006,-0.008530025370419025,0.006559811564126278,-0.0106000776095538,0.029475819974578932,-0.9994878143826245
53208000000,167,53204060388,map,-0.00023263576440513134,0.0008352764416486025,-0.008449706248939037,0.006579563289554204,-0.010596520810666187,0.029510127509266737,-0.9994866342708664
53240000000,168,53236060069,map,-0.00015128322411328554,0.0007447620737366378,-0.008390980772674084,0.006624851724640429,-0.010569757232589514,0.02954995628110957,-0.9994854963059565
53276000000,169,53268060069,map,-9.363951539853588e-05,0.0006304258131422102,-0.008372975513339043,0.006629664861813148,-0.01057577056712803,0.029563190391541982,-0.9994849905437744
53308000000,170,53300060069,map,-7.886726962169632e-05,0.0005276165902614594,-0.008380996994674206,0.006594641983153484,-0.010579706193743862,0.029602892722839336,-0.9994839790194101
53340000000,171,53340059750,map,-8.384333341382444e-05,0.0003963523486163467,-0.008371353149414062,0.00659639683963113,-0.010529012260699988,0.029598551597442624,-0.9994846955158347
53376000000,172,53372059750,map,-8.793945016805083e-05,0.00031961934291757643,-0.008378013037145138,0.006630919883009237,-0.010531542882608038,0.029638127488194388,-0.9994832203761368
53408000000,173,53404059750,map,-8.212772809201851e-05,0.0002405418927082792,-0.008403291925787926,0.006600589957149584,-0.010520736167232042,0.029642595054136522,-0.9994833889635308
53440000000,174,53436059432,map,-5.883098128833808e-05,0.00015481439186260104,-0.008452855050563812,0.00661792614132223,-0.010498807293660725,0.029661139667481295,-0.9994829674950458
53476000000,175,53468059432,map,-4.428075044415891e-05,8.614754187874496e-05,-0.008475045673549175,0.006630151196932293,-0.010487170976840798,0.029659748821480536,-0.9994830939355914
53508000000,176,53508059432,map,-8.840392183628865e-06,4.634584911400452e-06,-0.008439836092293262,0.006620125186070511,-0.010427270097666945,0.02968920946858955,-0.9994828832013487
53540000000,177,53532059114,map,4.518793502938934e-06,-1.1481229194032494e-05,-0.00841159000992775,0.006586321273295122,-0.01044064859398274,0.029689925965014297,-0.9994829253481974
53576000000,178,53572059114,map,-1.8291553715243936e-05,-7.869147339079063e-06,-0.008348130621016026,0.00658893585962794,-0.010412599701662613,0.029689968111862808,-0.9994832203761369
53608000000,179,53604059114,map,-6.134506838861853e-05,1.2934560800204054e-05,-0.008281247690320015,0.006548534812607709,-0.010360221047131192,0.02968866155955896,-0.9994841054599556
53640000000,180,53636058796,map,-9.946059435606003e-05,5.91185234952718e-05,-0.008219977840781212,0.006558532835327902,-0.010391744255639308,0.029667124519969834,-0.9994843161941982
53676000000,181,53668058796,map,-0.00013953677262179554,0.00010966139234369621,-0.008137068711221218,0.006582188577235277,-0.010376350613129083,0.029707711935085812,-0.9994830939355914
53708000000,182,53700058796,map,-0.00020007525745313615,0.0001463482913095504,-0.008037670515477657,0.006549265632375441,-0.010371544226037572,0.029746782063655497,-0.9994822088517726
53740000000,183,53732058479,map,-0.0002777382032945752,0.00018052684026770294,-0.007920811884105206,0.006571229902714063,-0.010433220376568821,0.02975896250287513,-0.9994810708868629
53776000000,184,53772058479,map,-0.0003818319528363645,0.00023650880029890686,-0.007782595232129097,0.006562438168896366,-0.010441744741316277,0.029788591737378245,-0.999480185803044
53808000000,185,53804058479,map,-0.00048512936336919665,0.0002658073208294809,-0.007663792464882135,0.006547875444919092,-0.010451108914947538,0.029818431706124027,-0.9994792585723768
53840000000,186,53836058163,map,-0.0005755205056630075,0.0002839128428604454,-0.007554934825748205,0.006531048974195624,-0.010378585383916923,0.02981788379709338,-0.9994801436561955
53876000000,187,53868058163,map,-0.0006591072306036949,0.00029941974207758904,-0.007444137241691351,0.006522773045363805,-0.010367743765682004,0.029800392854961333,-0.9994808601526203
53908000000,188,53900058163,map,-0.0007077230256982148,0.0003088169905822724,-0.007419179193675518,0.006494515229798522,-0.010373455651471993,0.02977371389985395,-0.9994817452364391
53940000000,189,53932057847,map,-0.000729197112377733,0.0003379975678399205,-0.0074473475106060505,0.00652345513283795,-0.010408108757390424,0.029762544984998585,-0.9994815345021965
53976000000,190,53972057847,map,-0.0007540559745393693,0.0003350097977090627,-0.007502130698412657,0.006536416605844064,-0.010415446260298368,0.029769878536639482,-0.9994811973274084
54008000000,191,54004057847,map,-0.0007632391061633825,0.0002903491258621216,-0.007554791867733002,0.006585421866133346,-0.010394314554853965,0.029692707657015927,-0.9994833468166824
54040000000,192,54036057531,map,-0.0007601925753988326,0.0002079788246192038,-0.007616640534251928,0.006571285220452735,-0.010430349122514018,0.029686343482890842,-0.9994832203761368
54076000000,193,54068057531,map,-0.0007300257566384971,7.605875725857913e-05,-0.007679956033825874,0.006607510930656229,-0.010430712145174043,0.029689925965014297,-0.9994829253481974
54108000000,194,54100057531,map,-0.0006857042317278683,-2.4380227841902524e-05,-0.00773164676502347,0.006614023606567924,-0.010450812569918946,0.029706784704418565,-0.9994821667049241
54140000000,195,54132057216,map,-0.0006280939560383558,-0.00010868439130717888,-0.00776548869907856,0.006624312047416136,-0.010385212975845262,0.02966282554142169,-0.9994840633131071
54176000000,196,54172057216,map,-0.0005696570733562112,-0.00017602310981601477,-0.007826422341167927,0.006603819130144476,-0.01036304011153374,0.02965439617171961,-0.9994847376626832
54208000000,197,54204057216,map,-0.0005105424206703901,-0.00023151063942350447,-0.00786001980304718,0.006596648238997054,-0.010362535007896117,0.029707669788237356,-0.9994832203761368
54240000000,198,54236056901,map,-0.0004546323325484991,-0.00026315238210372627,-0.007860764861106873,0.006513443774591469,-0.010384301220973962,0.029748973699778025,-0.9994822931454697
54276000000,199,54268056901,map,-0.00041031523142009974,-0.0002788652782328427,-0.007848449051380157,0.006503904263484958,-0.010364547355276385,0.029790066877076193,-0.9994813237679538
54308000000,200,54300056901,map,-0.00034546127426438034,-0.000323968444718048,-0.007827584631741047,0.00645237760091074,-0.01033226500958669,0.029776622032401112,-0.9994823774391667
54340000000,201,54332056586,map,-0.00026100617833435535,-0.000387980486266315,-0.00781317614018917,0.006426277671061986,-0.010409417943872293,0.029778223612644594,-0.9994817030895904
54376000000,202,54372056586,map,-0.00013552272866945714,-0.0004785698838531971,-0.007776723708957434,0.006368286735597409,-0.010443586690305104,0.029816661538486555,-0.9994805229778322
54408000000,203,54404056586,map,-4.213563079247251e-05,-0.0005662102485075593,-0.007713614962995052,0.006329363462453092,-0.010448079939483072,0.029825343789279812,-0.9994805229778322
54440000000,204,54436056272,map,3.756216756301001e-05,-0.0006385010201483965,-0.007652501109987497,0.006327695369214371,-0.010462220865702983,0.029815228545637118,-0.9994806915652261
54476000000,205,54468056272,map,9.278093057218939e-05,-0.0007336412090808153,-0.0075918384827673435,0.006291903475205509,-0.010492608743479338,0.0297921742195017,-0.9994813237679538
54508000000,206,54500056272,map,0.00014582327276002616,-0.0008422481478191912,-0.007545530330389738,0.006200178926591772,-0.010559599677462261,0.029768909159123724,-0.999481829530136
54540000000,207,54532055959,map,0.00018910621292889118,-0.0009812975767999887,-0.007520086131989956,0.006158787263995407,-0.010554477024370791,0.029765790292333894,-0.9994822509986211
54576000000,208,54572055959,map,0.00020883507386315614,-0.0011935504153370857,-0.007483447901904583,0.006183634806826103,-0.010553902115015322,0.02979221636635021,-0.9994812816211054
54608000000,209,54604055959,map,0.00021777322399429977,-0.0014157708501443267,-0.007446873001754284,0.006145167411117435,-0.010530164713588959,0.029814427755515405,-0.9994811551805598
54640000000,210,54636055646,map,0.00022937067842576653,-0.0016744835302233696,-0.007415188010782003,0.006053695414322509,-0.010588306455745862,0.029812236119392876,-0.9994811551805599
54676000000,211,54668055646,map,0.00025214487686753273,-0.001963989809155464,-0.007414340041577816,0.005986773792149051,-0.010591977512105612,0.029850421164143714,-0.9994803122435897
54708000000,212,54708055646,map,0.00029449566500261426,-0.0024189986288547516,-0.007416744250804186,0.005906999027541039,-0.01058513918593472,0.029878322377857924,-0.9994800593624986
54740000000,213,54732055333,map,0.0003162614884786308,-0.002724864985793829,-0.0074174897745251656,0.005864541016750124,-0.01054904205654641,0.029911112625999436,-0.9994797221877105
54776000000,214,54772055333,map,0.00036918511614203453,-0.0032667408231645823,-0.007395296357572079,0.005868996893527261,-0.010602523608492575,0.029948201852689094,-0.9994780363137701
54808000000,215,54804055333,map,0.00045129982754588127,-0.003702770220115781,-0.007378818932920694,0.005871990142952171,-0.010591776656030678,0.029975765891615214,-0.9994772776704969
54840000000,216,54836055021,map,0.0005633605760522187,-0.0041490537114441395,-0.007386104203760624,0.005812517976253013,-0.010628892553772838,0.02994685315353668,-0.999478120607467
54876000000,217,54868055021,map,0.0006778896204195917,-0.0046095289289951324,-0.007391034159809351,0.005756849068723583,-0.010635823899355483,0.029964849857850806,-0.9994778255795276
54908000000,218,54900055021,map,0.0007838729652576149,-0.005074277985841036,-0.007380472030490637,0.005711150854317265,-0.010607792787737073,0.02994305993717067,-0.9994790478381342
54940000000,219,54932054709,map,0.0008820184739306569,-0.005540058016777039,-0.0073682223446667194,0.0056254488598651555,-0.010571210969590886,0.029915790926184127,-0.9994806915652261
54976000000,220,54972054709,map,0.0010219900868833065,-0.006171964108943939,-0.007381543517112732,0.0055982121175594994,-0.010579941294133212,0.029878322377857924,-0.9994819138238331
55008000000,221,55004054709,map,0.001141425222158432,-0.006716279312968254,-0.0074084447696805,0.005540165370447869,-0.010523359150007338,0.029882073447375423,-0.9994827146139549
55040000000,222,55036054397,map,0.001283434801734984,-0.007296918425709009,-0.007425909861922264,0.005498673609086292,-0.010555091281760612,0.02988658316016607,-0.9994824195860151
55076000000,223,55068054397,map,0.0014177138218656182,-0.007932998239994049,-0.007427987642586231,0.005472019020125692,-0.010556075805800045,0.029886709600711603,-0.9994826303202577
55108000000,224,55100054397,map,0.0015432980144396424,-0.008628936484456062,-0.007424617651849985,0.0053877149510279014,-0.010551626514467987,0.029923798827401205,-0.9994820402643787
55140000000,225,55132054087,map,0.0016823860350996256,-0.009383060038089752,-0.0074403295293450356,0.005365882060318624,-0.010593082714426135,0.029920005611035194,-0.9994817873832875
55176000000,226,55172054087,map,0.0018440170679241419,-0.010392573662102222,-0.00748083833605051,0.005340797770737308,-0.010576532503123766,0.029940573273108617,-0.9994814502084994
55208000000,227,55204054087,map,0.0020007386337965727,-0.011216999962925911,-0.0075317686423659325,0.00530638289329464,-0.010600576621654725,0.029931469553830248,-0.9994817030895905
55240000000,228,55236053776,map,0.0021632229909300804,-0.01204755250364542,-0.007600978948175907,0.0052546713443498054,-0.010653744871051215,0.0298897020269559,-0.9994826724671062
55276000000,229,55268053776,map,0.002308408496901393,-0.012906529940664768,-0.007686462718993425,0.0052183669380776055,-0.010708686086899327,0.029940615419957073,-0.9994807337120748
55308000000,230,55300053776,map,0.0024445776361972094,-0.013820959255099297,-0.0077531710267066956,0.005145478244117317,-0.01070477268616064,0.029989295029987206,-0.999479680040862
55340000000,231,55332053466,map,0.0025321273133158684,-0.014798571355640888,-0.007801832165569067,0.005132304061235123,-0.010741850717593591,0.02999270892471656,-0.9994792164255284
55376000000,232,55372053466,map,0.002631088951602578,-0.01609090156853199,-0.007859154604375362,0.005111826949031654,-0.01075493632623946,0.029992161015685914,-0.9994792585723768
55408000000,233,55404053466,map,0.002683968748897314,-0.01716216653585434,-0.007935039699077606,0.005129004423977876,-0.010739875413341895,0.030060059588637,-0.9994772776704969
55440000000,234,55436053156,map,0.0027020759880542755,-0.018258435651659966,-0.008065721951425076,0.005180905963013263,-0.010546099679684742,0.030165637444156734,-0.999475886824496
55476000000,235,55468053156,map,0.0027531753294169903,-0.019420091062784195,-0.00821896456182003,0.005206532234724648,-0.01058203151440155,0.030161085584517577,-0.999475465356011
55508000000,236,55500053156,map,0.0028118700720369816,-0.02058674395084381,-0.008361638523638248,0.00523872600617802,-0.010532219043181608,0.030188059567564485,-0.9994750438875257
55540000000,237,55532052847,map,0.0028665484860539436,-0.02178000658750534,-0.00849433708935976,0.005236049352025324,-0.010365934250010195,0.030273575523193152,-0.9994742430974041
55576000000,238,55572052847,map,0.0029331324622035027,-0.023355817422270775,-0.00866062380373478,0.005268019218345979,-0.010379959766305085,0.030317661126735562,-0.9994725572234636
55608000000,239,55604052847,map,0.0029142163693904877,-0.024555159732699394,-0.008768705651164055,0.005373622757101581,-0.010309118157947859,0.030335236362564577,-0.999472177901827
55640000000,240,55636052539,map,0.002845320850610733,-0.025716891512274742,-0.008878267370164394,0.005427559857211142,-0.010210680571255872,0.030383831678897577,-0.9994714614054023
55676000000,241,55668052539,map,0.0027469955384731293,-0.026889339089393616,-0.009005566127598286,0.005442992847755718,-0.010096851811595567,0.030412407242188022,-0.9994716299927964
55708000000,242,55700052539,map,0.0026615397073328495,-0.028087198734283447,-0.009114365093410015,0.005497137883293676,-0.010002818735209097,0.030438664728810294,-0.9994715035522508
55740000000,243,55732052230,map,0.002572268946096301,-0.029329873621463776,-0.009203558787703514,0.0054783644257323585,-0.0098971206953166,0.030467198145252172,-0.9994717985801904
55776000000,244,55772052230,map,0.0024329018779098988,-0.030942291021347046,-0.009316696785390377,0.0055474271407373954,-0.009900736269301552,0.03049042105878169,-0.9994706606152806
55808000000,245,55804052230,map,0.002302848966792226,-0.03224235028028488,-0.009430072270333767,0.0055467518033444595,-0.009779779753159095,0.030507701266671183,-0.9994713349648567
55840000000,246,55836051923,map,0.0021605826914310455,-0.03358101844787598,-0.00957490224391222,0.005588296083630549,-0.00970558878743427,0.030597726935090386,-0.9994690590350372
55876000000,247,55868051923,map,0.0019967956468462944,-0.0349690206348896,-0.009726963005959988,0.0055784049097567755,-0.009573348934328166,0.03060628274533811,-0.99947011270625
55908000000,248,55900051923,map,0.0018335063941776752,-0.03639223054051399,-0.009897204115986824,0.005602968619904531,-0.009430072039904397,0.03063376249056715,-0.9994705341747352
55940000000,249,55932051615,map,0.0016534094465896487,-0.03781203553080559,-0.01010827999562025,0.005681351715331047,-0.009335437383109883,0.0306683650531947,-0.9994699019720075
55976000000,250,55972051615,map,0.001426613307558,-0.03959473967552185,-0.010403710417449474,0.005696291456039143,-0.009221447280045123,0.03068345362496161,-0.9994704077341896
56008000000,251,56004051615,map,0.0012365118600428104,-0.04092751815915108,-0.010666834190487862,0.005734722961072126,-0.009150961779630588,0.03061766239443603,-0.9994728943982518
56040000000,252,56036051308,map,0.001023668679408729,-0.042251743376255035,-0.010947938077151775,0.005789523742303908,-0.009047635487783593,0.030576400629743872,-0.9994747910064348
56076000000,253,56068051308,map,0.0007523277308791876,-0.04360243305563927,-0.011245569214224815,0.005772570337126528,-0.008979577382425483,0.030575178371137046,-0.9994755075028594
56108000000,254,56100051308,map,0.00043341939453966916,-0.044930119067430496,-0.01155604887753725,0.0058683750628756,-0.008929234618240491,0.030608600822006282,-0.9994743695379495
56140000000,255,56132051002,map,6.107814988354221e-05,-0.04628434777259827,-0.011907149106264114,0.005903624645482137,-0.008854866174770763,0.03058740095720519,-0.9994755075028594
56176000000,256,56172051002,map,-0.00047086161794140935,-0.048063863068819046,-0.012314479798078537,0.005916920659098308,-0.00881807987855485,0.030549763821485,-0.9994768140551631
56208000000,257,56204051002,map,-0.0009545025532133877,-0.04951449856162071,-0.012613855302333832,0.005995712299073965,-0.008754955012424102,0.030491432583145905,-0.9994786685164978
56240000000,258,56236050696,map,-0.0015067898202687502,-0.05099426954984665,-0.012917264364659786,0.006015553915827229,-0.00872360467184933,0.03049075823356978,-0.9994789213975888
56276000000,259,56268050696,map,-0.0021184622310101986,-0.05247366055846214,-0.013178326189517975,0.006021806548976335,-0.008762504484345552,0.030475501074408773,-0.9994790056912859
56308000000,260,56300050696,map,-0.0027353710029274225,-0.053993403911590576,-0.013427117839455605,0.0060468250664249155,-0.008752257120211025,0.030495057212117926,-0.9994783313417096
56340000000,261,56332050391,map,-0.003398808417841792,-0.05554351955652237,-0.013675525784492493,0.0060202265360655574,-0.008750999217882714,0.030516973573343542,-0.9994778255795275
56376000000,262,56372050391,map,-0.004300874192267656,-0.057505011558532715,-0.014012887142598629,0.006018972585004294,-0.008760208386600408,0.030563840868887637,-0.9994763082929812
56408000000,263,56404050391,map,-0.0049034166149795055,-0.05884514003992081,-0.01439687144011259,0.0060287206900837085,-0.008743124095702066,0.030617620247587518,-0.9994747910064348
56440000000,264,56436050086,map,-0.00542932515963912,-0.05997571721673012,-0.014823686331510544,0.006028097624661093,-0.008564517687832104,0.030692641637936946,-0.9994740323631616
56476000000,265,56468050086,map,-0.006084553897380829,-0.06112755089998245,-0.015028954483568668,0.006044955293930627,-0.008231940610545496,0.030726316969897083,-0.9994756760902535
56508000000,266,56500050086,map,-0.0068497732281684875,-0.06226586550474167,-0.015112161636352539,0.006059041314002186,-0.007171484002117083,0.03075501897373306,-0.9994828832013487
56540000000,267,56532049781,map,-0.007723557762801647,-0.06342057883739471,-0.01493897195905447,0.006077230683743954,-0.005435184938273798,0.030793962661757157,-0.9994925769765063
56576000000,268,56572049781,map,-0.00902328547090292,-0.06488507241010666,-0.014179655350744724,0.0061023807042989734,-0.004059765136718632,0.030833243524569287,-0.9994977188920247
56608000000,269,56604049781,map,-0.01019637193530798,-0.066085085272789,-0.013257627375423908,0.006230984486222315,-0.00044088073084294215,0.030949906001247474,-0.9995014278146936
56640000000,270,56636049477,map,-0.011540811508893967,-0.06732705235481262,-0.012197768315672874,0.006375190257674594,0.0021075827942901738,0.031038372236271816,-0.9994956536964476
56676000000,271,56668049477,map,-0.01304924488067627,-0.06861484795808792,-0.011024256236851215,0.0064758461515417205,0.0024221839937326943,0.0311132250392272,-0.9994919447737787
56708000000,272,56700049477,map,-0.014665455557405949,-0.06993754953145981,-0.009580811485648155,0.006781659733069719,0.0025448596403132395,0.031263942169502124,-0.9994849483969258
56740000000,273,56732049173,map,-0.01637337915599346,-0.07128140330314636,-0.007719609886407852,0.007119532413699207,0.002211293840765959,0.031455836770772294,-0.9994773198173454
56776000000,274,56772049173,map,-0.018619418144226074,-0.07300075143575668,-0.00466451421380043,0.007305438540485966,0.001795676852882699,0.031572709981692926,-0.9994731472793428
56808000000,275,56804049173,map,-0.020093629136681557,-0.07379484176635742,-0.0014517306117340922,0.007799917385653046,0.0008722293592052642,0.0317851722450363,-0.999463917119519
56840000000,276,56836048870,map,-0.021543391048908234,-0.07445868849754333,0.0024175874423235655,0.008278073382009138,-0.0003615893379037918,0.03205036021586688,-0.9994519474145418
56876000000,277,56868048870,map,-0.02310327999293804,-0.0751880630850792,0.00695949699729681,0.00849485240460238,-0.0010277834988912371,0.0321464550304717,-0.9994465526179324
56908000000,278,56900048870,map,-0.024769999086856842,-0.07598040252923965,0.012215093709528446,0.008960280381980438,-0.002533303501287042,0.03236384847509094,-0.9994328127453178
56940000000,279,56932048567,map,-0.026502076536417007,-0.07679406553506851,0.018201909959316254,0.009462546186682158,-0.004119138768695782,0.03254638647599156,-0.9994169233834294
56976000000,280,56972048567,map,-0.028804566711187363,-0.07779736816883087,0.02669324167072773,0.009704131263802094,-0.004959626611888476,0.03261778323736908,-0.9994084940137271
57008000000,281,57004048567,map,-0.030710937455296516,-0.0786173865199089,0.034324318170547485,0.010119512492751497,-0.006441336937598164,0.032767193815340157,-0.999391087365292
57040000000,282,57036048265,map,-0.032646544277668,-0.0794549211859703,0.0427430085837841,0.010469317752911439,-0.007878427662487546,0.03285034954745214,-0.9993744393601303
57076000000,283,57068048265,map,-0.03463948518037796,-0.08029146492481232,0.051973868161439896,0.010664496351006724,-0.00854016298324757,0.032892201368023455,-0.9993655463750946
57108000000,284,57100048265,map,-0.03669881448149681,-0.08111948519945145,0.06203809008002281,0.011068025178219516,-0.009564942119775384,0.03290016712239202,-0.9993515957682373
57140000000,285,57132047964,map,-0.03881097212433815,-0.08190315961837769,0.0729580819606781,0.011400810726001931,-0.010297671049196882,0.03297392410728611,-0.9993381930704108
57176000000,286,57172047964,map,-0.0414256677031517,-0.08283096551895142,0.08778074383735657,0.011570860953192895,-0.010695909170991572,0.033022392983073634,-0.9993304380502848
57208000000,287,57204047964,map,-0.04297467693686485,-0.08285738527774811,0.10052869468927383,0.011930896486199435,-0.011621118075722461,0.033146768333029264,-0.9993117669963947
57240000000,288,57236047662,map,-0.044029220938682556,-0.08224397152662277,0.11402292549610138,0.012209656040653468,-0.012578617784324068,0.033283577003295706,-0.9992922108586855
57276000000,289,57268047662,map,-0.04500444233417511,-0.08165357261896133,0.1283070147037506,0.012348536985850325,-0.012972596810672412,0.03335425726824842,-0.9992831492862556
57308000000,290,57300047662,map,-0.045940887182950974,-0.08108064532279968,0.14337849617004395,0.012604003481494996,-0.013449848008033567,0.03348204651293346,-0.999269325119944
57340000000,291,57332047361,map,-0.04678836464881897,-0.08054881542921066,0.15924519300460815,0.012652253679346841,-0.013761392285029064,0.0335966437940346,-0.9992606850159993
57376000000,292,57372047361,map,-0.04768513888120651,-0.07991502434015274,0.1801590472459793,0.012663996515740936,-0.01381488486759574,0.03362913901423653,-0.9992587041141194
57408000000,293,57404047361,map,-0.048191092908382416,-0.07943688333034515,0.19787923991680145,0.012508931139556864,-0.013715175178709488,0.033677565743175486,-0.9992603478412112
57440000000,294,57436047061,map,-0.04844263195991516,-0.07900210469961166,0.21640481054782867,0.012466223746192582,-0.013401905021194696,0.03370386537664627,-0.9992643096449714
57476000000,295,57468047061,map,-0.04840099811553955,-0.07861283421516418,0.23553425073623657,0.012366350367837065,-0.01327686701082789,0.03372632964690253,-0.9992664591342454
57508000000,296,57500047061,map,-0.04801424220204353,-0.0782734826207161,0.2551782429218292,0.012140736723715042,-0.0130999308364663,0.03379005568185112,-0.9992694094136412
57540000000,297,57532046761,map,-0.04725588113069534,-0.07800731062889099,0.27536308765411377,0.012068574404347058,-0.012243021198150295,0.03380573430949718,-0.999280536181648
57576000000,298,57572046761,map,-0.045838575810194016,-0.07774518430233002,0.30145764350891113,0.012010064371174065,-0.01161024389040367,0.033800339512887745,-0.9992890498450472
57608000000,299,57604046761,map,-0.044080015271902084,-0.07684524357318878,0.32311293482780457,0.012005831329394815,-0.010166137361598493,0.033920753059083375,-0.9993007245220846
57640000000,300,57636046462,map,-0.04177076369524002,-0.0753621757030487,0.34548884630203247,0.012194742806361817,-0.008384671652243929,0.0339308683027259,-0.9993146329820933
57676000000,301,57668046462,map,-0.039239317178726196,-0.07409226149320602,0.36846694350242615,0.012336002743593762,-0.007494849441144091,0.03387186271481074,-0.9993219665337342
57708000000,302,57700046462,map,-0.03654799237847328,-0.07300901412963867,0.3920382261276245,0.012850826333518205,-0.005569733031039415,0.03372004976647447,-0.9993332618891352
57740000000,303,57732046163,map,-0.03367764875292778,-0.07209291309118271,0.41619640588760376,0.01332741334758403,-0.004048776086831989,0.0334914031133029,-0.999341986286777
57776000000,304,57772046163,map,-0.02968176268041134,-0.0712389349937439,0.4471455216407776,0.0136164159341845,-0.003199840763963148,0.03327653847959433,-0.9993483083140535
57808000000,305,57804046163,map,-0.02618183009326458,-0.07081048935651779,0.47246024012565613,0.014239632822036488,-0.0016878350859804768,0.03279066960996069,-0.9993593507883634
57840000000,306,57836045865,map,-0.02250026725232601,-0.07058258354663849,0.498200386762619,0.015062934629204354,-0.0007327611569432982,0.03222122353973006,-0.9993669793679438
57876000000,307,57868045865,map,-0.01865309663116932,-0.07055453211069107,0.5242384076118469,0.015527001065812158,-0.0004012307538340664,0.03189146659698078,-0.9993706882906128
57908000000,308,57900045865,map,-0.014584613032639027,-0.07069066911935806,0.5504188537597656,0.016457203085871848,-6.0156065170638605e-05,0.031207633979891514,-0.9993774739332231
57940000000,309,57932045567,map,-0.010217324830591679,-0.0709485188126564,0.576483964920044,0.01715021054504632,4.910437123778985e-05,0.03048334038823186,-0.9993881370858964
57976000000,310,57972045567,map,-0.004123414866626263,-0.07141377031803131,0.6089563369750977,0.017424489064265053,0.000775805601618688,0.030137904817836514,-0.9993936161762027
58008000000,311,58004045567,map,0.002489890670403838,-0.07092683762311935,0.6356717944145203,0.017843885768351882,0.009606043199607719,0.02939717395525765,-0.9993623853614562
58040000000,312,58036045269,map,0.010186058469116688,-0.06956315040588379,0.6632457375526428,0.017819051231775223,0.017470146778184127,0.028832448332060057,-0.9992727390146735
58076000000,313,58068045269,map,0.017316563054919243,-0.06817862391471863,0.6913242340087891,0.01762249314757184,0.021188787917719356,0.028589092428758178,-0.9992112889095446
58108000000,314,58100045269,map,0.023872217163443565,-0.06681723892688751,0.7194816470146179,0.01688888065721579,0.027533439326289082,0.028357411202493854,-0.9990758710852791
58140000000,315,58132044972,map,0.029810037463903427,-0.06549059599637985,0.7472538948059082,0.015828892356250616,0.030597073000393972,0.028265615366437184,-0.9990066659600243
58176000000,316,58172044972,map,0.036441560834646225,-0.06396353244781494,0.7810933589935303,0.01531805213741883,0.03088717963686207,0.028324958129140435,-0.9990040528554165
58208000000,317,58204044972,map,0.041151609271764755,-0.06288054585456848,0.8076414465904236,0.014408616001329361,0.031824759331044686,0.028381561346690624,-0.9989865619132845
58240000000,318,58236044676,map,0.04527191445231438,-0.06189288571476936,0.8338136672973633,0.013815639477283943,0.03182063618388021,0.028469563966381343,-0.998992546765773
58276000000,319,58268044676,map,0.04874306172132492,-0.060977935791015625,0.8595688939094543,0.013626699765221162,0.031445803845193084,0.028506063137191787,-0.9990059494635994
58308000000,320,58300044676,map,0.051597654819488525,-0.06018005684018135,0.8849044442176819,0.013228989590326715,0.030115498499496938,0.028532742092299116,-0.9990515945005368
58340000000,321,58332044380,map,0.053920723497867584,-0.05950072780251503,0.909753143787384,0.013101767352463054,0.0283196179917252,0.02859107333063826,-0.9991041094737814
58376000000,322,58372044380,map,0.05616605654358864,-0.05886306241154671,0.940154492855072,0.013071277400287963,0.02716882397637105,0.028615771383865618,-0.9991357196101645
58408000000,323,58404044380,map,0.06015954539179802,-0.05782866105437279,0.9638838171958923,0.013136005739977584,0.02481253197047364,0.028685060802817464,-0.9991942194358977
58440000000,324,58436044084,map,0.06639622896909714,-0.0564071461558342,0.9866953492164612,0.013468782438568175,0.02288769758205451,0.028746384467400854,-0.9992339639140435
58476000000,325,58468044084,map,0.07244359701871872,-0.05541621148586273,1.0078564882278442,0.013802989495830103,0.02204379551486018,0.02875026197746383,-0.9992482095488402
58508000000,326,58500044084,map,0.07839979976415634,-0.05483206734061241,1.0273840427398682,0.014641474375901766,0.021199799934345717,0.028709253093862797,-0.9992557538347235
58540000000,327,58532043790,map,0.08432506769895554,-0.054646287113428116,1.045356035232544,0.015940988814582672,0.021809050410272406,0.028729104259511418,-0.9992221627964604
58576000000,328,58572043790,map,0.09196025133132935,-0.05505988746881485,1.065253734588623,0.016750767410279116,0.022575023942386856,0.028728219175692737,-0.9991919435060781
58608000000,329,58604043790,map,0.09818891435861588,-0.055871278047561646,1.0791059732437134,0.018473498111193146,0.024820698251644884,0.028715322240048302,-0.9991086613334206
58640000000,330,58636043495,map,0.10437124967575073,-0.057029999792575836,1.0914762020111084,0.020328025629395535,0.027879982239274542,0.028644473387701597,-0.9989939797586225
58676000000,331,58668043495,map,0.11030001938343048,-0.05843198299407959,1.1031209230422974,0.021174267175954473,0.029428392916203007,0.028606836251981353,-0.9989330775625243
58708000000,332,58700043495,map,0.11576660722494125,-0.06000291183590889,1.1145662069320679,0.02276830938965782,0.03203868323392357,0.028533837910360408,-0.9988197868337269
58740000000,333,58732043201,map,0.12084450572729111,-0.0616910345852375,1.1257864236831665,0.02389030887567268,0.03404753604776016,0.028447057549276514,-0.9987296347247621
58776000000,334,58772043201,map,0.12677331268787384,-0.0640190839767456,1.13894522190094,0.024386308794017073,0.034719230372478274,0.02841759690216739,-0.9986953693369227
58808000000,335,58804043201,map,0.136017307639122,-0.06434718519449234,1.1495954990386963,0.02539819436994116,0.03585875175221703,0.028282853427478053,-0.9986337084975512
58840000000,336,58836042907,map,0.14603513479232788,-0.06439527869224548,1.1597150564193726,0.026090951911474848,0.036419999931140104,0.028101369097790155,-0.9986006653683188
58876000000,337,58868042907,map,0.15520980954170227,-0.06469196081161499,1.1690428256988525,0.026515726948558367,0.036608045339761044,0.02802141652616497,-0.9985847760064301
58908000000,338,58900042907,map,0.16355369985103607,-0.0652071163058281,1.1777511835098267,0.027056731140033798,0.03677125703498596,0.027781432370743934,-0.9985710361338156
58940000000,339,58932042614,map,0.1710616648197174,-0.06591827422380447,1.1859952211380005,0.02748595958435255,0.036695793431999454,0.027579717553770814,-0.9985676643859347
58976000000,340,58972042614,map,0.17921112477779388,-0.06698527187108994,1.1960389614105225,0.02759388054123174,0.036558148410207957,0.027471400153097795,-0.998572722007756
59008000000,341,59004042614,map,0.1848956197500229,-0.0679621547460556,1.2042953968048096,0.02774321176458965,0.0358660869502192,0.02721211274105884,-0.9986007918088643
59040000000,342,59036042322,map,0.1900513917207718,-0.06906267255544662,1.2124629020690918,0.02771643534489507,0.035014675829272604,0.0269014904675336,-0.9986401569653736
59076000000,343,59068042322,map,0.1946175992488861,-0.07031729817390442,1.220259666442871,0.027728799847304704,0.03463669268438702,0.02677551353733443,-0.9986563835020502
59108000000,344,59100042322,map,0.19859574735164642,-0.07172495871782303,1.227626085281372,0.027849147209777277,0.03403024464461406,0.02647074967575214,-0.9986819666390963
59140000000,345,59132042030,map,0.20196475088596344,-0.07326453179121017,1.2344958782196045,0.027983468557436986,0.0334524278151424,0.02616750310071631,-0.9987057796085049
59176000000,346,59172042030,map,0.20525789260864258,-0.075352743268013,1.2425414323806763,0.028125177128114996,0.033001946163917516,0.02601029535577071,-0.9987208681802718
59208000000,347,59204042030,map,0.2122499793767929,-0.07550203800201416,1.2491387128829956,0.028429450703311075,0.03206047019115342,0.025758046467432964,-0.9987494858904108
59240000000,348,59236041738,map,0.22305059432983398,-0.07423818856477737,1.2559363842010498,0.028832247475985184,0.030584345969232696,0.025488306636963224,-0.9987911269767396
59276000000,349,59268041738,map,0.23233681917190552,-0.07324615120887756,1.2628464698791504,0.029003378312975198,0.02966927057246476,0.02531259642552131,-0.9988182274003319
59308000000,350,59300041738,map,0.24055245518684387,-0.07252565026283264,1.2696914672851562,0.02921460035179444,0.02809914457560121,0.02498869789471514,-0.9988656426049067
59340000000,351,59332041447,map,0.24776187539100647,-0.07212374359369278,1.2762351036071777,0.029397818834967025,0.027300076341987438,0.02457051686378997,-0.9988927851753477
59376000000,352,59372041447,map,0.2553466856479645,-0.07195109128952026,1.283496379852295,0.029537136889081057,0.027176905799209145,0.024306677592111747,-0.9988985171467453
59408000000,353,59404041447,map,0.26024889945983887,-0.07203074544668198,1.2887070178985596,0.02971695666520698,0.027198969427450405,0.02381027201035052,-0.9989045019992338
59440000000,354,59436041157,map,0.2641389071941376,-0.07232341915369034,1.293522596359253,0.029961990457597155,0.027394976062946417,0.023239561534664555,-0.9989053027893555
59476000000,355,59468041157,map,0.26704707741737366,-0.07279246300458908,1.298141598701477,0.030049430021733575,0.027296035677522583,0.022934123323506084,-0.9989124256067539
59508000000,356,59500041157,map,0.2690599858760834,-0.07338982820510864,1.3027150630950928,0.03033747887125036,0.02683086996549483,0.022405433255785312,-0.998928357115491
59540000000,357,59532040867,map,0.27014094591140747,-0.0741271898150444,1.3075066804885864,0.03053287544757779,0.02618843230372448,0.02177609651382073,-0.9989533080498094
59576000000,358,59572040867,map,0.2701902389526367,-0.07516902685165405,1.3141446113586426,0.030615115638187557,0.025703953127638866,0.02143184105518381,-0.99897084113879
59608000000,359,59604040867,map,0.2774251103401184,-0.07294116169214249,1.3212109804153442,0.030711200080716396,0.02442095547912655,0.020734647887116542,-0.9990147581549382
59640000000,360,59636040577,map,0.28608986735343933,-0.07008936256170273,1.3289849758148193,0.03097323658680399,0.023043697556372505,0.01993895753407937,-0.9990555984511453
59676000000,361,59668040577,map,0.293419748544693,-0.0677303820848465,1.3367937803268433,0.031247290213073254,0.022560811564087825,0.019546907549230996,-0.999065882282182
59708000000,362,59700040577,map,0.2995004653930664,-0.0657530277967453,1.3445225954055786,0.03153158420644164,0.022367697009116692,0.018551525427949245,-0.9990802543575241
59740000000,363,59732040288,map,0.3042977452278137,-0.0641268864274025,1.352495551109314,0.031541602644041586,0.022458214610283425,0.01735282690945089,-0.9990994311735968
59776000000,364,59772040288,map,0.3085356652736664,-0.062490314245224,1.363284707069397,0.031628862096255074,0.022440307797294612,0.01673385829221996,-0.9991076919559048
59808000000,365,59804040288,map,0.31055477261543274,-0.06146771460771561,1.3729543685913086,0.03177387392618512,0.022268590670476845,0.01539704455115143,-0.9991284282053722
59840000000,366,59836040000,map,0.31137484312057495,-0.06067559868097305,1.383594274520874,0.031812924956963994,0.02164795527709615,0.013993596642587093,-0.9991614291877562
59876000000,367,59868040000,map,0.31102362275123596,-0.06012152135372162,1.3953566551208496,0.03179068426256815,0.021118325137090353,0.013237229299210675,-0.999183767017467
59908000000,368,59900040000,map,0.30952340364456177,-0.0598265714943409,1.4080671072006226,0.03190835101962097,0.019841709608041026,0.01168260064503779,-0.9992255766911897
59940000000,369,59932033712,map,0.306894451379776,-0.05981907248497009,1.4213964939117432,0.03199739413963433,0.017900755037883236,0.009948384269359957,-0.9992781338112828
59976000000,370,59972033712,map,0.30222365260124207,-0.06025940552353859,1.438475251197815,0.031993120185777525,0.016679182634444626,0.009030004440307717,-0.9993081423674226
60008000000,371,60004033712,map,0.3058767020702362,-0.057894956320524216,1.452123999595642,0.0321353743605804,0.013967166617303718,0.00722869028180051,-0.9993597722568484
60040000000,372,60036033424,map,0.3106915056705475,-0.05513941869139671,1.4651985168457031,0.03250368908427202,0.010684573809011912,0.005324242784987222,-0.999400317525116
60076000000,373,60068033424,map,0.3140964210033417,-0.05300178378820419,1.4772720336914062,0.03277025209603523,0.009193629042939034,0.004374927169127963,-0.9994111071183347
60108000000,374,60100033424,map,0.316473126411438,-0.051500964909791946,1.488460898399353,0.03367844819281617,0.0073652381684417186,0.0024395017386590894,-0.9994026356017841
60140000000,375,60132033137,map,0.3180660903453827,-0.05071688070893288,1.498339056968689,0.03508335938727717,0.007461919087658661,0.0004790832270233918,-0.9993564426558161
60176000000,376,60172033137,map,0.31897395849227905,-0.05044082552194595,1.509080171585083,0.035685691853147496,0.007739921017525533,-0.0004399709516051393,-0.9993330090080441
60208000000,377,60204033137,map,0.3189171850681305,-0.05061874911189079,1.5169498920440674,0.03778195360880088,0.00788571091779176,0.033606590450283136,-0.9986895952186767
60240000000,378,60236032851,map,0.3181997835636139,-0.05096714571118355,1.5247856378555298,0.03880326789571801,0.009766491642077135,0.0312681990012017,-0.9987098257059619
60276000000,379,60276032851,map,0.31628015637397766,-0.051336273550987244,1.5352500677108765,0.03901242953398742,0.010931232971565853,0.0301412344188689,-0.9987241977813042
60308000000,380,60300032851,map,0.31455838680267334,-0.0514710359275341,1.5418941974639893,0.039335579958232565,0.013203185182325912,0.02729708078765669,-0.99876592316133
60340000000,381,60332032565,map,0.3115275800228119,-0.05142845958471298,1.5513091087341309,0.0388430966675608,0.015054093010640176,0.02472165546255012,-0.9988260245673065
60376000000,382,60372032565,map,0.3064766526222229,-0.05099056661128998,1.5638878345489502,0.03837685769262116,0.015665338217881547,0.02341076203331577,-0.9988662748076345
60408000000,383,60404032565,map,0.3096707761287689,-0.04837845265865326,1.5753593444824219,0.03727991483731829,0.01617648729408757,0.021247027124463413,-0.9989480396937456
60440000000,384,60436032280,map,0.31399378180503845,-0.04503430053591728,1.587360143661499,0.035956880481534774,0.015746718514000016,0.019171674156938545,-0.9990453567669573
60476000000,385,60468032280,map,0.3167281746864319,-0.04163935407996178,1.5994843244552612,0.03526797707173406,0.015317139394730764,0.018350695694794805,-0.9990920133282587
60508000000,386,60500032280,map,0.3180464208126068,-0.038274697959423065,1.611660361289978,0.03375630725145046,0.0143407911853632,0.016723237286395132,-0.9991872652058933
60540000000,387,60532031995,map,0.3181086778640747,-0.03499802201986313,1.623779058456421,0.03232083037219595,0.013493415625161518,0.015540681010876523,-0.9992656583441236
60576000000,388,60572031995,map,0.3167167901992798,-0.031202102079987526,1.6392320394515991,0.03168931582354338,0.013199975436394007,0.014925421316314413,-0.9992991229418413
60608000000,389,60604031995,map,0.31455954909324646,-0.028316888958215714,1.6520705223083496,0.030712391387731332,0.013196782812619306,0.0140777638990634,-0.9993420284336254
60640000000,390,60636031711,map,0.3118131160736084,-0.02553645148873329,1.6648019552230835,0.030055057943098797,0.014180403987533029,0.013395659302763043,-0.9993578756486654
60676000000,391,60668031711,map,0.30851951241493225,-0.023055557161569595,1.6769760847091675,0.029731682296631916,0.01491394749535187,0.013126298793929904,-0.9993604466064245
60708000000,392,60700031711,map,0.30463486909866333,-0.02099328488111496,1.6882407665252686,0.02926620328205449,0.016418999601874748,0.012688814506386816,-0.9993563162152705
60740000000,393,60732031428,map,0.3001779317855835,-0.01937776245176792,1.6985647678375244,0.02963850812691998,0.017950841957526876,0.01253826596350588,-0.9993208285688244
60776000000,394,60772031428,map,0.2937476634979248,-0.01795385032892227,1.7103639841079712,0.02999849292113013,0.018580912976617948,0.012462865251519907,-0.9992995444103264
60808000000,395,60804031428,map,0.2946152687072754,-0.014472053386271,1.721625804901123,0.030905744006542113,0.019189957986658148,0.012469861628372771,-0.9992602635475143
60840000000,396,60836031145,map,0.29671087861061096,-0.010588548146188259,1.7334318161010742,0.03235864531493333,0.018862799001992902,0.012700699917666926,-0.9992176530836697
60876000000,397,60868031145,map,0.2979477047920227,-0.00714856619015336,1.7455410957336426,0.03303051349540156,0.018678712104409446,0.012824274477500898,-0.9991975068900816
60908000000,398,60900031145,map,0.2983660101890564,-0.0040027908980846405,1.7584224939346313,0.0339946503139576,0.01840000948318608,0.01296078811982765,-0.9991685520051545
60940000000,399,60932030862,map,0.2980649173259735,-0.0010648953029885888,1.7716100215911865,0.034573896185011575,0.018428689755053233,0.012957964280977398,-0.9991481950773238
60976000000,400,60972030862,map,0.2969800531864166,0.0021555789280682802,1.7871356010437012,0.03469433673153203,0.018818631738931516,0.013018065686953907,-0.9991359724912556
61008000000,401,61004030862,map,0.29559382796287537,0.004242506343871355,1.7980057001113892,0.03475674238474199,0.019983505435866338,0.012994969213969977,-0.9991115273191192
61040000000,402,61036030581,map,0.2936893403530121,0.005937530193477869,1.807633876800537,0.03504408313427657,0.0212450350273268,0.013102443677672828,-0.9990740166239447
61076000000,403,61068030581,map,0.2912437319755554,0.007252078037708998,1.8162264823913574,0.03526958655451157,0.021825216031582113,0.013179108795114082,-0.9990525638780526
61108000000,404,61100030581,map,0.2882426977157593,0.008262358605861664,1.8242112398147583,0.03589687983286797,0.022825381161625375,0.013404088672465233,-0.9990049379392352
61140000000,405,61132030299,map,0.2847593128681183,0.00898907333612442,1.8318843841552734,0.036631481621711134,0.02355583543715727,0.013662491000685508,-0.9989577756157516
61176000000,406,61172030299,map,0.2798343300819397,0.009683412499725819,1.842223048210144,0.03709163235267447,0.023935376369076476,0.013805495257682989,-0.9989298322551888
61208000000,407,61204030299,map,0.28154292702674866,0.012018568813800812,1.852198839187622,0.03800433882079059,0.02498117073098884,0.014122270971090813,-0.9988655161643613
61240000000,408,61236030019,map,0.2846381962299347,0.014782763086259365,1.8627718687057495,0.038728700242534615,0.02573302902011919,0.014393022325924877,-0.998814687065057
61276000000,409,61268030019,map,0.28706979751586914,0.017286816611886024,1.8733524084091187,0.03897649144309779,0.02593261081143097,0.014551873797962413,-0.9987976175914102
61308000000,410,61300030019,map,0.2888808250427246,0.01955241523683071,1.8834116458892822,0.03911062971538428,0.026303797447721905,0.014899332417086244,-0.9987774713978219
61340000000,411,61332029739,map,0.2900626063346863,0.02153325080871582,1.8929853439331055,0.03906559251502785,0.026753254732964617,0.01534225364808717,-0.9987606548052661
61376000000,412,61372029739,map,0.29069966077804565,0.023623237386345863,1.904540777206421,0.03899359581960363,0.026918443378802497,0.015578823908778851,-0.9987553864492023
61408000000,413,61404029739,map,0.29049214720726013,0.025018712505698204,1.9139517545700073,0.03899722044857556,0.02702272521873058,0.01601272571419854,-0.9987454819398022
61440000000,414,61436029459,map,0.28974902629852295,0.026126503944396973,1.9236578941345215,0.039087623462997906,0.02721400539797473,0.016279599558969515,-0.9987325007104608
61476000000,415,61468029459,map,0.28853678703308105,0.02679259702563286,1.9333875179290771,0.03928241105029157,0.027472080429574552,0.016342019041614086,-0.9987167799359663
61508000000,416,61500029459,map,0.2867810130119324,0.027128882706165314,1.9430034160614014,0.03962497997644361,0.02752744097363812,0.016409074677595004,-0.9987006376929866
61540000000,417,61532029180,map,0.2844548225402832,0.027084100991487503,1.952387809753418,0.04019306944498786,0.02719134356436603,0.016455899826290532,-0.9986863499113414
61576000000,418,61572029180,map,0.2808908224105835,0.02648734673857689,1.9639900922775269,0.0406984786472623,0.027020906977344033,0.01641830483741885,-0.9986710927521805
61608000000,419,61604029180,map,0.2804291546344757,0.028067264705896378,1.9753315448760986,0.04182337342420651,0.02691756224625081,0.016234586724759914,-0.9986304210433674
61640000000,420,61636028902,map,0.28035369515419006,0.030108153820037842,1.987633228302002,0.04326720130636674,0.02653830053720299,0.016055336178043,-0.9985819943144285
61676000000,421,61668028902,map,0.2798353433609009,0.031816136091947556,2.0003626346588135,0.04395421469342956,0.02651150699535121,0.015916378018502597,-0.998554893890836
61708000000,422,61700028902,map,0.2789956033229828,0.03324298933148384,2.013702630996704,0.0448686886950051,0.027104246443373756,0.015480411017505859,-0.9985051606095932
61740000000,423,61732028624,map,0.27798110246658325,0.03427070379257202,2.0267908573150635,0.04564779031188618,0.028495560010833924,0.014859208617303889,-0.998440549490826
61776000000,424,61772028624,map,0.2765079438686371,0.035026755183935165,2.0418906211853027,0.04585310144041741,0.029096412727194817,0.014604051596418867,-0.9984176216052358
61808000000,425,61804028624,map,0.27518799901008606,0.035146985203027725,2.052776336669922,0.04625447114714272,0.030588748339268557,0.013886164325732921,-0.9983647273103549
61840000000,426,61836028347,map,0.2738015055656433,0.034895382821559906,2.062796115875244,0.04674986125327272,0.03210774578429248,0.013147877980367541,-0.9983039094079535
61876000000,427,61868028347,map,0.27230310440063477,0.03429920971393585,2.072314739227295,0.04699622736352061,0.03276588792158082,0.012748157269090234,-0.9982761767816334
61908000000,428,61900028347,map,0.2707187235355377,0.03346269950270653,2.081428289413452,0.04744429116858443,0.03388003393506573,0.011942941728289526,-0.9982277500526944
61940000000,429,61932028070,map,0.26899582147598267,0.032520510256290436,2.09053111076355,0.04754761021644184,0.034353705243322465,0.01111741140650674,-0.998216159669354
61976000000,430,61972028070,map,0.26654013991355896,0.03127682954072952,2.101759433746338,0.04749856708984335,0.03432501904455474,0.010679842825266518,-0.998224251864268
62008000000,431,62004028070,map,0.2651577591896057,0.030635390430688858,2.111063241958618,0.04733028526045148,0.03417395947113563,0.009782957888954726,-0.9982466739876759
62040000000,432,62036027794,map,0.26380088925361633,0.0300595685839653,2.1202778816223145,0.04707652171974542,0.03380334906128918,0.008787870795612608,-0.9982804757601815
62076000000,433,62068027794,map,0.2621755599975586,0.029430994763970375,2.1291143894195557,0.04698633931773325,0.03335989967759279,0.008333317034422529,-0.998303530086317
62108000000,434,62100027794,map,0.26035839319229126,0.028884990140795708,2.138496160507202,0.0469209649458813,0.03293659187767305,0.007357027435516252,-0.9983283967269384
62140000000,435,62132027519,map,0.2583584189414978,0.02843528985977173,2.1485347747802734,0.04648319616711077,0.0326883311348757,0.006315663102508974,-0.9983641372544756
62176000000,436,62172027519,map,0.2556193470954895,0.028135184198617935,2.162113666534424,0.04623057981093761,0.03257235749575289,0.005812471878137439,-0.9983827240146689
62208000000,437,62204027519,map,0.2532724440097809,0.028089668601751328,2.1736514568328857,0.04579466088369001,0.03226502728622301,0.004885451945140397,-0.9984177480457814
62240000000,438,62236027244,map,0.25087323784828186,0.028178080916404724,2.1855578422546387,0.04499420925386013,0.03220145798486744,0.004091868934528788,-0.9984597684537468
62276000000,439,62268027244,map,0.24852488934993744,0.028268268331885338,2.197380304336548,0.04467130249108293,0.03222036479769162,0.003648821262982218,-0.9984753627876959
62308000000,440,62300027244,map,0.24630515277385712,0.028303375467658043,2.2086198329925537,0.04437109707458491,0.032605864898863565,0.0028598744057068437,-0.9984787766824252
62340000000,441,62332026969,map,0.24430912733078003,0.028221705928444862,2.218655824661255,0.044387419100215264,0.0335380260888345,0.0020841616588637723,-0.998449147447922
62376000000,442,62372026969,map,0.24218332767486572,0.027855876833200455,2.2287395000457764,0.04463090045624593,0.03414834505322539,0.0017063994556606476,-0.9984183381016607
62408000000,443,62404026969,map,0.2399826943874359,0.028282931074500084,2.236091136932373,0.045518764979159666,0.03574798226106855,0.001101676473226345,-0.998323086224026
62440000000,444,62436026696,map,0.23782718181610107,0.028836341574788094,2.2414610385894775,0.04645368316571327,0.03835356266846803,0.0005662007628954326,-0.9981837908896976
62476000000,445,62468026696,map,0.23579536378383636,0.02941853366792202,2.245464563369751,0.04692164489308579,0.03988046396467676,0.0003635587152550104,-0.9981021102972834
62508000000,446,62500026696,map,0.23375532031059265,0.030101768672466278,2.2486181259155273,0.04784240256172037,0.04250665862617349,3.262166074752531e-05,-0.9979500444678561
62540000000,447,62532026422,map,0.2316173017024994,0.031117795035243034,2.2514758110046387,0.047798082516333135,0.04469631648103801,-0.0001858254550844402,-0.9978565206110104
62576000000,448,62572026422,map,0.22861042618751526,0.03299633413553238,2.255443572998047,0.04752500765183886,0.04543565139389617,-0.00023640167329752325,-0.9978361215363312
62608000000,449,62604026422,map,0.22583584487438202,0.03497711196541786,2.2592403888702393,0.04621304563124275,0.04603497342644584,-0.00020424362788373502,-0.9978703026304735
62640000000,450,62636026150,map,0.22268451750278473,0.03737058863043785,2.263791561126709,0.04419538809791394,0.04588242650967593,-0.00022776156935277732,-0.9979687576685949
62676000000,451,62668026150,map,0.21924202144145966,0.040106721222400665,2.2687621116638184,0.043149784220000514,0.0455455189260229,-0.00021275729128294728,-0.9980299548926328
62708000000,452,62700026150,map,0.21557500958442688,0.04309878125786781,2.2738730907440186,0.04077669266138639,0.04466679146120323,-0.00010642079248990026,-0.9981694188143553
62740000000,453,62732025878,map,0.21179679036140442,0.046238284558057785,2.27872633934021,0.03846517130995581,0.04364317473805007,0.00013554426481110761,-0.9983064382188642
62776000000,454,62772025878,map,0.2070276141166687,0.05025476962327957,2.2846155166625977,0.03751668134427332,0.0432656721660192,0.00031690215395347154,-0.9983589110452602
62808000000,455,62804025878,map,0.20222121477127075,0.05202785134315491,2.2899160385131836,0.03576159701022661,0.0426327687469993,0.0007627315175017272,-0.9984502854128319
62840000000,456,62836025606,map,0.19711588323116302,0.053334418684244156,2.295250415802002,0.03463664065937091,0.042623932726063435,0.0012305615359726211,-0.9984899034504322
62876000000,457,62868025606,map,0.1920614242553711,0.05455519258975983,2.300527334213257,0.03425133153610628,0.04265350137447186,0.001576039253216424,-0.9985014095400757
62908000000,458,62900025606,map,0.1870507299900055,0.05570362135767937,2.3059587478637695,0.03392647317667967,0.04263378290554159,0.002388209024021373,-0.9985117776648093
62940000000,459,62932025336,map,0.1821226179599762,0.056865327060222626,2.3118274211883545,0.03353317195726617,0.04280796792790302,0.0033655101472920305,-0.998514727944205
62976000000,460,62972025336,map,0.17601150274276733,0.05846632272005081,2.320636034011841,0.03325962178827326,0.04283366301751548,0.003900353654895275,-0.9985208813840876
63008000000,461,63004025336,map,0.17105157673358917,0.0598127581179142,2.329587936401367,0.03288192675660993,0.042780975505609824,0.005042533249540462,-0.9985305751592453
63040000000,462,63036025065,map,0.16610367596149445,0.06131792068481445,2.340233564376831,0.03200331214985533,0.04269704038607263,0.006280259749759878,-0.998555652534109
63076000000,463,63068025065,map,0.16118766367435455,0.06296634674072266,2.35231876373291,0.031386796281644314,0.042582160918649845,0.00694782368332392,-0.9985756722871517
63108000000,464,63108025065,map,0.15522395074367523,0.06519068032503128,2.3686466217041016,0.030050205787163987,0.04244314809991526,0.008386674944637408,-0.9986116235489316
63140000000,465,63132024796,map,0.1518678367137909,0.06670064479112625,2.378593683242798,0.027710093561283206,0.04278817603126011,0.009848201210449662,-0.9986512837333803
63176000000,466,63172024796,map,0.14683450758457184,0.06915686279535294,2.3947346210479736,0.02660739502698056,0.04316333039821164,0.010619404244501977,-0.9986571842921719
63208000000,467,63204024796,map,0.140542134642601,0.07165627926588058,2.407498836517334,0.025221577013439498,0.044277517241456045,0.012176856737525003,-0.9986266278270015
63236000000,468,63236024527,map,0.13393329083919525,0.074165940284729,2.4193484783172607,0.02415263217789351,0.046155534054441415,0.013809119886654956,-0.9985468016959218
63276000000,469,63268024527,map,0.12783783674240112,0.07645303010940552,2.430094003677368,0.023860790276646865,0.04724745484932642,0.014558364412633144,-0.9984920529397062
63308000000,470,63300024527,map,0.12217141687870026,0.07848786562681198,2.4402015209198,0.02358599677562289,0.04934005246333739,0.016178067800906696,-0.9983724401836322
63340000000,471,63332024258,map,0.11681010574102402,0.08029455691576004,2.4498186111450195,0.02387691012911327,0.050959587264217,0.01785357361660889,-0.99825560911956
63376000000,472,63372024258,map,0.11050624400377274,0.08225975185632706,2.4619433879852295,0.024190815905555357,0.051675913784419145,0.01865630249334738,-0.9981966035316449
63408000000,473,63404024258,map,0.10570041835308075,0.08365311473608017,2.471665859222412,0.024946338994872627,0.052476020336926846,0.02020739081224521,-0.9981060721010435
63440000000,474,63436023990,map,0.10113756358623505,0.08487439155578613,2.48136043548584,0.025890251911588516,0.05298785956777723,0.02177816170939773,-0.9980219048445672
63476000000,475,63468023990,map,0.09673596173524857,0.08591225743293762,2.490919828414917,0.02653787775162888,0.053191010011777784,0.02249583824584123,-0.9979782407095099
63508000000,476,63500023990,map,0.09250007569789886,0.08678209781646729,2.5003044605255127,0.027743584500781168,0.05330084865026422,0.023808459695864485,-0.997909119877952
63540000000,477,63532023723,map,0.08843809366226196,0.087530218064785,2.5097739696502686,0.029023214188043534,0.053214238193663346,0.02493500280971223,-0.9978498192620971
63576000000,478,63572023723,map,0.08358817547559738,0.08829648047685623,2.521393060684204,0.02975771258539895,0.0531293702458306,0.025456064297852358,-0.9978195156780179
63608000000,479,63604023723,map,0.07700713723897934,0.08937019109725952,2.531909465789795,0.03122024181449688,0.0529463771906749,0.02642472531717827,-0.9977593721251928
63640000000,480,63636023456,map,0.06983090937137604,0.09043193608522415,2.5422556400299072,0.03240787810235012,0.05296672753306059,0.027137554966043035,-0.9977013359147933
63676000000,481,63668023456,map,0.0630648285150528,0.09137183427810669,2.552009344100952,0.03306834226757361,0.05296326951584916,0.027466216090731025,-0.9976708215964714
63708000000,482,63700023456,map,0.05672428384423256,0.0921376645565033,2.561218023300171,0.03432992454259471,0.05301548353425359,0.027907957209973636,-0.99761312256086
63740000000,483,63732023190,map,0.05088042840361595,0.09273847937583923,2.569774866104126,0.03543030302459573,0.053243842403475204,0.0283005551038526,-0.9975514617214886
63776000000,484,63772023190,map,0.044329676777124405,0.09328605979681015,2.579456329345703,0.03602809219190549,0.05334578575185543,0.028439934731878228,-0.9975206523752271
63808000000,485,63804023190,map,0.03970557451248169,0.09361465275287628,2.586376190185547,0.03730064450134057,0.053800021436048076,0.028612568223378824,-0.9974445351668164
63840000000,486,63836022924,map,0.03555762767791748,0.09383091330528259,2.5928783416748047,0.03836409641714547,0.05430172434983159,0.02863001701866236,-0.9973765101533199
63876000000,487,63868022924,map,0.0318746455013752,0.09400272369384766,2.598928928375244,0.03894531133627833,0.05451848625026763,0.028587532995363377,-0.9973433827303904
63908000000,488,63900022924,map,0.028696423396468163,0.09411665052175522,2.604698419570923,0.0400067889356483,0.05489286748596679,0.02840811386125242,-0.99728593657587
63940000000,489,63932022660,map,0.025997526943683624,0.09420835971832275,2.609997510910034,0.04084776410177691,0.05509258230326918,0.02815696079097602,-0.9972479622653616
63976000000,490,63972022660,map,0.02318582870066166,0.09426885843276978,2.6164565086364746,0.041201002766047275,0.05513804228919974,0.027959207777762955,-0.9972364983225667
64008000000,491,64004022660,map,0.01820322871208191,0.09448844194412231,2.6228506565093994,0.041893248289226005,0.05515943774171959,0.027440422219442377,-0.9972208618417691
64040000000,492,64036022395,map,0.01065912190824747,0.09490028023719788,2.6304545402526855,0.042353854074444364,0.05484594553122851,0.02689449409068068,-0.9972336323368678
64076000000,493,64068022395,map,0.003678226377815008,0.09543836116790771,2.6381757259368896,0.04245344312620856,0.05457893866046692,0.026574346629391902,-0.9972525984186978
64108000000,494,64108022395,map,-0.0043337405659258366,0.09625174850225449,2.6485276222229004,0.04253952806429206,0.05375044752257615,0.025769721144470462,-0.9973150179013425
64140000000,495,64132022131,map,-0.008732058107852936,0.09678419679403305,2.65498948097229,0.04226601279815807,0.052654948855379274,0.024985874055864835,-0.9974050435697617
64176000000,496,64172022131,map,-0.015291325747966766,0.09771324694156647,2.6650569438934326,0.0421718369822495,0.052180647978572914,0.024614349586241372,-0.9974431864676641
64208000000,497,64204022131,map,-0.0197538323700428,0.09840206801891327,2.672454833984375,0.04182145837677729,0.05106346278218366,0.02367017588590026,-0.9975386069326928
64240000000,498,64236021868,map,-0.02347969263792038,0.0989910438656807,2.679009199142456,0.04151924077753513,0.0505166848017345,0.022589994305414588,-0.9976041452821272
64276000000,499,64268021868,map,-0.0265059694647789,0.09950117766857147,2.685182571411133,0.04154048641117942,0.050390103656949355,0.02206547677569654,-0.9976213833431682
64308000000,500,64300021868,map,-0.028862260282039642,0.09990467131137848,2.6912460327148438,0.04164231451427076,0.050490137884800945,0.020886039366967705,-0.9976374834392994
64340000000,501,64332021606,map,-0.03062126785516739,0.10024669021368027,2.6977014541625977,0.041740397145472945,0.05092131430377432,0.019692356323442076,-0.9976357132716619
64376000000,502,64372021606,map,-0.032150737941265106,0.10062815248966217,2.706634283065796,0.04185648372497887,0.05113368865142592,0.019103902024532996,-0.9976314142931137
64408000000,503,64404021606,map,-0.03571068495512009,0.10130839794874191,2.714850902557373,0.04202546887990526,0.05147087661040323,0.01795034278078989,-0.9976283797200209
64440000000,504,64436021344,map,-0.04141249507665634,0.10232323408126831,2.72377610206604,0.042106865639636434,0.05168336982533852,0.01681414803863324,-0.9976337745166304
64476000000,505,64468021344,map,-0.04638512060046196,0.10321144014596939,2.732295513153076,0.04218067267391311,0.05167817786043758,0.016242173157491827,-0.9976403915718466
64508000000,506,64500021344,map,-0.05064116418361664,0.10394758731126785,2.7401645183563232,0.042303299917472316,0.05133715618460705,0.015190314259205476,-0.9976693464567735
64540000000,507,64532021082,map,-0.054211121052503586,0.10451925545930862,2.7470951080322266,0.04263098935973874,0.05079508679738996,0.014168042448573729,-0.9976982170480035
64576000000,508,64572021082,map,-0.05761517584323883,0.10497090965509415,2.75449800491333,0.04287942297046944,0.05046380301919897,0.013656379707651437,-0.997711535452133
64608000000,509,64604021082,map,-0.05952160060405731,0.10516712814569473,2.7595720291137695,0.04339634781128273,0.04981863585507916,0.012684009765656593,-0.9977344211908743
64640000000,510,64636020821,map,-0.06081467866897583,0.10541719943284988,2.764702081680298,0.043952466916305374,0.0495300754811158,0.011642856166892038,-0.9977371607360276
64676000000,511,64668020821,map,-0.061490584164857864,0.10568836331367493,2.769666910171509,0.04420640200785577,0.04939159114434888,0.011059080168167593,-0.9977394788126956
64708000000,512,64700020821,map,-0.06159111484885216,0.10602398216724396,2.7743282318115234,0.04440843095055921,0.04920279631207785,0.010232917643657084,-0.9977485825319741
64740000000,513,64732020561,map,-0.06116650626063347,0.10642985254526138,2.778618097305298,0.044582837408511454,0.049250598576187174,0.009381804184828094,-0.9977468123643365
64776000000,514,64772020561,map,-0.05994247645139694,0.10706856101751328,2.783458709716797,0.04467112814142444,0.04933713297089737,0.008992325157738849,-0.9977422183578488
64808000000,515,64804020561,map,-0.06303142011165619,0.1080462783575058,2.789262294769287,0.044590173100422,0.04964990621542186,0.008235241317937684,-0.997736865708088
64840000000,516,64836020302,map,-0.06694836169481277,0.10920559614896774,2.795485496520996,0.04458314675979408,0.05020094300320415,0.007523549633982721,-0.9977152022279534
64876000000,517,64868020302,map,-0.07020840793848038,0.11045107245445251,2.8017759323120117,0.044569812550596444,0.05046222712219137,0.007211072899122987,-0.9977049183969167
64908000000,518,64900020302,map,-0.07287599891424179,0.11179304122924805,2.8078246116638184,0.0444253288733618,0.05058374076698758,0.006630078592400283,-0.9977092595223134
64940000000,519,64932020042,map,-0.07500480860471725,0.11322183907032013,2.8139326572418213,0.044403965360250576,0.05050911483261523,0.006140711534340319,-0.9977171409829848
64976000000,520,64972020042,map,-0.07698293030261993,0.11507390439510345,2.821319580078125,0.044375883376068924,0.05033665157486992,0.005939881801185935,-0.9977283098978402
65008000000,521,65004020042,map,-0.07804661244153976,0.11659979820251465,2.8269107341766357,0.04462027072470646,0.04983381975116359,0.005589430755817807,-0.997744705021911
65040000000,522,65036019784,map,-0.07877727597951889,0.11819987744092941,2.832760810852051,0.04477735071201755,0.04934139836367558,0.005286605649267031,-0.9977637975442866
65076000000,523,65068019784,map,-0.07936348021030426,0.11992334574460983,2.839240789413452,0.04483610407738624,0.04906089989157894,0.00510929385758169,-0.997775893689809
65108000000,524,65100019784,map,-0.07973290234804153,0.12184325605630875,2.8465194702148438,0.04472519003571827,0.04864335567319307,0.004855148361061048,-0.997802530498068
65140000000,525,65132019526,map,-0.07994997501373291,0.12393102049827576,2.8540594577789307,0.04424641303189114,0.04812167186049284,0.004704684111877136,-0.9978499035557942
65176000000,526,65172019526,map,-0.08020210266113281,0.126837357878685,2.8647825717926025,0.043918028001988164,0.047792471223216726,0.004614995618246023,-0.9978806707552073
65208000000,527,65204019526,map,-0.08407405018806458,0.13104628026485443,2.875100612640381,0.04293849737628578,0.047175194736099005,0.004513927475516824,-0.9979531633346459
65240000000,528,65236019269,map,-0.08880741149187088,0.13578499853610992,2.8858184814453125,0.04171119810516963,0.046567741592770724,0.004517931426125446,-0.9980337059621502
65276000000,529,65268019269,map,-0.09306588768959045,0.14044539630413055,2.895887851715088,0.041061379970462185,0.0463420221699371,0.0045420815703220456,-0.9980710902167794
65308000000,530,65300019269,map,-0.09690183401107788,0.14505185186862946,2.9050257205963135,0.039516532513230285,0.04580527892606445,0.004723860927949633,-0.9981573648156812
65340000000,531,65332019012,map,-0.10025367140769958,0.14953896403312683,2.913034200668335,0.03804291174825666,0.04541445482181773,0.005019352482859454,-0.9982309953600297
65376000000,532,65372019012,map,-0.10380897670984268,0.15491262078285217,2.921720504760742,0.0373842230190267,0.04525921414931744,0.005181196381141342,-0.9982620997342307
65408000000,533,65404019012,map,-0.10614081472158432,0.15905576944351196,2.9282450675964355,0.03613385904969908,0.045075394620804225,0.005609956271042662,-0.9983141510921417
65440000000,534,65436018756,map,-0.10803394764661789,0.16303779184818268,2.9343011379241943,0.03506224216981194,0.045171396251361184,0.006132366458335206,-0.9983449604384032
65476000000,535,65468018756,map,-0.10947875678539276,0.16686198115348816,2.9402127265930176,0.03454056099128975,0.04525410746593028,0.006399535331045705,-0.9983577309335019
65508000000,536,65500018756,map,-0.11053122580051422,0.17049908638000488,2.945901393890381,0.033531486083325734,0.04557340178280895,0.007018630388822225,-0.9983734517079965
65540000000,537,65532018501,map,-0.11114440113306046,0.1739402413368225,2.951561212539673,0.03266075985196,0.0460474787544826,0.007681094553716464,-0.9983756433441191
65576000000,538,65572018501,map,-0.11144581437110901,0.17796942591667175,2.958296775817871,0.03233672961225218,0.04636769470440018,0.008087516613907001,-0.9983681833519327
65608000000,539,65604018501,map,-0.11417435109615326,0.1817646622657776,2.965466022491455,0.03181376493048393,0.04699650592784747,0.008863735122932152,-0.9983490065358602
65640000000,540,65636018246,map,-0.11921396851539612,0.18607370555400848,2.974478244781494,0.03142487595927391,0.04753123353161732,0.009719526881945832,-0.9983280595521503
65676000000,541,65668018246,map,-0.12367244809865952,0.19004149734973907,2.983344078063965,0.0313168878308549,0.04768482981848117,0.010173617027802288,-0.998319545888751
65708000000,542,65700018246,map,-0.1276782751083374,0.1936621516942978,2.992183208465576,0.031109473311165176,0.047769586472292076,0.01111513547668708,-0.9983120016028677
65740000000,543,65732017992,map,-0.1313304752111435,0.19697605073451996,3.000983238220215,0.0310230689789953,0.04736307814277097,0.012099011508325434,-0.9983226226086923
65776000000,544,65772017992,map,-0.13544365763664246,0.20071347057819366,3.0118234157562256,0.031005165129456776,0.04694279701340993,0.012600559005605087,-0.9983367839497921
65808000000,545,65804017992,map,-0.13830016553401947,0.20335566997528076,3.0203046798706055,0.030884464457855674,0.045924220954557,0.013551139026919793,-0.9983754747567251
65840000000,546,65836017738,map,-0.140830859541893,0.20568734407424927,3.028289318084717,0.030861295544975825,0.044798830293598275,0.014654712108328975,-0.9984117210464444
65876000000,547,65868017738,map,-0.14299587905406952,0.20773977041244507,3.035709857940674,0.030845923799070488,0.044418100688842166,0.015064505916400465,-0.9984231428423909
65908000000,548,65900017738,map,-0.14482948184013367,0.2094857543706894,3.0425331592559814,0.030811341651322793,0.04358895166498792,0.015948367476522344,-0.9984469558117995
65940000000,549,65932017485,map,-0.14630728960037231,0.21093451976776123,3.049175262451172,0.030837632065170477,0.043037090050209385,0.01679492907571212,-0.9984562281184719
65976000000,550,65972017485,map,-0.14774084091186523,0.21235771477222443,3.056870698928833,0.03082650398007459,0.042900256355251715,0.017136276401801934,-0.9984566917338056
66008000000,551,66004017485,map,-0.1527525633573532,0.21514545381069183,3.0639114379882812,0.030908974825898276,0.042767957397776016,0.017933526188233965,-0.9984458178468898
66040000000,552,66036017233,map,-0.15859514474868774,0.21815623342990875,3.070976495742798,0.030928543475952988,0.042893052536878896,0.01866384677923078,-0.9984264302965746
66076000000,553,66068017233,map,-0.1638408601284027,0.22077804803848267,3.077747344970703,0.03087013057809492,0.042987674845963886,0.018968863521904137,-0.9984184645422062
66108000000,554,66100017233,map,-0.16859379410743713,0.22308306396007538,3.084347724914551,0.030610684456829473,0.04299703737323387,0.019708540713270332,-0.9984116367527474
66140000000,555,66132016981,map,-0.17288392782211304,0.22507798671722412,3.0907416343688965,0.03030748200427563,0.04282661988400262,0.02039633513411965,-0.9984144605915977
66176000000,556,66172016981,map,-0.17762072384357452,0.22719790041446686,3.0986409187316895,0.03007430654052263,0.04272377432964644,0.02072710360123309,-0.9984190967449338
66208000000,557,66204016981,map,-0.18423151969909668,0.22992989420890808,3.105837821960449,0.029680424484853085,0.04245265287279897,0.021268479870355576,-0.9984310243030624
66240000000,558,66236016730,map,-0.19124741852283478,0.23270443081855774,3.1132373809814453,0.02945844954609185,0.04216057850534102,0.021717933862875686,-0.9984402966097348
66276000000,559,66268016730,map,-0.1975434571504593,0.23504704236984253,3.120182752609253,0.029399992525751747,0.04202412215638643,0.0219096598767517,-0.9984436262107672
66308000000,560,66300016730,map,-0.20319238305091858,0.23696041107177734,3.1267659664154053,0.029257954353547493,0.041781802143595594,0.022223611751309384,-0.9984510019092565
66340000000,561,66332016479,map,-0.20820938050746918,0.23844699561595917,3.132838487625122,0.029376136092405566,0.0413208716959348,0.02257144969206976,-0.9984588833699282
66376000000,562,66372016479,map,-0.2136770635843277,0.23976881802082062,3.139841318130493,0.029591860785241533,0.041066724882325094,0.022697089447480782,-0.998460189922232
66408000000,563,66404016479,map,-0.21747413277626038,0.24039070308208466,3.145292043685913,0.030197265031969348,0.040459476710974926,0.022844350536177786,-0.9984634773764158
66440000000,564,66436016229,map,-0.2207418531179428,0.2406778633594513,3.150456666946411,0.03093382434436249,0.03988746923188043,0.022902976802456513,-0.998462592292597
66476000000,565,66468016229,map,-0.22345857322216034,0.24063880741596222,3.155498504638672,0.03134160794532329,0.03968392399044736,0.022925356779015808,-0.9984574925239272
66508000000,566,66500016229,map,-0.22562497854232788,0.24026639759540558,3.159834384918213,0.032121842588030365,0.03921926387596561,0.02294702025915041,-0.9984505804407715
66540000000,567,66532015980,map,-0.22726283967494965,0.2396114617586136,3.1638097763061523,0.03303465145981747,0.03905750657628658,0.022889700545175588,-0.9984284111984547
66576000000,568,66572015980,map,-0.22860342264175415,0.238424614071846,3.168147087097168,0.03349045118721656,0.03906018553534505,0.022820411126223687,-0.9984147556195372
66608000000,569,66604015980,map,-0.23372966051101685,0.23909908533096313,3.1729824542999268,0.03425724592433246,0.039213061374517175,0.022551008470542037,-0.9983888774545515
66640000000,570,66636015731,map,-0.23958341777324677,0.24007485806941986,3.178029775619507,0.035037627916373194,0.03947668316187161,0.0222948399252928,-0.9983570987307743
66676000000,571,66668015731,map,-0.24470935761928558,0.24081481993198395,3.182839870452881,0.03534630122742711,0.03968244374702955,0.02209776126165586,-0.9983425159211895
66708000000,572,66700015731,map,-0.24918879568576813,0.24135722219944,3.1875510215759277,0.035564028718747975,0.039779036915190795,0.02174731021628779,-0.998338596264278
66740000000,573,66732015483,map,-0.2531120777130127,0.24178019165992737,3.1921327114105225,0.035445904437898225,0.03953416092652833,0.02129874130758636,-0.9983621563525956
66776000000,574,66772015483,map,-0.25732356309890747,0.24214954674243927,3.197932243347168,0.03530802464498964,0.039307739165976956,0.02112657143141933,-0.9983796472947276
66808000000,575,66804015483,map,-0.26015397906303406,0.2423340231180191,3.2024359703063965,0.034790177841865166,0.038649788994412695,0.02067791822902088,-0.9984329630580939
66840000000,576,66836015235,map,-0.2624192237854004,0.2423894703388214,3.2065539360046387,0.0341344262211408,0.03798676045687512,0.02012604739461921,-0.9984923058207973
66876000000,577,66868015235,map,-0.2641531229019165,0.24228887259960175,3.210066556930542,0.033793075766964664,0.0377043270163779,0.01984223051674683,-0.9985202913282085
66908000000,578,66900015235,map,-0.26534679532051086,0.2420446276664734,3.2131454944610596,0.03333597936542935,0.03720594382545912,0.01928504917943286,-0.9985653041624181
66940000000,579,66932014988,map,-0.26603931188583374,0.2417074590921402,3.2160158157348633,0.03307924002672784,0.03700930424637287,0.018681717042999372,-0.9985925731734047
66976000000,580,66972014988,map,-0.26634618639945984,0.24118533730506897,3.2196102142333984,0.032971526511368664,0.03689471420926134,0.018387321306150842,-0.9986058494306855
67008000000,581,67004014988,map,-0.27146995067596436,0.24309098720550537,3.2242789268493652,0.03275644060670544,0.036725736956869044,0.017833132395081,-0.9986291566379122
67040000000,582,67036014742,map,-0.2774968445301056,0.24552905559539795,3.2290382385253906,0.03250936853674499,0.0367100919149929,0.0172690811214597,-0.9986477433981055
67076000000,583,67068014742,map,-0.2826536297798157,0.24768652021884918,3.233269453048706,0.03232574805330931,0.03663386127229072,0.016962631385937014,-0.9986617782986595
67108000000,584,67108014742,map,-0.28797608613967896,0.2500012516975403,3.2375426292419434,0.03193243646181981,0.03631603962556804,0.016382437869336134,-0.9986957486585594
67140000000,585,67140014496,map,-0.2914324104785919,0.25157150626182556,3.240230083465576,0.031586275669285103,0.035772427762477126,0.015721617431533833,-0.9987370104232516
67176000000,586,67172014496,map,-0.29424041509628296,0.25292307138442993,3.2426741123199463,0.03144734566252241,0.03536953895820803,0.015332854900869277,-0.9987617084764788
67208000000,587,67204014496,map,-0.29647770524024963,0.25412124395370483,3.244837999343872,0.03131675990858423,0.03462267474135397,0.014725434520130256,-0.9988011579266851
67240000000,588,67236014251,map,-0.29817670583724976,0.2551446855068207,3.2470879554748535,0.031165838053285353,0.033657901027940654,0.01409959596659205,-0.9988478987816837
67276000000,589,67268014251,map,-0.29935765266418457,0.25604546070098877,3.2491719722747803,0.031091305714551196,0.03322003832425968,0.013846883462920736,-0.9988683821500599
67308000000,590,67300014251,map,-0.30001378059387207,0.25681808590888977,3.251227378845215,0.0309610537603605,0.03237077117727687,0.013189982682029868,-0.9989092645931156
67340000000,591,67332014006,map,-0.30016106367111206,0.2574448883533478,3.252880334854126,0.030955690100558625,0.03157327425143867,0.012551373633392817,-0.9989431506593183
67376000000,592,67372014006,map,-0.299622118473053,0.2580716013908386,3.254626750946045,0.030932571278220414,0.031307123447378425,0.012298197514387823,-0.998955415392235
67408000000,593,67404014006,map,-0.30211248993873596,0.2599215507507324,3.2569808959960938,0.030992594699407763,0.030959858716877203,0.011684202225281161,-0.9989716840757601
67440000000,594,67436013762,map,-0.30724069476127625,0.2629886567592621,3.260347366333008,0.03109912802969411,0.03091775211289582,0.011033328443727454,-0.9989770367255211
67476000000,595,67468013762,map,-0.31157124042510986,0.26580795645713806,3.2638697624206543,0.031106607788505537,0.030895468273544946,0.01075149246773516,-0.9989806192076445
67508000000,596,67500013762,map,-0.31521984934806824,0.2684245705604553,3.2674882411956787,0.030974026490361798,0.030713829010971774,0.010154945973911979,-0.9989966350100786
67540000000,597,67532013519,map,-0.3182843327522278,0.270885705947876,3.27140212059021,0.030608101233678846,0.030199448847875877,0.009561012584696384,-0.99902942525822
67576000000,598,67572013519,map,-0.32141900062561035,0.2737990915775299,3.276707649230957,0.03037481896223846,0.02977203712205949,0.009240738682862073,-0.9990523952906585
67608000000,599,67604013519,map,-0.3234083354473114,0.2760075330734253,3.2815113067626953,0.02980877682625147,0.028784625447275884,0.008656878390440772,-0.9991036037115992
67640000000,600,67636013276,map,-0.324974000453949,0.2781129777431488,3.286425828933716,0.029082389268851528,0.027724508195064237,0.008133667413026515,-0.9991594061390277
67676000000,601,67668013276,map,-0.32606467604637146,0.28008973598480225,3.291233777999878,0.028634831143651774,0.02722657553090698,0.007870081022439248,-0.9991880659960151
67708000000,602,67700013276,map,-0.3266696631908417,0.28190141916275024,3.295527219772339,0.027968608665250482,0.026238386691285892,0.00741658093246206,-0.9992368720465907
67740000000,603,67732013034,map,-0.3268406093120575,0.2835691571235657,3.2993826866149902,0.027621321185380684,0.025613320034229045,0.006940152956894931,-0.9992662062531543
67776000000,604,67772013034,map,-0.3264913558959961,0.2854280471801758,3.303921937942505,0.0274464518529574,0.02539097112450535,0.006739449664286081,-0.9992780916644344
67808000000,605,67804013034,map,-0.3299502730369568,0.2882375717163086,3.3085126876831055,0.027132963758369495,0.025233747409855393,0.0063716341173314945,-0.9992929695019587
67840000000,606,67836012792,map,-0.3367688059806824,0.2922849953174591,3.314335346221924,0.026793318193606457,0.025207458230778662,0.006085288428548498,-0.9993046863258448
67876000000,607,67868012792,map,-0.34279265999794006,0.296073317527771,3.319963216781616,0.026567526083922773,0.02515007093367371,0.0059650434697469685,-0.9993128206676074
67908000000,608,67900012792,map,-0.3481399118900299,0.2996429204940796,3.3257575035095215,0.025957471730946993,0.024903843570521847,0.005741117263608543,-0.9993362964622279
67940000000,609,67932012551,map,-0.3528982996940613,0.3030250072479248,3.331390142440796,0.02509491108104896,0.02421531590152196,0.005560349430345337,-0.9993762938214648
67976000000,610,67972012551,map,-0.35810014605522156,0.30703380703926086,3.338101625442505,0.024596779001382876,0.023655440911375135,0.0054674999230758265,-0.999402635601784
68008000000,611,68004012551,map,-0.36168617010116577,0.31002792716026306,3.3432059288024902,0.023543537241947795,0.022390437415317002,0.0053223461768043285,-0.9994579322670303
68040000000,612,68036012311,map,-0.3647652268409729,0.31283342838287354,3.3479809761047363,0.022385264877479053,0.0210096282089856,0.005139681735358116,-0.9995154205683991
68076000000,613,68068012311,map,-0.36730167269706726,0.315398633480072,3.3521130084991455,0.021906799900271622,0.020410719639489365,0.005040383760266388,-0.9995389385098683
68108000000,614,68100012311,map,-0.36932572722435,0.31767937541007996,3.355375289916992,0.02124472592299837,0.019446939422784405,0.004913437452551629,-0.9995730774571621
68140000000,615,68132012071,map,-0.37084880471229553,0.31966572999954224,3.358046770095825,0.020875532947887288,0.01878453032867465,0.004880520763864638,-0.9995937715597809
68176000000,616,68172012071,map,-0.3721136450767517,0.32177338004112244,3.360621690750122,0.020743556512584374,0.018508973080657534,0.004802928415756081,-0.9996019901952407
68208000000,617,68204012071,map,-0.3792615234851837,0.3259585201740265,3.3633363246917725,0.02070362558402478,0.01833775620071165,0.004726516179405783,-0.9996063313206371
68240000000,618,68236011832,map,-0.3876226246356964,0.33058929443359375,3.3659188747406006,0.02070573918262315,0.018295697926437076,0.004674886289979919,-0.999607300698153
68276000000,619,68268011832,map,-0.3949994146823883,0.3347841501235962,3.368257761001587,0.020604897661522837,0.018357282292327526,0.004659966305607056,-0.9996083122225172
68308000000,620,68300011832,map,-0.4014928638935089,0.3385835587978363,3.3703737258911133,0.020456740211432345,0.01814585863599126,0.004665276808519415,-0.999615224305673
68340000000,621,68332011594,map,-0.4071412682533264,0.34194666147232056,3.3721461296081543,0.02024120279219084,0.017638780434979396,0.004736884304139489,-0.9996283319755599
68376000000,622,68372011594,map,-0.41303959488868713,0.34556737542152405,3.3735077381134033,0.020088044849015108,0.017376328304989197,0.004769843139674935,-0.9996358341145948
68408000000,623,68404011594,map,-0.4168943762779236,0.3480050265789032,3.3738574981689453,0.019926618056361017,0.01686671668325512,0.004831419685349393,-0.9996475087916323
68440000000,624,68436011356,map,-0.42002594470977783,0.35008931159973145,3.373657703399658,0.019752140146329665,0.016443797259958967,0.004842504306507734,-0.9996580033569116
68476000000,625,68468011356,map,-0.42246487736701965,0.3518252968788147,3.373000144958496,0.01967840489340436,0.016351579296872622,0.004862060444216888,-0.9996608693426103
68508000000,626,68500011356,map,-0.42430925369262695,0.3532397150993347,3.372497797012329,0.0194460139207965,0.01609111819388425,0.004961822034642128,-0.999669172271767
68540000000,627,68532011119,map,-0.4256211221218109,0.35437095165252686,3.3719427585601807,0.019146446633926714,0.015987508727898822,0.004965573104159516,-0.9996765479702564
68576000000,628,68572011119,map,-0.42654696106910706,0.3554578721523285,3.371624231338501,0.018875250761549844,0.015964490621711302,0.004991114094357208,-0.9996819427668657
68608000000,629,68604011119,map,-0.43171703815460205,0.3577430546283722,3.372561454772949,0.01838522647607089,0.01589168325799775,0.005042196074752371,-0.9996919737168113
68640000000,630,68636010882,map,-0.44081729650497437,0.3612552285194397,3.3744723796844482,0.01786679998914327,0.015905993924064596,0.005018172371101138,-0.9997012460234838
68676000000,631,68668010882,map,-0.4487440288066864,0.3642815351486206,3.376124143600464,0.017719259842210948,0.015980957197861155,0.005023103552376896,-0.9997026368694846
68708000000,632,68708010882,map,-0.45714107155799866,0.3674193322658539,3.3773117065429688,0.017475683161862748,0.015962701850191496,0.005017624462070492,-0.9997072730228208
68740000000,633,68732010646,map,-0.46144571900367737,0.36899393796920776,3.3776936531066895,0.017190987950252864,0.015644344148239314,0.005101201662667699,-0.9997168403574328
68776000000,634,68772010646,map,-0.4674804210662842,0.3711162507534027,3.377699851989746,0.017058462288830293,0.015446933742806476,0.005163874026403393,-0.9997218558324056
68808000000,635,68804010646,map,-0.47137323021888733,0.37241998314857483,3.3775060176849365,0.016581841277404245,0.014881352752611203,0.005204250707276815,-0.9997382931033248
68840000000,636,68836010411,map,-0.4745483696460724,0.3734210729598999,3.3770625591278076,0.016064175491701412,0.014209911062029958,0.005290651746724052,-0.9997559947796995
68876000000,637,68868010411,map,-0.4770541787147522,0.3741418421268463,3.3765828609466553,0.015711700245151915,0.013855444047616069,0.005328078148201743,-0.9997663629044331
68908000000,638,68900010411,map,-0.47892045974731445,0.37459543347358704,3.3760106563568115,0.014946342369834366,0.01308947520763124,0.005408367894615019,-0.9997879842377191
68940000000,639,68932010176,map,-0.4801303446292877,0.37479159235954285,3.3751955032348633,0.014359249940967772,0.012403511540514153,0.005502776835279389,-0.9998048429771235
68976000000,640,68972010176,map,-0.48075157403945923,0.37463563680648804,3.37357759475708,0.01414529903776406,0.012258877056587179,0.005619650046200132,-0.999809015515126
69008000000,641,69004010176,map,-0.4878346621990204,0.3776218593120575,3.372926712036133,0.01368289699008212,0.01210212346039786,0.005764508764532051,-0.9998165598010096
69040000000,642,69036009942,map,-0.49611350893974304,0.38116100430488586,3.3722405433654785,0.013478010293486282,0.012196635463277762,0.00592104215990158,-0.9998173184442827
69076000000,643,69068009942,map,-0.5032100081443787,0.38414761424064636,3.3711583614349365,0.013327468953435924,0.012278835688467705,0.005972081993448287,-0.9998179506470104
69108000000,644,69100009942,map,-0.5092242360115051,0.3866530656814575,3.369924545288086,0.012949189340044666,0.01211910814643937,0.0060966680776464175,-0.999824104086893
69140000000,645,69132009708,map,-0.5142446756362915,0.3886828124523163,3.368380546569824,0.012442461031961696,0.011632021669169554,0.006255266668592941,-0.9998353572954454
69176000000,646,69172009708,map,-0.519262969493866,0.3906213939189911,3.3660318851470947,0.012180282239101345,0.011263304286670332,0.006335219240218072,-0.9998423115254498
69208000000,647,69204009708,map,-0.5223462581634521,0.39176204800605774,3.3639907836914062,0.011478405296698205,0.010418000713285922,0.006440544214646794,-0.9998591281180056
69240000000,648,69236009475,map,-0.5246199369430542,0.3925296664237976,3.3617613315582275,0.010844999778649994,0.009465517786456368,0.006553455621807481,-0.9998749331861971
69276000000,649,69268009475,map,-0.5261079668998718,0.392916202545166,3.359299421310425,0.010517062888284696,0.008994291160049399,0.006638381521556936,-0.9998822245909895
69308000000,650,69300009475,map,-0.526869535446167,0.3929487466812134,3.3564937114715576,0.009914956961725112,0.008348050897653829,0.006804777279477926,-0.9998929298905113
69340000000,651,69332009243,map,-0.5269595384597778,0.39268210530281067,3.3535683155059814,0.009425180947525666,0.007835124409820756,0.00697336467352161,-0.9999006006169403
69376000000,652,69372009243,map,-0.5262121558189392,0.3919457495212555,3.349796772003174,0.009192560966065152,0.007589979570362918,0.007072662648613227,-0.9999039723648211
69408000000,653,69404009243,map,-0.5301670432090759,0.39290881156921387,3.34730863571167,0.008684899459255338,0.0072655977502059,0.007192191110990066,-0.9999100415110067
69440000000,654,69436009011,map,-0.5381596684455872,0.3952663242816925,3.3452460765838623,0.008422104680325834,0.00710974261452063,0.00740987958354894,-0.9999118538254927
69476000000,655,69468009011,map,-0.5448911786079407,0.3970819413661957,3.343073606491089,0.008311009538918165,0.0070537663313421,0.007548627008846731,-0.9999121067065837
69508000000,656,69500009011,map,-0.5504624247550964,0.39839330315589905,3.3408894538879395,0.008159457991592562,0.006761190194128093,0.007815543000466219,-0.9999133289651905
69540000000,657,69532008780,map,-0.5549701452255249,0.3992479741573334,3.338643789291382,0.008053942039256521,0.006185250875048694,0.007981643730447685,-0.9999165742725259
69576000000,658,69572008780,map,-0.5592281818389893,0.39969733357429504,3.3355069160461426,0.007987771487094418,0.005922234784005475,0.008103996031674832,-0.9999177122374356
69608000000,659,69604008780,map,-0.5616045594215393,0.3995777368545532,3.3326563835144043,0.007894697498465759,0.00531634148566242,0.008362440506743507,-0.9999197352861642
69640000000,660,69636008549,map,-0.5631273984909058,0.39908367395401,3.329488515853882,0.007841305096982363,0.004606712610060655,0.008586071684942354,-0.9999218426285899
69676000000,661,69668008549,map,-0.5638470649719238,0.39823323488235474,3.32607364654541,0.00779429802536643,0.004273389154892313,0.008696117106404389,-0.9999227277124085
69708000000,662,69700008549,map,-0.5638344287872314,0.3970726728439331,3.3225836753845215,0.00770069613099656,0.0037169944489930796,0.008888180295068437,-0.9999239499710153
69740000000,663,69732008319,map,-0.5631558299064636,0.3956143856048584,3.3189010620117188,0.00769608088644849,0.003296436895574806,0.00906279468844906,-0.9999239078241668
69776000000,664,69772008319,map,-0.5614515542984009,0.39345917105674744,3.3140387535095215,0.0076545836920947205,0.0031373671160328507,0.009105868767627256,-0.9999243292926518
69808000000,665,69804008319,map,-0.5678157210350037,0.3955681025981903,3.311208486557007,0.007608058016514123,0.0027402386005750783,0.009227378131884179,-0.9999247086142885
69840000000,666,69836008090,map,-0.5756428837776184,0.3984215259552002,3.308659076690674,0.007588743564639498,0.0027498000082864793,0.009383953674102108,-0.9999234020619846
69876000000,667,69868008090,map,-0.5821605920791626,0.4006376564502716,3.30615496635437,0.00755866273323999,0.0026935384106998644,0.009459775854573194,-0.9999231070340451
69908000000,668,69900008090,map,-0.5875382423400879,0.4022783041000366,3.303492784500122,0.00755127139431852,0.0024139149796182113,0.009588787357865058,-0.9999226434187115
69940000000,669,69932007861,map,-0.5918145179748535,0.4033947288990021,3.3006649017333984,0.0073964373730519084,0.0018047781026191494,0.009762263786335934,-0.9999234020619847
69976000000,670,69972007861,map,-0.5957505702972412,0.4040957987308502,3.2968664169311523,0.007278960276817379,0.001364448244257076,0.009848749119480305,-0.9999240764115609
70008000000,671,70004007861,map,-0.5978483557701111,0.40415051579475403,3.293621301651001,0.007026652448746214,0.00044164069120527263,0.01002037108661663,-0.999925003642228
70040000000,672,70036007633,map,-0.5990985631942749,0.4038011133670807,3.2902703285217285,0.006791737110403126,-0.0004899383454206056,0.01018276289392911,-0.9999250457890766
70076000000,673,70068007633,map,-0.5995411276817322,0.40302205085754395,3.2868735790252686,0.006654738120773957,-0.0009380568096785905,0.010234940692385563,-0.9999250457890767
70108000000,674,70100007633,map,-0.5992198586463928,0.4018566310405731,3.283412456512451,0.006479346644873904,-0.0017542469947047533,0.010365385188526755,-0.9999238235304698
70140000000,675,70132007406,map,-0.5982056260108948,0.4003206491470337,3.279956817626953,0.006371915315836397,-0.0023991625948225153,0.010501013747034826,-0.9999217161880443
70176000000,676,70172007406,map,-0.5960517525672913,0.39791351556777954,3.2755746841430664,0.006314976405223321,-0.002611093906656371,0.01054885042009468,-0.9999209996916196
70208000000,677,70204007406,map,-0.6023063063621521,0.40013766288757324,3.272392749786377,0.006444409541636404,-0.0029238720902646695,0.010657968610889412,-0.9999181758527693
70240000000,678,70236007179,map,-0.6100027561187744,0.4031716287136078,3.2694990634918213,0.006737757698808925,-0.0028193437900544778,0.01074399032870016,-0.9999156048950101
70276000000,679,70268007179,map,-0.6162536144256592,0.40550342202186584,3.266401529312134,0.006888739070067711,-0.002742114793878201,0.010800467105704814,-0.9999141719021608
70308000000,680,70300007179,map,-0.6212069392204285,0.4072151482105255,3.2631688117980957,0.006935507583935627,-0.0026367522824125218,0.01089630903921851,-0.9999130760840995
70340000000,681,70332006953,map,-0.6249872446060181,0.4083299934864044,3.259922981262207,0.0068169809323915,-0.0027336655032046556,0.011069448292901352,-0.9999118116786442
70376000000,682,70372006953,map,-0.6282157897949219,0.40897125005722046,3.2562382221221924,0.006767331121665032,-0.0028366995659262345,0.011140086411005556,-0.999911053035371
70408000000,683,70404006953,map,-0.6296745538711548,0.4089329242706299,3.2532758712768555,0.006564889436191207,-0.003229373027787504,0.011384580279217238,-0.9999084820776117
70440000000,684,70436006727,map,-0.6302194595336914,0.4084455370903015,3.2503204345703125,0.006401906173592501,-0.003698200164961577,0.011544822597255588,-0.9999060375603982
70476000000,685,70468006727,map,-0.6299135088920593,0.4075123965740204,3.247650146484375,0.006299538064004619,-0.003945265649476945,0.011625112343668975,-0.9999048153017913
70508000000,686,70500006727,map,-0.6287939548492432,0.4061950445175171,3.2449917793273926,0.006178427448447295,-0.004426519768470843,0.011762468922965952,-0.9999019914629411
70540000000,687,70532006502,map,-0.6269499063491821,0.40448734164237976,3.2422688007354736,0.006111712238818058,-0.004795542468667579,0.011859448821389507,-0.999899504798879
70576000000,688,70572006502,map,-0.6236921548843384,0.4018577039241791,3.2386603355407715,0.006085744223666061,-0.004903410371554847,0.01190627397008509,-0.9998986197150602
70608000000,689,70604006502,map,-0.6291891932487488,0.4036915600299835,3.2355945110321045,0.006072689443134971,-0.005067021597500947,0.011982475472192777,-0.9998969338411199
70640000000,690,70636006278,map,-0.6362079381942749,0.4062582850456238,3.2325029373168945,0.00623671933875202,-0.005014202747124971,0.012111360534939108,-0.9998946579113002
70676000000,691,70668006278,map,-0.6417803764343262,0.40809136629104614,3.2292842864990234,0.006289292593185551,-0.005005722998767932,0.012201807671843479,-0.9998933092121478
70708000000,692,70700006278,map,-0.6460458040237427,0.4092749357223511,3.2260165214538574,0.006283910432398903,-0.00507432543232092,0.01231004077881942,-0.9998916233382075
70740000000,693,70732006054,map,-0.6491127610206604,0.40987327694892883,3.2227015495300293,0.0063080018426573395,-0.0052516603965411255,0.012446301540055216,-0.9998888837930542
70776000000,694,70772006054,map,-0.6513732075691223,0.4098398983478546,3.2184524536132812,0.006281440273108492,-0.005446776432908151,0.012539993984294895,-0.9998868185974772
70808000000,695,70804006054,map,-0.6520376205444336,0.4092353880405426,3.2150418758392334,0.00609594758879565,-0.005863302335689522,0.012628165191379659,-0.9998845426676577
70840000000,696,70836005831,map,-0.6517649292945862,0.408151239156723,3.211684465408325,0.005998070588116083,-0.006287052183610241,0.012675622542802967,-0.9998819295630499
70876000000,697,70868005831,map,-0.6505945324897766,0.4066230356693268,3.208423137664795,0.005996955322412298,-0.006508121314980254,0.012715535608342765,-0.9998800329548669
70908000000,698,70900005831,map,-0.6486058831214905,0.4047057628631592,3.2052462100982666,0.005898012117594792,-0.006775633474595113,0.01276168640746217,-0.999878220640381
70940000000,699,70932005609,map,-0.6458147764205933,0.4024396240711212,3.2022294998168945,0.00595774222794592,-0.007041353425911013,0.0128540301525496,-0.9998748067456515
70976000000,700,70972005609,map,-0.6412488222122192,0.39915013313293457,3.1986446380615234,0.006005954065580176,-0.007162113572312996,0.012923698893138102,-0.9998728258437716
71008000000,701,71004005609,map,-0.645413339138031,0.40031686425209045,3.195582866668701,0.0059789343548489315,-0.007124613043419142,0.013029866804536994,-0.9998718564662559
71040000000,702,71036005387,map,-0.6509817242622375,0.4022076427936554,3.192403554916382,0.006103611482825362,-0.006893820687604407,0.01305608214431081,-0.9998724465221349
71076000000,703,71068005387,map,-0.6551271677017212,0.40341633558273315,3.1892621517181396,0.006134913482117345,-0.006721582261070027,0.013097933964882125,-0.9998728258437716
71108000000,704,71100005387,map,-0.657966673374176,0.4040313959121704,3.186126470565796,0.006072150198080511,-0.006526284342941703,0.013210508197254722,-0.9998730365780142
71140000000,705,71132005165,map,-0.6596131920814514,0.4041042923927307,3.1829686164855957,0.0059321358772059015,-0.006497637512787844,0.01332514762520437,-0.999872530815832
71176000000,706,71172005165,map,-0.6601390838623047,0.40348127484321594,3.179013252258301,0.005876841558024418,-0.0065505294616042065,0.013401602008403124,-0.9998715192914678
71208000000,707,71204005165,map,-0.6594423055648804,0.4024636149406433,3.1758267879486084,0.005704008404060781,-0.006817226281379635,0.013444086031702052,-0.9998701705923154
71240000000,708,71236004945,map,-0.6577953100204468,0.40101882815361023,3.172816514968872,0.005455600435406859,-0.0070344284599782895,0.013493524285005332,-0.9998693698021937
71276000000,709,71268004945,map,-0.6553092002868652,0.3991568386554718,3.1699137687683105,0.0054077661495708345,-0.007178734247877717,0.013521678379810609,-0.9998681896904353
71308000000,710,71308004945,map,-0.6511149406433105,0.39629748463630676,3.1664347648620605,0.00534044758969519,-0.007447988895681182,0.013550759705283189,-0.9998661666417068
71340000000,711,71340004725,map,-0.6469228267669678,0.3936072587966919,3.163658857345581,0.005323020937970761,-0.007641606496338355,0.013601167336102171,-0.9998641435929783
71376000000,712,71372004725,map,-0.6420349478721619,0.39057832956314087,3.160778760910034,0.005384372837649892,-0.007701578251364882,0.013605634902044306,-0.9998633006560081
71408000000,713,71404004725,map,-0.6428648233413696,0.39002248644828796,3.1575098037719727,0.005496357014143338,-0.007701338541163977,0.013672184775843033,-0.9998618255163102
71440000000,714,71436004505,map,-0.6486766338348389,0.39162859320640564,3.153973340988159,0.005709243791740213,-0.007425880815685631,0.013749271361769455,-0.9998616147820678
71476000000,715,71468004505,map,-0.6529891490936279,0.39254996180534363,3.1506853103637695,0.005842919354191783,-0.007283332024533501,0.01378408465863945,-0.9998613619009766
71508000000,716,71500004505,map,-0.655948281288147,0.3928561210632324,3.147564649581909,0.005923230503301546,-0.007069693271426573,0.013853795546076464,-0.9998615304883707
71540000000,717,71532004287,map,-0.6576822996139526,0.3925821781158447,3.144650936126709,0.005922634150090536,-0.007071780569403656,0.013952250584197967,-0.9998601817892183
71576000000,718,71572004287,map,-0.6582894921302795,0.39152300357818604,3.1411397457122803,0.005862114074443051,-0.007169511043930197,0.013976400728394678,-0.9998594652927937
71608000000,719,71604004287,map,-0.6576122641563416,0.3901611566543579,3.138322591781616,0.005822018633233554,-0.007479380559923829,0.014086530443553624,-0.9998558828106702
71640000000,720,71636004068,map,-0.6559579372406006,0.3883860409259796,3.1356475353240967,0.005807442491411929,-0.007876530231123922,0.014177146167852095,-0.999851583832122
71676000000,721,71668004068,map,-0.6533839106559753,0.38621604442596436,3.133100986480713,0.005770424305211141,-0.008121711702120015,0.014216974939694926,-0.999849350049151
71708000000,722,71700004068,map,-0.6499890685081482,0.38369861245155334,3.1306169033050537,0.005643561468012715,-0.008556886638709727,0.014275432618579442,-0.9998455989796335
71740000000,723,71732003851,map,-0.6458042860031128,0.38084086775779724,3.128204345703125,0.005538641663092527,-0.00886538625864966,0.014288413847920789,-0.999843323049814
71776000000,724,71772003851,map,-0.6395672559738159,0.3768593370914459,3.1253702640533447,0.0055548426811695365,-0.008958931682827971,0.014347208701593506,-0.999841510735328
71808000000,725,71804003851,map,-0.6401621699333191,0.3762502074241638,3.1227874755859375,0.005561411004092157,-0.009060990276497101,0.01438611024276909,-0.9998400355956301
71840000000,726,71836003634,map,-0.6456899046897888,0.37791264057159424,3.11991024017334,0.005761103595517407,-0.008830515997679722,0.014507788194420057,-0.9998392348055084
71876000000,727,71868003634,map,-0.6497281789779663,0.3788783550262451,3.1170663833618164,0.005891546445297355,-0.00866328026623878,0.014539777652439745,-0.999839445539751
71908000000,728,71900003634,map,-0.6523867845535278,0.3792279064655304,3.1141180992126465,0.006052001555529916,-0.00835615675736634,0.01468101174179981,-0.9998390662181144
71940000000,729,71932003418,map,-0.6537826061248779,0.3790222108364105,3.1112866401672363,0.006028954473384044,-0.008385917042226586,0.014779551073618336,-0.9998374646378709
71976000000,730,71972003418,map,-0.6538829207420349,0.37804242968559265,3.107966661453247,0.005993156323202358,-0.008470829441813625,0.01484589021317445,-0.9998359473513245
72008000000,731,72004003418,map,-0.6527523994445801,0.3767262101173401,3.105342149734497,0.005826798843180874,-0.008776257033941883,0.014924494085647277,-0.9998331235124743
72040000000,732,72036003202,map,-0.6506097316741943,0.3750077188014984,3.102818012237549,0.005684740585369128,-0.009187300430217203,0.014948854964086489,-0.9998299203519876
72076000000,733,72068003202,map,-0.6475714445114136,0.3728766441345215,3.1005282402038574,0.00560221689134867,-0.009354451044780488,0.01494232220256736,-0.9998289509744718
72108000000,734,72100003202,map,-0.6437073945999146,0.37034741044044495,3.0984385013580322,0.005428119949315183,-0.009616786365438577,0.0149810551563489,-0.9998268014851976
72140000000,735,72132002987,map,-0.6391147971153259,0.36749038100242615,3.0968241691589355,0.005318659150740201,-0.009958837181698961,0.015066823993068523,-0.9998227975345891
72176000000,736,72172002987,map,-0.6324459910392761,0.36353811621665955,3.095384120941162,0.005322649271914067,-0.010169590522044162,0.015083893466715403,-0.999820395164224
72208000000,737,72204002987,map,-0.6324501037597656,0.36310747265815735,3.094332695007324,0.0052794263616771295,-0.010705255893193372,0.015105556946850007,-0.9998146631928266
72240000000,738,72236002772,map,-0.6371671557426453,0.36504578590393066,3.0933194160461426,0.005247302395941605,-0.01105849538064438,0.015164984003250392,-0.9998101113331874
72276000000,739,72268002772,map,-0.6404496431350708,0.3662834167480469,3.0924031734466553,0.005210768322272247,-0.011133205279441496,0.015227066311106985,-0.9998085518997925
72308000000,740,72300002772,map,-0.6424002647399902,0.36691033840179443,3.0915732383728027,0.0051677113652513216,-0.011208721895260893,0.015257454188883357,-0.9998074982285797
72340000000,741,72332002558,map,-0.643130362033844,0.36693236231803894,3.09073805809021,0.004977913898966892,-0.01135771989509776,0.015209491075277914,-0.9998074982285796
72376000000,742,72372002558,map,-0.642496645450592,0.36624622344970703,3.0896522998809814,0.0048492909369347555,-0.011504214437987532,0.015235959296142743,-0.9998059809420332
72408000000,743,72404002558,map,-0.640845775604248,0.3651867210865021,3.0887391567230225,0.004619339707092842,-0.011912558789596885,0.015343602347239527,-0.9998006704391209
72440000000,744,72436002345,map,-0.6382459998130798,0.36373141407966614,3.0878021717071533,0.00437206282979041,-0.012222384224267515,0.015353253975548597,-0.9997978466002707
72476000000,745,72468002345,map,-0.6347430944442749,0.36187463998794556,3.0868754386901855,0.0042783453608593895,-0.012398576490289274,0.015377699147684831,-0.9997957392578452
72508000000,746,72500002345,map,-0.6304161548614502,0.3596377968788147,3.086005926132202,0.004004151135337673,-0.012673284380527217,0.015422754128743,-0.999792746831601
72540000000,747,72532002133,map,-0.6253386735916138,0.3570447564125061,3.0852136611938477,0.0038709259350114974,-0.01277323464395404,0.015475100514593498,-0.9997911452513575
72576000000,748,72572002133,map,-0.6180209517478943,0.3533550202846527,3.0844154357910156,0.00383441655676119,-0.012720741731950485,0.015496763994728158,-0.9997916510135396
72608000000,749,72604002133,map,-0.6176996827125549,0.3533015549182892,3.0833897590637207,0.0038916486843164444,-0.012637992321799916,0.01556521047670989,-0.9997914824261456
72640000000,750,72636001921,map,-0.6222479343414307,0.3557969331741333,3.0819602012634277,0.004015889361920211,-0.012184297631920587,0.015589487061452134,-0.9997962028731788
72676000000,751,72668001921,map,-0.6253270506858826,0.3575519621372223,3.0806024074554443,0.004101822176222367,-0.011943296025234723,0.015623162393412271,-0.9997982680687558
72708000000,752,72700001921,map,-0.6270731687545776,0.35863861441612244,3.079369068145752,0.004246301902189966,-0.011522876930799253,0.015624553239413197,-0.9998025249004554
72740000000,753,72732001709,map,-0.6276069283485413,0.359110951423645,3.0784354209899902,0.004138596947909394,-0.011338705739518774,0.015653676711734177,-0.9998046743897294
72776000000,754,72772001709,map,-0.6267521977424622,0.35896506905555725,3.077423334121704,0.004077904827509198,-0.011395260883319823,0.01569186175648507,-0.9998036628653653
72808000000,755,72804001709,map,-0.6249414086341858,0.35828855633735657,3.076795816421509,0.0037956042483664677,-0.011684435350036874,0.01571348308977122,-0.9998010919076061
72840000000,756,72836001498,map,-0.622199535369873,0.3571310341358185,3.0762147903442383,0.003532843014047837,-0.012109353949823138,0.015755924966221635,-0.9997963293137243
72876000000,757,72868001498,map,-0.6186107993125916,0.3555518686771393,3.0756428241729736,0.003389580278330991,-0.01235163412067125,0.01573986701693897,-0.9997940955307532
72908000000,758,72900001498,map,-0.6142251491546631,0.3535444140434265,3.0750041007995605,0.0031415078792629164,-0.012801068356856184,0.015799083339096798,-0.9997883214125072
72940000000,759,72932001288,map,-0.6091326475143433,0.35116103291511536,3.074333906173706,0.0030666774668208405,-0.013083198043699094,0.015832674377359968,-0.9997844017555957
72976000000,760,72972001288,map,-0.6017965078353882,0.34767773747444153,3.073636531829834,0.003038948133223212,-0.013236634304247511,0.015877687211569624,-0.9997817886509881
73008000000,761,73004001288,map,-0.6038216352462769,0.3490396738052368,3.07194185256958,0.0031272401832252174,-0.013300203934875337,0.01591625157795712,-0.9997799763365021
73040000000,762,73036001079,map,-0.6072889566421509,0.3511755168437958,3.0699093341827393,0.0033654024752649138,-0.01299423131484866,0.015974835697387224,-0.9997823365600187
73076000000,763,73068001079,map,-0.6093493700027466,0.3526184558868408,3.068125009536743,0.003405302699186824,-0.012824016986598111,0.015996667764915873,-0.9997840224339591
73108000000,764,73100001079,map,-0.6101604104042053,0.3534228503704071,3.0666635036468506,0.003508557538954705,-0.012621294267255506,0.015987564045637503,-0.9997863826574758
73140000000,765,73132000870,map,-0.6098453402519226,0.35366442799568176,3.0652694702148438,0.003376670501068751,-0.012551548147687311,0.016042734270338255,-0.9997868462728093
73176000000,766,73172000870,map,-0.6080251932144165,0.35321131348609924,3.0635814666748047,0.0032230811289222275,-0.012568373630594015,0.01609731443915985,-0.9997862140700817
73208000000,767,73204000870,map,-0.605516254901886,0.3523167669773102,3.062375783920288,0.0030246712175623996,-0.01280491063478801,0.01612454130329788,-0.9997834323780799
73240000000,768,73236000661,map,-0.6021497249603271,0.3509902060031891,3.061296224594116,0.002749642616149069,-0.012997943859512412,0.01615518206216532,-0.9997812828888059
73276000000,769,73268000661,map,-0.5980151295661926,0.34924501180648804,3.060267448425293,0.002596433553455906,-0.013115304393369028,0.016188730953580033,-0.9997795970148655
73308000000,770,73300000661,map,-0.593150794506073,0.34709087014198303,3.0593159198760986,0.002484879406526174,-0.013409287222811117,0.01621186957341253,-0.9997755930642569
73340000000,771,73332000454,map,-0.587636411190033,0.34458252787590027,3.0585687160491943,0.0024171658845818654,-0.013640616127763733,0.016283898537517605,-0.9997714205262543
73376000000,772,73372000454,map,-0.5798493027687073,0.3410002291202545,3.057698965072632,0.00241767032967498,-0.013747658586269276,0.016294519543342323,-0.9997698189460109
73408000000,773,73404000454,map,-0.5813602209091187,0.34201085567474365,3.055704355239868,0.002450947900752363,-0.013781530164492859,0.01627117018926727,-0.9997696503586169
73440000000,774,73436000247,map,-0.5843479633331299,0.3437584340572357,3.053410768508911,0.002547722004017186,-0.013494119279968183,0.016332325266456615,-0.99977238990377
73476000000,775,73468000247,map,-0.5860469937324524,0.34483954310417175,3.051276683807373,0.0026321941666006374,-0.013310869392454372,0.016351881404165658,-0.9997742443651046
73508000000,776,73500000247,map,-0.5865648984909058,0.3453381657600403,3.0493361949920654,0.0027084223397609076,-0.01303217961284891,0.01644548955470837,-0.9997762252669846
73540000000,777,73532000040,map,-0.5860096216201782,0.3452613353729248,3.04761004447937,0.002688222804067554,-0.012916067020834919,0.01649619221346693,-0.9997769417634093
73576000000,778,73572000040,map,-0.5839133262634277,0.3444470763206482,3.0456058979034424,0.002635011420005788,-0.012913203340041956,0.01653711680337111,-0.9997764781480757
73608000000,779,73604000040,map,-0.5811924338340759,0.34323933720588684,3.044131278991699,0.002553999250267278,-0.013071985664906178,0.016519457273845017,-0.9997748344209838
73640000000,780,73635999835,map,-0.5776229500770569,0.3416217863559723,3.042407274246216,0.002431250175974092,-0.013292515427744638,0.01660088498516804,-0.9997709569109208
73676000000,781,73667999835,map,-0.5732766389846802,0.33961212635040283,3.0408272743225098,0.002340151738551319,-0.013377789697538812,0.01663321161797593,-0.9997693974775259
73708000000,782,73699999835,map,-0.5682441592216492,0.33725643157958984,3.039334535598755,0.0022856696928614004,-0.013536180846965293,0.016633506645915508,-0.9997674165756458
73740000000,783,73731999629,map,-0.562565267086029,0.33457955718040466,3.038058042526245,0.0021425073851820222,-0.013734282888767638,0.016609440795415764,-0.9997654356737657
73776000000,784,73771999629,map,-0.5546755790710449,0.33080992102622986,3.0368340015411377,0.002102050361878611,-0.013805918043256982,0.01662794326191197,-0.9997642977088561
73808000000,785,73803999629,map,-0.5563172101974487,0.3319389522075653,3.035916566848755,0.0020572258713982597,-0.013788251928285837,0.016638690708282333,-0.9997644241494016
73840000000,786,73835999425,map,-0.5594457983970642,0.33383679389953613,3.0351064205169678,0.0021578396184168745,-0.013524470608524344,0.016673967620485897,-0.9997672479882518
73876000000,787,73875999425,map,-0.5615180730819702,0.3352700173854828,3.0344207286834717,0.002301965376711432,-0.013387256933385572,0.01667902524230719,-0.9997686809811012
73908000000,788,73907999425,map,-0.5618645548820496,0.33571600914001465,3.034069776535034,0.0024451401967364645,-0.013141815419626888,0.01666806706169438,-0.999771799847891
73940000000,789,73931999221,map,-0.561409056186676,0.3356856405735016,3.0339486598968506,0.0025573769250487213,-0.013044544773803046,0.016610705200871045,-0.999773696456074
73976000000,790,73971999221,map,-0.5593739151954651,0.3349995017051697,3.0337538719177246,0.0025493403771455537,-0.01305947759979381,0.016580949525822397,-0.999774033630862
74008000000,791,74003999221,map,-0.5567272305488586,0.3339063227176666,3.0335330963134766,0.0024088701994148085,-0.013151855589195592,0.01660155933474422,-0.9997728113722553
74040000000,792,74035999017,map,-0.5532824993133545,0.33237984776496887,3.033292293548584,0.002238888995920087,-0.01319183878972551,0.016726145418942462,-0.9997706197361327
74076000000,793,74075999017,map,-0.5479496121406555,0.32990410923957825,3.0329296588897705,0.002202118834044617,-0.013259780497341833,0.01675813487696215,-0.9997692288901318
74108000000,794,74107999017,map,-0.5429508090019226,0.3274768888950348,3.0326151847839355,0.0020789440107270214,-0.013469169333466495,0.016772464805455856,-0.9997664471981301
74140000000,795,74131998815,map,-0.5387886166572571,0.32543614506721497,3.032405138015747,0.0020146707252924156,-0.013644419222297333,0.01673866303295013,-0.9997647613241896
74176000000,796,74171998815,map,-0.5311189293861389,0.32166558504104614,3.032095193862915,0.00203008461804626,-0.013792355977659586,0.016766522099815884,-0.9997622746601276
74208000000,797,74203998815,map,-0.5321811437606812,0.32221120595932007,3.0317251682281494,0.0019749782721627733,-0.013901884441682765,0.016795097663106218,-0.999760420198793
74240000000,798,74235998613,map,-0.5346006751060486,0.3233821988105774,3.0314698219299316,0.0020305870875058497,-0.01368206623618518,0.01688782072983025,-0.9997617688979454
74276000000,799,74275998613,map,-0.5359041690826416,0.3239556550979614,3.031338691711426,0.0021032528641501866,-0.0136251949910203,0.016900001169049883,-0.999762148219582
74308000000,800,74299998613,map,-0.535883367061615,0.3238696753978729,3.0313546657562256,0.0021201056766539735,-0.013532170969456187,0.016931653452281592,-0.9997628647160066
74340000000,801,74331998411,map,-0.5349730253219604,0.32330521941185,3.0313761234283447,0.0021570322428500874,-0.013507136399985223,0.016945646205987153,-0.9997628647160067
74376000000,802,74371998411,map,-0.532509446144104,0.3219424784183502,3.031304121017456,0.0021520167678772914,-0.01355834745510399,0.016957363029873163,-0.9997620217790365
74408000000,803,74403998411,map,-0.5296135544776917,0.3203301429748535,3.031048536300659,0.002132972977795448,-0.013668611513342586,0.01696263138593701,-0.9997604623456415
74440000000,804,74435998210,map,-0.5259429812431335,0.3183008134365082,3.030763864517212,0.002154195891654206,-0.01389412283611168,0.016925710746641565,-0.9997579335347309
74476000000,805,74467998210,map,-0.5215616822242737,0.3159312903881073,3.030568838119507,0.002114253850156039,-0.014027679613597624,0.016905690993598843,-0.9997564583950329
74508000000,806,74499998210,map,-0.516512393951416,0.31323176622390747,3.0304114818573,0.002062805719014397,-0.014226670690485745,0.016946531289805944,-0.9997530445003037
74540000000,807,74531998010,map,-0.5108388066291809,0.31024670600891113,3.0301008224487305,0.002017743493966663,-0.014305240977188657,0.016953359079264596,-0.9997519486822424
74576000000,808,74571998010,map,-0.5029107928276062,0.3061250150203705,3.029651641845703,0.001996614093428038,-0.014282615363527894,0.016975444027884423,-0.9997519486822424
74608000000,809,74603998010,map,-0.5015976428985596,0.30560022592544556,3.028799057006836,0.001965610476536719,-0.014178838627237437,0.016961282686784762,-0.9997537188498798
74640000000,810,74635997810,map,-0.5047733783721924,0.30753809213638306,3.027639389038086,0.002030110301282071,-0.013705937157510539,0.01695555071538718,-0.9997602937582475
74676000000,811,74667997810,map,-0.5067135095596313,0.3088195025920868,3.0265250205993652,0.002129705279946838,-0.013445815369579903,0.01697363171339844,-0.9997632861844918
74708000000,812,74699997810,map,-0.5075044631958008,0.30947747826576233,3.02547550201416,0.0022317645321604756,-0.013030930353917265,0.01697207228000347,-0.9997686388342526
74740000000,813,74731997611,map,-0.5072644948959351,0.30956313014030457,3.0244851112365723,0.0022937865831945425,-0.012845274474043539,0.01705438507514523,-0.9997694396243744
74776000000,814,74771997611,map,-0.5056897401809692,0.3089357316493988,3.023172616958618,0.0022878837194972392,-0.01288137818887693,0.017053752872417616,-0.9997689760090407
74808000000,815,74803997611,map,-0.5034905076026917,0.30788731575012207,3.022171974182129,0.002287131003124615,-0.013081456522747732,0.01707094878661003,-0.9997661100233419
74840000000,816,74835997413,map,-0.500504732131958,0.30642804503440857,3.021239995956421,0.002212799767419588,-0.013516472585474894,0.01703613548974009,-0.9997611366952177
74876000000,817,74867997413,map,-0.4967757761478424,0.3045838475227356,3.020418405532837,0.002152378308812175,-0.013721584175020207,0.017030867133676186,-0.9997584814437614
74908000000,818,74899997413,map,-0.49237656593322754,0.30241796374320984,3.019659996032715,0.0020100003276418018,-0.01405761638838601,0.01702087833057908,-0.999754308905759
74940000000,819,74931997215,map,-0.4874004125595093,0.2999599575996399,3.0188560485839844,0.0018181142874503053,-0.014355929806512594,0.01699504231244192,-0.9997508950110295
74976000000,820,74971997215,map,-0.48037150502204895,0.2964489459991455,3.017899990081787,0.0017191561213247592,-0.01441547540092439,0.016987582320255545,-0.999750347101999
75008000000,821,75003997215,map,-0.4816170334815979,0.2969442307949066,3.016334295272827,0.0014640814185033026,-0.014498405252270146,0.016924614928580217,-0.99975059998309
75040000000,822,75035997018,map,-0.4841647446155548,0.29807716608047485,3.0146548748016357,0.0014272358532816704,-0.014464146449875872,0.016867969564181573,-0.9997521172696364
75076000000,823,75067997018,map,-0.4855397939682007,0.29860633611679077,3.01308012008667,0.001429535490703546,-0.014315341732852096,0.016877579045642077,-0.9997540560246678
75108000000,824,75099997018,map,-0.48581770062446594,0.2985677719116211,3.011598825454712,0.001377098884255423,-0.014152824143538594,0.01687150989945646,-0.9997565848355785
75140000000,825,75139996822,map,-0.48476728796958923,0.29779252409935,3.0096192359924316,0.0013381617816764367,-0.01416350968672512,0.016880740059280364,-0.999756374101336
75176000000,826,75171996822,map,-0.48291292786598206,0.2966308295726776,3.0081772804260254,0.0013443020506688674,-0.014217728973156355,0.016896798008563085,-0.9997553204301233
75208000000,827,75203996822,map,-0.4802340865135193,0.2950464189052582,3.0068695545196533,0.0013225634964603573,-0.014352174785728077,0.01693982994089266,-0.999752665178667
75240000000,828,75235996626,map,-0.47680264711380005,0.2930561900138855,3.005528211593628,0.0013216922420762963,-0.014564945906445735,0.016940967905802407,-0.9997495884587257
75276000000,829,75267996626,map,-0.4726974666118622,0.2907041311264038,3.0043256282806396,0.0013134387037577488,-0.01466027219960976,0.01693266497664575,-0.9997483662001189
75308000000,830,75307996626,map,-0.46668723225593567,0.2873202860355377,3.00288724899292,0.0012875730511177114,-0.01479363470646585,0.016959133197510634,-0.9997459216829052
75340000000,831,75331996430,map,-0.4626603126525879,0.28507110476493835,3.0021605491638184,0.0012844976482654312,-0.014789068358847496,0.016927228033187858,-0.9997465538856329
75376000000,832,75371996430,map,-0.45527738332748413,0.28098970651626587,3.0010483264923096,0.0013116500968740666,-0.014789616926422645,0.016926553683611678,-0.9997465538856329
75408000000,833,75403996430,map,-0.4534154534339905,0.28012508153915405,3.0001749992370605,0.0014072424420193152,-0.0146407075008221,0.016907081839599714,-0.9997489141091496
75440000000,834,75435996236,map,-0.45515716075897217,0.28138482570648193,2.9992878437042236,0.001561432077484866,-0.014222487615771039,0.016899242525776625,-0.999754814667941
75476000000,835,75467996236,map,-0.45578858256340027,0.2820186913013458,2.9985079765319824,0.0017086885563703737,-0.013940653615412213,0.016884659716191908,-0.9997588607653981
75508000000,836,75499996236,map,-0.455436110496521,0.2821098566055298,2.9978318214416504,0.0019097540484586417,-0.013468791987463419,0.016874375885155224,-0.9997650984989777
75540000000,837,75531996042,map,-0.4541945457458496,0.28170934319496155,2.997128963470459,0.002029695418242042,-0.013304389643768075,0.016893974169712778,-0.9997667422260696
75576000000,838,75571996042,map,-0.4515269696712494,0.2805553078651428,2.9963722229003906,0.0020643039077700583,-0.013341429479619563,0.016889380163225165,-0.9997662786107361
75608000000,839,75603996042,map,-0.4485616385936737,0.2791273891925812,2.9959726333618164,0.002065439897046328,-0.01345700733349307,0.01686834888581812,-0.9997650563521292
75640000000,840,75635995848,map,-0.4449354410171509,0.2773127555847168,2.9956507682800293,0.001982679950183631,-0.013659322084512983,0.016842639308226492,-0.9997629490097037
75676000000,841,75667995848,map,-0.4407012462615967,0.2751140892505646,2.99533748626709,0.001935171232288742,-0.013796016168034953,0.016808373920387143,-0.9997617267510968
75708000000,842,75699995848,map,-0.4358755946159363,0.2725785970687866,2.995107650756836,0.0018005621006790431,-0.01398584557372802,0.016792821733286667,-0.9997595772618229
75740000000,843,75731995655,map,-0.4305272400379181,0.2697417438030243,2.994865894317627,0.0017869052046724956,-0.014164801092505277,0.016800871781352256,-0.9997569220103666
75776000000,844,75771995655,map,-0.42312800884246826,0.2657962143421173,2.994668483734131,0.0017632404077781373,-0.014223022353911522,0.01679901732001776,-0.9997561633670934
75808000000,845,75803995655,map,-0.42129459977149963,0.2653276324272156,2.993896245956421,0.0016694142790033002,-0.014048823502115424,0.01687867486370337,-0.9997575120662457
75840000000,846,75835995463,map,-0.42311522364616394,0.26722362637519836,2.9926650524139404,0.0018018284817678935,-0.013595893053137608,0.01688524977207101,-0.9997634126250373
75876000000,847,75867995463,map,-0.42385977506637573,0.2684517800807953,2.991617441177368,0.00190005895621212,-0.013360271755081964,0.01690219280517241,-0.9997661100233419
75908000000,848,75899995463,map,-0.42363616824150085,0.26907145977020264,2.990572214126587,0.001991722424822743,-0.012973324831625985,0.016887609995587582,-0.9997712519388604
75940000000,849,75931995272,map,-0.422554612159729,0.2691749930381775,2.98966121673584,0.0021240536509793306,-0.012921345255066401,0.016881920171038678,-0.999771799847891
75976000000,850,75971995272,map,-0.4201096296310425,0.26863893866539,2.988741636276245,0.0020972538529547198,-0.012922863529429555,0.016832566211432365,-0.9997726849317097
76008000000,851,76003995272,map,-0.4173222482204437,0.26771754026412964,2.988124370574951,0.002017932825512709,-0.01306098731307836,0.016778955420126584,-0.9997719262884365
76040000000,852,76035995081,map,-0.4138891100883484,0.2663729190826416,2.9875946044921875,0.0018132410580912347,-0.013347621773628122,0.016818320576635792,-0.9997677958972824
76076000000,853,76067995081,map,-0.4098747670650482,0.2646534740924835,2.987248420715332,0.0017283125241637511,-0.013387520351188764,0.01681431662602717,-0.999767500869343
76108000000,854,76099995081,map,-0.4052940011024475,0.26260510087013245,2.987053155899048,0.0015458779147508226,-0.013533392569518491,0.016799860256987986,-0.9997661100233419
76140000000,855,76131994890,map,-0.4001767039299011,0.2602194547653198,2.9869284629821777,0.001418265159993931,-0.013660797224210862,0.016781357790491613,-0.9997648877647352
76176000000,856,76171994890,map,-0.3931264877319336,0.25680360198020935,2.986945390701294,0.0012775269546484356,-0.013638647079684863,0.016765974190785238,-0.9997656042611598
76208000000,857,76203994890,map,-0.3913690447807312,0.255965918302536,2.9872045516967773,0.0011471944110735756,-0.013516494975988164,0.016765131253815013,-0.9997674587224943
76240000000,858,76235994700,map,-0.3930518925189972,0.25681039690971375,2.9875564575195312,0.0011083014309766245,-0.013272162451180925,0.016759652163508554,-0.9997709147640722
76276000000,859,76267994700,map,-0.3937220573425293,0.2570682466030121,2.9878628253936768,0.0011177363981424927,-0.013075249082215487,0.01674730313689482,-0.9997736543092255
76308000000,860,76299994700,map,-0.3934799134731293,0.2568029761314392,2.988144874572754,0.001242271115869073,-0.012807523080851176,0.016707095043415554,-0.9997776161129854
76340000000,861,76331994511,map,-0.3923174738883972,0.2560535967350006,2.988450527191162,0.0012911351183613902,-0.012764551734616287,0.01670237459638224,-0.9997782061688647
76376000000,862,76371994511,map,-0.3874243497848511,0.25441300868988037,2.988694906234741,0.0012767228718041893,-0.012688476014509616,0.01673040225064204,-0.9997787540778953
76408000000,863,76403994511,map,-0.3802816569805145,0.2525193393230438,2.9888341426849365,0.0009725487368288131,-0.011323798267491568,0.01674553296925746,-0.999795149201966
76440000000,864,76435994323,map,-0.37037140130996704,0.25013890862464905,2.9888741970062256,0.0004481777332637628,-0.006051486656042615,0.016743257039437853,-0.9998414264416309
76476000000,865,76467994323,map,-0.35787269473075867,0.2472987025976181,2.9889631271362305,0.00028879209931216636,-0.002021628988881706,0.016770821078363973,-0.9998572736566711
76508000000,866,76499994323,map,-0.34307458996772766,0.24401657283306122,2.9890685081481934,0.00026705395669397513,0.007695019806610003,0.016780514853521444,-0.999829625324048
76540000000,867,76531994135,map,-0.32627370953559875,0.240293487906456,2.989124298095703,0.0007342916143799691,0.018481443121409702,0.01686855962006073,-0.9996866210670504
76576000000,868,76571994135,map,-0.30293574929237366,0.2350628674030304,2.9891955852508545,0.0011430198974374758,0.02395134804902858,0.016882636667463313,-0.9995699585903723
76608000000,869,76603994135,map,-0.29029348492622375,0.23511844873428345,2.9885716438293457,0.0021239008686534827,0.03428607403944166,0.01699706536117052,-0.9992652790224871
76640000000,870,76635993948,map,-0.278441458940506,0.23596642911434174,2.9876959323883057,0.0034606000229776336,0.04338767675574612,0.017080389680676437,-0.9989063143137198
76676000000,871,76667993948,map,-0.2651045322418213,0.2360990047454834,2.9866321086883545,0.0040755488845318965,0.047352999777620815,0.01714664452653564,-0.9987227226416063
76708000000,872,76699993948,map,-0.2505793571472168,0.2356041520833969,2.985685110092163,0.005107439396247226,0.053702097184800054,0.017239789061744674,-0.9983951573349796
76740000000,873,76731993761,map,-0.2350778728723526,0.2345512956380844,2.984884023666382,0.005870892678529626,0.05791366316909965,0.01728669850413728,-0.998154709564225
76776000000,874,76771993761,map,-0.21461361646652222,0.23255567252635956,2.983851432800293,0.006092927544841078,0.05935061255387401,0.017363237181033057,-0.9980676341752015
76808000000,875,76803993761,map,-0.19750787317752838,0.23049527406692505,2.9830737113952637,0.006413101347910155,0.06113282892164961,0.017394805170567743,-0.9979575044600425
76840000000,876,76835993575,map,-0.17986321449279785,0.2280532568693161,2.982248306274414,0.006452124061275174,0.0620112482699576,0.017418533846279453,-0.9979026714101299
76876000000,877,76867993575,map,-0.16176249086856842,0.22527781128883362,2.9815216064453125,0.006389665065960061,0.062177246266995785,0.01743054569810493,-0.9978925140196387
76908000000,878,76899993575,map,-0.14325681328773499,0.22218456864356995,2.980867385864258,0.006122438241332804,0.062380394076818294,0.017483313552440653,-0.9978805443146617
76940000000,879,76931993390,map,-0.12442401051521301,0.21878676116466522,2.9802229404449463,0.005910566033868537,0.06241631372846171,0.01748200700013686,-0.9978795749371459
76976000000,880,76971993390,map,-0.10040469467639923,0.2141304910182953,2.9794082641601562,0.00583796545313049,0.06248128572961928,0.017484577957895934,-0.9978759081613253
77008000000,881,77003993390,map,-0.0840488001704216,0.21273882687091827,2.9780995845794678,0.005780719496140568,0.0626726956421315,0.017403487421360945,-0.9978656243302888
77040000000,882,77035993205,map,-0.07024947553873062,0.21343755722045898,2.9762120246887207,0.005873605881902515,0.063246498642827,0.017236375167015264,-0.9978317804109346
77076000000,883,77067993205,map,-0.055785469710826874,0.21355681121349335,2.9745850563049316,0.005908377031924006,0.06360903002864952,0.017143441366048787,-0.9978101590776485
77108000000,884,77099993205,map,-0.04077593982219696,0.21311640739440918,2.973177194595337,0.0058507464849414225,0.0642659624196767,0.017053879312963153,-0.9977699088373205
77140000000,885,77131993021,map,-0.0253140926361084,0.21217574179172516,2.9718964099884033,0.005799796213447813,0.06488563699662026,0.017029602728220797,-0.9977305436808114
77176000000,886,77171993021,map,-0.005405141972005367,0.21033580601215363,2.970520257949829,0.005747889735328615,0.06511848516375278,0.017009793709420743,-0.9977160451649236
77208000000,887,77203993021,map,0.010933322831988335,0.20840008556842804,2.9694788455963135,0.0055811330950172305,0.06551428358394056,0.016984084131829117,-0.9976915156990902
77240000000,888,77235992837,map,0.02758200839161873,0.20607206225395203,2.968557357788086,0.005512963201728895,0.0659071422614447,0.016920779565365755,-0.9976670705269539
77276000000,889,77267992837,map,0.04448613524436951,0.20338065922260284,2.967712640762329,0.005536591778675314,0.06620829203076717,0.016857222117811325,-0.997648104445124
77308000000,890,77299992837,map,0.06161614507436752,0.200342059135437,2.9669766426086426,0.00563116930673376,0.06674299329275668,0.016758977813932378,-0.9976135861761936
77340000000,891,77331992654,map,0.07893794775009155,0.19698591530323029,2.9663281440734863,0.005721771860142022,0.06729783811415638,0.01661222248741751,-0.9975782671171415
77376000000,892,77371992654,map,0.1008397787809372,0.1924421787261963,2.9656410217285156,0.005804506123768911,0.06771538694235381,0.016563711464781476,-0.9975503237565788
77408000000,893,77403992654,map,0.11496256291866302,0.19277384877204895,2.965078353881836,0.0061360648442919784,0.06866630413845659,0.01651549547008491,-0.9974841532044167
77440000000,894,77435992472,map,0.12830887734889984,0.1938961297273636,2.9646546840667725,0.0064924164484515875,0.06967092695627439,0.016471999922421713,-0.9974129250304332
77476000000,895,77467992472,map,0.14205555617809296,0.19441597163677216,2.96439528465271,0.006683497088709819,0.07027171711090702,0.016455646945199468,-0.997369766657558
77508000000,896,77499992472,map,0.1561001092195511,0.1943521499633789,2.9641482830047607,0.007019325811822656,0.07128689508009878,0.016385683176671387,-0.9972965997285431
77540000000,897,77531992290,map,0.1703905165195465,0.19379688799381256,2.9639790058135986,0.007086004760344917,0.07201688639884155,0.016257556757198314,-0.997245770629239
77576000000,898,77571992290,map,0.1885966658592224,0.19242225587368011,2.9639086723327637,0.007096141077411798,0.07235242272819284,0.01616163052998754,-0.9972229270373462
77608000000,899,77603992290,map,0.20336392521858215,0.1908150464296341,2.9639804363250732,0.00701094122314702,0.07281779242438194,0.01606949751914272,-0.9971912326072659
77640000000,900,77635992109,map,0.21831119060516357,0.1888035237789154,2.964153289794922,0.0068777492793185,0.07339446404495423,0.015971801124294475,-0.9971513616885747
77676000000,901,77667992109,map,0.23337183892726898,0.18642295897006989,2.964327573776245,0.006854581683527669,0.07368741361806329,0.01597348699823487,-0.9971299510895312
77708000000,902,77699992109,map,0.24852298200130463,0.18371690809726715,2.9645159244537354,0.006854974176054426,0.0743633726770151,0.015860364856831625,-0.9970815665074406
77740000000,903,77731991928,map,0.2637498676776886,0.18069113790988922,2.9644548892974854,0.0069285335975960965,0.07511879435047814,0.015769580545139165,-0.9970258483737091
77776000000,904,77771991928,map,0.28284263610839844,0.17646144330501556,2.9643092155456543,0.006958484201819151,0.07548930729573741,0.015692451812364176,-0.9969988743906623
77808000000,905,77803991928,map,0.2933976948261261,0.17689821124076843,2.964033842086792,0.007149148641948341,0.07637071116775558,0.015600108067276913,-0.9969318187546814
77840000000,906,77835991748,map,0.30282077193260193,0.17801792919635773,2.963860273361206,0.0076754995595766425,0.07747315682096716,0.015496216085697517,-0.9968444483377183
77876000000,907,77867991748,map,0.3126636743545532,0.178476482629776,2.9638640880584717,0.007851186063416267,0.07790130294738704,0.015458115334643646,-0.9968103936841215
77908000000,908,77899991748,map,0.32284846901893616,0.17838327586650848,2.963824510574341,0.00810947775615922,0.07861327385421338,0.015307145323277654,-0.9967546755503901
77940000000,909,77931991569,map,0.3333032429218292,0.17776702344417572,2.96376633644104,0.008254239009903982,0.0791818796216519,0.015220617843284717,-0.9967098734504231
77976000000,910,77971991569,map,0.34670260548591614,0.17633163928985596,2.9636762142181396,0.00827475662259469,0.07940413312473998,0.015169535862889555,-0.9966927618299277
78008000000,911,78003991569,map,0.35765767097473145,0.1746690273284912,2.9636383056640625,0.008181701649438702,0.07971487130209869,0.015060881287428557,-0.9966703397065199
78040000000,912,78035991391,map,0.36880525946617126,0.17260007560253143,2.963855266571045,0.008111103044004924,0.0799915153131901,0.014918214205219165,-0.9966509100093564
78076000000,913,78067991391,map,0.3800932466983795,0.17016112804412842,2.964144706726074,0.008081747764017084,0.08013556270468822,0.014847238912326815,-0.9966406261783196
78108000000,914,78099991391,map,0.391486793756485,0.16739371418952942,2.964604616165161,0.00814591634087492,0.08050288829452884,0.014757761152938092,-0.9966118398807867
78140000000,915,78131991212,map,0.4029982388019562,0.1642889827489853,2.96513032913208,0.008232912704557468,0.08097171403229583,0.014720587632551579,-0.9965737391297329
78176000000,916,78171991212,map,0.4175097346305847,0.15996277332305908,2.965855121612549,0.008232841581750609,0.08130903370017474,0.01462794885952457,-0.9965476080836562
78208000000,917,78203991212,map,0.4244689345359802,0.15992912650108337,2.9670653343200684,0.008453817508493227,0.08197423741022218,0.014536279464013318,-0.9964926064463494
78240000000,918,78235991035,map,0.4302779734134674,0.1605369746685028,2.968477964401245,0.008780173727403235,0.08288063436340731,0.014521780948125678,-0.9964150562450893
78276000000,919,78267991035,map,0.43651095032691956,0.16054774820804596,2.9697327613830566,0.008947278079214837,0.08334753451703296,0.014455778983357542,-0.9963755225011861
78308000000,920,78299991035,map,0.44309476017951965,0.15999312698841095,2.9709513187408447,0.009056427880145925,0.08403995455450632,0.014416877442182013,-0.9963169805286045
78340000000,921,78331990858,map,0.44996410608291626,0.15896275639533997,2.9720466136932373,0.009067557282330828,0.08435496800281084,0.014355680218144267,-0.9962911023636187
78376000000,922,78371990858,map,0.4589393436908722,0.1570458710193634,2.973318338394165,0.009093182566225452,0.08440643984155476,0.01434265684195441,-0.9962866769445251
78408000000,923,78403990858,map,0.46638500690460205,0.15504732728004456,2.974295139312744,0.008968425260455179,0.0845265083104282,0.014260217606267006,-0.9962788376307021
78440000000,924,78435990682,map,0.47405165433883667,0.15268726646900177,2.975154399871826,0.008850266570654885,0.08465231665323322,0.014216553471209764,-0.9962698182051208
78476000000,925,78467990682,map,0.48191165924072266,0.15000750124454498,2.9759621620178223,0.008852848065126177,0.0847297720240841,0.014214909744117881,-0.9962632854436015
78508000000,926,78499990682,map,0.48994553089141846,0.14704416692256927,2.9766175746917725,0.008791295227054045,0.0850343225172458,0.014186924236706594,-0.9962382502155861
78540000000,927,78531990506,map,0.4981534779071808,0.143812358379364,2.977231502532959,0.008755559967872873,0.08545381536883079,0.014156367771536232,-0.9962031418907766
78576000000,928,78571990506,map,0.5085882544517517,0.13938410580158234,2.97799015045166,0.008780236947676002,0.08578208663517002,0.014138202479827949,-0.9961749456491228
78608000000,929,78603990506,map,0.5142573714256287,0.1378011405467987,2.978349208831787,0.008795480935946792,0.08647425642573034,0.01415388110747407,-0.9961147599494492
78640000000,930,78635990331,map,0.51751708984375,0.13796375691890717,2.9785478115081787,0.009002221764604848,0.08718538966394253,0.014272524486032228,-0.9960492216000147
78676000000,931,78667990331,map,0.5212253928184509,0.137571319937706,2.9787192344665527,0.009110428529800504,0.08775577876990864,0.014283861988281582,-0.9959979288853771
78708000000,932,78699990331,map,0.5253163576126099,0.13669522106647491,2.9788992404937744,0.009271137097350576,0.0884684266604892,0.014349526778261628,-0.9959325169764881
78740000000,933,78731990157,map,0.5297403335571289,0.13537989556789398,2.979363441467285,0.009274975094743105,0.08877536898730387,0.014337809954375618,-0.9959053744060471
78776000000,934,78771990157,map,0.5356618165969849,0.13318940997123718,2.979912519454956,0.009326354737255916,0.08895977988878526,0.014322552795214665,-0.9958885999603397
78808000000,935,78803990157,map,0.5406891703605652,0.13102011382579803,2.9802165031433105,0.009324987598857337,0.08920098366863508,0.014347672316927134,-0.9958666835991141
78840000000,936,78835989983,map,0.5459566712379456,0.12852180004119873,2.980579137802124,0.009217054788177003,0.08931243574116607,0.014349231750322105,-0.9958576220266843
78876000000,937,78867989983,map,0.5513925552368164,0.12573565542697906,2.980973243713379,0.0092132431325648,0.08948071493637991,0.014330687136977221,-0.9958428706297056
78908000000,938,78899989983,map,0.5569829344749451,0.12269571423530579,2.981377124786377,0.00930413807973461,0.08981428090056331,0.014338273569709242,-0.9958119348428984
78940000000,939,78931989810,map,0.5626851916313171,0.11940173804759979,2.981827735900879,0.009314553619672856,0.09005930687273747,0.014325545221458852,-0.9957898498942788
78976000000,940,78971989810,map,0.5699015259742737,0.11493942141532898,2.9825642108917236,0.009342520687837875,0.09025393838498275,0.014337557073284551,-0.9957717688962675
79008000000,941,79003989810,map,0.5729888081550598,0.11361687630414963,2.983625888824463,0.009541145613979554,0.09061423335365615,0.014364952524816626,-0.9957367870120035
79040000000,942,79035989638,map,0.5736837387084961,0.1142488420009613,2.9849672317504883,0.009775123843487782,0.09098104791295858,0.014478158959916837,-0.9956994449042228
79076000000,943,79067989638,map,0.5748310685157776,0.11433269828557968,2.9862544536590576,0.009871031631452356,0.09125490496369222,0.014480182008645431,-0.9956733981518431
79108000000,944,79099989638,map,0.5763521790504456,0.1138918325304985,2.9874165058135986,0.01003297036014334,0.09170039715245237,0.01449876876883866,-0.9956305348069077
79140000000,945,79131989466,map,0.5781980156898499,0.11300435662269592,2.9885120391845703,0.010150970999261709,0.09188571684535476,0.014471963373185742,-0.9956126645431389
79176000000,946,79171989466,map,0.5809646248817444,0.11135691404342651,2.9898440837860107,0.010156789898534252,0.09196375963790679,0.014457549150995013,-0.9956055838725891
79208000000,947,79203989466,map,0.5834960341453552,0.10964073985815048,2.9907054901123047,0.010139038172777065,0.09200463944678432,0.014461089486269956,-0.9956019592436172
79240000000,948,79235989294,map,0.5862811803817749,0.10759775340557098,2.991502285003662,0.01005133584938196,0.09213738621452544,0.01448153070779768,-0.9955902845665796
79276000000,949,79267989294,map,0.5892940163612366,0.10524864494800568,2.9922120571136475,0.010063474141753096,0.09219138686418002,0.014503657803265962,-0.9955848476231217
79308000000,950,79299989294,map,0.5925099849700928,0.1026456281542778,2.9928648471832275,0.00998140895934632,0.09237006316008589,0.014469055240638523,-0.9955696326108092
79340000000,951,79331989124,map,0.5958893299102783,0.09978025406599045,2.993556261062622,0.010090629883084274,0.0926262554129374,0.014475798736400208,-0.9955445973827939
79376000000,952,79371989124,map,0.6002976894378662,0.09585221856832504,2.9943478107452393,0.010146208405379989,0.09278389779725829,0.014468844506395967,-0.9955294666641784
79408000000,953,79403989124,map,0.6011898517608643,0.0948776975274086,2.99564266204834,0.010238114876914053,0.0931064002137076,0.014435295614981308,-0.9954988680521595
79440000000,954,79435988954,map,0.5997493267059326,0.0958184078335762,2.9975409507751465,0.010456301209120859,0.09358606032571992,0.014459108584389984,-0.9954512842601907
79476000000,955,79467988954,map,0.5988311767578125,0.09622608125209808,2.999311685562134,0.010622014714931597,0.0938920122015946,0.014475588002157707,-0.9954204749139293
79508000000,956,79499988954,map,0.5983462333679199,0.09613461792469025,3.0009114742279053,0.010808453933497565,0.0941883545960088,0.01454357086880576,-0.9953894969802738
79540000000,957,79531988784,map,0.5982664823532104,0.09562604874372482,3.0023388862609863,0.010791421338343097,0.09445170391057306,0.014572525753732806,-0.9953643353117128
79576000000,958,79571988784,map,0.5986379981040955,0.09445712715387344,3.00406551361084,0.010811030159612793,0.09450666340103125,0.014551073007840703,-0.995359235543043
79608000000,959,79603988784,map,0.5992913842201233,0.09311936050653458,3.0053024291992188,0.010714872124735186,0.09459714214807202,0.014498600181444615,-0.9953523656067357
79640000000,960,79635988615,map,0.6002641916275024,0.09145598113536835,3.0063581466674805,0.010667398968243735,0.09458711646648249,0.014448782606504734,-0.9953545572428583
79676000000,961,79667988615,map,0.6015365719795227,0.08946606516838074,3.007279396057129,0.010639969272397234,0.09461988827537775,0.014397784919806594,-0.9953525341941296
79708000000,962,79699988615,map,0.60308438539505,0.08719135820865631,3.008047342300415,0.010618740431637906,0.09473230182289039,0.014407815869752155,-0.995341913188305
79740000000,963,79731988447,map,0.6048597693443298,0.08466486632823944,3.0087292194366455,0.010663039403600886,0.09502634721406074,0.014344806331228371,-0.9953143070025303
79776000000,964,79771988447,map,0.6073620319366455,0.08117149770259857,3.0095021724700928,0.01071732981283898,0.09520459150476937,0.014339833003104046,-0.9952967739135499
79808000000,965,79803988447,map,0.6053719520568848,0.08171391487121582,3.011110305786133,0.010828650176468382,0.09562776693724301,0.014353615022567162,-0.9952547535055845
79840000000,966,79835988279,map,0.6025269627571106,0.08291968703269958,3.0128889083862305,0.011129618187506641,0.09620100885801772,0.014304345356657982,-0.995196970176276
79876000000,967,79867988279,map,0.6002077460289001,0.08361286669969559,3.0144810676574707,0.011325032050627402,0.09650045167997548,0.014325924543095508,-0.9951654443335898
79908000000,968,79899988279,map,0.5983131527900696,0.08387874066829681,3.0159106254577637,0.011398349127790133,0.09678893368714239,0.014272313751789617,-0.9951373745324816
79940000000,969,79931988112,map,0.5968341827392578,0.08372391760349274,3.0171267986297607,0.011340328722458824,0.09697275189856659,0.014293766497681664,-0.9951197992966525
79976000000,970,79971988112,map,0.5955435633659363,0.08296076208353043,3.0183768272399902,0.011227253996260162,0.09695853260555024,0.014293176441802563,-0.9951224966949572
80008000000,971,80003988112,map,0.5949052572250366,0.08193667978048325,3.0191240310668945,0.011021084784235023,0.09688409863690195,0.014250861005897624,-0.9951326119385998
80040000000,972,80035987946,map,0.5945972204208374,0.0805714875459671,3.01961612701416,0.01086800479626542,0.09683308251095755,0.01424348530740816,-0.9951393975812102
80076000000,973,80067987946,map,0.5945766568183899,0.07887919247150421,3.0198824405670166,0.01080749772687197,0.09686904957780554,0.014228481029338385,-0.9951367844766024
80108000000,974,80099987946,map,0.5948309302330017,0.07691844552755356,3.020120143890381,0.010794498058284396,0.09690855961410647,0.014218534373089736,-0.9951332441413274
80140000000,975,80131987780,map,0.5953377485275269,0.07471668720245361,3.020343780517578,0.010848606709238288,0.09705874727459701,0.014186039152887858,-0.9951184505975001
80176000000,976,80171987780,map,0.5962931513786316,0.071610227227211,3.0204830169677734,0.010904983387477666,0.09720447527167948,0.014164502113298732,-0.9951039099347639
80208000000,977,80203987780,map,0.5939607620239258,0.07192563265562057,3.0206165313720703,0.010964423614768194,0.09751063788179672,0.014156452065233199,-0.9950734377632906
80240000000,978,80235987615,map,0.5888806581497192,0.07473251223564148,3.020782709121704,0.011190441358263926,0.09795429141429057,0.01416837962336182,-0.9950271183767772
80276000000,979,80267987615,map,0.5844401121139526,0.07693713158369064,3.0208919048309326,0.011325993525609061,0.09822412870934749,0.014150762240684294,-0.99499930145676
80308000000,980,80299987615,map,0.5805713534355164,0.0785796195268631,3.0209991931915283,0.01141932772163643,0.09860565251878023,0.014068955207724559,-0.9949616643210397
80340000000,981,80331987450,map,0.5772262215614319,0.07969804853200912,3.021000623703003,0.011260718593977813,0.09862179476175989,0.014063433970569644,-0.9949618750552822
80376000000,982,80371987450,map,0.5737316012382507,0.08041654527187347,3.0209407806396484,0.011143992897026894,0.0985631579587691,0.014052728671047903,-0.9949692086069232
80408000000,983,80403987450,map,0.5714167952537537,0.08048747479915619,3.020758867263794,0.010807413433174954,0.0985274121628758,0.013966243337903533,-0.9949776379766253
80440000000,984,80435987286,map,0.5695241689682007,0.08017794042825699,3.0205070972442627,0.010669585336010234,0.09836341614114189,0.013922494909149213,-0.9949960140025761
80476000000,985,80467987286,map,0.5679931044578552,0.07952425628900528,3.0202205181121826,0.010557098031512687,0.09835566902354999,0.0139216941190275,-0.9949979949044561
80508000000,986,80499987286,map,0.5668084025382996,0.07854200154542923,3.019885778427124,0.010335208044992992,0.09827637763061084,0.013880053032698797,-0.9950087002039778
80540000000,987,80531987123,map,0.5659465193748474,0.07725226134061813,3.0192790031433105,0.010215911390282903,0.09830880963053996,0.01385160390995394,-0.9950071407705829
80576000000,988,80571987123,map,0.565324068069458,0.07524319738149643,3.0185258388519287,0.01016844877050358,0.09833789622436855,0.013797403062768948,-0.9950054548966425
80608000000,989,80603987123,map,0.5601029396057129,0.07632268965244293,3.01956844329834,0.010201078333785104,0.09850543258137738,0.013796180804162067,-0.9949886383040866
80640000000,990,80635986960,map,0.5539118647575378,0.07784177362918854,3.0208635330200195,0.01030642701581611,0.09895377758494611,0.013781724435122827,-0.9949432461482404
80676000000,991,80667986960,map,0.5484060049057007,0.07886641472578049,3.0218844413757324,0.010294009500573595,0.09919892999766579,0.01379382058064544,-0.9949187588292555
80708000000,992,80699986960,map,0.543500542640686,0.07944642007350922,3.022818088531494,0.010346308471219546,0.09937145285368906,0.013786529175853109,-0.9949010992997295
80740000000,993,80731986798,map,0.5391781330108643,0.07959872484207153,3.023653984069824,0.01025040858578907,0.09933395796358258,0.013735362901760924,-0.9949065783900359
80776000000,994,80771986798,map,0.5345727205276489,0.07924237102270126,3.024566411972046,0.010192846527435321,0.09924292077079903,0.01373595295763997,-0.9949162721651934
80808000000,995,80803986798,map,0.5314514636993408,0.07855571061372757,3.025136709213257,0.010044015468631226,0.09901873114685747,0.013653977337286299,-0.9949412652463604
80840000000,996,80835986636,map,0.5288004875183105,0.07752806693315506,3.025563955307007,0.010034548232784468,0.09889547795674342,0.013597584853978778,-0.9949543307693988
80876000000,997,80867986636,map,0.5266016125679016,0.07618075609207153,3.025846481323242,0.010013422124968382,0.09884717766834994,0.01357925097487656,-0.9949595991254626
80908000000,998,80899986636,map,0.5248003602027893,0.07452712208032608,3.025989294052124,0.010016051034644249,0.09873007791811847,0.013524122897024265,-0.9949719902989248
80940000000,999,80931986475,map,0.5234060287475586,0.07265018671751022,3.0261070728302,0.010221005890596662,0.09884080295751266,0.013460860477409414,-0.9949598098597051
80976000000,1000,80971986475,map,0.522148072719574,0.07001148909330368,3.026078462600708,0.010362155686259642,0.0989143175980278,0.013454074834799217,-0.9949510854620635
81008000000,1001,81003986475,map,0.5174698233604431,0.0702909603714943,3.0269320011138916,0.010521634092668803,0.09910990531689864,0.013441894395579473,-0.9949301384783535
81040000000,1002,81035986315,map,0.509528398513794,0.07269960641860962,3.0282363891601562,0.010763293585318147,0.09952062635563733,0.013460776183712449,-0.9948862214622052
81076000000,1003,81067986315,map,0.502441942691803,0.07454711198806763,3.0292539596557617,0.01083634987885571,0.09967703857881731,0.013441009311760795,-0.9948700792192254
81108000000,1004,81107986315,map,0.4946138560771942,0.0761321410536766,3.0302181243896484,0.01084239268326096,0.09991566876672993,0.013431947739330992,-0.9948461819561198
81140000000,1005,81131986155,map,0.4904386103153229,0.07675062865018845,3.030660629272461,0.010765996251978908,0.09987341128274169,0.013464527253229892,-0.9948507759626075
81176000000,1006,81171986155,map,0.4842747151851654,0.07724811881780624,3.031113624572754,0.01066166699684625,0.09977282256041438,0.013452431107707281,-0.9948621977585539
81208000000,1007,81203986155,map,0.4800308644771576,0.07720335572957993,3.0312857627868652,0.010374099049456421,0.0993996438269868,0.01338002282196555,-0.9949035859637916
81240000000,1008,81235985996,map,0.47634533047676086,0.07683973014354706,3.0313704013824463,0.01026273127062245,0.09917339427582425,0.013328940841570332,-0.9949280311359279
81276000000,1009,81267985996,map,0.4731732904911041,0.07616783678531647,3.0312998294830322,0.010222797131658376,0.09904743841904945,0.01331743475192682,-0.9949411388058149
81308000000,1010,81299985996,map,0.47047507762908936,0.07519886642694473,3.031057119369507,0.010112630538006961,0.09877602851970749,0.013252697192614132,-0.9949701358375904
81340000000,1011,81331985837,map,0.46811094880104065,0.07397341728210449,3.030712842941284,0.010009354954087077,0.09859166239925264,0.013204017582583999,-0.994990071296936
81376000000,1012,81371985837,map,0.4633377492427826,0.0722285732626915,3.0301601886749268,0.009864106377406414,0.0984122221917175,0.013180710375357512,-0.9950095852877965
81408000000,1013,81403985837,map,0.4518328011035919,0.07362454384565353,3.031043291091919,0.009250935586023702,0.09721962179536309,0.013099957013610669,-0.9951337499035096
81440000000,1014,81435985679,map,0.43720492720603943,0.07565817981958389,3.0321969985961914,0.008168899544203514,0.09275034890584363,0.013001965590822789,-0.99557102345681
81476000000,1015,81467985679,map,0.4215134084224701,0.07739459723234177,3.0330536365509033,0.0075117353455095275,0.08924046472897765,0.012973305733835377,-0.9958973243579814
81508000000,1016,81499985679,map,0.4048754572868347,0.07886900007724762,3.033602714538574,0.006198186664819005,0.08034072039234907,0.012926859906776394,-0.9966643970008797
81540000000,1017,81531985522,map,0.38749009370803833,0.08005695044994354,3.033968687057495,0.005108203307876485,0.07036032295736708,0.01297398008341161,-0.9974242203858341
81576000000,1018,81571985522,map,0.3650073707103729,0.08109413832426071,3.0340490341186523,0.004723315653096976,0.06518852268926575,0.012995643563546214,-0.9977771580952643
81608000000,1019,81603985522,map,0.34662970900535583,0.0815635696053505,3.0338351726531982,0.004018620345994818,0.055220371547954214,0.013091864818696512,-0.9983803216443037
81640000000,1020,81635985365,map,0.32814842462539673,0.08169831335544586,3.0335049629211426,0.003870254219613361,0.04642257912078448,0.013162418643103805,-0.9988276682943984
81676000000,1021,81667985365,map,0.30971819162368774,0.08149665594100952,3.0330705642700195,0.00394778071327112,0.04261409769310898,0.013190193416272481,-0.9989968035974726
81708000000,1022,81699985365,map,0.29145491123199463,0.08096647262573242,3.032480239868164,0.004404594599212506,0.03607312544099487,0.013220749881442896,-0.9992520027652061
81740000000,1023,81731985209,map,0.2734944820404053,0.08011579513549805,3.0318140983581543,0.005007791075477309,0.03114143445177109,0.013306645158708054,-0.999413930957185
81776000000,1024,81771985209,map,0.2516109347343445,0.07865965366363525,3.030952215194702,0.0053813517647195224,0.029180676131169245,0.013349719237886195,-0.9994705763215836
81808000000,1025,81803985209,map,0.22759930789470673,0.07964498549699783,3.032029867172241,0.006140918317315809,0.02625871810051697,0.013415131146775118,-0.9995462720615091
81840000000,1026,81835985053,map,0.2023775577545166,0.08102789521217346,3.033515214920044,0.006935637317203701,0.02463111151960301,0.013386513436636218,-0.9995828976728651
81876000000,1027,81867985053,map,0.1783738136291504,0.08202137798070908,3.0347073078155518,0.007246189785011144,0.024111133995722966,0.013375681696568888,-0.9995935608255384
81908000000,1028,81899985053,map,0.1554933488368988,0.08265534043312073,3.035583019256592,0.007550345151468044,0.023256488104153154,0.013396502239733267,-0.9996112625019129
81940000000,1029,81931978898,map,0.13369856774806976,0.0829625129699707,3.0362703800201416,0.0075484459091070205,0.022458824751770072,0.013424740628235567,-0.9996291327656815
81976000000,1030,81971978898,map,0.10783541202545166,0.08293729275465012,3.0368075370788574,0.007513056385792537,0.02208410699982733,0.013426510795873038,-0.9996377307227777
82008000000,1031,82003978898,map,0.08818751573562622,0.08262696117162704,3.0369644165039062,0.007530574328249387,0.02159963358600616,0.013398188113673661,-0.9996486046096937
82040000000,1032,82035984744,map,0.06943659484386444,0.08209917694330215,3.036947250366211,0.007298754149093817,0.020842904701694774,0.013385670499665993,-0.9996665170203107
82076000000,1033,82067984744,map,0.051554854959249496,0.08132049441337585,3.0368216037750244,0.007240964234340301,0.020519460566599063,0.013393214785549447,-0.999673555544012
82108000000,1034,82099984744,map,0.03448738157749176,0.08032415062189102,3.036473035812378,0.00726019570960692,0.019953284169850507,0.01338453253475619,-0.99968493519311
82140000000,1035,82131984590,map,0.018197545781731606,0.07913035899400711,3.0358657836914062,0.007250964232694019,0.019368682356313102,0.013351362964978132,-0.9996970313386326
82176000000,1036,82171984590,map,-0.001146056572906673,0.07739429175853729,3.034968376159668,0.007304364289757321,0.019132754835061244,0.01335439753807083,-0.9997010774360897
82208000000,1037,82203984590,map,-0.022558804601430893,0.07736938446760178,3.03546142578125,0.007431100521774088,0.01883000809530692,0.013344240147579735,-0.9997060929110624
82240000000,1038,82235984437,map,-0.044916003942489624,0.07755263149738312,3.03617525100708,0.0075482141014402105,0.018591066415842027,0.013305380753252717,-0.9997101390085195
82276000000,1039,82267984437,map,-0.06600774079561234,0.07743949443101883,3.036590099334717,0.007609830489057359,0.018490685464306985,0.013312334983257014,-0.9997115298545203
82308000000,1040,82299984437,map,-0.08594091981649399,0.07710032165050507,3.0366902351379395,0.007792753079950704,0.018048438582882173,0.013306181543374486,-0.9997182733502821
82340000000,1041,82331984285,map,-0.10479255020618439,0.0765429139137268,3.0365519523620605,0.007818300984865639,0.01726673933718935,0.013292399523911426,-0.9997320553697453
82376000000,1042,82371984285,map,-0.12691718339920044,0.07554054260253906,3.0361385345458984,0.00782025389860406,0.016780806259466235,0.01326171661819542,-0.9997406533268415
82408000000,1043,82403984285,map,-0.14354103803634644,0.07454168796539307,3.0357439517974854,0.00783495886819506,0.015746413607892827,0.013198959960762703,-0.9997582285626705
82440000000,1044,82435984133,map,-0.15925385057926178,0.07338029891252518,3.0351719856262207,0.007854920998593288,0.014561810246771096,0.013150111763338636,-0.9997766467354697
82476000000,1045,82467984133,map,-0.17412050068378448,0.07206447422504425,3.0345473289489746,0.007857178489166653,0.014142816571923155,0.013155295825705404,-0.9997825894411096
82508000000,1046,82499984133,map,-0.18821820616722107,0.07059285044670105,3.0337729454040527,0.007945415386066112,0.013192375009591256,0.013152050518370095,-0.9997949384677234
82540000000,1047,82531983982,map,-0.2015426754951477,0.06898359209299088,3.03291916847229,0.008031605361998638,0.012321987599374876,0.013106279040887236,-0.9998059809420332
82576000000,1048,82571983982,map,-0.2171376794576645,0.06680084019899368,3.0315897464752197,0.008128294677658056,0.01195125025507451,0.013119597445016673,-0.9998095212773083
82608000000,1049,82603983982,map,-0.23477546870708466,0.0669904574751854,3.030761957168579,0.00829632774186204,0.011302224184774048,0.013120482528835464,-0.9998156325703422
82640000000,1050,82635977831,map,-0.2531404495239258,0.06756497919559479,3.029970407485962,0.008484189169611063,0.010842810612069334,0.01307209794674491,-0.9998198472551935
82676000000,1051,82667977831,map,-0.2702919840812683,0.06784054636955261,3.029047966003418,0.00855796056016624,0.01065045116069466,0.01301098501640413,-0.9998220388913159
82708000000,1052,82699977831,map,-0.2863064110279083,0.06783359497785568,3.028036594390869,0.008749379856937705,0.010137372384444118,0.012943550058786668,-0.9998265907509551
82740000000,1053,82731977681,map,-0.301277220249176,0.06759344786405563,3.0268657207489014,0.008724945303831578,0.009353871607931646,0.012891582994572826,-0.9998350622675058
82776000000,1054,82771977681,map,-0.31862786412239075,0.06695834547281265,3.025279998779297,0.008751945479457377,0.00891211614991128,0.012898790105668079,-0.9998388133370233
82808000000,1055,82803977681,map,-0.33148181438446045,0.06624116003513336,3.0239031314849854,0.008743959788682814,0.007985296594515356,0.012842776943997158,-0.999847453440968
82840000000,1056,82835977532,map,-0.3434582054615021,0.06534625589847565,3.0223653316497803,0.008750213491966747,0.007090100001685871,0.012842355475512102,-0.9998541126430327
82876000000,1057,82867977532,map,-0.35459449887275696,0.06425832957029343,3.0207784175872803,0.008773737360336396,0.006674206095837004,0.012866379179163223,-0.9998564728665493
82908000000,1058,82899977532,map,-0.36491987109184265,0.06303361803293228,3.0191426277160645,0.008873506935613841,0.005821136677501238,0.012868570815285807,-0.9998608561387945
82940000000,1059,82931977383,map,-0.37448394298553467,0.06166728958487511,3.017427921295166,0.008989057624526396,0.00528940429878983,0.012783139153354162,-0.9998639328587358
82976000000,1060,82971977383,map,-0.38543376326560974,0.0597846657037735,3.015232801437378,0.00900407902475348,0.0050532476040491955,0.01275447929636686,-0.9998653658515851
83008000000,1061,83003977383,map,-0.3993445336818695,0.06029202789068222,3.0146076679229736,0.009202385709261683,0.00464645758211481,0.012676212598682068,-0.9998665038164949
83040000000,1062,83035977235,map,-0.41400134563446045,0.061161208897829056,3.014139175415039,0.009377796941496975,0.004530092767554263,0.012633307106897973,-0.9998659980543129
83076000000,1063,83067977235,map,-0.4274495542049408,0.06172211840748787,3.013524293899536,0.00952875361733671,0.004473514739331562,0.012594869181056123,-0.9998653237047366
83108000000,1064,83099977235,map,-0.43975865840911865,0.06200836971402168,3.012741804122925,0.009775869645143067,0.0041938942717001946,0.012531269586653127,-0.999864860089403
83140000000,1065,83131977087,map,-0.45104342699050903,0.062051549553871155,3.0118114948272705,0.009715179171104142,0.003651095875712772,0.012546358158419979,-0.9998674731940107
83176000000,1066,83171977087,map,-0.46381741762161255,0.061826955527067184,3.0105698108673096,0.009696834096745268,0.0033194061048326083,0.012554408206485623,-0.9998686954526175
83208000000,1067,83203977087,map,-0.47302404046058655,0.061389122158288956,3.009568214416504,0.009605378398926914,0.0027212432135145705,0.01251108124621636,-0.9998718986131043
83240000000,1068,83235976940,map,-0.48139333724975586,0.060751259326934814,3.0084927082061768,0.009476401469221735,0.0020106312132804516,0.012532576138956919,-0.999874511717712
83276000000,1069,83267976940,map,-0.4889627695083618,0.059966571629047394,3.0073721408843994,0.009477359322208596,0.0016999045604506472,0.01251917344113046,-0.9998753546546822
83308000000,1070,83299976940,map,-0.4958156943321228,0.05901482328772545,3.006425380706787,0.009407546689645094,0.0011057607662648275,0.012522208014223324,-0.9998767876475316
83340000000,1071,83331976794,map,-0.5019547343254089,0.0578879676759243,3.005527973175049,0.009286224352028452,0.0006365287065364084,0.012515295931067427,-0.999878389227775
83376000000,1072,83371976794,map,-0.5086715221405029,0.056263942271471024,3.0047929286956787,0.009330761387831071,0.0005122630042413398,0.012523683153921161,-0.9998779256124414
83408000000,1073,83403976794,map,-0.5197228193283081,0.057495370507240295,3.004976272583008,0.009337880912506872,0.00035615502862403677,0.012457976217092659,-0.9998787264025631
83440000000,1074,83435976649,map,-0.5316822528839111,0.059230268001556396,3.005307197570801,0.009415045865229748,0.00039788304282785327,0.012402131642815728,-0.9998787685494117
83476000000,1075,83467976649,map,-0.5423944592475891,0.06058648228645325,3.005589246749878,0.009462034991507839,0.00043644279940376594,0.012369805010007895,-0.9998786421088661
83508000000,1076,83499976649,map,-0.5519806742668152,0.061584461480379105,3.0057852268218994,0.00942874293245128,0.00024951033100131554,0.012402932432937386,-0.9998786421088661
83540000000,1077,83531976504,map,-0.560495138168335,0.06229477748274803,3.005795478820801,0.009290096264463138,-8.594368028647873e-05,0.012442634764234795,-0.9998794850458363
83576000000,1078,83571976504,map,-0.5697820782661438,0.06276838481426239,3.0056614875793457,0.009222506548886332,-0.0002530177390507106,0.01248347506044184,-0.9998795271926848
83608000000,1079,83603976504,map,-0.5762047171592712,0.06283392012119293,3.005483627319336,0.009053433148995866,-0.0006815537238193209,0.012517023951856499,-0.999880454423352
83640000000,1080,83635976360,map,-0.5817971229553223,0.06263089179992676,3.0052895545959473,0.008873325506601892,-0.0012050626926234228,0.01258028637147135,-0.9998807494512916
83676000000,1081,83667976360,map,-0.586590588092804,0.062191758304834366,3.0050852298736572,0.008769764772910053,-0.0015186135135757104,0.012618808591010222,-0.9998808337449886
83708000000,1082,83699976360,map,-0.5906225442886353,0.06155552715063095,3.0047130584716797,0.008736644264697826,-0.0020293961097630456,0.01274980099618217,-0.9998784735214721
83740000000,1083,83731976216,map,-0.5939233303070068,0.06072108447551727,3.004210948944092,0.008826623505729282,-0.0023722129779223397,0.012826423966774914,-0.9998760290042583
83776000000,1084,83771976216,map,-0.597103476524353,0.05941030755639076,3.0036795139312744,0.008826878691726126,-0.0025606729403110564,0.012849225411819376,-0.9998752282141368
83808000000,1085,83803976216,map,-0.6048683524131775,0.06147879734635353,3.0041630268096924,0.008863097981120666,-0.0027517884834282126,0.012851164166850781,-0.9998743852771664
83840000000,1086,83835976073,map,-0.6134333610534668,0.06415974348783493,3.004981279373169,0.009093417666614798,-0.002705090763094905,0.012868233640497717,-0.9998722357878924
83876000000,1087,83867976073,map,-0.6208370923995972,0.0663907453417778,3.0056710243225098,0.009160589864973543,-0.002616002203510494,0.01289090864499659,-0.9998715614383162
83908000000,1088,83899976073,map,-0.6271544098854065,0.06820493191480637,3.0063281059265137,0.009193934278318485,-0.002681065413082425,0.012955351176369756,-0.9998702548860123
83940000000,1089,83931975931,map,-0.6324828267097473,0.06961214542388916,3.006822347640991,0.009013840794631434,-0.0029906550888191964,0.013010437107373485,-0.9998702970328609
83976000000,1090,83971975931,map,-0.6378674507141113,0.0708545669913292,3.007235050201416,0.008902232317779793,-0.0032371927499114175,0.013036863181389802,-0.9998701705923154
84008000000,1091,84003975931,map,-0.6411885023117065,0.07146930694580078,3.0074400901794434,0.008764237773490682,-0.003616688736167952,0.013068768345712634,-0.9998697069769817
84040000000,1092,84035975789,map,-0.6437482237815857,0.07178408652544022,3.007497787475586,0.008624228083007142,-0.0039512759382471134,0.013099156223488895,-0.9998692433616481
84076000000,1093,84067975789,map,-0.6455708146095276,0.07178448885679245,3.0075621604919434,0.008581148735472945,-0.004151779033325564,0.013106194747190214,-0.9998686954526176
84108000000,1094,84099975789,map,-0.6467048525810242,0.07151150703430176,3.0075619220733643,0.008489537291878452,-0.004478061495250682,0.013203258939310791,-0.9998667988444345
84140000000,1095,84131975648,map,-0.6472053527832031,0.07095693796873093,3.007528066635132,0.00850874374245377,-0.0047242142370779875,0.013198369904883545,-0.9998655344389791
84176000000,1096,84171975648,map,-0.6470048427581787,0.06992984563112259,3.0073912143707275,0.008565730232907546,-0.004861931698765365,0.01318939262615082,-0.9998645650614635
84208000000,1097,84203975648,map,-0.6521981954574585,0.07222475856542587,3.0088601112365723,0.008684528534061216,-0.0049814580208726094,0.013328013610903078,-0.9998610668730371
84240000000,1098,84235975508,map,-0.6582466959953308,0.07514838874340057,3.0106050968170166,0.008937647030421709,-0.0049415419918825065,0.013388831513304278,-0.9998582430341867
84276000000,1099,84267975508,map,-0.6631727814674377,0.07758118212223053,3.012094020843506,0.009064387049069395,-0.0049334782790183855,0.013385333324877846,-0.9998571893629741
84308000000,1100,84299975508,map,-0.6670847535133362,0.07958289235830307,3.0133635997772217,0.008996608989763306,-0.004952272480731704,0.013391950380094109,-0.9998576529783076
84340000000,1101,84331975368,map,-0.6700609922409058,0.08119972050189972,3.0144498348236084,0.00881475669833156,-0.005158214330265457,0.013398103819976637,-0.9998581587404898
84376000000,1102,84371975368,map,-0.672589898109436,0.08269049972295761,3.0152029991149902,0.00864398408897437,-0.005338705739471456,0.013418840069444105,-0.9998583273278838
84408000000,1103,84403975368,map,-0.6767364144325256,0.08494928479194641,3.0160951614379883,0.00841450034341506,-0.0057096856751049484,0.013442315864064636,-0.9998579480062473
84440000000,1104,84435975229,map,-0.6827213168144226,0.08818672597408295,3.017378807067871,0.008158115713249165,-0.006059517770953592,0.013478435713238535,-0.9998575686846107
84476000000,1105,84467975229,map,-0.6875572800636292,0.09091498702764511,3.0184178352355957,0.008065086834919303,-0.006314448499481989,0.013469837756142189,-0.9998568100413374
84508000000,1106,84499975229,map,-0.6913585066795349,0.09320511668920517,3.0192625522613525,0.00785313815397405,-0.006913779401802997,0.013511689576713504,-0.9998539862024872
84540000000,1107,84531975091,map,-0.6942261457443237,0.09508047252893448,3.019841432571411,0.007468876090752722,-0.0075709370407763005,0.013570400136689198,-0.9998514152447281
84576000000,1108,84571975091,map,-0.6965756416320801,0.09689728915691376,3.020169734954834,0.007296305598295072,-0.007897845341213797,0.013580304646089336,-0.9998500243987272
84608000000,1109,84603975091,map,-0.6975297331809998,0.09793548285961151,3.0203332901000977,0.006963677236854904,-0.008671149296882728,0.013616129467323546,-0.999845472539088
84640000000,1110,84635974953,map,-0.6977108120918274,0.098642498254776,3.0204005241394043,0.006707789478520282,-0.009329032379225242,0.013629279284058993,-0.9998410892668429
84676000000,1111,84667974953,map,-0.6971548795700073,0.09899839013814926,3.020251750946045,0.006651307762431873,-0.009583642478896315,0.013662491000685506,-0.9998386447496292
84708000000,1112,84699974953,map,-0.6958975791931152,0.09900540113449097,3.0199849605560303,0.006589639020526339,-0.010015083962034146,0.013703837059074742,-0.9998342193305356
84740000000,1113,84731974816,map,-0.694004237651825,0.09872676432132721,3.019582509994507,0.00660226266019986,-0.010279391458857519,0.013727987203271452,-0.9998311426105942
84776000000,1114,84771974816,map,-0.6908575892448425,0.09800577908754349,3.0191242694854736,0.006732670607120885,-0.010337034847458007,0.013756773500804398,-0.9998293302961083
84808000000,1115,84803974816,map,-0.6925644278526306,0.09920406341552734,3.0198163986206055,0.006966369284485473,-0.010393833323454754,0.013719852861508786,-0.9998276444221679
84840000000,1116,84835974679,map,-0.6949127316474915,0.10070101916790009,3.020611047744751,0.0072348295629761855,-0.010281589021880656,0.013686683291730783,-0.9998273493942282
84876000000,1117,84867974679,map,-0.696298360824585,0.10181474685668945,3.0211806297302246,0.007363610081781858,-0.010203570430839309,0.01368638826379126,-0.9998272229536829
84908000000,1118,84899974679,map,-0.6968467831611633,0.10259397327899933,3.0216050148010254,0.007466950203063522,-0.010245158833607434,0.013713868009020302,-0.9998256213734394
84940000000,1119,84931974543,map,-0.6966235041618347,0.10308758169412613,3.0218892097473145,0.007420552614389725,-0.010320660138267018,0.013683690865486486,-0.9998256213734394
84976000000,1120,84971974543,map,-0.6953097581863403,0.10330500453710556,3.0222043991088867,0.007386567601874643,-0.010413222684767163,0.01368689402597334,-0.9998248627301662
85008000000,1121,85003974543,map,-0.6935339570045471,0.10319297760725021,3.022369384765625,0.0071921440250577616,-0.010734579398408698,0.013732918384547266,-0.9998222496255584
85040000000,1122,85035974408,map,-0.6911526918411255,0.10282418876886368,3.0224788188934326,0.007125652761720271,-0.010949202346282806,0.013790828154401191,-0.9998195522272539
85076000000,1123,85067974408,map,-0.6882069706916809,0.10221382230520248,3.022524118423462,0.007063539831544101,-0.011088046248351087,0.013810974347989391,-0.9998182035281014
85108000000,1124,85099974408,map,-0.6847571730613708,0.10136590898036957,3.0225024223327637,0.007025561075860357,-0.011370213307594825,0.013791418210280293,-0.9998155904234938
85140000000,1125,85131974273,map,-0.6808693408966064,0.10032183676958084,3.022339344024658,0.0071108248089424035,-0.011419438851022026,0.013763769877657206,-0.9998148317802206
85176000000,1126,85171974273,map,-0.675403356552124,0.09877528995275497,3.0220909118652344,0.007121803404434984,-0.011455140524433293,0.013784000364942484,-0.9998140731369474
85208000000,1127,85203974273,map,-0.6748963594436646,0.09940074384212494,3.0222008228302,0.0072308848813733674,-0.011548441628599141,0.013804778761258352,-0.9998119236476734
85240000000,1128,85235974140,map,-0.675033688545227,0.10032891482114792,3.022144079208374,0.007431106448674655,-0.011502711968692566,0.013889746807856262,-0.9998098163052478
85276000000,1129,85267974140,map,-0.6744102239608765,0.1009218767285347,3.021699905395508,0.00747612158779007,-0.011386765000622336,0.013867029656508933,-0.9998111228575517
85308000000,1130,85299974140,map,-0.6730540990829468,0.10117872059345245,3.021239757537842,0.0075043026829201736,-0.011417096902115512,0.013896448156769492,-0.9998101113331874
85340000000,1131,85331974006,map,-0.6710500717163086,0.10112349689006805,3.0208027362823486,0.007487538773924965,-0.011488243416579932,0.013852362553227138,-0.9998100270394903
85376000000,1132,85371974006,map,-0.6677061915397644,0.10068510472774506,3.0202624797821045,0.007525158458215732,-0.0115738677027801,0.013825810038665176,-0.9998091841025202
85408000000,1133,85403974006,map,-0.6644243001937866,0.10006473958492279,3.019829750061035,0.007512200442568283,-0.011716631426396023,0.013812744515626862,-0.9998077511096708
85440000000,1134,85435973873,map,-0.6606156229972839,0.09921766817569733,3.0194804668426514,0.00757706493633493,-0.011875477136169137,0.013868420502509804,-0.9998045900960324
85476000000,1135,85467973873,map,-0.6563588380813599,0.09817486256361008,3.0191361904144287,0.0075671614147516325,-0.011948865665410986,0.013928732642728814,-0.9998029463689406
85508000000,1136,85499973873,map,-0.6516921520233154,0.09693192690610886,3.0188255310058594,0.007663905883513596,-0.01203778860105164,0.013942388221646451,-0.999801007613909
85540000000,1137,85531973741,map,-0.6466641426086426,0.09552088379859924,3.018425941467285,0.007746927107909834,-0.012123552334051371,0.013957308206019259,-0.9997991531525745
85576000000,1138,85571973741,map,-0.6398934721946716,0.09355597198009491,3.0178110599517822,0.007786463650627211,-0.01209479616492967,0.013953472842804737,-0.999799195299423
85608000000,1139,85603973741,map,-0.637952446937561,0.09448722749948502,3.018101453781128,0.007920866163897531,-0.011950000502234367,0.013943736920798755,-0.9997999960895447
85640000000,1140,85635973610,map,-0.6366329193115234,0.09593833982944489,3.0185348987579346,0.008048694262708532,-0.011849117410511987,0.013915456385447944,-0.9998006282922725
85676000000,1141,85667973610,map,-0.6346598267555237,0.09698541462421417,3.018897294998169,0.008079487145357295,-0.011753701555294878,0.013941713872070216,-0.999801091907606
85708000000,1142,85699973610,map,-0.6320747137069702,0.09764847904443741,3.019181728363037,0.008008987156963588,-0.011654814676612321,0.013943315452313587,-0.9998027777815466
85740000000,1143,85731973479,map,-0.628953754901886,0.09802526980638504,3.0191690921783447,0.007936273965114675,-0.011659252608051616,0.014022972995999194,-0.9998022720193642
85776000000,1144,85771973479,map,-0.6243813037872314,0.09810250252485275,3.0189802646636963,0.00792127989448467,-0.011665995115996596,0.014023015142847761,-0.9998023141662129
85808000000,1145,85803973479,map,-0.6202508807182312,0.09788787364959717,3.018925905227661,0.007784255550891946,-0.011750056676079321,0.01401226769647751,-0.9998025249004554
85840000000,1146,85835973349,map,-0.6157363057136536,0.09744849801063538,3.0188515186309814,0.007631609214480853,-0.011869773152913246,0.014075445822395227,-0.9998013869355457
85876000000,1147,85867973349,map,-0.6108673214912415,0.09679063409566879,3.0188827514648438,0.007565821441314015,-0.011933848710359327,0.014087710555311883,-0.999801007613909
85908000000,1148,85899973349,map,-0.6056575179100037,0.0959407314658165,3.0188310146331787,0.007418640859683051,-0.012114557109980707,0.014113125104964042,-0.9997995324742112
85940000000,1149,85931973219,map,-0.6001474261283875,0.09492386132478714,3.018728494644165,0.007327873999420047,-0.012188052981977358,0.014170107644150776,-0.9997985209498469
85976000000,1150,85971973219,map,-0.5928449034690857,0.09341549128293991,3.0184884071350098,0.007301105482259565,-0.012184496841634253,0.014195227165863245,-0.9997983523624528
86008000000,1151,86003973219,map,-0.5900890231132507,0.09476505219936371,3.018583297729492,0.007296770119127388,-0.012124876996329179,0.014261313424328292,-0.9997981837750589
86040000000,1152,86035973091,map,-0.5878820419311523,0.0965818464756012,3.0187923908233643,0.007431521825623066,-0.01199449670827749,0.014213645338662484,-0.9997994903273626
86076000000,1153,86067973091,map,-0.5851278305053711,0.09799986332654953,3.018946647644043,0.007542190394825689,-0.011893357278105378,0.014229408260005516,-0.9997995746210597
86108000000,1154,86099973091,map,-0.5818719863891602,0.09906499087810516,3.018824338912964,0.007554920060164996,-0.01172933096332409,0.014206185346476108,-0.9998018084040308
86140000000,1155,86131972962,map,-0.5781737565994263,0.09983374923467636,3.0186421871185303,0.007449954321765376,-0.011699306931388397,0.014263589354147954,-0.9998020612851218
86176000000,1156,86171972962,map,-0.5729640126228333,0.1003827154636383,3.0182952880859375,0.0073840819256292605,-0.011713827343881033,0.0142884559947693,-0.9998020612851217
86208000000,1157,86203972962,map,-0.5683742165565491,0.10050007700920105,3.0179808139801025,0.007179415018262963,-0.011801659235908086,0.014331319339704884,-0.9998019348445761
86240000000,1158,86235972835,map,-0.5634704828262329,0.10037863999605179,3.017652988433838,0.006983948471581564,-0.011832024723171169,0.014341687464438535,-0.9998027777815466
86276000000,1159,86267972835,map,-0.558295726776123,0.10003654658794403,3.0172808170318604,0.00691982368793351,-0.011846862718752783,0.014303881741324298,-0.9998035785716681
86308000000,1160,86299972835,map,-0.5528464913368225,0.0994737520813942,3.0168960094451904,0.0067528502218428725,-0.01194197712522136,0.014287528764102053,-0.9998038314527592
86340000000,1161,86331972708,map,-0.5471349358558655,0.09873049706220627,3.016551971435547,0.006648227749768038,-0.011958947323283696,0.014308686482054578,-0.9998040000401534
86376000000,1162,86371972708,map,-0.539651095867157,0.09755304455757141,3.0160820484161377,0.006585330328446735,-0.011948797670690538,0.014316315061635054,-0.9998044636554869
86408000000,1163,86403972708,map,-0.5370343327522278,0.09917441755533218,3.0160884857177734,0.006587323248764018,-0.01188001780055168,0.014356396714568842,-0.9998046743897294
86440000000,1164,86435972581,map,-0.5350680351257324,0.10128127038478851,3.0161471366882324,0.006703618916151226,-0.011685816317870116,0.014346407911471737,-0.9998064024105184
86476000000,1165,86467972581,map,-0.5325735807418823,0.10301472246646881,3.016197919845581,0.0066753716372980705,-0.011560256575616861,0.01434682937995685,-0.9998080039907619
86508000000,1166,86499972581,map,-0.5295772552490234,0.1043989360332489,3.0161945819854736,0.00661515646775778,-0.011344268958886084,0.01431635720848351,-0.9998113335917942
86540000000,1167,86531972455,map,-0.5261512398719788,0.10547076165676117,3.0162034034729004,0.006389558052477506,-0.011250058404754711,0.014362297273360414,-0.9998131880531287
86576000000,1168,86571972455,map,-0.521312952041626,0.10634925216436386,3.0164403915405273,0.006240634632806167,-0.0112343562341425,0.014314755628240083,-0.9998149582207662
86608000000,1169,86603972455,map,-0.5170568227767944,0.10673070698976517,3.0166678428649902,0.005923195765078749,-0.011284543252551356,0.014313828397572836,-0.9998163912136155
86640000000,1170,86635972330,map,-0.5124726295471191,0.10684012621641159,3.0169153213500977,0.0058026971020054665,-0.011350407746153373,0.014338484303951737,-0.999816011891979
86676000000,1171,86667972330,map,-0.5076146125793457,0.10670065134763718,3.017076015472412,0.005714710945927421,-0.011387550314948106,0.014316736530120111,-0.9998163490667669
86708000000,1172,86699972330,map,-0.5024983286857605,0.10633204877376556,3.0175342559814453,0.005529378411407114,-0.01142593522795715,0.014333890297464125,-0.9998167283884036
86740000000,1173,86731972206,map,-0.4971713721752167,0.10572732239961624,3.0178537368774414,0.005536906233677864,-0.011525690891481864,0.014372707544942576,-0.9998150003676147
86776000000,1174,86771972206,map,-0.49020370841026306,0.10465177893638611,3.0181760787963867,0.005533146273809537,-0.01149640113667257,0.01440490773720493,-0.9998148317802206
86808000000,1175,86803972206,map,-0.48714885115623474,0.10577148199081421,3.0194358825683594,0.005579430757464087,-0.011482136404085156,0.014466273548636721,-0.9998139045495533
86840000000,1176,86835972082,map,-0.4845556914806366,0.10724911838769913,3.020906448364258,0.005777442907941092,-0.0113839240396149,0.014471457611003657,-0.9998138624027049
86876000000,1177,86867972082,map,-0.4815261662006378,0.10836172103881836,3.0222129821777344,0.005750417558422497,-0.011305071237318066,0.014483933078162814,-0.9998147053396751
86908000000,1178,86899972082,map,-0.47810396552085876,0.10912786424160004,3.0233404636383057,0.005856501340760544,-0.011193924564802647,0.014437360810558297,-0.999816011891979
86940000000,1179,86931971959,map,-0.4743089973926544,0.10958082973957062,3.0241894721984863,0.005732350225209864,-0.011239382245827424,0.014475798736400258,-0.9998156747171908
86976000000,1180,86971971959,map,-0.46909528970718384,0.10977203398942947,3.0249240398406982,0.00573198061710476,-0.011266980035159583,0.014454767458993323,-0.9998156325703422
87008000000,1181,87003971959,map,-0.46462586522102356,0.10963243246078491,3.0252749919891357,0.005639475857885188,-0.011231488766718615,0.01447929692482669,-0.9998162226262215
87040000000,1182,87035971836,map,-0.4599108397960663,0.109267957508564,3.02555251121521,0.0054605088145790424,-0.011149407449971395,0.014470446086639388,-0.99981824567495
87076000000,1183,87067971836,map,-0.4549471437931061,0.10867694765329361,3.0258595943450928,0.005436643161609749,-0.011175346201051818,0.01445898214384439,-0.9998182456749499
87108000000,1184,87099971836,map,-0.4497821033000946,0.10786756873130798,3.0259995460510254,0.005431007666982686,-0.011226957321959186,0.014426697657885013,-0.999818161381253
87140000000,1185,87131971714,map,-0.4444228410720825,0.10685807466506958,3.026029348373413,0.005418257916035888,-0.01121248679421303,0.01444747605420088,-0.9998181192344044
87176000000,1186,87171971714,map,-0.43745744228363037,0.10534904152154922,3.025827169418335,0.0054646000223348866,-0.011146650453388725,0.014472469135367927,-0.99981824567495
87208000000,1187,87203971714,map,-0.43499869108200073,0.10619277507066727,3.0263047218322754,0.005558111531471035,-0.011035439902056033,0.01458167161985957,-0.9998173605911314
87240000000,1188,87235971592,map,-0.43317803740501404,0.10742899030447006,3.0269806385040283,0.005619622716603034,-0.010793124005168363,0.014561525426271427,-0.9998199736957389
87276000000,1189,87267971592,map,-0.4309263825416565,0.10830829292535782,3.0275230407714844,0.005690912299861814,-0.010684897977545849,0.014512129319816658,-0.9998214066885882
87308000000,1190,87299971592,map,-0.4282715618610382,0.10889628529548645,3.0283665657043457,0.005621728248031181,-0.010513445914892547,0.01451166570448309,-0.9998236404715595
87340000000,1191,87331971472,map,-0.4252602458000183,0.10921365767717361,3.0290095806121826,0.005564522956164626,-0.010480244899614218,0.014519547165154523,-0.9998241883805901
87376000000,1192,87371971472,map,-0.42109915614128113,0.10923675447702408,3.029681444168091,0.005498516546221139,-0.010437255608041486,0.014560429608210135,-0.999824441261681
87408000000,1193,87403971472,map,-0.4174449145793915,0.1090112030506134,3.030221462249756,0.005323089344281527,-0.01049420011628288,0.014594947877140552,-0.9998242305274385
87440000000,1194,87435971351,map,-0.4135170578956604,0.10856996476650238,3.0307464599609375,0.005187442840435627,-0.01066851108528146,0.014613155315697235,-0.9998228818282862
87476000000,1195,87467971351,map,-0.4093577265739441,0.10795683413743973,3.0311365127563477,0.005136846701251187,-0.010785105237966911,0.014622806944006306,-0.9998217438633764
87508000000,1196,87499971351,map,-0.4050261378288269,0.10715572535991669,3.031414270401001,0.004995609648440895,-0.010865258336394758,0.014617580734790858,-0.9998216595696794
87540000000,1197,87531971232,map,-0.40053805708885193,0.10616506636142731,3.031646966934204,0.004937711732388072,-0.010881474336359324,0.01458972166792516,-0.99982220747871
87576000000,1198,87571971232,map,-0.39468899369239807,0.10467290878295898,3.0317375659942627,0.004910825006488407,-0.01087993037876036,0.014604304477509988,-0.999822123185013
87608000000,1199,87603971232,map,-0.3927137851715088,0.10517223924398422,3.0321743488311768,0.004933768038602016,-0.011014804903806777,0.0146815596508304,-0.9998193836398597
87640000000,1200,87635971113,map,-0.3912647068500519,0.10598619282245636,3.032658576965332,0.005093981709954339,-0.01097303177930416,0.014661582044636245,-0.9998193836398599
87676000000,1201,87667971113,map,-0.38939350843429565,0.10649216920137405,3.0330591201782227,0.005219516098244036,-0.010951812158167944,0.014648137199961275,-0.9998190886119203
87708000000,1202,87699971113,map,-0.38714829087257385,0.10671374201774597,3.0332937240600586,0.005283820993815026,-0.01087938345754648,0.014637853368924703,-0.9998197629614964
87740000000,1203,87731970995,map,-0.38454383611679077,0.10669456422328949,3.0333337783813477,0.005263650763352276,-0.010830478954566921,0.014606496113632517,-0.9998208587795577
87776000000,1204,87771970995,map,-0.38084647059440613,0.10630953311920166,3.0332999229431152,0.0052988539185710015,-0.010839278426282585,0.014623734174673553,-0.999820310870527
87808000000,1205,87803970995,map,-0.3775632679462433,0.10571759194135666,3.0331664085388184,0.005128451575863425,-0.010842808224845374,0.0145922926256844,-0.9998215752759823
87840000000,1206,87835970877,map,-0.3740159273147583,0.10491087287664413,3.0328965187072754,0.005096287932821294,-0.010912203340190814,0.01461817079067007,-0.9998206480453151
87876000000,1207,87867970877,map,-0.37027236819267273,0.10391948372125626,3.0324866771698,0.005123618846991594,-0.01089883620376778,0.014660233345483886,-0.999820057989436
87908000000,1208,87899970877,map,-0.3663281798362732,0.1027509793639183,3.0321903228759766,0.005160600730926377,-0.010879673217129992,0.014660823401363099,-0.9998200579894359
87940000000,1209,87931970760,map,-0.36218589544296265,0.10144256800413132,3.031818151473999,0.005237928014870471,-0.010918606697714184,0.014651551094690685,-0.9998193836398597
87976000000,1210,87971970760,map,-0.35680437088012695,0.09963337332010269,3.03135347366333,0.005238812110872438,-0.010916231656946145,0.014640845795168889,-0.9998195522272537
88008000000,1211,88003970760,map,-0.354716420173645,0.09972628206014633,3.031590223312378,0.005288958958066307,-0.010872663669387023,0.014547996287899434,-0.9998211116606487
88040000000,1212,88035970643,map,-0.3530466556549072,0.10009527951478958,3.0319554805755615,0.0053282454185067775,-0.010767651832871846,0.014499864586899947,-0.9998227132408921
88076000000,1213,88067970643,map,-0.3510146141052246,0.10020417720079422,3.0321438312530518,0.005380123743848259,-0.010699394188527818,0.014542854372381064,-0.9998225446534981
88108000000,1214,88099970643,map,-0.3486730456352234,0.10011585056781769,3.0322113037109375,0.005332306003943,-0.010567603133503902,0.014595664373565298,-0.9998234297373169
88140000000,1215,88131970528,map,-0.34604528546333313,0.09981826692819595,3.0322630405426025,0.0051947722761733475,-0.010512490202175337,0.014624703552189255,-0.9998243148211355
88176000000,1216,88171970528,map,-0.34242990612983704,0.09918493777513504,3.0321645736694336,0.005150625757263964,-0.010566211958230789,0.01460674899472364,-0.9998242305274385
88208000000,1217,88203970528,map,-0.3392673432826996,0.09847509115934372,3.031970500946045,0.004977711067258434,-0.010535245219831917,0.014605863910904904,-0.9998254527860453
88240000000,1218,88235970412,map,-0.3358840048313141,0.09758945554494858,3.0317342281341553,0.004876121028006734,-0.010558062799216757,0.014623565587279452,-0.9998254527860453
88276000000,1219,88267970412,map,-0.3322998583316803,0.09657341986894608,3.031543016433716,0.004872659059528269,-0.010587794108118652,0.014638738452743327,-0.9998249470238633
88308000000,1220,88299970412,map,-0.32854506373405457,0.09543334692716599,3.0312743186950684,0.0048849076581044945,-0.010602383832420756,0.01460228142878145,-0.9998253263454998
88340000000,1221,88331970298,map,-0.3246435523033142,0.09417510777711868,3.0309839248657227,0.0047517562147632135,-0.010548275510739117,0.014588204381378866,-0.9998266750446522
88376000000,1222,88371970298,map,-0.31959593296051025,0.09244392067193985,3.0307507514953613,0.004749120719642267,-0.01053465812740305,0.014618971580791729,-0.999826337869864
88408000000,1223,88403970298,map,-0.31715601682662964,0.09237261116504669,3.030886173248291,0.004805268553665127,-0.010439963049149929,0.014666386785366525,-0.9998263800167125
88440000000,1224,88435970184,map,-0.3161204755306244,0.0934617817401886,3.0312159061431885,0.004827543163103135,-0.010255874834477456,0.014656608716511976,-0.9998284030654411
88476000000,1225,88467970184,map,-0.3146977424621582,0.09423882514238358,3.0313937664031982,0.004899783849267569,-0.010230194562116416,0.014655934366935852,-0.999828318771744
88508000000,1226,88499970184,map,-0.3129531741142273,0.09476673603057861,3.0313422679901123,0.004858903381845526,-0.010158591676307963,0.014625588636007991,-0.9998296674708964
88540000000,1227,88531970070,map,-0.31092026829719543,0.09506645053625107,3.031169891357422,0.004771214723248961,-0.010073852309290398,0.01457370586549106,-0.9998317326664734
88576000000,1228,88571970070,map,-0.30797168612480164,0.09513212740421295,3.0309903621673584,0.004701497579639116,-0.010051252049593193,0.01454888137171817,-0.9998326177502922
88608000000,1229,88603970070,map,-0.3053342401981354,0.09500489383935928,3.0308749675750732,0.004501885001371585,-0.010057332884943778,0.014563717062393955,-0.9998332920998685
88640000000,1230,88635969957,map,-0.3024817705154419,0.09470293670892715,3.0307998657226562,0.004360821145766893,-0.0100627918896427,0.01459195545089631,-0.9998334606872624
88676000000,1231,88667969957,map,-0.2994275689125061,0.09422744065523148,3.0306832790374756,0.004246863640655277,-0.010070701338455827,0.014645861270141669,-0.9998330813656258
88708000000,1232,88699969957,map,-0.2961713373661041,0.09361065179109573,3.030519962310791,0.003999599275698497,-0.010054628242649492,0.014655175723662595,-0.9998340507431416
88740000000,1233,88731969845,map,-0.2927579879760742,0.09286174178123474,3.030132293701172,0.0039535861123812365,-0.01009073821365571,0.014690916251199893,-0.9998333763935654
88776000000,1234,88771969845,map,-0.28830763697624207,0.09178820252418518,3.0294675827026367,0.003902018455411395,-0.01007815836719197,0.014696226754112252,-0.9998336292746565
88808000000,1235,88803969845,map,-0.2863423228263855,0.09143271297216415,3.029215097427368,0.003813256863175198,-0.010004389857769016,0.014661624191484812,-0.9998351887080513
88840000000,1236,88835969734,map,-0.28579649329185486,0.09150340408086777,3.029270887374878,0.00377377514428811,-0.009853129428274971,0.014628749649646278,-0.9998373803441739
88876000000,1237,88867969734,map,-0.2848645746707916,0.09135133773088455,3.029420852661133,0.0037569697469888993,-0.009767751108448536,0.01458369466858811,-0.9998389397775689
88908000000,1238,88899969734,map,-0.28357771039009094,0.09100952744483948,3.0294384956359863,0.0037922690497057894,-0.009700623032571826,0.014539187596560588,-0.9998400355956301
88940000000,1239,88931969623,map,-0.28198668360710144,0.09049020707607269,3.0294222831726074,0.0038713516840359094,-0.009672179836727544,0.014527512919523144,-0.9998402463298727
88976000000,1240,88971969623,map,-0.2796173691749573,0.08963505923748016,3.0293478965759277,0.0039045334368873817,-0.009679672426867118,0.014464756262090372,-0.9998409628262973
89008000000,1241,89003969623,map,-0.2774411141872406,0.08877377212047577,3.029212236404419,0.003913017136511469,-0.009761963819312384,0.014436517873588073,-0.9998405413578122
89040000000,1242,89035969512,map,-0.2750556170940399,0.08778513967990875,3.0289316177368164,0.003911116577061432,-0.009760562436599398,0.014371822461123895,-0.9998414264416309
89076000000,1243,89067969512,map,-0.27250003814697266,0.08668997138738632,3.028535842895508,0.003980250579509457,-0.009786959534657377,0.014363140210330694,-0.9998410892668429
89108000000,1244,89099969512,map,-0.2697788178920746,0.08546976745128632,3.028285026550293,0.004083114243839596,-0.009773652655056824,0.014368282125849008,-0.9998406677983578
89140000000,1245,89131969402,map,-0.26689663529396057,0.08413779735565186,3.027930498123169,0.004216387188642598,-0.009831165322572478,0.014391378598832882,-0.9998392348055085
89176000000,1246,89171969402,map,-0.2631160020828247,0.0823548436164856,3.027484655380249,0.004294275223235239,-0.00986943136829783,0.01440933315629861,-0.9998383075748412
89208000000,1247,89203969402,map,-0.2620178461074829,0.08105449378490448,3.0277199745178223,0.0043534385325601525,-0.009849708289556001,0.014455736836509081,-0.9998375910784165
89240000000,1248,89235969293,map,-0.2612946629524231,0.07974021136760712,3.0280697345733643,0.004465671638877615,-0.009865905850274345,0.014446843851473212,-0.9998370431693859
89276000000,1249,89267969293,map,-0.2602468729019165,0.0783303901553154,3.0283443927764893,0.004555981304615952,-0.009802650510012953,0.014450721361536245,-0.9998372117567798
89308000000,1250,89299969293,map,-0.2589018642902374,0.07683670520782471,3.0285887718200684,0.0045738561781961265,-0.009800092064599442,0.014386194536466113,-0.9998380968405987
89340000000,1251,89331969185,map,-0.25728657841682434,0.07528572529554367,3.028571844100952,0.004708561292667866,-0.009777671422916788,0.014340296618437776,-0.9998383075748412
89376000000,1252,89371969185,map,-0.2549076974391937,0.0732903778553009,3.0283143520355225,0.00478992397272075,-0.00979772196291521,0.014343668366318618,-0.999837717518962
89408000000,1253,89403969185,map,-0.25276651978492737,0.07162771373987198,3.0281734466552734,0.00492046692126591,-0.009799329140786942,0.014314292012906515,-0.9998374224910225
89440000000,1254,89435969077,map,-0.2504209876060486,0.06994962692260742,3.0279247760772705,0.005011161176996909,-0.009832064565098128,0.014332330864069098,-0.9998364109666582
89476000000,1255,89467969077,map,-0.2478628009557724,0.06826690584421158,3.027601957321167,0.005058461630191149,-0.009869185566560225,0.01435062259632286,-0.999835568029688
89508000000,1256,89499969077,map,-0.24515579640865326,0.06657702475786209,3.0272274017333984,0.005071642727790677,-0.009840108521627011,0.014347377288987495,-0.9998357787639305
89540000000,1257,89531968969,map,-0.24229107797145844,0.06486183404922485,3.026951789855957,0.005076863504013836,-0.00972447617319547,0.01427635984924669,-0.9998379282532046
89576000000,1258,89571968969,map,-0.2385006844997406,0.06267157196998596,3.0264694690704346,0.005105542294155849,-0.009664706179742575,0.014262535682935173,-0.9998386026027808
89608000000,1259,89603968969,map,-0.23779146373271942,0.06159309670329094,3.0269153118133545,0.005145513970156876,-0.009590471750080223,0.014243991069590345,-0.9998393612460539
89640000000,1260,89635968863,map,-0.23755447566509247,0.06065697222948074,3.0275075435638428,0.005161411069943452,-0.009390562826784098,0.014149160660440863,-0.9998425644065407
89676000000,1261,89667968863,map,-0.23698240518569946,0.059661369770765305,3.027921199798584,0.0052481599855271266,-0.009306561358887728,0.014150130037956565,-0.9998428594344804
89708000000,1262,89699968863,map,-0.2360827922821045,0.0585913211107254,3.0278103351593018,0.005309998796551848,-0.009230293837693106,0.014164207085359204,-0.9998430280218744
89740000000,1263,89731968757,map,-0.23490895330905914,0.057438287883996964,3.0275917053222656,0.005254565977228528,-0.009206036186105437,0.014195985809136502,-0.9998430280218744
89776000000,1264,89771968757,map,-0.2331135869026184,0.055918138474226,3.027228832244873,0.005321511142368147,-0.009214317877201702,0.01421853437308973,-0.9998423115254498
89808000000,1265,89803968757,map,-0.23145383596420288,0.054683513939380646,3.027219533920288,0.005492552273248467,-0.009241260250112291,0.014237584748616638,-0.9998408785326003
89840000000,1266,89835968651,map,-0.2295863926410675,0.053429607301950455,3.0274317264556885,0.005549080581360815,-0.009226254490317269,0.014250355243715485,-0.9998404992109637
89876000000,1267,89867968651,map,-0.2275129109621048,0.05214177072048187,3.0275094509124756,0.0055872557479440645,-0.009232797130004078,0.014242136608255851,-0.9998403727704182
89908000000,1268,89899968651,map,-0.22526606917381287,0.050843771547079086,3.0274951457977295,0.005597042542513323,-0.009273586553647892,0.014214488275632653,-0.9998402884767212
89940000000,1269,89931968546,map,-0.22287292778491974,0.04951285943388939,3.0274391174316406,0.005529171134523227,-0.009274024321109573,0.014236994692737537,-0.9998403727704182
89976000000,1270,89971968546,map,-0.21970225870609283,0.047822777181863785,3.0271968841552734,0.005533389770641365,-0.009317558064354279,0.014242305195649896,-0.999839867008236
90008000000,1271,90003968546,map,-0.21897606551647186,0.04677737504243851,3.027048110961914,0.00547201753840055,-0.009306797282457714,0.014213434604419928,-0.9998407520920547
90040000000,1272,90035968442,map,-0.2198324352502823,0.046005867421627045,3.0269694328308105,0.005517584537813652,-0.009292661295321612,0.014227722386065123,-0.9998403727704182
90076000000,1273,90067968442,map,-0.22031641006469727,0.04517713934183121,3.0268890857696533,0.0055641130122084095,-0.009262994194509244,0.014239059888314531,-0.9998402463298726
90108000000,1274,90099968442,map,-0.22043998539447784,0.04426239803433418,3.02677845954895,0.0055006408461677645,-0.009267080133909023,0.014247404964319699,-0.9998404149172668
90140000000,1275,90131968338,map,-0.22021569311618805,0.04328221082687378,3.026583194732666,0.005529062474679411,-0.009330960103636236,0.014264221556875567,-0.999839445539751
90176000000,1276,90171968338,map,-0.21949300169944763,0.042032673954963684,3.026170253753662,0.005634495779679697,-0.009420984125694235,0.0142639686757845,-0.9998380125469015
90208000000,1277,90203968338,map,-0.21861249208450317,0.04099252447485924,3.025744915008545,0.005811082349225612,-0.009485438016960156,0.014241968020861862,-0.9998367481414463
90240000000,1278,90235968235,map,-0.21752697229385376,0.03993120789527893,3.0252609252929688,0.005803986532152099,-0.009522996785883933,0.014203024332837821,-0.9998370010225374
90276000000,1279,90267968235,map,-0.2162286937236786,0.03884406387805939,3.024707555770874,0.005826050901255933,-0.009602906716752208,0.014186966383555155,-0.9998362845261126
90308000000,1280,90299968235,map,-0.21473747491836548,0.03772064298391342,3.0241286754608154,0.005805220644560059,-0.009755825196681224,0.014174533063244454,-0.9998351465612029
90340000000,1281,90331968132,map,-0.21304775774478912,0.036566052585840225,3.023597002029419,0.0058320265341213675,-0.009907729847340199,0.014149371394683419,-0.9998338400088991
90376000000,1282,90371968132,map,-0.21068263053894043,0.03513038530945778,3.0229408740997314,0.0058762729871598375,-0.009987293713069528,0.014086994058887303,-0.999833671421505
90408000000,1283,90403968132,map,-0.21099545061588287,0.034537505358457565,3.022646188735962,0.005910968404562906,-0.010057808683350794,0.01405504674771596,-0.9998331656593229
90440000000,1284,90435968030,map,-0.21171221137046814,0.03405444324016571,3.0223286151885986,0.00587341012954751,-0.010057525673848489,0.013964135995478022,-0.9998347250927178
90476000000,1285,90467968030,map,-0.21206814050674438,0.033515531569719315,3.0220744609832764,0.005895951120238995,-0.01003053950772812,0.013936108341218223,-0.9998351887080513
90508000000,1286,90499968030,map,-0.21206456422805786,0.032936133444309235,3.0217230319976807,0.005852252411595039,-0.010112190136367119,0.0138874287311882,-0.9998353151485968
90540000000,1287,90531967929,map,-0.21172328293323517,0.03234570845961571,3.021683692932129,0.005797235298492386,-0.010152316241055268,0.013928648349031791,-0.9998347250927178
90576000000,1288,90571967929,map,-0.21092131733894348,0.0315653458237648,3.0215182304382324,0.005824742867226952,-0.010181521208259159,0.013891643416039268,-0.9998347250927178
90608000000,1289,90603967929,map,-0.2099977284669876,0.030935384333133698,3.021353244781494,0.005703022274819108,-0.01016148087570061,0.013913686217810473,-0.9998353572954454
90640000000,1290,90635967828,map,-0.20884227752685547,0.030281394720077515,3.0212807655334473,0.005743276960322441,-0.010213381591555363,0.013869432026874018,-0.9998351887080513
90676000000,1291,90667967828,map,-0.20749786496162415,0.029620906338095665,3.021263599395752,0.005744073963813226,-0.01023948613121567,0.013884857773429016,-0.9998346829458692
90708000000,1292,90699967828,map,-0.20595702528953552,0.028935803100466728,3.0214269161224365,0.005717768403441857,-0.010267658006722663,0.013898471205497975,-0.9998343879179297
90740000000,1293,90731967728,map,-0.2042388767004013,0.028219185769557953,3.021535873413086,0.005675942430742479,-0.010313710518074275,0.013903444533622356,-0.9998340507431416
90776000000,1294,90771967728,map,-0.2018922120332718,0.02735775336623192,3.0216593742370605,0.005613796573340909,-0.010286186321090884,0.013871665809845113,-0.9998351465612028
90808000000,1295,90803967728,map,-0.20155495405197144,0.026937546208500862,3.0218544006347656,0.005561624043240488,-0.01032968713711019,0.013806928250532424,-0.9998359052044761
90840000000,1296,90835967628,map,-0.20255568623542786,0.02673863247036934,3.022052526473999,0.005491745720862313,-0.010376767965711017,0.013780207148576529,-0.9998361580855671
90876000000,1297,90867967628,map,-0.20319753885269165,0.026460446417331696,3.022179126739502,0.0054495292312697,-0.010354723682214677,0.013786023413670967,-0.9998364952603551
90908000000,1298,90899967628,map,-0.2034820169210434,0.026126019656658173,3.022246837615967,0.005486571536663093,-0.010418088340864393,0.013758332934199313,-0.9998360316450216
90940000000,1299,90931967529,map,-0.20344661176204681,0.025769151747226715,3.022183418273926,0.005564649232074032,-0.010598872637740318,0.013744045152554119,-0.9998338821557475
90976000000,1300,90971967529,map,-0.20302139222621918,0.025255629792809486,3.021935224533081,0.005575966154807589,-0.010656311712907204,0.013748554865344764,-0.9998331656593229
91008000000,1301,91003967529,map,-0.2023935168981552,0.024812066927552223,3.0216269493103027,0.005608846458910532,-0.010740855162933645,0.013739914761400074,-0.9998321962818071
91040000000,1302,91035967431,map,-0.20153462886810303,0.024330833926796913,3.021245241165161,0.005607382020560904,-0.010897838838110439,0.013719094218235695,-0.9998308475826547
91076000000,1303,91067967431,map,-0.2004540115594864,0.02385684661567211,3.0208241939544678,0.005627509774902888,-0.010960530958181378,0.013690771536036317,-0.9998304261141697
91108000000,1304,91099967431,map,-0.19919446110725403,0.023411665111780167,3.020355224609375,0.005638927290310038,-0.011082927052618284,0.013650141974071828,-0.9998295831771994
91140000000,1305,91131967333,map,-0.19780157506465912,0.022968675941228867,3.019897222518921,0.005458479509677695,-0.011135831884211583,0.013633409675213037,-0.999830215379927
91176000000,1306,91171967333,map,-0.1958058476448059,0.02243770658969879,3.0193233489990234,0.00542022070794193,-0.011192029438344797,0.013644367855825845,-0.999829625324048
91208000000,1307,91203967333,map,-0.19561874866485596,0.02231559343636036,3.019150733947754,0.00528523785232395,-0.011205102534645017,0.013623252284721832,-0.9998304261141697
91240000000,1308,91235967236,map,-0.19567686319351196,0.022259937599301338,3.01910662651062,0.0051728200242719975,-0.011179750217448952,0.013613727096958461,-0.9998315219322309
91276000000,1309,91267967236,map,-0.19544252753257751,0.02216692641377449,3.0190553665161133,0.005050892813524776,-0.01115582035639013,0.013600830161314137,-0.9998325334565952
91308000000,1310,91299967236,map,-0.19495424628257751,0.02203596569597721,3.018993854522705,0.004905739067253257,-0.011124717299278107,0.01365519959589312,-0.9998328706313833
91340000000,1311,91331967139,map,-0.1942378729581833,0.021859334781765938,3.018869161605835,0.004846260315109019,-0.011155688976760787,0.013701771863497636,-0.9998321541349586
91376000000,1312,91371967139,map,-0.19306433200836182,0.021618681028485298,3.0186100006103516,0.004892897120075339,-0.011167010673942025,0.013647908191100733,-0.9998325756034437
91408000000,1313,91403967139,map,-0.19188527762889862,0.021432282403111458,3.0183629989624023,0.004962244161671698,-0.011270415661857726,0.01357562634590459,-0.999832027694413
91440000000,1314,91435967043,map,-0.1905011385679245,0.021247215569019318,3.0181219577789307,0.004871003807907453,-0.011259970158144358,0.013574656968388776,-0.9998325756034436
91476000000,1315,91467967043,map,-0.18895231187343597,0.0210659708827734,3.0179362297058105,0.0048440156661535595,-0.011285892774884336,0.013533015882060018,-0.9998329970719289
91508000000,1316,91499967043,map,-0.18723909556865692,0.0208680871874094,3.0177316665649414,0.00473928008905948,-0.011297129519824044,0.013506252633255666,-0.9998337135683535
91540000000,1317,91531966947,map,-0.18538622558116913,0.02062518149614334,3.0174777507781982,0.0046657463507536225,-0.011258551324001909,0.01346351572886556,-0.9998351465612029
91576000000,1318,91571966947,map,-0.18284091353416443,0.02029242180287838,3.0171151161193848,0.004654497752012769,-0.011253092648575241,0.013479573678148227,-0.9998350201206574
91608000000,1319,91603966947,map,-0.18261151015758514,0.020072557032108307,3.0170087814331055,0.0046431546521350205,-0.011185804217110837,0.013493735019247888,-0.9998356101765364
91640000000,1320,91635966852,map,-0.18271857500076294,0.019838692620396614,3.0168697834014893,0.004615065753236034,-0.010990240864386764,0.013501869361010499,-0.9998378439595076
91676000000,1321,91667966852,map,-0.1824980229139328,0.01958584226667881,3.016660213470459,0.004629217545440329,-0.010906458527175424,0.01346971131559671,-0.9998390662181144
91708000000,1322,91699966852,map,-0.1820034384727478,0.019299263134598732,3.016423463821411,0.004745454931638581,-0.010747638336001994,0.013463600022562638,-0.9998403727704182
91740000000,1323,91731966758,map,-0.18125610053539276,0.01901138946413994,3.0161468982696533,0.004788174384599166,-0.010591051269255133,0.013397724498340091,-0.9998426908470863
91776000000,1324,91771966758,map,-0.18002618849277496,0.018652208149433136,3.0159244537353516,0.004822408820846648,-0.010535315354822015,0.013371930627051387,-0.9998434494903595
91808000000,1325,91803966758,map,-0.17964120209217072,0.018221162259578705,3.016411781311035,0.004886724582402018,-0.010460624883087886,0.013306645158708108,-0.9998448403363605
91840000000,1326,91835966664,map,-0.17928241193294525,0.017769236117601395,3.0172228813171387,0.004899739726785534,-0.01046848296542939,0.013289027776030471,-0.9998449246300574
91876000000,1327,91867966664,map,-0.17867910861968994,0.017312755808234215,3.017866373062134,0.004914089082342224,-0.01050130910424655,0.013275962252992157,-0.9998446717489663
91908000000,1328,91899966664,map,-0.17786318063735962,0.016846545040607452,3.0183281898498535,0.004893576738007578,-0.010614736810301494,0.013279334000873,-0.999843575930905
91940000000,1329,91931966571,map,-0.17684367299079895,0.01638065278530121,3.0186712741851807,0.004958067013857562,-0.010713140152679065,0.01326264384886272,-0.9998423958191467
91976000000,1330,91971966571,map,-0.17528146505355835,0.015820203348994255,3.0190553665161133,0.005000121336865087,-0.010726914598880286,0.013248398214066037,-0.9998422272317526
92008000000,1331,92003966571,map,-0.17383287847042084,0.015394086018204689,3.019221544265747,0.005109487798939299,-0.010791597498998856,0.01327988190990359,-0.9998404992109637
92040000000,1332,92035966479,map,-0.17225365340709686,0.01501802634447813,3.019287347793579,0.005082672525118751,-0.01080761264288849,0.013292905286093504,-0.9998403727704182
92076000000,1333,92067966479,map,-0.17054274678230286,0.014694674871861935,3.019312858581543,0.005068248424760406,-0.01080044702009713,0.013268080792320613,-0.9998408363857518
92108000000,1334,92099966479,map,-0.16867785155773163,0.014409998431801796,3.019253730773926,0.005004465425711994,-0.010835816457804119,0.013228378461023316,-0.9998412578542368
92140000000,1335,92131966387,map,-0.16665922105312347,0.014174362644553185,3.0192322731018066,0.004934550060205246,-0.010791421667615226,0.013190952059545624,-0.9998426065533893
92176000000,1336,92171966387,map,-0.1639479696750641,0.013991300947964191,3.019111394882202,0.004858981419369722,-0.010709880028092297,0.013158498986192257,-0.9998442924273296
92208000000,1337,92203966387,map,-0.16254226863384247,0.013511059805750847,3.019052743911743,0.00469907627611939,-0.010508015062971337,0.0131375941493308,-0.9998474955878165
92240000000,1338,92235966295,map,-0.16126467287540436,0.012956380844116211,3.019033670425415,0.004427752316835716,-0.010252438878507054,0.013128532576901053,-0.9998514995384251
92276000000,1339,92267966295,map,-0.15981855988502502,0.012437979690730572,3.0192136764526367,0.00434663247507015,-0.010113561390668865,0.01313654047811813,-0.9998531854123656
92308000000,1340,92299966295,map,-0.15824611485004425,0.011967053636908531,3.0192477703094482,0.004296102025700382,-0.01001160717630425,0.013196051828215427,-0.9998536068808506
92340000000,1341,92331966204,map,-0.15658512711524963,0.01154397428035736,3.0191473960876465,0.004282107625633496,-0.009876541344078263,0.013203638260947392,-0.999854871286306
92376000000,1342,92371966204,map,-0.1543896645307541,0.011072356253862381,3.0189566612243652,0.004341572219070811,-0.009863080035790589,0.013175146991354025,-0.9998552084610941
92408000000,1343,92403966204,map,-0.1525610089302063,0.010696095414459705,3.0187556743621826,0.004412397857723718,-0.00987911378356257,0.013145054141517232,-0.999855124167397
92440000000,1344,92435966114,map,-0.15067264437675476,0.010338910855352879,3.0185935497283936,0.004428418105333286,-0.009877818591151496,0.013178308004992367,-0.9998545762583664
92476000000,1345,92467966114,map,-0.14873865246772766,0.010009446181356907,3.018359899520874,0.004484208843596693,-0.009923960006011687,0.01317754936171922,-0.9998539019087902
92508000000,1346,92507966114,map,-0.14627322554588318,0.009616139344871044,3.0182671546936035,0.004712747495468984,-0.010088510522221329,0.013192806520880063,-0.9998509516293945
92540000000,1347,92531966024,map,-0.14472921192646027,0.009385904297232628,3.018160104751587,0.004739772515715325,-0.010207969508152632,0.01321712525247093,-0.9998493079023025
92576000000,1348,92571966024,map,-0.14210084080696106,0.009090338833630085,3.017902135848999,0.004753694311250206,-0.010249765846349151,0.013185430822390765,-0.9998492236086055
92608000000,1349,92603966024,map,-0.14129817485809326,0.008165430277585983,3.017369508743286,0.004772705503378906,-0.010246179083686425,0.013206799274585734,-0.9998489285806659
92640000000,1350,92635965935,map,-0.14077115058898926,0.0070993658155202866,3.0167605876922607,0.004747125165146952,-0.010165770634625608,0.013222393608534722,-0.9998496872239391
92676000000,1351,92667965935,map,-0.14002998173236847,0.006157035008072853,3.0160632133483887,0.004698888261662361,-0.010118236727403288,0.013196431149852028,-0.9998506987483033
92708000000,1352,92699965935,map,-0.13910579681396484,0.005335281137377024,3.0153231620788574,0.0047183117026530575,-0.010074040159111298,0.013104972488583388,-0.9998523003285469
92740000000,1353,92731965847,map,-0.13805067539215088,0.004623705521225929,3.014759063720703,0.004711313514802852,-0.009986878336121118,0.01308364618323693,-0.9998534804403051
92776000000,1354,92771965847,map,-0.13657693564891815,0.0038667148910462856,3.0141451358795166,0.004686779274521829,-0.009962519597951473,0.013115340613317095,-0.9998533961466081
92808000000,1355,92803965847,map,-0.1352500319480896,0.003347262041643262,3.0137178897857666,0.004634485736868065,-0.00989603277978941,0.013145602050547878,-0.9998539019087902
92840000000,1356,92835965759,map,-0.13383528590202332,0.002878671744838357,3.0132718086242676,0.0045882825834602506,-0.009924066690221979,0.013134559576238103,-0.9998539862024872
92876000000,1357,92867965759,map,-0.13233879208564758,0.002467216458171606,3.0129430294036865,0.004636944577424745,-0.009955554831235046,0.013124233598352908,-0.9998536068808506
92908000000,1358,92899965759,map,-0.13076703250408173,0.002126253442838788,3.012704610824585,0.004676079243356126,-0.009955532440721775,0.013133042289691699,-0.999853311852911
92940000000,1359,92931965671,map,-0.12908630073070526,0.0018170009134337306,3.012551784515381,0.004705769228590146,-0.009930494413892144,0.013100968537974877,-0.9998538597619416
92976000000,1360,92971965671,map,-0.12692154943943024,0.0015100440941751003,3.01226544380188,0.00470471078292969,-0.009931301295550551,0.013114961291680494,-0.9998536068808506
93008000000,1361,93003965671,map,-0.1267676204442978,0.0007826022338122129,3.0123159885406494,0.0047689351714345785,-0.00993557738967701,0.013155801587887594,-0.9998527217970319
93040000000,1362,93035965585,map,-0.12691855430603027,-6.512331310659647e-06,3.0122666358947754,0.004759351867118286,-0.00982559140185691,0.013220117678715226,-0.99985305897182
93076000000,1363,93067965585,map,-0.12683835625648499,-0.0006804396398365498,3.012144088745117,0.00476758696619061,-0.009816028677056493,0.013209623113435931,-0.9998532697060625
93108000000,1364,93099965585,map,-0.1265651136636734,-0.0012458966812118888,3.011974811553955,0.004735319931660727,-0.009703300015996775,0.013179488116750682,-0.9998549134331545
93140000000,1365,93131965498,map,-0.12611061334609985,-0.0017041541868820786,3.01182222366333,0.004656268248922482,-0.009680880526767011,0.013156012322130095,-0.9998557985169731
93176000000,1366,93171965498,map,-0.1253364533185959,-0.0021508901845663786,3.0116734504699707,0.004584327859053688,-0.009672685269637419,0.013164104517044195,-0.9998560513980643
93208000000,1367,93203965498,map,-0.12456890940666199,-0.00239763711579144,3.011742115020752,0.004592655812901637,-0.009716004327372522,0.013188844717120118,-0.9998553349016395
93240000000,1368,93235965413,map,-0.12368856370449066,-0.0025569505523890257,3.0118257999420166,0.004623579416635235,-0.009708409004289703,0.013172323152503773,-0.9998555034890336
93276000000,1369,93267965413,map,-0.12267891317605972,-0.002640996826812625,3.0119311809539795,0.0046677852045503366,-0.009704847266318279,0.013145180582062765,-0.9998556720764277
93308000000,1370,93299965413,map,-0.12155981361865997,-0.002658337354660034,3.0120651721954346,0.004723372452560778,-0.00976537195177732,0.013181553312327732,-0.9998542812304267
93340000000,1371,93331965327,map,-0.12034761905670166,-0.00260807853192091,3.0122504234313965,0.004687567387661758,-0.009749623518413422,0.013133843079813357,-0.999855292754791
93376000000,1372,93371965327,map,-0.11872708797454834,-0.0024728081189095974,3.012298345565796,0.004678265940394883,-0.009748402741531749,0.013117658689985157,-0.9998555456358822
93408000000,1373,93403965327,map,-0.11858373135328293,-0.002905889879912138,3.012377977371216,0.004736842815835438,-0.0097492318490673,0.013134601723086559,-0.9998550398737001
93440000000,1374,93435965243,map,-0.11950575560331345,-0.0038183126598596573,3.012655258178711,0.00465000581992382,-0.009667326034431456,0.013133632345570856,-0.9998562621323068
93476000000,1375,93467965243,map,-0.12017036974430084,-0.004558766260743141,3.0128767490386963,0.00459351982329611,-0.009637737629687792,0.013132915849146165,-0.9998568100413374
93508000000,1376,93499965243,map,-0.12060966342687607,-0.005181256681680679,3.0129568576812744,0.0045973230824658375,-0.009701154642625893,0.013078209239779037,-0.9998568943350344
93540000000,1377,93531965159,map,-0.12083231657743454,-0.0057222237810492516,3.0129520893096924,0.004648467130680918,-0.009781010902116766,0.013118670214349482,-0.999855292754791
93576000000,1378,93571965159,map,-0.1208396852016449,-0.006246422883123159,3.0126824378967285,0.004629818961212244,-0.009833871775864159,0.013082381777781593,-0.9998553349016395
93608000000,1379,93603965159,map,-0.12063536047935486,-0.0065370118245482445,3.0124008655548096,0.004675548291846565,-0.0099573225293306,0.013056925081281034,-0.9998542390835783
93640000000,1380,93635965076,map,-0.12023767828941345,-0.006717164069414139,3.012019395828247,0.004762647717744613,-0.0100837851361043,0.013059833213828309,-0.9998525110627894
93676000000,1381,93667965076,map,-0.11965407431125641,-0.006813598796725273,3.0115582942962646,0.004770326511343819,-0.010123454375540034,0.013053595480248648,-0.9998521738880013
93708000000,1382,93699965076,map,-0.1189417615532875,-0.0068327379412949085,3.011042594909668,0.004699555202612821,-0.01013060106517679,0.013097891818033558,-0.9998518788600617
93740000000,1383,93731964993,map,-0.11808906495571136,-0.006798954214900732,3.0104713439941406,0.004634560975578101,-0.01018827622854979,0.013049465089094603,-0.9998522581816982
93776000000,1384,93771964993,map,-0.11683861911296844,-0.006614059209823608,3.0097198486328125,0.004611727920397325,-0.010231946949052155,0.013060929031889601,-0.9998517524195162
93808000000,1385,93803964993,map,-0.11682575196027756,-0.0072247679345309734,3.0095372200012207,0.004531395697863306,-0.010181319693639715,0.01304301662127244,-0.9998528903844259
93840000000,1386,93835964910,map,-0.11698202043771744,-0.007953008636832237,3.0094897747039795,0.004470587344357452,-0.01013461407077231,0.013017812805862894,-0.9998539019087902
93876000000,1387,93867964910,map,-0.11692088842391968,-0.008533664979040623,3.0092430114746094,0.004442473750039416,-0.01011715375095991,0.01299252469675638,-0.9998545762583664
93908000000,1388,93899964910,map,-0.11669111251831055,-0.008992082439363003,3.0088348388671875,0.004411675928306842,-0.010070240686572491,0.012941274128967117,-0.9998558406638216
93940000000,1389,93931964829,map,-0.1163022592663765,-0.009317620657384396,3.0083255767822266,0.0043683618096555495,-0.010034479414883252,0.01292736566895858,-0.9998565993070949
93976000000,1390,93971964829,map,-0.11558616161346436,-0.009580262936651707,3.0077733993530273,0.004368562995002737,-0.010023827128194378,0.012971493419349445,-0.9998560513980643
94008000000,1391,94003964829,map,-0.11485672742128372,-0.009694773703813553,3.007364511489868,0.004368900828335332,-0.010080895936711652,0.012930568829445321,-0.9998560092512156
94040000000,1392,94035964747,map,-0.11400585621595383,-0.009718953631818295,3.006715774536133,0.004376512615030851,-0.010191158348588976,0.01290195111930642,-0.999855292754791
94076000000,1393,94067964747,map,-0.11301910132169724,-0.009666342288255692,3.0061447620391846,0.0043809630588157985,-0.010206881757261572,0.012885555995235776,-0.9998553349016396
94108000000,1394,94099964747,map,-0.11194660514593124,-0.009527494199573994,3.0056893825531006,0.00435123899390349,-0.010222626239358424,0.012927197081564534,-0.9998547448457604
94140000000,1395,94131964667,map,-0.11078597605228424,-0.009321234188973904,3.0052099227905273,0.004326983153313217,-0.010223469505600893,0.012950925757276077,-0.9998545341115179
94176000000,1396,94171964667,map,-0.10923174768686295,-0.008982797153294086,3.004680633544922,0.00426847048596219,-0.010240136937825682,0.012943002149756078,-0.999854702698912
94208000000,1397,94203964667,map,-0.10881023854017258,-0.009584607556462288,3.0045268535614014,0.0042412156336825635,-0.010193254166485631,0.012947975477880347,-0.999855208461094
94240000000,1398,94235964587,map,-0.10853897035121918,-0.01036909595131874,3.00445818901062,0.004209495191094305,-0.010132310811355641,0.012905617895126897,-0.9998565150133978
94276000000,1399,94267964587,map,-0.10809624940156937,-0.01102634146809578,3.004528284072876,0.004150361186999998,-0.010074136965153972,0.012921296522772907,-0.9998571893629741
94308000000,1400,94299964587,map,-0.10753283649682999,-0.011554528027772903,3.0045900344848633,0.004097743480812178,-0.010014536053003502,0.012958427896311076,-0.9998574843909136
94340000000,1401,94331964507,map,-0.1068539023399353,-0.011975349858403206,3.004528760910034,0.004157085914243263,-0.01002381659148225,0.01299252469675638,-0.999856767894489
94376000000,1402,94371964507,map,-0.10586102306842804,-0.012325320392847061,3.0044028759002686,0.004170750712783904,-0.010067339798014828,0.012972757824804781,-0.9998564728665493
94408000000,1403,94403964507,map,-0.10492875427007675,-0.012494061142206192,3.004239082336426,0.004231134963626617,-0.010095972325405154,0.012970355454439697,-0.9998560092512158
94440000000,1404,94435964428,map,-0.10391610115766525,-0.0125772375613451,3.0041983127593994,0.004282776377581353,-0.010172180742230185,0.01293427775211431,-0.9998555034890335
94472000000,1405,94467964428,map,-0.10279450565576553,-0.012527311220765114,3.0042433738708496,0.004285819841024995,-0.010210321335226766,0.012930315948354254,-0.9998550820205485
94508000000,1406,94499964428,map,-0.10159757733345032,-0.012384525500237942,3.004187822341919,0.004257904468603861,-0.010158467211395954,0.012926859906776389,-0.9998558406638216
94540000000,1407,94531964350,map,-0.10033539682626724,-0.012174859642982483,3.0040535926818848,0.004198455680234737,-0.010114868272244957,0.012951979428488858,-0.9998561778386099
94572000000,1408,94563964350,map,-0.09903519600629807,-0.01191849634051323,3.003938913345337,0.004161426381095376,-0.010122137945068579,0.012952232309579925,-0.9998562621323068
94608000000,1409,94603964350,map,-0.09772124141454697,-0.01199494581669569,3.003809690475464,0.004121198531280745,-0.01013015506590876,0.012966520091225175,-0.9998561356917612
94640000000,1410,94635964272,map,-0.09708058089017868,-0.012527486309409142,3.00370454788208,0.00408110502454574,-0.010071142892548427,0.01296512924522425,-0.999856936481883
94672000000,1411,94667964272,map,-0.09631048142910004,-0.012951349839568138,3.0035767555236816,0.004052826464828455,-0.009991732303053332,0.012963654105526412,-0.9998578215657017
94708000000,1412,94699964272,map,-0.09544486552476883,-0.013257239013910294,3.003462314605713,0.0040350852757833995,-0.009929908144643914,0.012978784824141776,-0.9998583694747324
94740000000,1413,94731964195,map,-0.09451817721128464,-0.013457267545163631,3.0033528804779053,0.004083958168626576,-0.0099291274401297,0.012992693284150425,-0.9998579480062473
94772000000,1414,94771964195,map,-0.09326451271772385,-0.013567458838224411,3.003232955932617,0.0041201379453506375,-0.009913488983698635,0.01298911080202697,-0.9998579901530957
94808000000,1415,94803964195,map,-0.09214363247156143,-0.013557086698710918,3.003145217895508,0.004175386536847849,-0.009930530139931703,0.012933055493507428,-0.9998583273278838
94840000000,1416,94835964118,map,-0.09093841165304184,-0.013448738493025303,3.00302791595459,0.0042611089461797045,-0.009989401714039581,0.012967447321892367,-0.9998569786287315
94872000000,1417,94867964118,map,-0.08968445658683777,-0.013268917798995972,3.0029115676879883,0.004230332856415894,-0.009931136000879047,0.012973642908623406,-0.9998576108314592
94908000000,1418,94899964118,map,-0.0883929654955864,-0.013007549569010735,3.002804756164551,0.004221712838078655,-0.00982183440543887,0.012928377193322738,-0.9998592967053996
94940000000,1419,94931964042,map,-0.08708713203668594,-0.012665009126067162,3.0027899742126465,0.0041319713316145795,-0.009720073803159602,0.012970018279651552,-0.9998601396423699
94972000000,1420,94963964042,map,-0.0857594683766365,-0.012258217670023441,3.0027451515197754,0.004153175147682607,-0.009709886119621109,0.01298009137644568,-0.9998600132018243
95008000000,1421,95003964042,map,-0.08492639660835266,-0.012271535582840443,3.002750873565674,0.004149097110816923,-0.009686397483382635,0.01297583454474599,-0.9998603082297639
95040000000,1422,95035963966,map,-0.08517592400312424,-0.012878402136266232,3.0028345584869385,0.004119657701768192,-0.009608243890717152,0.01294650033818251,-0.9998615726352191
95072000000,1423,95067963966,map,-0.08526657521724701,-0.013346034102141857,3.0029399394989014,0.0040920487171793975,-0.009573379392011657,0.012941400569512651,-0.9998621205442497
95108000000,1424,95099963966,map,-0.08521877974271774,-0.013688680715858936,3.0031728744506836,0.004086473644010943,-0.009520844497795717,0.012966225063285541,-0.9998622469847953
95140000000,1425,95131963891,map,-0.08506365865468979,-0.013918116688728333,3.003354549407959,0.004148648477370861,-0.009546278474510771,0.012927955724837625,-0.9998622469847953
95172000000,1426,95163963891,map,-0.0848136618733406,-0.014063093811273575,3.003732204437256,0.004216612081592074,-0.009571334282042118,0.012958175015219953,-0.9998613619009766
95208000000,1427,95203963891,map,-0.08436694741249084,-0.014164709486067295,3.0041439533233643,0.004299190105534441,-0.00968908022907203,0.012981903690931662,-0.9998595495864906
95240000000,1428,95235963817,map,-0.08394240587949753,-0.01418533455580473,3.0044586658477783,0.004396375799116752,-0.009833036412155783,0.012967658056134923,-0.9998579480062473
95272000000,1429,95267963817,map,-0.08343082666397095,-0.014126816764473915,3.0047826766967773,0.004501836927622502,-0.00991610208830631,0.012998720283487475,-0.9998562199854583
95308000000,1430,95299963817,map,-0.08284232765436172,-0.013981722295284271,3.005098342895508,0.004599878893701319,-0.010074901699963865,0.013008034737008345,-0.9998540704961842
95340000000,1431,95331963743,map,-0.08216696977615356,-0.013753400184214115,3.005462884902954,0.0046566602475408584,-0.010160884892920883,0.012982620187356353,-0.9998532697060625
95372000000,1432,95363963743,map,-0.08143320679664612,-0.013462118804454803,3.0058112144470215,0.00467255701805518,-0.01016770659084295,0.01296685726601321,-0.9998533539997596
95408000000,1433,95403963743,map,-0.0808444395661354,-0.013770649209618568,3.0060806274414062,0.004633228740038452,-0.010178502769506818,0.013004494401733457,-0.9998529746781228
95440000000,1434,95435963670,map,-0.08048892766237259,-0.014300137758255005,3.0062003135681152,0.004692241736579418,-0.01015024511857766,0.013023249749320842,-0.9998526796501834
95472000000,1435,95467963670,map,-0.08005432784557343,-0.014695225283503532,3.006284236907959,0.004679981778110431,-0.01013937567683728,0.013048032096245221,-0.9998525110627894
95508000000,1436,95507963670,map,-0.07938234508037567,-0.014984763227403164,3.0063207149505615,0.004621943262805152,-0.009995948304993438,0.013032016293811066,-0.9998544498178208
95540000000,1437,95531963597,map,-0.07892376184463501,-0.01505874004215002,3.006335496902466,0.004595582713967366,-0.009982444520584997,0.013048959326912413,-0.9998545341115179
95572000000,1438,95563963597,map,-0.0782604068517685,-0.015087940730154514,3.0063819885253906,0.004586228747775979,-0.010002844912353287,0.013031510531628876,-0.9998545341115179
95608000000,1439,95603963597,map,-0.07734117656946182,-0.015006646513938904,3.006394863128662,0.004526249831077929,-0.009923004293294476,0.013006686037855986,-0.9998559249575187
95640000000,1440,95635963524,map,-0.07655324786901474,-0.014838868752121925,3.0063745975494385,0.004535103138807122,-0.009881483226702294,0.01300200773767124,-0.9998563885728524
95672000000,1441,95667963524,map,-0.07570300251245499,-0.014579083770513535,3.006300687789917,0.004529523291190984,-0.009884851681860625,0.01298826786505669,-0.9998565571602465
95708000000,1442,95699963524,map,-0.07476954907178879,-0.014240712858736515,3.0060875415802,0.004530314697053453,-0.009886861724335115,0.013011237897495198,-0.9998562621323068
95740000000,1443,95731963453,map,-0.07378657162189484,-0.01379393320530653,3.0056686401367188,0.004463573351439055,-0.009798518472497615,0.013033112111872358,-0.9998570629224285
95772000000,1444,95763963453,map,-0.072771817445755,-0.013277402147650719,3.005098819732666,0.004407382712023175,-0.009736575446804506,0.01301684342834708,-0.9998581587404898
95808000000,1445,95803963453,map,-0.07250150293111801,-0.014162678271532059,3.0046885013580322,0.004283170022560999,-0.009567199774984875,0.012976846069110315,-0.999860898285643
95840000000,1446,95835963381,map,-0.0726841613650322,-0.0155170988291502,3.0045201778411865,0.00419656878558324,-0.009516739460605207,0.012923319571501446,-0.9998624155721894
95872000000,1447,95867963381,map,-0.0727381780743599,-0.016660721972584724,3.004526376724243,0.004163867440950341,-0.009533446076228221,0.012928124312231726,-0.9998623312784923
95908000000,1448,95899963381,map,-0.07271504402160645,-0.01764056645333767,3.004565477371216,0.004121702482465478,-0.009441673618501525,0.012916828956830773,-0.9998635113902508
95940000000,1449,95931963311,map,-0.07262051850557327,-0.018454257398843765,3.0046021938323975,0.0042128555790824146,-0.009516219539716155,0.012923825333683636,-0.9998623312784924
95972000000,1450,95963963311,map,-0.07243550568819046,-0.019113294780254364,3.0045859813690186,0.004283398208233016,-0.009601155317633225,0.012906081510460576,-0.9998614461946737
96008000000,1451,96003963311,map,-0.0720561072230339,-0.01971409097313881,3.004448652267456,0.004430222517285159,-0.009730084667497701,0.012947680449940768,-0.9998590438243085
96040000000,1452,96035963241,map,-0.07162515819072723,-0.020071573555469513,3.0042872428894043,0.0045751507120626944,-0.009836205492964323,0.012978869117838798,-0.999856936481883
96072000000,1453,96067963241,map,-0.07110658288002014,-0.02036365680396557,3.004084587097168,0.004659384316898129,-0.009914663991737002,0.012991597466089078,-0.9998555877827306
96108000000,1454,96099963241,map,-0.07051480561494827,-0.020551281049847603,3.0037806034088135,0.004725525069921246,-0.009935613115716568,0.013051361697277553,-0.9998543233772754
96140000000,1455,96131963171,map,-0.0698850229382515,-0.0206503514200449,3.003448963165283,0.004814275960809188,-0.009910650162960848,0.013060465416555866,-0.9998540704961842
96172000000,1456,96163963171,map,-0.0692184790968895,-0.02062571980059147,3.0031750202178955,0.004849924292115309,-0.009895078219525089,0.01304887503321539,-0.9998541126430328
96208000000,1457,96203963171,map,-0.06937464326620102,-0.021905824542045593,3.0022432804107666,0.0049494896362772154,-0.009895606372220492,0.013052162487399321,-0.9998536068808506
96240000000,1458,96235963102,map,-0.06991014629602432,-0.02346927858889103,3.001030445098877,0.00506072702329861,-0.009798331445857348,0.013049170061155024,-0.9998540704961842
96272000000,1459,96267963102,map,-0.07031721621751785,-0.02484237588942051,2.999905824661255,0.005040216160689107,-0.009804624332539504,0.01303075188835573,-0.9998543655241238
96308000000,1460,96299963102,map,-0.07059672474861145,-0.026035448536276817,2.998849630355835,0.00518875350864264,-0.009857052377909023,0.012954297505156975,-0.9998540283493358
96340000000,1461,96331963033,map,-0.07077380269765854,-0.02708214521408081,2.997860908508301,0.005300545060867501,-0.00998771057174308,0.012899717336335381,-0.9998528903844259
96372000000,1462,96371963033,map,-0.07087337225675583,-0.028186682611703873,2.996718406677246,0.0054147878803872005,-0.010054217146240383,0.012932718318719394,-0.999851162363637
96408000000,1463,96403963033,map,-0.07085614651441574,-0.02889510616660118,2.9958183765411377,0.005621254589893814,-0.010151655556277634,0.0129878885434202,-0.9998483385247867
96440000000,1464,96435962965,map,-0.07073559612035751,-0.029485560953617096,2.994992733001709,0.005743949663537344,-0.010330870212318781,0.013027970196354044,-0.9998452618048455
96472000000,1465,96467962965,map,-0.07052326947450638,-0.02993878908455372,2.9943838119506836,0.005831271348206838,-0.010430830683185479,0.013055744969522776,-0.9998433651966625
96508000000,1466,96499962965,map,-0.07024846971035004,-0.03023938275873661,2.993844509124756,0.005908575089184769,-0.010517115983435533,0.013010521401070563,-0.9998426487002379
96540000000,1467,96531962898,map,-0.06990891695022583,-0.030439894646406174,2.99334454536438,0.006001441883247604,-0.010572852391777032,0.012990712382270342,-0.9998417214695705
96572000000,1468,96563962898,map,-0.06951998919248581,-0.030545227229595184,2.992832660675049,0.00602102864327628,-0.010583047648577365,0.012975118048321299,-0.9998417214695705
96608000000,1469,96603962898,map,-0.06920184940099716,-0.0312814936041832,2.9912326335906982,0.006043342600748639,-0.010564723153734367,0.012972968559047282,-0.999841763616419
96640000000,1470,96635962831,map,-0.06895988434553146,-0.03211434185504913,2.989640712738037,0.006054117541352127,-0.010629625513810222,0.01297081906977321,-0.9998410471199943
96672000000,1471,96667962831,map,-0.06862539052963257,-0.03280305489897728,2.988199234008789,0.0060465085534707665,-0.0106211409910055,0.012976298160079669,-0.9998411314136914
96708000000,1472,96699962831,map,-0.06817332655191422,-0.03336511179804802,2.986546277999878,0.006066757644638347,-0.010562793782962102,0.012968838167893293,-0.9998417636164191
96740000000,1473,96731962765,map,-0.06763328611850739,-0.0338277667760849,2.9850778579711914,0.006091398733765789,-0.010551010116808514,0.013020510204167612,-0.9998410049731459
96772000000,1474,96763962765,map,-0.06703048199415207,-0.03421791270375252,2.9837310314178467,0.00612138621648129,-0.010519779302061941,0.013047273452971964,-0.9998407942389034
96808000000,1475,96803962765,map,-0.06616875529289246,-0.034588735550642014,2.982184648513794,0.006195117188867291,-0.010321998300707238,0.013089968210513503,-0.9998418479101161
96840000000,1476,96835962699,map,-0.06543400138616562,-0.034782521426677704,2.9810550212860107,0.006242569930479,-0.01023956894318755,0.013052246781096288,-0.9998429015813288
96872000000,1477,96867962699,map,-0.06466397643089294,-0.034918203949928284,2.9800527095794678,0.006345720555578493,-0.010210879945605662,0.01301212298131399,-0.9998430701687229
96908000000,1478,96899962699,map,-0.06383810192346573,-0.03499908000230789,2.979156017303467,0.006439769107760903,-0.010117134323896925,0.013050855935095418,-0.9998429437281773
96940000000,1479,96931962634,map,-0.06296416372060776,-0.03502914682030678,2.978403091430664,0.006613335098284829,-0.010073977268110785,0.013020468057319046,-0.9998426487002379
96972000000,1480,96963962634,map,-0.062057629227638245,-0.035045649856328964,2.9777801036834717,0.00669878487019038,-0.010071776741637362,0.012997666612274694,-0.9998423536722982
97008000000,1481,97003962634,map,-0.06116147339344025,-0.03519851714372635,2.9770445823669434,0.006743516341258979,-0.009951274456569287,0.012964918510981693,-0.999843744518299
97040000000,1482,97035962569,map,-0.06075814366340637,-0.03542543575167656,2.9764554500579834,0.006843806907560303,-0.009884466927231836,0.012981945837780118,-0.999843491637208
97072000000,1483,97067962569,map,-0.060303591191768646,-0.03559974208474159,2.975977659225464,0.0068664473384724934,-0.00982972508573352,0.01297254709056217,-0.9998439552525417
97108000000,1484,97099962569,map,-0.05977640673518181,-0.03573115915060043,2.9755852222442627,0.006929140281724068,-0.009765775639560716,0.012951052197821666,-0.9998444610147237
97140000000,1485,97131962505,map,-0.05922182649374008,-0.035797931253910065,2.9753105640411377,0.007069693765335074,-0.009813393346571674,0.0129103383421601,-0.9998435337840564
97172000000,1486,97163962505,map,-0.0586618147790432,-0.03580533340573311,2.97487473487854,0.007093434624120105,-0.009786982748351282,0.012959776595463324,-0.999842985875026
97208000000,1487,97203962505,map,-0.05793650820851326,-0.035771578550338745,2.97451114654541,0.00718814698916656,-0.009797733652080228,0.012972504943713659,-0.9998420586443586
97240000000,1488,97235962441,map,-0.057320546358823776,-0.035728324204683304,2.9743616580963135,0.0071963684234403425,-0.009833604406793919,0.012941822037997763,-0.9998420586443586
97272000000,1489,97267962441,map,-0.05668662115931511,-0.03568071871995926,2.9743008613586426,0.007221165011389734,-0.009881678402830848,0.012924204655320182,-0.9998415528821766
97308000000,1490,97299962441,map,-0.05602020025253296,-0.035609904676675797,2.974360942840576,0.007312430307527219,-0.009958071952980685,0.012911771335009536,-0.9998403306235697
97340000000,1491,97331962378,map,-0.05531827360391617,-0.0355205275118351,2.974376678466797,0.007459313062404446,-0.010013409777258727,0.012835569832901794,-0.9998397405676904
97372000000,1492,97363962378,map,-0.05460222065448761,-0.035402387380599976,2.9743833541870117,0.007484863848451603,-0.010080034148904893,0.012850447670426146,-0.9998386026027808
97408000000,1493,97403962378,map,-0.0536225289106369,-0.03539354354143143,2.974348545074463,0.007480706210018519,-0.010085599755496047,0.012830722945323003,-0.9998388554838717
97440000000,1494,97435962315,map,-0.05276734381914139,-0.03552154451608658,2.974402666091919,0.007514400722087517,-0.010097641159506447,0.012809775961613146,-0.9998387290433263
97472000000,1495,97467962315,map,-0.051930733025074005,-0.03560851514339447,2.974184274673462,0.007524472501792606,-0.010121541056790155,0.012806193479489691,-0.9998384340153866
97508000000,1496,97499962315,map,-0.05109842121601105,-0.03563268110156059,2.973970413208008,0.007573047156291729,-0.010146627239686932,0.012843071971936681,-0.999837380344174
97540000000,1497,97531962253,map,-0.05024944618344307,-0.03562881052494049,2.973745822906494,0.007643079248812515,-0.01023539261855405,0.012871310360438981,-0.9998356101765364
97572000000,1498,97563962253,map,-0.04938073083758354,-0.03560016676783562,2.9735608100891113,0.007688758859336483,-0.010233489095653726,0.012882057806809233,-0.9998350622675058
97608000000,1499,97603962253,map,-0.048290152102708817,-0.035552412271499634,2.9734623432159424,0.007655547718936343,-0.010164637691117688,0.012881678485172687,-0.9998360316450216
97640000000,1500,97635962191,map,-0.04742400348186493,-0.035513363778591156,2.9734463691711426,0.00764498491198249,-0.010088759945953728,0.012850068348789545,-0.9998372960504769
97672000000,1501,97667962191,map,-0.04654993861913681,-0.03552677854895592,2.9735662937164307,0.007645842419249946,-0.010050399646045672,0.012862585962797324,-0.9998375910784165
97708000000,1502,97699962191,map,-0.045659903436899185,-0.03558741882443428,2.973818063735962,0.0076394540436141335,-0.009978558202489201,0.012888084806146338,-0.9998379704000531
97740000000,1503,97731962130,map,-0.044748976826667786,-0.03567630797624588,2.9740874767303467,0.007666418642401867,-0.010004175748485857,0.01291741901270993,-0.9998371274630828
97772000000,1504,97763962130,map,-0.04377833381295204,-0.03578997403383255,2.9743926525115967,0.007704790219884624,-0.009942930286062829,0.01287556719213867,-0.9998380125469015
97808000000,1505,97803962130,map,-0.042456015944480896,-0.03460536152124405,2.9736886024475098,0.007729068039397852,-0.0098799037076999,0.01283422113374949,-0.9998389819244173
97840000000,1506,97835962070,map,-0.04136379435658455,-0.033064499497413635,2.9726390838623047,0.007827392438752526,-0.009781745261561232,0.01282663470101747,-0.9998392348055085
97872000000,1507,97867962070,map,-0.04030679166316986,-0.03170602768659592,2.971644163131714,0.007889496890168156,-0.00976522526098817,0.012823473687379128,-0.9998390240712659
97908000000,1508,97899962070,map,-0.03926650062203407,-0.0305070411413908,2.9707841873168945,0.007974593188309047,-0.009618257389233284,0.012810913926522893,-0.9998398670082361
97940000000,1509,97931962010,map,-0.03825065493583679,-0.029456594958901405,2.9699525833129883,0.008137369997204501,-0.009527535886223267,0.012814875730282893,-0.999839445539751
97972000000,1510,97963962010,map,-0.03727082908153534,-0.028540747240185738,2.969264268875122,0.008170590316068722,-0.009477111750632507,0.012811335395008061,-0.999839698420842
98008000000,1511,98003962010,map,-0.03607708588242531,-0.027561387047171593,2.9685606956481934,0.008353154206000373,-0.009349636425882624,0.012844547111634574,-0.9998389397775688
98040000000,1512,98035961950,map,-0.035151995718479156,-0.026889026165008545,2.9680638313293457,0.00843039262759492,-0.009260101661235025,0.012830807239020026,-0.9998392769523569
98072000000,1513,98067961950,map,-0.03424649313092232,-0.026317592710256577,2.9676926136016846,0.008510784077975625,-0.00921013233294509,0.012794813830391716,-0.999839529833448
98108000000,1514,98099961950,map,-0.03337593749165535,-0.025860462337732315,2.9672162532806396,0.008579731485953219,-0.009129400929541655,0.012720087467981978,-0.9998406677983578
98140000000,1515,98131961891,map,-0.032516177743673325,-0.025500476360321045,2.9668633937835693,0.008668453123059344,-0.008997333892920106,0.012710983748703608,-0.9998411735605399
98172000000,1516,98163961891,map,-0.03168267011642456,-0.025258367881178856,2.966385841369629,0.008732960212373799,-0.008971928542311632,0.012714481937129984,-0.9998407942389034
98208000000,1517,98203961891,map,-0.030746864154934883,-0.023582415655255318,2.965579032897949,0.008796108518573126,-0.00890803081246222,0.012683588297171478,-0.9998411735605399
98240000000,1518,98235961833,map,-0.030076785013079643,-0.021674567833542824,2.96484637260437,0.008959079833074705,-0.008961620542321743,0.012663947865765413,-0.9998395719802964
98272000000,1519,98267961833,map,-0.02937607653439045,-0.019989604130387306,2.964216947555542,0.008996721011785527,-0.008941408402559192,0.01264561398666314,-0.9998396141271451
98308000000,1520,98299961833,map,-0.028709853067994118,-0.018501710146665573,2.9637255668640137,0.009067345709472997,-0.008894948337047641,0.012673051585043782,-0.9998390662181144
98340000000,1521,98331961775,map,-0.028026746585965157,-0.017183134332299232,2.9632112979888916,0.009179376678640662,-0.00879106092926569,0.012594110537782921,-0.9998399513019331
98372000000,1522,98363961775,map,-0.027330225333571434,-0.0160271804779768,2.962789535522461,0.009121932623230931,-0.008755934700277305,0.012569623218798065,-0.9998410892668428
98408000000,1523,98403961775,map,-0.026492895558476448,-0.014772539027035236,2.962557792663574,0.008982376145135737,-0.00870250207613013,0.012539572515809727,-0.9998432387561169
98440000000,1524,98435961717,map,-0.025849321857094765,-0.013924234546720982,2.962571859359741,0.008873595355503795,-0.008672622368339263,0.012565619268189498,-0.9998440816930871
98472000000,1525,98467961717,map,-0.025174476206302643,-0.013186689466238022,2.962733030319214,0.008812035633583607,-0.008664376372413286,0.012570086834131688,-0.9998446717489663
98508000000,1526,98499961717,map,-0.024518657475709915,-0.012580438517034054,2.9629437923431396,0.008662978375030777,-0.008569674698425326,0.01256894886922183,-0.9998467369445433
98540000000,1527,98531961660,map,-0.02387474663555622,-0.01212757732719183,2.963127374649048,0.008545193128842861,-0.00859272700005091,0.012502736170211248,-0.9998484649653323
98572000000,1528,98563961660,map,-0.02325136959552765,-0.011858858168125153,2.963364839553833,0.008490098266329234,-0.008568051049223577,0.012480103312560942,-0.999849350049151
98608000000,1529,98603961660,map,-0.02237081155180931,-0.010403549298644066,2.963411808013916,0.008475881592056268,-0.008531993118668127,0.012471083886979595,-0.9998499401050301
98640000000,1530,98635961604,map,-0.021518386900424957,-0.007916759699583054,2.963099956512451,0.00860571863105144,-0.008647935426764234,0.0125010502962708,-0.999847453440968
98672000000,1531,98667961604,map,-0.020714299753308296,-0.005772921722382307,2.96289324760437,0.008676602134158105,-0.008718170109184168,0.012527602810832705,-0.9998459361544216
98708000000,1532,98699961604,map,-0.01996017061173916,-0.003926107194274664,2.9627442359924316,0.008846060223080156,-0.008830997123608911,0.01254176415193231,-0.9998432387561169
98740000000,1533,98731961548,map,-0.019226614385843277,-0.0023428420536220074,2.962693929672241,0.009009609684754238,-0.008925336325438894,0.012579359140804103,-0.9998404570641153
98772000000,1534,98763961548,map,-0.018519114702939987,-0.0009862439474090934,2.9626967906951904,0.00902935553215794,-0.008917013591070657,0.012557737807517955,-0.9998406677983578
98808000000,1535,98803961548,map,-0.017651820555329323,0.00040602832450531423,2.9628942012786865,0.008996880258651804,-0.008849743079219702,0.012544335109691496,-0.999841679322722
98840000000,1536,98835961493,map,-0.01701122708618641,0.0012550175888463855,2.963139772415161,0.008917693965300223,-0.008732330129336153,0.012559255094064414,-0.9998432809029655
98872000000,1537,98867961493,map,-0.0164258424192667,0.0019080541096627712,2.9634029865264893,0.008864861059114906,-0.008696004011674707,0.012543913641206439,-0.9998442081336327
98908000000,1538,98899961493,map,-0.015868058428168297,0.0023831864818930626,2.963700771331787,0.008892653427769655,-0.008632569897158915,0.012547538270178404,-0.9998444610147238
98940000000,1539,98931961438,map,-0.015303926542401314,0.0026690810918807983,2.963961362838745,0.008890111991326013,-0.008658090585664106,0.01260490013100174,-0.999843575930905
98972000000,1540,98963961438,map,-0.014751679264008999,0.0027509708888828754,2.964232921600342,0.008916686052640998,-0.008652503020729514,0.012632632757321849,-0.9998430701687229
99008000000,1541,99003961438,map,-0.014323768205940723,0.0041102394461631775,2.9648172855377197,0.008988062543195315,-0.008601491360540054,0.012661461201703361,-0.9998424801128438
99040000000,1542,99035961384,map,-0.014261804521083832,0.006653425749391317,2.965404748916626,0.009114364670904226,-0.008573969591939536,0.01262820733822817,-0.9998419322038132
99072000000,1543,99067961384,map,-0.01416955515742302,0.008854561485350132,2.9660091400146484,0.00916765911389206,-0.008571343563395891,0.012625678527317497,-0.999841595029025
99108000000,1544,99099961384,map,-0.014075834304094315,0.010722292587161064,2.9666526317596436,0.009219044991998182,-0.008474312648352472,0.012627617282349068,-0.999841932203813
99140000000,1545,99131961330,map,-0.01395437028259039,0.012272002175450325,2.967310905456543,0.009210603109950352,-0.008431801624728664,0.012654675559093054,-0.9998420164975101
99172000000,1546,99163961330,map,-0.013796593993902206,0.013554313220083714,2.967867612838745,0.009183617931646744,-0.008445224737434875,0.012666434529827575,-0.9998419743506616
99208000000,1547,99203961330,map,-0.0135806268081069,0.01485570427030325,2.96848726272583,0.009198855087518259,-0.008392109418553211,0.012713343972220237,-0.999841679322722
99240000000,1548,99235961276,map,-0.013392148539423943,0.01561745349317789,2.969024896621704,0.009092139267088675,-0.008360305670084694,0.012731762145019532,-0.9998427329939348
99272000000,1549,99267961276,map,-0.013200378976762295,0.016152463853359222,2.969580888748169,0.008965104940784466,-0.0083197404191073,0.012724007124893466,-0.9998442502804812
99308000000,1550,99299961276,map,-0.013024881482124329,0.016477437689900398,2.970097303390503,0.0088498070300654,-0.008264716329548763,0.012720129614830489,-0.9998457675670276
99340000000,1551,99331961224,map,-0.012844197452068329,0.016586145386099815,2.970637321472168,0.008850798221867977,-0.008229752143668374,0.012763583015645175,-0.9998454725390881
99372000000,1552,99363961224,map,-0.01266718003898859,0.016496600583195686,2.9711742401123047,0.008848294024058309,-0.008286961633756166,0.012775679161167786,-0.9998449246300574
99408000000,1553,99403961224,map,-0.012629951350390911,0.018283015117049217,2.971843957901001,0.008916843712312111,-0.008393134340182308,0.012749463821394025,-0.999843744518299
99440000000,1554,99435961171,map,-0.012797287665307522,0.021870575845241547,2.972395658493042,0.009055453501807807,-0.008475482038183005,0.012725102942954758,-0.9998421429380556
99472000000,1555,99467961171,map,-0.01292382925748825,0.02498258277773857,2.9729514122009277,0.009158633864307738,-0.008561897956620317,0.012703228728577598,-0.9998407520920548
99508000000,1556,99499961171,map,-0.013012909330427647,0.027709610760211945,2.973489761352539,0.009269702087708642,-0.008574568929180348,0.012682871800746787,-0.9998398670082361
99540000000,1557,99531961119,map,-0.013065437786281109,0.03008449263870716,2.9739420413970947,0.009235745042755632,-0.008596307339332246,0.012736693326295179,-0.9998393190992054
99572000000,1558,99563961119,map,-0.013082435354590416,0.03208840638399124,2.9744184017181396,0.009084237124003684,-0.00856715937738733,0.012749379527697002,-0.9998407942389033
99608000000,1559,99603961119,map,-0.01306734699755907,0.03410506621003151,2.974946975708008,0.008806383520997475,-0.008473755879840245,0.0127365668857497,-0.9998442502804812
99640000000,1560,99635961068,map,-0.013012588024139404,0.03532937541604042,2.975329875946045,0.008605739698044595,-0.008455866976175123,0.012726493788955573,-0.9998462311823612
99672000000,1561,99667961068,map,-0.012930283322930336,0.03626052290201187,2.9756596088409424,0.008493677658631285,-0.00848726785007268,0.012724091418590433,-0.9998469476787859
99708000000,1562,99707961068,map,-0.012758051976561546,0.037059053778648376,2.9760236740112305,0.008199857937608692,-0.008450466617951563,0.012708328497247456,-0.9998498979581817
99740000000,1563,99739961017,map,-0.012597314082086086,0.037380851805210114,2.976245880126953,0.00812288381873652,-0.008411543488863856,0.012682197451170718,-0.999851246657334
99772000000,1564,99763961017,map,-0.012470253743231297,0.03744899109005928,2.97634220123291,0.0080955690800657,-0.008400202982005108,0.012677266269894905,-0.9998516259789706
99808000000,1565,99803961017,map,-0.013323039747774601,0.04030711203813553,2.975613832473755,0.008067447747849694,-0.008392449443604247,0.012659438152974767,-0.9998521738880013
99840000000,1566,99835960967,map,-0.014458470046520233,0.04369967058300972,2.9747416973114014,0.00814703742029193,-0.008385037566325932,0.01264064065853887,-0.9998517524195162
99872000000,1567,99867960967,map,-0.015473541803658009,0.04658733308315277,2.9740405082702637,0.008208696345768391,-0.008397886366482636,0.012694040715602262,-0.9998504458672124
99908000000,1568,99899960967,map,-0.01634964905679226,0.04905221238732338,2.973479986190796,0.008368323891929094,-0.008524828414237663,0.012738042025447538,-0.9998475798815135
99940000000,1569,99931960917,map,-0.017118260264396667,0.05110732465982437,2.9730265140533447,0.008354778434001007,-0.008478406809268842,0.012765100302191579,-0.9998476641752105
99972000000,1570,99963960917,map,-0.017764048650860786,0.0527854822576046,2.972487449645996,0.008279338286517723,-0.008450118294210753,0.012776732832380566,-0.9998484228184839
100008000000,1571,100003960917,map,-0.018444174900650978,0.054387617856264114,2.9719512462615967,0.008170480709567173,-0.008507390762762,0.012789671914873457,-0.9998486335527264
100040000000,1572,100035960868,map,-0.018885890021920204,0.05525754392147064,2.9716389179229736,0.007998379857096415,-0.008497712257605271,0.012755069352245907,-0.9998506144546064
100072000000,1573,100067960868,map,-0.019265955314040184,0.0558285191655159,2.9712936878204346,0.00792168909757832,-0.008492513007555717,0.012790599145540649,-0.9998508251888488
100108000000,1574,100099960868,map,-0.019570671021938324,0.05610945075750351,2.971076488494873,0.00779532012760185,-0.008579225744350483,0.012790514851843626,-0.9998510780699399
100140000000,1575,100131960819,map,-0.019807234406471252,0.056103114038705826,2.970888137817383,0.007717577466709346,-0.008626260474835754,0.012769483574436746,-0.9998515416852736
100172000000,1576,100163960819,map,-0.02001843973994255,0.05584806203842163,2.97068452835083,0.007761896318484663,-0.00865555899651881,0.012789039712145733,-0.9998506987483033
100208000000,1577,100203960819,map,-0.02067398838698864,0.05865246057510376,2.9707038402557373,0.007806346920320607,-0.008717077425640396,0.012800545801789243,-0.9998496450770906
100240000000,1578,100235960771,map,-0.021298663690686226,0.06214874982833862,2.9708902835845947,0.008024883598205655,-0.008857207794405023,0.012838309378054968,-0.9998461890355126
100272000000,1579,100267960771,map,-0.021831322461366653,0.06507514417171478,2.971165657043457,0.008118446556131491,-0.008860176924637326,0.012855884613884094,-0.9998451353642999
100308000000,1580,100299960771,map,-0.022270767018198967,0.0675133615732193,2.971376657485962,0.008143637571082132,-0.008853638524330788,0.012867011381890947,-0.9998448824832089
100340000000,1581,100331960723,map,-0.022620031610131264,0.06951158493757248,2.9716033935546875,0.008153613450243246,-0.00895454705233479,0.012882142100506366,-0.999843660224602
100372000000,1582,100363960723,map,-0.02288597822189331,0.07109413295984268,2.9717845916748047,0.00812194532078434,-0.008946626120151804,0.01286351319346446,-0.9998442502804812
100408000000,1583,100403960723,map,-0.023132093250751495,0.07256591320037842,2.972048282623291,0.007951639002097834,-0.008896908767454238,0.012889686386389765,-0.9998457254201791
100440000000,1584,100435960676,map,-0.02329253777861595,0.07336754351854324,2.97228741645813,0.007742399079350042,-0.00884976019108715,0.012867559290921537,-0.9998481277905442
100472000000,1585,100467960676,map,-0.023392971605062485,0.07382407784461975,2.9724767208099365,0.007650210339176238,-0.008838498174501948,0.012889222771056197,-0.9998486335527264
100508000000,1586,100499960676,map,-0.02342035435140133,0.07395237684249878,2.9726929664611816,0.0074625657783655005,-0.008870209932534505,0.012864271836737717,-0.9998500665455756
100540000000,1587,100531960629,map,-0.023401957005262375,0.07375089824199677,2.9729111194610596,0.007338343869280212,-0.008889050232363383,0.012890445029662967,-0.9998505301609093
100572000000,1588,100563960629,map,-0.023335475474596024,0.07323043793439865,2.9731709957122803,0.00733753921020952,-0.008919926667846597,0.012928714368110827,-0.9998497715176362
100608000000,1589,100603960629,map,-0.02313395030796528,0.07590797543525696,2.973262310028076,0.007388070729714113,-0.009046455376025286,0.012895966266817938,-0.9998486335527264
100640000000,1590,100635960583,map,-0.022906271740794182,0.079411581158638,2.9732518196105957,0.007457946088642,-0.00911449899340422,0.012895207623544735,-0.9998475377346651
100672000000,1591,100667960583,map,-0.022631265223026276,0.08234617859125137,2.973219156265259,0.007526548481035957,-0.009193519889186718,0.012917503306407008,-0.9998459783012701
100708000000,1592,100699960583,map,-0.022360045462846756,0.08474712073802948,2.9731786251068115,0.007606235165316026,-0.009154109787014872,0.012916828956830828,-0.999845809713876
100740000000,1593,100731960537,map,-0.022078705951571465,0.08664822578430176,2.9731438159942627,0.0076012081658143405,-0.00906990663986293,0.012939419667632623,-0.9998463154760582
100772000000,1594,100763960537,map,-0.021758778020739555,0.08809008449316025,2.973271608352661,0.007561943684296822,-0.009055331156585815,0.012929051542898973,-0.9998468212382403
100808000000,1595,100803960537,map,-0.021266546100378036,0.0892849788069725,2.9736227989196777,0.007436720458287147,-0.00896492978852474,0.012947806890486357,-0.9998483806716353
100840000000,1596,100835960492,map,-0.02083010785281658,0.08983028680086136,2.9737279415130615,0.0072957771163274145,-0.008846357862045691,0.012957964280977452,-0.9998502772798182
100872000000,1597,100867960492,map,-0.020353203639388084,0.09000149369239807,2.9739036560058594,0.007206531905468168,-0.008804269541677944,0.012951557960003801,-0.9998514573915765
100908000000,1598,100899960492,map,-0.01981068216264248,0.08984127640724182,2.9740772247314453,0.007044901046334668,-0.008596875766140216,0.01292858792756535,-0.999854702698912
100940000000,1599,100931960447,map,-0.019274914637207985,0.08937086164951324,2.9742672443389893,0.006892148519621663,-0.008430626699008356,0.01290591292306642,-0.9998574843909136
100972000000,1600,100963960447,map,-0.01874818466603756,0.08863692730665207,2.974407434463501,0.006879793895379654,-0.008377948735998057,0.012878559618382857,-0.9998583694747324
101008000000,1601,101003960447,map,-0.01859099604189396,0.09035985171794891,2.974215507507324,0.006871904943764338,-0.008301147546797779,0.01290932681779583,-0.9998586223558233
101040000000,1602,101035960402,map,-0.018676050007343292,0.09276317059993744,2.973952054977417,0.006941249556977823,-0.008294106512395524,0.012871605388378615,-0.9998586645026719
101072000000,1603,101067960402,map,-0.018723173066973686,0.09459837526082993,2.9737565517425537,0.006968932915936988,-0.00835215247748555,0.012875187870502014,-0.9998579480062473
101108000000,1604,101099960402,map,-0.0187213271856308,0.0959475040435791,2.973656177520752,0.007140030228895645,-0.008404986639021336,0.012882816450082546,-0.9998562199854584
101140000000,1605,101131960359,map,-0.01869342289865017,0.09686250984668732,2.9736411571502686,0.007266868946901466,-0.008474442916687957,0.0129430864434531,-0.9998539440556387
101172000000,1606,101163960359,map,-0.018647577613592148,0.09735865890979767,2.9736976623535156,0.0073046288188543685,-0.008479994199936062,0.012999900395245734,-0.9998528482375774
101208000000,1607,101203960359,map,-0.018545623868703842,0.09743891656398773,2.973876953125,0.007365118971885772,-0.008442258076744476,0.012976635334867703,-0.9998531011186684
101240000000,1608,101235960315,map,-0.018424365669488907,0.09710101038217545,2.974104166030884,0.00742047177805137,-0.008357921409693542,0.012921760138106586,-0.9998541126430327
101272000000,1609,101267960315,map,-0.018267732113599777,0.09639804810285568,2.9743778705596924,0.0074109726439550066,-0.00838766551905431,0.012883575093355693,-0.9998543655241239
101308000000,1610,101299960315,map,-0.018068216741085052,0.09539875388145447,2.9746930599212646,0.007439653656684733,-0.008423129375580134,0.012838309378055024,-0.9998544498178208
101340000000,1611,101331960272,map,-0.01786569505929947,0.09415727108716965,2.9750633239746094,0.0075549312142626,-0.008500817212642347,0.012843830615209884,-0.9998528903844259
101372000000,1612,101363960272,map,-0.017633546143770218,0.09267088025808334,2.9751384258270264,0.0075890974499944735,-0.008516162987198646,0.012879191821110525,-0.9998520053006072
101408000000,1613,101403960272,map,-0.017088253051042557,0.09287945181131363,2.9741625785827637,0.007663230751915818,-0.00852300958633492,0.01285436732733758,-0.9998517102726676
101440000000,1614,101435960230,map,-0.016385888680815697,0.09540379047393799,2.9723117351531982,0.007761001644611537,-0.008500681552473702,0.012809228052582444,-0.9998517524195162
101472000000,1615,101467960230,map,-0.015686824917793274,0.09734524041414261,2.970633029937744,0.007844281656419896,-0.008505722895897953,0.012781579719959302,-0.9998514152447281
101508000000,1616,101499960230,map,-0.014977936632931232,0.09876707941293716,2.969167709350586,0.007919902836759448,-0.008489028278132695,0.012789714061721913,-0.9998508673356974
101540000000,1617,101531960188,map,-0.01427510380744934,0.09973818063735962,2.9680569171905518,0.007879265454578914,-0.008362532332543278,0.012782928419111717,-0.9998523424753953
101572000000,1618,101563960188,map,-0.013579157181084156,0.10030640661716461,2.967165231704712,0.00783685138105439,-0.008261107114634217,0.012795656767361996,-0.9998533539997596
101608000000,1619,101603960188,map,-0.012720324099063873,0.10046815127134323,2.966426134109497,0.007794334060098725,-0.008152463446316547,0.012792959369057222,-0.9998546184052148
101640000000,1620,101635960147,map,-0.012026170268654823,0.10017703473567963,2.9659669399261475,0.0076801379663698184,-0.007955220671330265,0.012822462163014914,-0.9998567257476404
101672000000,1621,101667960147,map,-0.011322996579110622,0.09954949468374252,2.965574264526367,0.007637669573213145,-0.007844997617777048,0.01283009074259539,-0.9998577794188532
101708000000,1622,101699960147,map,-0.010674959979951382,0.09859360009431839,2.965257167816162,0.007564032911603519,-0.007719049195352353,0.01283143944174775,-0.9998592967053996
101740000000,1623,101731960106,map,-0.010050882585346699,0.09731417149305344,2.965040922164917,0.007551337608910845,-0.007693620039388891,0.012802231675729692,-0.9998600132018243
101772000000,1624,101763960106,map,-0.009442172944545746,0.09576526284217834,2.964679718017578,0.007593509986311181,-0.007704589569604728,0.012835148364416682,-0.9998591281180056
101808000000,1625,101803960106,map,-0.008848252706229687,0.09613644331693649,2.964138984680176,0.0076619499240068245,-0.00771003700861573,0.012851417047941849,-0.9998583694747324
101840000000,1626,101835966065,map,-0.008501660078763962,0.09902765601873398,2.963636875152588,0.00779131096523092,-0.007855393077252689,0.012887410456570159,-0.9998557563701247
101872000000,1627,101867966065,map,-0.008159128949046135,0.10128479450941086,2.9632813930511475,0.007868975449687494,-0.00790129129882891,0.012917166131618918,-0.9998544076709723
101908000000,1628,101899966065,map,-0.007828212343156338,0.10298760235309601,2.9629745483398438,0.0079235642024583,-0.007923138490010645,0.012914089411677543,-0.9998538597619416
101940000000,1629,101931966025,map,-0.007484596688300371,0.1041576936841011,2.9628167152404785,0.007984781543254245,-0.007900392002282033,0.012935795038660658,-0.999853227559214
101972000000,1630,101963966025,map,-0.007135807536542416,0.10486453771591187,2.96277117729187,0.007980327299976182,-0.007845687875318995,0.012939082492844589,-0.9998537333213962
102008000000,1631,102003966025,map,-0.00670979218557477,0.10514730960130692,2.9627790451049805,0.007929967650298412,-0.007784861504446993,0.012896177001060494,-0.9998550820205485
102040000000,1632,102035965986,map,-0.00636389572173357,0.10491471737623215,2.962890148162842,0.00786696477439289,-0.00773535073407465,0.012857401900430498,-0.9998565150133979
102072000000,1633,102067965986,map,-0.006035450380295515,0.10430639982223511,2.9628353118896484,0.00784107484821388,-0.0077204188032928295,0.012835780567144295,-0.9998570629224286
102108000000,1634,102099965986,map,-0.0057359677739441395,0.1033635213971138,2.9628167152404785,0.00781324081632924,-0.00764577935846831,0.012857359753581932,-0.9998576529783076
102140000000,1635,102131965947,map,-0.005435196217149496,0.10212691128253937,2.963092565536499,0.007832280871228952,-0.007661974068923705,0.012832661700354464,-0.9998576529783076
102172000000,1636,102163965947,map,-0.0051354169845581055,0.10062689334154129,2.9634644985198975,0.00784702645963941,-0.007719750035910336,0.012827098316351149,-0.9998571472161255
102208000000,1637,102203965947,map,-0.005015644244849682,0.10246388614177704,2.963122844696045,0.007858243787805893,-0.0077460368174734695,0.012828109840715363,-0.9998568943350344
102240000000,1638,102235965908,map,-0.00503157963976264,0.10547925531864166,2.962599515914917,0.007974132973740427,-0.007828231234095057,0.012859172068067914,-0.9998549134331545
102272000000,1639,102267965908,map,-0.005030336789786816,0.10790997743606567,2.9622726440429688,0.007984484691455076,-0.007878228535091944,0.012917671893800997,-0.999853649027699
102308000000,1640,102299965908,map,-0.005002355203032494,0.1097598746418953,2.9620273113250732,0.007928950523160954,-0.007822905955090286,0.012964665629890681,-0.9998539440556387
102340000000,1641,102331965870,map,-0.004942120984196663,0.11110468208789825,2.961874485015869,0.007840019589805946,-0.0077954049023449355,0.012976129572685624,-0.9998547026989119
102372000000,1642,102363965870,map,-0.004872938152402639,0.11195868253707886,2.961867094039917,0.007777129795767715,-0.007746078712222912,0.012981608662992028,-0.9998555456358822
102408000000,1643,102403965870,map,-0.00477611692622304,0.11240072548389435,2.9620044231414795,0.007571915107992749,-0.00764870141820293,0.012976298160079669,-0.9998579058593987
102440000000,1644,102435965832,map,-0.00471909623593092,0.11223732680082321,2.9620704650878906,0.007341508350566953,-0.007630282401643518,0.012919568501984002,-0.9998605189640064
102472000000,1645,102467965832,map,-0.004655482713133097,0.11169764399528503,2.962143898010254,0.007272418892481039,-0.007637240819579296,0.012915143082890324,-0.9998609825793401
102508000000,1646,102499965832,map,-0.004582869820296764,0.11081045120954514,2.962076187133789,0.0072300272712083336,-0.007738757883867705,0.012917840481195042,-0.999860476817158
102540000000,1647,102531965794,map,-0.004510297439992428,0.10958395898342133,2.9621174335479736,0.007187433229817487,-0.007862068408512977,0.012891119379239091,-0.9998602239360669
102572000000,1648,102563965794,map,-0.004460129886865616,0.10804473608732224,2.962252140045166,0.007171696711993279,-0.007902401563710339,0.012897146378576196,-0.9998599289081271
102608000000,1649,102603965794,map,-0.0044893245212733746,0.10884755104780197,2.9623916149139404,0.007210912955125587,-0.008007779304017765,0.012943044296604644,-0.9998582008873383
102640000000,1650,102635965757,map,-0.004570537246763706,0.1125776395201683,2.9623355865478516,0.007274068155462733,-0.008169339246139563,0.012901993266154932,-0.999856936481883
102672000000,1651,102667965757,map,-0.004624958615750074,0.11565225571393967,2.962327480316162,0.007367680257272477,-0.008251616479877906,0.012903341965307291,-0.9998555877827306
102708000000,1652,102699965757,map,-0.004652861971408129,0.11807797849178314,2.9623937606811523,0.0074243403154454525,-0.008334624492224956,0.0128986636651226,-0.9998545341115178
102740000000,1653,102731965720,map,-0.004673184361308813,0.11990243941545486,2.9627723693847656,0.007331630501929709,-0.008230816722024558,0.012952105869034392,-0.9998553770484881
102772000000,1654,102763965720,map,-0.004659807775169611,0.12117761373519897,2.9631903171539307,0.007304388450108956,-0.008181880979339903,0.012956278407037003,-0.9998559249575187
102808000000,1655,102803965720,map,-0.004660691600292921,0.12205547094345093,2.9635348320007324,0.007168458607488497,-0.008079068681481387,0.013012375862405057,-0.9998570629224286
102840000000,1656,102835965684,map,-0.004664100240916014,0.12225788831710815,2.96390438079834,0.007004121788971696,-0.00804629654331388,0.013015283994952276,-0.9998584537684294
102872000000,1657,102867965684,map,-0.004643451888114214,0.12205226719379425,2.964360475540161,0.006959119944223538,-0.008070181499869064,0.012996739381607503,-0.9998587909432175
102908000000,1658,102899965684,map,-0.004616555757820606,0.12147253751754761,2.9648146629333496,0.006816934052254338,-0.008004806016723254,0.013022743987138707,-0.9998599289081272
102940000000,1659,102931965648,map,-0.004599170759320259,0.1205151155591011,2.9652621746063232,0.006685276640606512,-0.007983218804274486,0.013012122981313934,-0.9998611090198855
102972000000,1660,102963965648,map,-0.004552613012492657,0.11920372396707535,2.9657793045043945,0.00665257686001682,-0.0080475576972057,0.012996950115850003,-0.9998610247261885
103008000000,1661,103003965648,map,-0.0047583202831447124,0.12066694349050522,2.96574330329895,0.006620811142493639,-0.008160416585441872,0.012991850347180145,-0.9998603925234608
103040000000,1662,103035965613,map,-0.0050284601747989655,0.12308880686759949,2.965294122695923,0.006613627739000563,-0.008188369165627707,0.013009004114524103,-0.9998600132018243
103072000000,1663,103067965613,map,-0.005290087312459946,0.12491665035486221,2.965024948120117,0.00657050542143722,-0.008149154980446986,0.013036315272359211,-0.9998602660829153
103108000000,1664,103099965613,map,-0.0055329687893390656,0.1261739432811737,2.964911937713623,0.006594132681294625,-0.008181434198050268,0.013105014635431955,-0.999858917383763
103140000000,1665,103131965578,map,-0.005746304057538509,0.1269124299287796,2.9648778438568115,0.006502755844181102,-0.00822152622306013,0.013118080158470324,-0.999859085971157
103172000000,1666,103163965578,map,-0.005960896611213684,0.12717673182487488,2.964916706085205,0.0064799916069014085,-0.008226221316129791,0.013130934947266137,-0.9998589595306115
103208000000,1667,103203965578,map,-0.006161321885883808,0.12689125537872314,2.965071439743042,0.006454912421040029,-0.008226240249284396,0.013104382432704231,-0.9998594652927937
103240000000,1668,103235965543,map,-0.0062965815886855125,0.1262018233537674,2.9652884006500244,0.006388506439216322,-0.008292089102454351,0.013134770310480659,-0.99985900167746
103272000000,1669,103267965543,map,-0.00639916630461812,0.12514300644397736,2.9656221866607666,0.006333265832571271,-0.008280014606582424,0.013138142058361502,-0.9998594231459451
103308000000,1670,103299965543,map,-0.006484429817646742,0.123763307929039,2.9660093784332275,0.006220076272674027,-0.008323818600029592,0.013153989273401612,-0.9998595074396421
103340000000,1671,103331965509,map,-0.006596297957003117,0.12209568917751312,2.966308355331421,0.006202810058855355,-0.008343043325215006,0.01316612756577279,-0.9998593388522481
103372000000,1672,103363965509,map,-0.0067368377931416035,0.12014845758676529,2.9666848182678223,0.006243557664922912,-0.00839541522966522,0.01316962575419911,-0.9998585380621264
103408000000,1673,103403965509,map,-0.006723251659423113,0.12018313258886337,2.9666624069213867,0.006293780162417136,-0.00854996846401724,0.013150954700308803,-0.9998571472161255
103440000000,1674,103435965476,map,-0.0064973714761435986,0.1229775995016098,2.965864658355713,0.006412624479368301,-0.008770531401035288,0.013147035043397315,-0.9998545762583664
103472000000,1675,103467965476,map,-0.006324112415313721,0.12509992718696594,2.9651808738708496,0.006502337997690786,-0.008841779331353938,0.013163177286377004,-0.9998531854123656
103508000000,1676,103499965476,map,-0.006164826452732086,0.12664510309696198,2.964585542678833,0.00659465787053974,-0.008981718886847378,0.013170468691169335,-0.9998512045104855
103540000000,1677,103531965442,map,-0.006001912988722324,0.12764878571033478,2.9640607833862305,0.006658244458688646,-0.009042516868277232,0.013230359362903343,-0.9998494764896966
103572000000,1678,103563965442,map,-0.0058581093326210976,0.12817291915416718,2.963710069656372,0.006592158447177756,-0.00899674514384021,0.013225217447384974,-0.9998504037203638
103608000000,1679,103603965442,map,-0.0057482635602355,0.12821851670742035,2.963438034057617,0.00642967765403864,-0.00897870703354012,0.013237018564968062,-0.999851415244728
103640000000,1680,103635965409,map,-0.005683175288140774,0.12778088450431824,2.963308095932007,0.006274790537621072,-0.008847385438432331,0.013214006385681154,-0.9998538597619417
103672000000,1681,103667965409,map,-0.005637317430227995,0.1269223839044571,2.963162660598755,0.006289931216722167,-0.008791864127190754,0.013201151596885285,-0.9998544076709723
103708000000,1682,103699965409,map,-0.005587004125118256,0.1257065087556839,2.962982416152954,0.0062339269454020465,-0.008823374494080966,0.013226060384355254,-0.9998541969367298
103740000000,1683,103731965377,map,-0.00554391834884882,0.12415748089551926,2.962956666946411,0.006227634305674081,-0.008880148521612855,0.01320903305755683,-0.9998539440556387
103772000000,1684,103763965377,map,-0.005534485913813114,0.12227369844913483,2.9630653858184814,0.006185758612864349,-0.008882271833742716,0.013182859864631524,-0.9998545762583664
103808000000,1685,103803965377,map,-0.005296394228935242,0.12220851331949234,2.9629158973693848,0.006211806846969224,-0.008885655270788604,0.013168150614501217,-0.9998545341115178
103840000000,1686,103835965345,map,-0.004830959718674421,0.12475208938121796,2.96232008934021,0.006422007256881911,-0.008978905584709276,0.013209496672890397,-0.9998518788600617
103872000000,1687,103867965345,map,-0.0043927766382694244,0.12669983506202698,2.9617855548858643,0.006527120591569382,-0.00899775403402644,0.013195756800275849,-0.9998512045104855
103908000000,1688,103899965345,map,-0.003976412583142519,0.12808318436145782,2.961353063583374,0.006513138621530083,-0.008899116990666598,0.013168867110925908,-0.9998524689159407
103940000000,1689,103931965313,map,-0.003564785700291395,0.12896806001663208,2.960935354232788,0.006440132542011246,-0.00879871381325441,0.013171943830867283,-0.9998538597619417
103972000000,1690,103963965313,map,-0.00319202640093863,0.12937413156032562,2.9605181217193604,0.006349986853855396,-0.008742795646628708,0.013150364644429702,-0.999855124167397
104008000000,1691,104003965313,map,-0.0027739168144762516,0.12926365435123444,2.9600629806518555,0.006178443171197423,-0.008559414132531362,0.013122505577564003,-0.9998582008873382
104040000000,1692,104035959282,map,-0.0024677880574017763,0.12872253358364105,2.959810733795166,0.005966425754669148,-0.008418924527737633,0.013087692280694008,-0.9998611511667341
104072000000,1693,104067959282,map,-0.0021983555052429438,0.12780562043190002,2.9596760272979736,0.005919189262610246,-0.008412098466958201,0.013071887212502409,-0.9998616990757647
104108000000,1694,104099959282,map,-0.001972961239516735,0.12653857469558716,2.9596009254455566,0.005834453764541665,-0.008422577803395665,0.01308229748408457,-0.9998619941037042
104140000000,1695,104131953251,map,-0.0017765973461791873,0.12493407726287842,2.9596593379974365,0.005781126476646494,-0.00834865321892432,0.013091822671848052,-0.9998627527469774
104172000000,1696,104163953251,map,-0.0016077064210548997,0.12303456664085388,2.95977783203125,0.0057650567558807635,-0.008363865514740658,0.01308912527354339,-0.9998627527469774
104208000000,1697,104203953251,map,-0.0012108264490962029,0.1229686364531517,2.9596776962280273,0.005856243438267608,-0.008448367970371476,0.013046430516001795,-0.9998621205442497
104240000000,1698,104235953221,map,-0.0006724755512550473,0.12551842629909515,2.9594576358795166,0.006012680768456966,-0.008522173605241067,0.013110746606829426,-0.9998596760270362
104272000000,1699,104267953221,map,-0.00017819255299400538,0.12745168805122375,2.9591152667999268,0.006077958828174626,-0.008509535642224498,0.013144548379335153,-0.999858917383763
104308000000,1700,104299953221,map,0.00026473129400983453,0.12883709371089935,2.958937644958496,0.006211786679043667,-0.008555713030078438,0.01319457668851759,-0.999857105069277
104340000000,1701,104331953191,map,0.0006570386467501521,0.12972429394721985,2.95880126953125,0.00615745033632614,-0.008426142916407694,0.013171690949776105,-0.999858833090066
104372000000,1702,104363953191,map,0.0009700659429654479,0.13011716306209564,2.9587717056274414,0.006102869262005834,-0.008356328884437112,0.013221550671564608,-0.9998590438243085
104408000000,1703,104403953191,map,0.001267596147954464,0.1299692988395691,2.958815574645996,0.005993486994863428,-0.008301675617175118,0.013268755141896793,-0.9998595495864906
104440000000,1704,104435965162,map,0.0014346339739859104,0.12938465178012848,2.959003448486328,0.005842161781053413,-0.008269743699481734,0.013236512802785871,-0.9998611933135826
104472000000,1705,104467965162,map,0.0015135512221604586,0.12841138243675232,2.959294319152832,0.005816940020306055,-0.00826912417373585,0.013228968516902473,-0.9998614040478252
104508000000,1706,104499965162,map,0.0015403081197291613,0.12707139551639557,2.9595742225646973,0.005809586959284111,-0.008405615178595173,0.01322146637786753,-0.9998603925234608
104540000000,1707,104531965133,map,0.0015732754254713655,0.1254105269908905,2.9598655700683594,0.005851670422886111,-0.008617761505210887,0.013196684030943151,-0.9998587066495204
104572000000,1708,104563965133,map,0.0015520637389272451,0.12344222515821457,2.960061550140381,0.005868367654249886,-0.008668553232114197,0.013191289234333714,-0.9998582008873382
104608000000,1709,104603965133,map,0.002450843108817935,0.1245415210723877,2.960287094116211,0.005949257005437658,-0.00876143533733684,0.013203511820401914,-0.999856767894489
104640000000,1710,104635965104,map,0.0035465091932564974,0.12685728073120117,2.960510492324829,0.006169212435147092,-0.008883440997198577,0.013194829569608657,-0.9998544919646692
104672000000,1711,104667965104,map,0.004542852286249399,0.1285877674818039,2.9608075618743896,0.006264558484646354,-0.008908287222940257,0.013193270136213742,-0.9998536911745477
104708000000,1712,104699965104,map,0.005449811462312937,0.1297544687986374,2.9611833095550537,0.006299464883246169,-0.008942791415481821,0.01319200573075846,-0.9998531854123656
104740000000,1713,104731959076,map,0.006268302910029888,0.13040772080421448,2.9615213871002197,0.006190250544953299,-0.008846849383202834,0.013256490408980082,-0.9998538597619416
104772000000,1714,104763959076,map,0.006992994341999292,0.13057465851306915,2.9618890285491943,0.006119657619465901,-0.008796852272566468,0.013326285590114173,-0.9998538597619417
104808000000,1715,104803959076,map,0.007785692811012268,0.1301872432231903,2.962277889251709,0.005951333478589391,-0.008646651605821898,0.013286541111968364,-0.9998566836007918
104840000000,1716,104835959049,map,0.008321266621351242,0.12942400574684143,2.9626736640930176,0.00583742692835908,-0.00847519633276412,0.013345673140429115,-0.9998579901530957
104872000000,1717,104867959049,map,0.008797960355877876,0.128259539604187,2.9631693363189697,0.005803244928718047,-0.00840931907986226,0.013369654697231781,-0.9998584537684294
104908000000,1718,104899959049,map,0.009244916029274464,0.12677191197872162,2.963775157928467,0.005665839205537135,-0.008356884860637976,0.013375091640689729,-0.999859591733339
104940000000,1719,104931959021,map,0.009664217941462994,0.12498336285352707,2.9644734859466553,0.005649634894737586,-0.008323452037692837,0.013386766317727228,-0.9998598024675817
104972000000,1720,104963959021,map,0.010012668557465076,0.12289368361234665,2.9651312828063965,0.005646742978848842,-0.008256679164260119,0.013381202933723801,-0.999860476817158
105008000000,1721,105003959021,map,0.010728096589446068,0.1235419362783432,2.9663119316101074,0.005747875988212002,-0.008110431904833095,0.013386808464575795,-0.9998610247261885
105040000000,1722,105035958995,map,0.011387023143470287,0.125375434756279,2.9674429893493652,0.006022009216048668,-0.008092655565974927,0.013393046198155345,-0.9998595074396421
105072000000,1723,105067958995,map,0.011949962005019188,0.12665726244449615,2.968546152114868,0.006105386383751471,-0.008068875359155544,0.013416817020715566,-0.999858833090066
105108000000,1724,105099958995,map,0.012403657659888268,0.12744437158107758,2.969597578048706,0.006312360337165359,-0.00793399359011954,0.013452178226616152,-0.9998581165936413
105140000000,1725,105131958968,map,0.012779180891811848,0.1277715414762497,2.970567226409912,0.006309316791403654,-0.007784593301906359,0.013462588498198425,-0.999859170264854
105172000000,1726,105163958968,map,0.013077536597847939,0.12766839563846588,2.971341609954834,0.0062602649390904345,-0.0077345012785427795,0.013464864428017975,-0.9998598446144302
105208000000,1727,105203958968,map,0.013318095356225967,0.12700137495994568,2.9723002910614014,0.006185959221985093,-0.0077129676963123795,0.013453189750980477,-0.999860645404552
105240000000,1728,105235958943,map,0.01341261062771082,0.12605665624141693,2.973048686981201,0.006081685202273045,-0.007646428441543869,0.013391908233245597,-0.9998625841595834
105272000000,1729,105267958943,map,0.013462374918162823,0.12475889176130295,2.973930597305298,0.006044907302499608,-0.0076677568871600325,0.01336459707541049,-0.9998630056280686
105308000000,1730,105299958943,map,0.01342029683291912,0.12313128262758255,2.974839448928833,0.00599853317447391,-0.0078002910273431425,0.013357474258012259,-0.9998623734253409
105340000000,1731,105331958917,map,0.01329113356769085,0.12124178558588028,2.975745439529419,0.005993461311627617,-0.007975039516849214,0.013377198983115235,-0.9998607718450975
105372000000,1732,105363958917,map,0.013068354688584805,0.11910345405340195,2.97664475440979,0.006044177141276382,-0.008062153101454183,0.013369486109837792,-0.9998598867612787
105408000000,1733,105403958917,map,0.013673047535121441,0.11972033977508545,2.9772164821624756,0.006061215004786911,-0.008249894921056945,0.0133484126855824,-0.9998585380621264
105440000000,1734,105435958892,map,0.014545257203280926,0.12154916673898697,2.9775757789611816,0.006157192598469328,-0.00848377305179996,0.013377114689418323,-0.9998556299295791
105472000000,1735,105467958892,map,0.015290554612874985,0.12282969802618027,2.9776875972747803,0.00620382495826022,-0.008607004345309116,0.013399536812826074,-0.9998539440556387
105508000000,1736,105499958892,map,0.01593608595430851,0.12361101806163788,2.977764844894409,0.006216022766591266,-0.008722905297581851,0.013395912183854164,-0.9998529325312744
105540000000,1737,105531958868,map,0.016469242051243782,0.12394671887159348,2.9778130054473877,0.00613007019595387,-0.008625156877717468,0.013413656007077224,-0.9998540704961842
105572000000,1738,105563958868,map,0.016896814107894897,0.1238585039973259,2.9778897762298584,0.005997855038266814,-0.008548256495250674,0.013431273389754805,-0.9998552506079426
105608000000,1739,105603958868,map,0.017283476889133453,0.12320802360773087,2.97806715965271,0.005871944456426931,-0.008559058765451242,0.013437005361152221,-0.9998558406638216
105640000000,1740,105635958844,map,0.017482852563261986,0.12229233980178833,2.978212356567383,0.005669288743988012,-0.00840490979510906,0.013455845002436573,-0.9998580744467929
105672000000,1741,105667958844,map,0.017603786662220955,0.12103229016065598,2.9784114360809326,0.005623527803217308,-0.008337743523650888,0.013422127523627925,-0.9998593388522481
105708000000,1742,105699958844,map,0.017671719193458557,0.11944692581892014,2.9786319732666016,0.005574812055557351,-0.008290072062944463,0.013411042902469583,-0.9998602239360668
105740000000,1743,105731958820,map,0.017707280814647675,0.11757097393274307,2.9787704944610596,0.005526013742879704,-0.00831449764338167,0.013411632958348685,-0.9998602239360669
105772000000,1744,105763958820,map,0.017661621794104576,0.11545819789171219,2.9788155555725098,0.005535895203221984,-0.008319853585865091,0.013406996805012505,-0.9998602239360668
105808000000,1745,105803958820,map,0.018649304285645485,0.11598643660545349,2.9786834716796875,0.005598449934444946,-0.008324789129998232,0.013409357028529079,-0.9998598024675818
105840000000,1746,105835958797,map,0.019839975982904434,0.11770101636648178,2.9785354137420654,0.0057487033670682195,-0.008276706243610446,0.0133642599006224,-0.9998599710549758
105872000000,1747,105867958797,map,0.020900404080748558,0.11890894919633865,2.9780139923095703,0.005838247639452153,-0.008277917306960626,0.013372520682930544,-0.9998592967053995
105908000000,1748,105899958797,map,0.02182721719145775,0.11963299661874771,2.9775633811950684,0.005955501653734604,-0.008323421250737088,0.013364049166379954,-0.9998583273278838
105940000000,1749,105931958774,map,0.022603876888751984,0.11993516236543655,2.9771060943603516,0.0059222281162423325,-0.008177510095963327,0.013329741631692038,-0.9998602660829153
105972000000,1750,105963958774,map,0.02322343923151493,0.11984436959028244,2.9767251014709473,0.005865092712411688,-0.008071924420227503,0.013339393260000998,-0.9998612354604312
106008000000,1751,106003958774,map,0.023808207362890244,0.11916890740394592,2.9763011932373047,0.005749345365645439,-0.00788791547785018,0.013308752501133614,-0.9998638064181902
106040000000,1752,106035958752,map,0.024142540991306305,0.1182200238108635,2.9758570194244385,0.005621355594157727,-0.0078007969541614005,0.013258429164011654,-0.9998659137606158
106072000000,1753,106067958752,map,0.02435299940407276,0.1169319748878479,2.9754390716552734,0.005598294270986872,-0.007803351201353674,0.013211856896407026,-0.9998666302570405
106108000000,1754,106099958752,map,0.024460257962346077,0.1153561919927597,2.974855899810791,0.005520370016446292,-0.007772960689399287,0.013168108467652762,-0.9998678946624958
106140000000,1755,106131958730,map,0.024480732157826424,0.11349363625049591,2.974278450012207,0.005517552845359206,-0.00784905147371158,0.01314876306418622,-0.9998675153408593
106172000000,1756,106163958730,map,0.024424171075224876,0.11134018003940582,2.973494291305542,0.005535479003092939,-0.007861880661589653,0.013137467708785378,-0.9998675153408592
106208000000,1757,106203958730,map,0.025047482922673225,0.1112629845738411,2.9728481769561768,0.005695173659054908,-0.007917416790082663,0.01312347495507965,-0.999866335229101
106240000000,1758,106235958709,map,0.025819959118962288,0.11226766556501389,2.972546339035034,0.005981859074485978,-0.0080097197877286,0.013152977749037342,-0.9998635535370992
106272000000,1759,106267958709,map,0.026424160227179527,0.11280791461467743,2.972417116165161,0.0060564540572664504,-0.008054584778696193,0.013162207908861245,-0.9998625841595834
106308000000,1760,106299958709,map,0.026878179982304573,0.11289694160223007,2.972386360168457,0.006251008519804292,-0.008049522547063329,0.013174009026444278,-0.9998613197541282
106340000000,1761,106331958688,map,0.02721019648015499,0.11257917433977127,2.9723575115203857,0.006322380915034951,-0.007978291080357379,0.013103876670522152,-0.9998623312784923
106372000000,1762,106363958688,map,0.027448473498225212,0.11191977560520172,2.972440719604492,0.006329727390611817,-0.007975936372151023,0.013110072257253191,-0.9998622891316439
106408000000,1763,106403958688,map,0.02757882885634899,0.11065257340669632,2.9723703861236572,0.006305517565819038,-0.007997058940290378,0.01311947100447114,-0.9998621626910983
106440000000,1764,106435958667,map,0.02760469727218151,0.10931754857301712,2.9723615646362305,0.006233041038402682,-0.00793237776885114,0.013106742656220915,-0.9998632585091596
106472000000,1765,106467958667,map,0.02757795713841915,0.10767246782779694,2.972336530685425,0.006162150203843485,-0.007900772736187908,0.013111210222162994,-0.9998638485650388
106508000000,1766,106499958667,map,0.02745361439883709,0.10576134920120239,2.9723567962646484,0.00615469663246601,-0.007840571396082286,0.013136119009632907,-0.9998640592992813
106540000000,1767,106531958647,map,0.02726316638290882,0.10361684113740921,2.972442150115967,0.0061662070026487865,-0.007876041591098996,0.013143410414425405,-0.9998635956839477
106572000000,1768,106563958647,map,0.026985226199030876,0.10125145316123962,2.9725658893585205,0.006232125661536587,-0.00788655097362964,0.01314206171527299,-0.9998631742154627
106608000000,1769,106603958647,map,0.027133168652653694,0.10181441158056259,2.9722344875335693,0.0063383912844769,-0.007898931363425524,0.013179909585235794,-0.9998619098100072
106640000000,1770,106635958628,map,0.02744186669588089,0.10371455550193787,2.9716334342956543,0.006596311146527031,-0.007925666047861908,0.013211604015316014,-0.9998595495864906
106672000000,1771,106667958628,map,0.027620486915111542,0.1050848737359047,2.971179962158203,0.006694438558755758,-0.007970862945261524,0.013193607311001887,-0.999858833090066
106708000000,1772,106699958628,map,0.027682404965162277,0.10599105060100555,2.9709253311157227,0.006779653477226151,-0.008064720766490808,0.013197189793125341,-0.9998574422440651
106740000000,1773,106739958608,map,0.02764216810464859,0.10650304704904556,2.970708131790161,0.00673627049951474,-0.007974627309146248,0.013259820010012469,-0.9998576108314592
106772000000,1774,106763958608,map,0.02755540981888771,0.10650105029344559,2.970607042312622,0.006723746958606434,-0.00797046728348932,0.013295181215913165,-0.9998573158035196
106808000000,1775,106803958608,map,0.027338149026036263,0.10602958500385284,2.97058367729187,0.0066621810731212405,-0.007886581760585386,0.013310227640831507,-0.9998581165936413
106840000000,1776,106835958590,map,0.02708778902888298,0.1052667498588562,2.97068452835083,0.006558244763264693,-0.00781961523390829,0.013268755141896793,-0.9998598867612787
106872000000,1777,106867958590,map,0.02676394209265709,0.10421831905841827,2.9708430767059326,0.006537930023441474,-0.007794075519640674,0.013258387017163087,-0.9998603925234608
106908000000,1778,106899958590,map,0.026385990902781487,0.10285896807909012,2.9710495471954346,0.006516249174195477,-0.007749404058440365,0.013270693896928254,-0.999860729698249
106940000000,1779,106931958571,map,0.025975311174988747,0.10121995955705643,2.970940589904785,0.006443196173380445,-0.007800021764957441,0.013289870713000695,-0.9998605189640064
106972000000,1780,106963958571,map,0.025502698495984077,0.09933360666036606,2.970932960510254,0.0064328493690252115,-0.007795891126849183,0.013282705748753898,-0.9998606875514005
107008000000,1781,107003958571,map,0.025223365053534508,0.10051371902227402,2.9695770740509033,0.0064220089855612445,-0.00791775421182494,0.013258892779345166,-0.9998601396423697
107040000000,1782,107035958553,map,0.025087369605898857,0.10286708921194077,2.9680893421173096,0.006578087079721498,-0.008021442950105517,0.013235079809936545,-0.9998586645026719
107072000000,1783,107067958553,map,0.02484016679227352,0.10464290529489517,2.966871738433838,0.006671623695867015,-0.008092221091235785,0.013257206905404717,-0.999857105069277
107108000000,1784,107099958553,map,0.024512464180588722,0.10590473562479019,2.9658875465393066,0.006752117097169361,-0.008236047705687592,0.013222983664413934,-0.9998558406638216
107140000000,1785,107131958536,map,0.02405603416264057,0.10668814927339554,2.9651148319244385,0.006756909572508142,-0.008333456069631666,0.013195841093972982,-0.9998554191953366
107172000000,1786,107163958536,map,0.023516271263360977,0.10701221972703934,2.9644899368286133,0.0067291487934102575,-0.008376078881185705,0.013196051828215483,-0.9998552084610941
107208000000,1787,107203958536,map,0.022784754633903503,0.10686522722244263,2.9639828205108643,0.006734193162023341,-0.008460225146555768,0.013176790718445963,-0.9998547448457604
107240000000,1788,107235958519,map,0.02211599424481392,0.10634176433086395,2.9637649059295654,0.0066927082330610335,-0.008539507896098251,0.01323680783072545,-0.9998535647340021
107272000000,1789,107267958519,map,0.02139480970799923,0.10548752546310425,2.9636270999908447,0.006631642717924812,-0.008517071284711282,0.013227956992538203,-0.9998542390835783
107308000000,1790,107299958519,map,0.02061016857624054,0.10432478785514832,2.963597536087036,0.0065752054535906925,-0.008618668897224822,0.013208105826889638,-0.9998540283493358
107340000000,1791,107331958502,map,0.01978445053100586,0.1028650775551796,2.9635462760925293,0.0065108331395257,-0.008712891716747656,0.01319651544354905,-0.9998538176150931
107372000000,1792,107363958502,map,0.018933666869997978,0.10115958750247955,2.963599443435669,0.006492208266068995,-0.008743395416039353,0.013182438396146412,-0.9998538176150931
107408000000,1793,107403958502,map,0.019007453694939613,0.10198865830898285,2.9633777141571045,0.006469962138680958,-0.008868374486672694,0.013128195402112908,-0.9998536068808506
107440000000,1794,107435958486,map,0.01956131123006344,0.10382845252752304,2.9630253314971924,0.006608944499732043,-0.009124537269657465,0.013098060405427658,-0.9998507830420004
107472000000,1795,107467958486,map,0.019970739260315895,0.1051529198884964,2.9627480506896973,0.006631061799350707,-0.009176136125173371,0.0131215783468967,-0.9998498558113331
107508000000,1796,107499958486,map,0.020246069878339767,0.1060103103518486,2.962495803833008,0.006544960562290633,-0.009219418798324408,0.013116815753014988,-0.9998500665455756
107540000000,1797,107531958470,map,0.02039950340986252,0.10640355944633484,2.9623377323150635,0.006492719131971063,-0.00923587096881315,0.013100968537974877,-0.9998504880140607
107572000000,1798,107563958470,map,0.020434752106666565,0.10635707527399063,2.9621477127075195,0.006449425345881454,-0.009237089029198727,0.01309725961530589,-0.9998508251888489
107608000000,1799,107603958470,map,0.02037595771253109,0.1057903841137886,2.9620063304901123,0.006324231095830129,-0.009174001453150744,0.013098018258579147,-0.9998521738880013
