%time,field.header.seq,field.header.stamp,field.header.frame_id,field.pose.position.x,field.pose.position.y,field.pose.position.z,field.pose.orientation.x,field.pose.orientation.y,field.pose.orientation.z,field.pose.orientation.w
102988000000,273,102979985999,map,-0.0010800426825881004,-0.0024618208408355713,0.013062683865427971,0.0028689912958752856,-0.009449725148292253,0.03206077048744904,-0.9994371538707145
103020000000,274,103011986066,map,-0.0010283279698342085,-0.0024833001662045717,0.013074981980025768,0.0028946458850005142,-0.009446831174451923,0.032069326297696765,-0.9994368588427749
103056000000,275,103051986066,map,-0.0009860338177531958,-0.0025208755396306515,0.013122141361236572,0.002913598466668003,-0.009474616813604984,0.03206671319308907,-0.9994366059616839
103088000000,276,103083986066,map,-0.0009387230384163558,-0.0025384097825735807,0.013143355958163738,0.0028727265603245636,-0.009473183820755612,0.03208626933079822,-0.9994361001995017
103120000000,277,103115986133,map,-0.0009247370762750506,-0.00252491794526577,0.013161694630980492,0.0028203281494579026,-0.009456727452045632,0.03209398220407561,-0.9994361423463503
103156000000,278,103147986133,map,-0.000966097170021385,-0.002491331659257412,0.013191726058721542,0.0028290377298482283,-0.009428273390216969,0.03210026208450384,-0.9994361844931987
103188000000,279,103179986133,map,-0.0010434247087687254,-0.002448984421789646,0.013240895234048367,0.002864398606476614,-0.009416365917695879,0.03208479419110033,-0.9994367324022293
103220000000,280,103211986200,map,-0.0011339971097186208,-0.002380772028118372,0.013320590369403362,0.002856423961757197,-0.009437283596175189,0.03208285543606876,-0.9994365638148353
103256000000,281,103251986200,map,-0.0012884620809927583,-0.0023182847071439028,0.013456493616104126,0.0028557410511024194,-0.0094622891896878,0.03207775566739901,-0.9994365216679868
103288000000,282,103283986200,map,-0.0014471312751993537,-0.0022906125523149967,0.01359561737626791,0.0028639995285047767,-0.009467036966318102,0.03209094763098291,-0.9994360580526531
103320000000,283,103315986267,map,-0.00160145980771631,-0.0022674903739243746,0.013739028945565224,0.0029214993544025257,-0.009502107424818468,0.03210211654583833,-0.9994351729688344
103356000000,284,103347986267,map,-0.0017607506597414613,-0.0022571017034351826,0.013871998526155949,0.002915348877970221,-0.00948470834964531,0.03212474940348864,-0.9994346250598038
103388000000,285,103379986267,map,-0.0019677625969052315,-0.00222727470099926,0.014008516445755959,0.002823670592108169,-0.009494979997608571,0.03212247347366903,-0.9994348779408948
103420000000,286,103411986334,map,-0.002132383408024907,-0.0021878776606172323,0.014081457629799843,0.0028040604537494596,-0.009521909199629001,0.03210000920341277,-0.9994354258499256
103456000000,287,103451986334,map,-0.002305432455614209,-0.0021689876448363066,0.014143643900752068,0.002786946199076005,-0.00950980120030523,0.032111346705662125,-0.999435215115683
103488000000,288,103483986334,map,-0.0024184389039874077,-0.002185536315664649,0.014182062819600105,0.002824737434211101,-0.009497956618784652,0.032103549538687715,-0.9994354258499256
103520000000,289,103515986400,map,-0.0024990446399897337,-0.0022027557715773582,0.014208165928721428,0.0028840528673173584,-0.009568145280262213,0.03211842737621201,-0.9994341192976217
103556000000,290,103547986400,map,-0.002585201757028699,-0.002261692425236106,0.014243798330426216,0.00288762843472345,-0.009599240764112395,0.03211657291487752,-0.9994338664165305
103588000000,291,103579986400,map,-0.0026693125255405903,-0.002332152333110571,0.014271827414631844,0.0028480485927046733,-0.009651429099281008,0.03208943034443651,-0.9994343721787127
103620000000,292,103611986467,map,-0.0027116029523313046,-0.002370716305449605,0.014284186996519566,0.002844538879749379,-0.00965029080509896,0.032098576210563334,-0.9994340771507733
103656000000,293,103651986467,map,-0.0026718908920884132,-0.002354459138587117,0.014259491115808487,0.0028944351507579603,-0.009677033309751377,0.03212635098373201,-0.9994327705984694
103688000000,294,103683986467,map,-0.002607910195365548,-0.0023219899740070105,0.014230649918317795,0.0028800294896458383,-0.009706594714170213,0.03210708987396255,-0.9994331499201059
103720000000,295,103715986534,map,-0.002507621655240655,-0.0022725726012140512,0.014186587184667587,0.0028752504321514073,-0.009685820927665898,0.03211572997790735,-0.9994331077732574
103756000000,296,103747986534,map,-0.0023818763438612223,-0.002217948902398348,0.01413471344858408,0.0028629942603133405,-0.009695134722642298,0.03211615144639246,-0.9994330234795604
103788000000,297,103779986534,map,-0.002265334129333496,-0.002169844228774309,0.014074168168008327,0.0028195405302263556,-0.009712994778971045,0.03211509777517968,-0.999433065626409
103820000000,298,103811986600,map,-0.0021464782766997814,-0.00212857942096889,0.01401959452778101,0.0027862306904680814,-0.009702477164634052,0.03209794400783572,-0.9994337821228336
103856000000,299,103851986600,map,-0.0020009384024888277,-0.0020984101574867964,0.013970257714390755,0.002795161871085343,-0.009685656620811157,0.03209524660953095,-0.9994340350039247
103888000000,300,103883986600,map,-0.0019008496310561895,-0.0020804416853934526,0.013906351290643215,0.002791821404068601,-0.009692998404258402,0.03208470989740331,-0.9994342878850158
103920000000,301,103915986667,map,-0.0018186791567131877,-0.0020925821736454964,0.013841536827385426,0.00278293895574493,-0.009713929582900125,0.03210860716050895,-0.9994333185075
103956000000,302,103955986667,map,-0.0017085240688174963,-0.00213773176074028,0.013756508938968182,0.002797916562762234,-0.00969727663865451,0.03209604739965266,-0.9994339085633792
103988000000,303,103979986667,map,-0.0016526059480383992,-0.0021553642582148314,0.01369527354836464,0.0027500825238804018,-0.009679875258575577,0.03202481922566924,-0.9994364373742899
104020000000,304,104011986733,map,-0.0015860572457313538,-0.002162580145522952,0.013606115244328976,0.002728337384226812,-0.009695858133784317,0.03205014948162427,-0.9994355522904711
104056000000,305,104051986733,map,-0.0014879301888868213,-0.0021014567464590073,0.013471806421875954,0.002707181971180121,-0.009691887439673435,0.03204298451737747,-0.9994358894652591
104088000000,306,104083986733,map,-0.0014128137845546007,-0.00204286421649158,0.013383634388446808,0.0027096557936243586,-0.009667880528907179,0.03205782020805331,-0.9994356365841681
104120000000,307,104115986799,map,-0.0013366274069994688,-0.0019606074783951044,0.013296674005687237,0.0027248306347218043,-0.009683767915162263,0.03208403554782713,-0.9994346250598038
104156000000,308,104147986799,map,-0.00129567866679281,-0.0018875985406339169,0.013208501972258091,0.0027410071220158923,-0.009670969761194127,0.03203830621719278,-0.9994361001995017
104188000000,309,104179986799,map,-0.001289939507842064,-0.0018304927507415414,0.013101995922625065,0.0027469363274935142,-0.009668455767534901,0.03209811259522971,-0.9994342035913187
104220000000,310,104211986865,map,-0.0013186500873416662,-0.0018055828986689448,0.012989046052098274,0.002743275807845893,-0.009624291467923804,0.03212327426379069,-0.9994338242696821
104256000000,311,104251986865,map,-0.0013686934253200889,-0.0018176550511270761,0.012866907753050327,0.002720357800423585,-0.009617308920505663,0.03211804805457541,-0.9994341614444702
104288000000,312,104283986865,map,-0.0014565649908035994,-0.0018757310463115573,0.012758392840623856,0.002748233330901986,-0.009560204550584957,0.032121040480819596,-0.9994345407661068
104320000000,313,104315986932,map,-0.0015034842072054744,-0.0019631688483059406,0.012661045417189598,0.0027541431093166236,-0.009630982280124907,0.032123737879124314,-0.9994336978291366
104356000000,314,104347986932,map,-0.0015508137876167893,-0.002073436975479126,0.01256896648555994,0.0027529656317363503,-0.009635285209940067,0.03211020874075232,-0.9994341614444702
104388000000,315,104379986932,map,-0.0016269555781036615,-0.0022212020121514797,0.012486180290579796,0.0027863568017413593,-0.009623901280302823,0.032093645029287576,-0.9994347093535008
104420000000,316,104411986998,map,-0.0017289662500843406,-0.002379820914939046,0.012434160336852074,0.00278264195217183,-0.009641892057716404,0.032093392148196453,-0.9994345407661068
104456000000,317,104451986998,map,-0.0018305812263861299,-0.00250836624763906,0.01240839809179306,0.002824249123458432,-0.009642264464635668,0.03207539544388238,-0.9994350043814404
104488000000,318,104483986998,map,-0.0018744512926787138,-0.0025807928759604692,0.012408572249114513,0.0028879639631502678,-0.009679734988595376,0.0320368732243434,-0.9994356787310166
104520000000,319,104515987064,map,-0.001894454937428236,-0.0026504804845899343,0.012434937059879303,0.002903849703044081,-0.009685165017335948,0.03203775830816208,-0.9994355522904711
104556000000,320,104547987064,map,-0.001915775123052299,-0.0027394648641347885,0.012464072555303574,0.0029160255324521735,-0.009687965807128399,0.03206060190005505,-0.9994347093535008
104588000000,321,104579987064,map,-0.0019285606686025858,-0.0028312846552580595,0.012492037378251553,0.0029305796953508455,-0.009727910153532344,0.032091495540013504,-0.9994333185075
104620000000,322,104611987129,map,-0.001951410435140133,-0.0029284616466611624,0.012518963776528835,0.0029435362292731513,-0.009709914437034955,0.03208761802995058,-0.9994335713885911
104656000000,323,104651987129,map,-0.001957370899617672,-0.003051362233236432,0.012520226649940014,0.002974231647334734,-0.00969045905663562,0.03209419293831822,-0.999433487094894
104688000000,324,104683987129,map,-0.0018997882725670934,-0.0031421531457453966,0.012484823353588581,0.0030339593293029887,-0.009692496264071065,0.03210106287462555,-0.9994330234795604
104720000000,325,104715987195,map,-0.0017904113046824932,-0.0032068402506411076,0.012411042116582394,0.002991715345477167,-0.009745946041244721,0.03213895289143681,-0.9994314640461655
104756000000,326,104747987195,map,-0.001651092665269971,-0.003268084954470396,0.012319855391979218,0.0029874407330758514,-0.009757479131213023,0.03212938555682482,-0.9994316747804081
104788000000,327,104779987195,map,-0.001521748024970293,-0.003332526423037052,0.012214823625981808,0.0029515760698988584,-0.00976473530387423,0.032141270968104874,-0.999431253311923
104820000000,328,104811987261,map,-0.0013767302734777331,-0.0034038254525512457,0.012102936394512653,0.002987947812346998,-0.009775930231237682,0.032170225853031864,-0.9994301996407102
104856000000,329,104851987261,map,-0.0012169376714155078,-0.0034430213272571564,0.011991476640105247,0.0029668305948817703,-0.009820361241374514,0.032149531750413074,-0.9994304946686497
104888000000,330,104883987261,map,-0.001121983164921403,-0.003418251406401396,0.011937444098293781,0.002964653117466125,-0.009872478783008521,0.032174229803640375,-0.9994291459694973
104920000000,331,104915987327,map,-0.0010680946288630366,-0.003351690713316202,0.011924056336283684,0.0029953027666844026,-0.009838658900528813,0.03222067563069947,-0.999427881564042
104956000000,332,104947987327,map,-0.0010203132405877113,-0.0032782896887511015,0.01193857192993164,0.0030228684519717974,-0.009810484720116043,0.032210349652814274,-0.9994284294730726
104988000000,333,104979987327,map,-0.0010005177464336157,-0.0031893926206976175,0.011979005299508572,0.003010801611679776,-0.009779385284998813,0.03222160286136666,-0.9994283873262242
105020000000,334,105011987392,map,-0.0010122490348294377,-0.003094197018072009,0.012065553106367588,0.0030202793842386633,-0.009728154473544805,0.03217498844691358,-0.9994304103749527
105056000000,335,105051987392,map,-0.0010436257580295205,-0.002997285220772028,0.012198496609926224,0.0030192859698483718,-0.009690703376648083,0.03214978463150414,-0.999431590486711
105088000000,336,105083987392,map,-0.0010534657631069422,-0.002966536907479167,0.012336019426584244,0.0030304265672899157,-0.009674559158034887,0.03212605595579249,-0.9994324755705297
105120000000,337,105115987458,map,-0.0010957967024296522,-0.0029398303013294935,0.012467526830732822,0.002963969548266839,-0.009668673745767044,0.03215125977120198,-0.9994318855146506
105156000000,338,105147987458,map,-0.0011725620133802295,-0.002918564947322011,0.012621172703802586,0.0030115915358171017,-0.009691103771708936,0.032161965070723775,-0.9994311268713774
105188000000,339,105179987458,map,-0.0012823627330362797,-0.002902028150856495,0.012767964974045753,0.0030274354581346576,-0.009691324384119111,0.03212390646651836,-0.9994323491299842
105220000000,340,105211987523,map,-0.001399367698468268,-0.0029274236876517534,0.0129297636449337,0.003007431180887921,-0.00967513110394007,0.032135117528222346,-0.9994321805425902
105256000000,341,105251987523,map,-0.0015429448103532195,-0.0029837635811418295,0.01310846209526062,0.0029746007615314585,-0.009655562453885363,0.03215484225332543,-0.9994318433678021
105288000000,342,105283987523,map,-0.0015947334468364716,-0.003004710655659437,0.013164617121219635,0.0029495332648350964,-0.009654246023413906,0.03216057422472285,-0.9994317590741051
105320000000,343,105315987588,map,-0.0016381617169827223,-0.00302325002849102,0.01318978052586317,0.0030045872564301974,-0.009652129790637502,0.03215007965944361,-0.9994319698083476
105356000000,344,105347987588,map,-0.0016817109426483512,-0.0030429083853960037,0.013163505122065544,0.0030013159365867926,-0.00966080644380243,0.0321709002026081,-0.9994312111650745
105388000000,345,105379987588,map,-0.001740023260936141,-0.003078432520851493,0.013113029301166534,0.002968635665378151,-0.00969848506782666,0.03217895025067363,-0.9994306632560437
105420000000,346,105411987653,map,-0.0018118417356163263,-0.0031138022895902395,0.01304397638887167,0.0029485846314713463,-0.009779105074310667,0.03220853733832829,-0.9994290616758004
105456000000,347,105451987653,map,-0.001923653413541615,-0.003187598194926977,0.012950965203344822,0.002951509227631298,-0.009750925296269577,0.032205207737295904,-0.9994293567037399
105488000000,348,105483987653,map,-0.001962019596248865,-0.0032456889748573303,0.012908942066133022,0.0030023159364221644,-0.00972427663420955,0.03217760155152133,-0.9994304103749527
105520000000,349,105515987719,map,-0.0019395977724343538,-0.003311247332021594,0.01290571503341198,0.0030402319657415237,-0.009732328328636401,0.0321780651668549,-0.9994301996407101
105556000000,350,105547987719,map,-0.0018994315760210156,-0.003355268854647875,0.01290005724877119,0.003038012670749622,-0.009736639160985655,0.03216938291606164,-0.9994304525218013
105588000000,351,105579987719,map,-0.001842658850364387,-0.003388969460502267,0.012909283861517906,0.0030585161247334105,-0.009775383639296057,0.03217347116036723,-0.9994298203190736
105620000000,352,105611987784,map,-0.0018062713788822293,-0.0034458250738680363,0.012943120673298836,0.0030505925172133624,-0.009795369148024317,0.032165631846544196,-0.9994299046127706
105656000000,353,105651987784,map,-0.001767176785506308,-0.0034964866936206818,0.012970400042831898,0.0030506405909624446,-0.009780457724730064,0.03215555874975007,-0.9994303682281043
105688000000,354,105683987784,map,-0.0017140726558864117,-0.0034901234321296215,0.01299351453781128,0.0030052145200740506,-0.009811374743018582,0.03218417645988897,-0.9994293145568914
105720000000,355,105715987849,map,-0.0016381629975512624,-0.0034320270642638206,0.012998702935874462,0.0030402263681132058,-0.009878217339851081,0.03220428050662866,-0.9994279237108905
105756000000,356,105747987849,map,-0.001613946515135467,-0.0033376666251569986,0.01299203746020794,0.003065447964224436,-0.009901900575991664,0.03221292061057335,-0.999427291508163
105788000000,357,105779987849,map,-0.0016155317425727844,-0.003234728705137968,0.012975361198186874,0.0030961924438518635,-0.00990233422755017,0.032223963084883234,-0.9994268700396778
105820000000,358,105811987913,map,-0.0016316080000251532,-0.0031611055601388216,0.012949557043612003,0.003138063362213913,-0.009879699394266297,0.03223117019597865,-0.9994267435991322
105856000000,359,105851987913,map,-0.0016778301214799285,-0.003076462307944894,0.012876232154667377,0.0031278911544713583,-0.009916966757245294,0.03222088636494197,-0.9994267435991322
105888000000,360,105883987913,map,-0.001727299764752388,-0.003031653119251132,0.012794881127774715,0.0031299504231478196,-0.009957404682757973,0.032173176132427594,-0.9994278394171936
105920000000,361,105915987978,map,-0.001723833498544991,-0.0029587834142148495,0.01270825695246458,0.0030904621188156517,-0.01000664734834238,0.032139964415801026,-0.9994285137667698
105956000000,362,105947987978,map,-0.0017009746516123414,-0.0029380677733570337,0.01260891743004322,0.0030608470430194146,-0.009990197235805227,0.032119565341121814,-0.9994294409974369
105988000000,363,105979987978,map,-0.0016522533260285854,-0.0029453334864228964,0.012510397471487522,0.003021710730726764,-0.009979527826959144,0.03209659530868336,-0.9994304103749527
106020000000,364,106011988043,map,-0.0015933907125145197,-0.002951033180579543,0.012413849122822285,0.003025605692219228,-0.009980008235177718,0.032107890664084315,-0.9994300732001646
106056000000,365,106051988043,map,-0.0015111399115994573,-0.0029444366227835417,0.012309878133237362,0.0030020228841161124,-0.009970279227889034,0.032109070775842574,-0.9994301574938617
106088000000,366,106083988043,map,-0.0014893797924742103,-0.0029635820537805557,0.012223065830767155,0.002968469712162139,-0.010011162000216855,0.032141481702347374,-0.9994288509415579
106120000000,367,106115988108,map,-0.001458589220419526,-0.0029548509046435356,0.012168554589152336,0.0029717923984771658,-0.010020406977292172,0.032087196561465414,-0.9994304525218012
106156000000,368,106147988108,map,-0.0014343312941491604,-0.0029344484210014343,0.01215494703501463,0.0029992158381508364,-0.009994334870948881,0.03205411128538438,-0.9994316747804081
106188000000,369,106187988108,map,-0.0014029174344614148,-0.002882252912968397,0.012175001204013824,0.0030124120822740477,-0.010008088902270354,0.03206047545950946,-0.9994312954587714
106220000000,370,106211988172,map,-0.0013888404937461019,-0.00284203770570457,0.01220306009054184,0.0030012665457486943,-0.010047611121644684,0.0320402449722243,-0.9994316326335595
106256000000,371,106251988172,map,-0.0013200949179008603,-0.002787302015349269,0.012299436144530773,0.0030113133007624786,-0.010046172860439248,0.03203944418210258,-0.999431590486711
106288000000,372,106283988172,map,-0.0012669963762164116,-0.002789763966575265,0.012356620281934738,0.0029732464647507914,-0.010003233453612998,0.032059674669387805,-0.999431506193014
106320000000,373,106315988236,map,-0.001195133081637323,-0.002793641993775964,0.012424666434526443,0.002993364999469664,-0.009986757987112285,0.03205638721520393,-0.9994316747804082
106356000000,374,106347988236,map,-0.0011164175812155008,-0.0028026404324918985,0.012488538399338722,0.002969460821646653,-0.010019277244188727,0.032073583129396344,-0.9994309161371349
106388000000,375,106379988236,map,-0.0010400669416412711,-0.002826520474627614,0.012551016174256802,0.0029891921321948314,-0.010044374375387948,0.03207973656927904,-0.9994304103749527
106420000000,376,106411988301,map,-0.0009574753348715603,-0.0028479641769081354,0.012632625177502632,0.002966002475162982,-0.010040281850543089,0.03208361407934196,-0.9994304103749527
106456000000,377,106451988301,map,-0.0008648841758258641,-0.0028987820260226727,0.012788187712430954,0.0029754598328421214,-0.010029868286238358,0.03210468750359741,-0.9994298203190735
106488000000,378,106483988301,map,-0.0008062694687396288,-0.0029539945535361767,0.012909171171486378,0.0029387357690822116,-0.010118396095174223,0.0321059519090528,-0.9994289773821033
106520000000,379,106515988365,map,-0.000772910425439477,-0.002994426991790533,0.01303569320589304,0.0029225431474476783,-0.010143585751876814,0.03208728085516244,-0.99942935670374
106556000000,380,106547988365,map,-0.0007326320046558976,-0.0030214914586395025,0.013147735968232155,0.0029253742302874962,-0.010143633825625898,0.0321314086055533,-0.999427881564042
106588000000,381,106579988365,map,-0.0007013915455900133,-0.0030503994785249233,0.013267570175230503,0.002967902046796258,-0.010132676632829827,0.032185567305889784,-0.9994261535432531
106620000000,382,106611988429,map,-0.00064559665042907,-0.0030964952893555164,0.013394773006439209,0.0030100512002129297,-0.010152383247958955,0.032200571583959725,-0.9994253106062829
106656000000,383,106651988429,map,-0.0005917694652453065,-0.0031513178255409002,0.013568956404924393,0.003039834863403211,-0.010113029615978672,0.03218050968406855,-0.9994263221306472
106688000000,384,106683988429,map,-0.0005555670359171927,-0.0031969414558261633,0.013676628470420837,0.003095608314873283,-0.01008221895262819,0.03220111949299037,-0.9994257742216165
106720000000,385,106715988493,map,-0.0005037529626861215,-0.0032641286961734295,0.013776718638837337,0.0031412026438834666,-0.010085703311619927,0.032227334832764076,-0.9994247626972523
106756000000,386,106747988493,map,-0.00042191805550828576,-0.0032999853137880564,0.013831659220159054,0.003162026809042642,-0.010100083618768492,0.032240358208954045,-0.9994241304945246
106788000000,387,106779988493,map,-0.0003753474447876215,-0.003322761971503496,0.013854668475687504,0.0031563040572682726,-0.010106085593414247,0.03222821991658287,-0.9994244676693127
106820000000,388,106811988557,map,-0.0003576143644750118,-0.0033747730776667595,0.01386328786611557,0.003206963252089351,-0.010136527471840255,0.03224191764234896,-0.999423582585494
106856000000,389,106851988557,map,-0.0004027296672575176,-0.003491390962153673,0.013850274495780468,0.003217944481759963,-0.010119849832175594,0.032232434601433935,-0.9994240462008277
106888000000,390,106883988557,map,-0.00045108149060979486,-0.003592404769733548,0.013853180222213268,0.0032698377889890007,-0.010109924249351277,0.032294685496684516,-0.9994219810052505
106920000000,391,106915988621,map,-0.0005451180622912943,-0.003704469185322523,0.013868763111531734,0.0032250893603993215,-0.010129661157527774,0.03225898711599584,-0.9994230346764633
106956000000,392,106947988621,map,-0.0006554985302500427,-0.003751940093934536,0.013872723095119,0.0032226711849660085,-0.010128268994437898,0.03225026271835402,-0.999423329704403
106988000000,393,106979988621,map,-0.0007553256582468748,-0.003801853395998478,0.013877011835575104,0.0032398065130637187,-0.010172275572639335,0.032268933772244435,-0.9994221917394931
107020000000,394,107011988685,map,-0.0008455518982373178,-0.0038181759882718325,0.013848785310983658,0.003301649439991614,-0.010182167898965998,0.03229708786704971,-0.9994210116277349
107056000000,395,107051988685,map,-0.0009806067682802677,-0.0038232591468840837,0.013834706507623196,0.003293227643551277,-0.010192516596636692,0.032335272911800494,-0.9994197472222794
107088000000,396,107083988685,map,-0.0011022065300494432,-0.003823593258857727,0.013830757699906826,0.0032960225064431557,-0.010175220583679034,0.03234593606447378,-0.9994195364880369
107120000000,397,107115988749,map,-0.0012342809932306409,-0.0038326948415488005,0.013825337402522564,0.0032670735484167436,-0.01021898284186801,0.03236477570575813,-0.9994185671105212
107156000000,398,107147988749,map,-0.0013103368692100048,-0.0038074811454862356,0.013798302039504051,0.003243426202951846,-0.010207830061353068,0.032337506694771645,-0.999419620781734
107188000000,399,107179988749,map,-0.0013616319047287107,-0.0037434177938848734,0.013743316754698753,0.0032232915338925284,-0.01019807998064013,0.03230286198529558,-0.9994209694808863
107220000000,400,107211988812,map,-0.001404197420924902,-0.003655589185655117,0.013664278201758862,0.0032443903121115326,-0.010235440198394752,0.0322607572836332,-0.9994218545647051
107256000000,401,107251988812,map,-0.0014324754010885954,-0.003547349479049444,0.013561716303229332,0.003266807825707772,-0.010301868241459478,0.03224975695617188,-0.9994214752430685
107288000000,402,107283988812,map,-0.001464232336729765,-0.0034600787330418825,0.013459084555506706,0.0032557278143609627,-0.010316617662804766,0.03225527819332685,-0.9994211802151288
107320000000,403,107315988876,map,-0.001492815907113254,-0.003380033653229475,0.013348162174224854,0.00319564550617516,-0.010368673630527276,0.03222164500821517,-0.999421854564705
107356000000,404,107347988876,map,-0.0015290871961042285,-0.0033415306825190783,0.013251341879367828,0.003222360351958241,-0.010387713140069818,0.03221671382693936,-0.9994218124178565
107388000000,405,107379988876,map,-0.0015217186883091927,-0.003301008837297559,0.013157731853425503,0.003252298773107897,-0.010438281785021049,0.0321876746483154,-0.9994221074457961
107420000000,406,107411988939,map,-0.0014964112779125571,-0.0032593575306236744,0.013079803436994553,0.003239685670146504,-0.010462067754104876,0.032164114559997736,-0.9994226553548268
107456000000,407,107451988939,map,-0.001475531142205,-0.0032706649508327246,0.012951584532856941,0.003279216450599437,-0.010494097054067378,0.03217347116036723,-0.9994218967115536
107488000000,408,107483988939,map,-0.0014489571331068873,-0.003329991130158305,0.012837096117436886,0.0032945032442632397,-0.010514657472151108,0.03215657027411439,-0.9994221074457961
107520000000,409,107515989003,map,-0.0014067881274968386,-0.0034503976348787546,0.012690266594290733,0.0032895895144169265,-0.010478874468493105,0.03216002631569226,-0.9994224446205842
107556000000,410,107547989003,map,-0.0013462179340422153,-0.0035677177365869284,0.012571614235639572,0.0032640465485858005,-0.010483847138072882,0.032183459963464334,-0.999421685977311
107588000000,411,107579989003,map,-0.0012572120176628232,-0.0036153357941657305,0.012460651807487011,0.0032633264301663214,-0.010503499094007848,0.032166811958302455,-0.9994219810052506
107620000000,412,107619989066,map,-0.0011263933265581727,-0.0036583244800567627,0.012334149330854416,0.0032902348880347494,-0.010516171795247215,0.03218405001934349,-0.9994212645088258
107656000000,413,107651989066,map,-0.0010348808718845248,-0.0036707869730889797,0.012247007340192795,0.0032977571126771824,-0.010535568235913083,0.03218674741764821,-0.9994209273340378
107688000000,414,107683989066,map,-0.0009390963823534548,-0.003692097030580044,0.01218110416084528,0.0032890462151978408,-0.01050754815491518,0.032170225853031864,-0.999421770271008
107720000000,415,107715989129,map,-0.0008321674540638924,-0.003736466635018587,0.012100836262106895,0.0033227129860794414,-0.01046663344317872,0.032189065494316216,-0.9994214752430685
107756000000,416,107747989129,map,-0.0007279062992893159,-0.003795705968514085,0.012030127458274364,0.003350035668443391,-0.01046753992969396,0.03218417645988897,-0.9994215595367654
107788000000,417,107779989129,map,-0.0006463619647547603,-0.003848086576908827,0.011979026719927788,0.00336866490475746,-0.01044740262645661,0.032211909086209134,-0.9994208008934922
107820000000,418,107811989192,map,-0.0005686760414391756,-0.003921839874237776,0.011954966932535172,0.0033891561756678496,-0.010483237984402998,0.03217848663534001,-0.9994214330962199
107856000000,419,107851989192,map,-0.00047710174112580717,-0.003988896496593952,0.011919665150344372,0.003369918444228405,-0.01048366636760544,0.03217823375424894,-0.9994215173899169
107888000000,420,107883989192,map,-0.0004416578449308872,-0.00405401736497879,0.011880448088049889,0.0033825704013157685,-0.010497084870500098,0.032168371391697426,-0.999421685977311
107920000000,421,107915989255,map,-0.0004080479557160288,-0.004137375857681036,0.011833841912448406,0.0033723731688819103,-0.010476820468172707,0.032151175477504956,-0.9994224446205842
107956000000,422,107947989255,map,-0.0003705267154145986,-0.004234223160892725,0.011785260401666164,0.003336517066783521,-0.010482104300032507,0.03216263942029984,-0.9994221074457961
107988000000,423,107979989255,map,-0.0003261324018239975,-0.004264549817889929,0.011789776384830475,0.003306791684782197,-0.010527327868484695,0.03217309183873063,-0.9994214330962199
108020000000,424,108011989318,map,-0.00027778904768638313,-0.0042740292847156525,0.011829977855086327,0.0033333056744903433,-0.01057902130745556,0.032168919300728016,-0.9994208851871892
108056000000,425,108051989318,map,-0.00021245851530693471,-0.004266196396201849,0.011905194260179996,0.003336333332865794,-0.010594432895303625,0.032164114559997736,-0.9994209694808863
108088000000,426,108083989318,map,-0.00011438802175689489,-0.004262909758836031,0.01196943037211895,0.0033101644204798306,-0.010629903090320338,0.032166769811453944,-0.9994205058655528
108120000000,427,108115989381,map,-1.1715074833773542e-05,-0.0042398408986628056,0.012047459371387959,0.0033045684385232476,-0.010638129299041803,0.03215024824683771,-0.9994210116277348
108156000000,428,108147989381,map,7.068459672154859e-05,-0.004194801207631826,0.012118250131607056,0.003288039959189643,-0.010625709478893504,0.032103802419778726,-0.9994226975016752
108188000000,429,108179989381,map,0.00011833234748337418,-0.004109199624508619,0.012210181914269924,0.003242460776703143,-0.01062645758545457,0.032114423425603444,-0.9994224446205842
108220000000,430,108211989444,map,0.00011572086077649146,-0.003962189424782991,0.012302489951252937,0.0032330409560609587,-0.010582508959169836,0.032123021382699624,-0.9994226975016753
108256000000,431,108251989444,map,5.2274626796133816e-05,-0.003747974056750536,0.012416266836225986,0.0032611091108079443,-0.010576257066883303,0.03212812115136948,-0.9994224867674326
108288000000,432,108283989444,map,-3.176105747115798e-05,-0.003582786535844207,0.01250932551920414,0.003236884880354054,-0.010579177382503952,0.03215159694599001,-0.999421770271008
108320000000,433,108315989506,map,-0.0001622173876967281,-0.0034328859765082598,0.012590073049068451,0.0032310607127254546,-0.010519609397578884,0.03214346260422746,-0.9994227396485238
108356000000,434,108347989506,map,-0.0003406322211958468,-0.0033009375911206007,0.012664016336202621,0.0032491716745117406,-0.01053304271772497,0.03210359168553617,-0.9994237511728881
108388000000,435,108379989506,map,-0.0004966722335666418,-0.0032023824751377106,0.012708956375718117,0.003276682700604973,-0.010520043378409645,0.03211307472645114,-0.9994235404386455
108420000000,436,108411989569,map,-0.00057655741693452,-0.0031250580213963985,0.012734975665807724,0.0032465845824121305,-0.010520437188025417,0.03208778661734457,-0.9994244676693127
108456000000,437,108451989569,map,-0.0006407409091480076,-0.0030610228423029184,0.012747636064887047,0.003240436740157859,-0.010535348940591925,0.032077249905216876,-0.9994246362567067
108488000000,438,108483989569,map,-0.0006983827915973961,-0.0030327611602842808,0.012700777500867844,0.0032796260652834023,-0.010557090787522974,0.03209777542044162,-0.9994236668791909
108520000000,439,108515989631,map,-0.0007330920780077577,-0.003029776969924569,0.012626574374735355,0.003202811458238774,-0.010552289339515271,0.03204475468501494,-0.9994256056342224
108556000000,440,108547989631,map,-0.0007306022453121841,-0.0030705954413861036,0.012533005326986313,0.003175331054465163,-0.010546043044857055,0.03204842146083542,-0.999425647781071
108588000000,441,108579989631,map,-0.0007060685311444104,-0.0031234680209308863,0.012440633960068226,0.003184946133553965,-0.010507440153615872,0.03204437536337834,-0.9994261535432531
108620000000,442,108611989694,map,-0.0006745128193870187,-0.0030930694192647934,0.01239370834082365,0.003216263217631083,-0.010551380218822001,0.03207998945037005,-0.9994244255224642
108656000000,443,108651989694,map,-0.0006060443120077252,-0.003039472969248891,0.012376517057418823,0.0032463817507036724,-0.010578423349042312,0.03210683699287148,-0.9994232032638574
108688000000,444,108683989694,map,-0.0005481361877173185,-0.002988377120345831,0.012404928915202618,0.0032816224429593516,-0.01055495874967838,0.03206852550757505,-0.9994245941098582
108720000000,445,108715989756,map,-0.00047832049313001335,-0.0029454354662448168,0.012461882084608078,0.00328077094491053,-0.01056011976298744,0.0320490958104116,-0.9994251420188889
108756000000,446,108747989756,map,-0.00039567291969433427,-0.0029180869460105896,0.012533680535852909,0.0032902549736422435,-0.010529949534170973,0.032075732618670416,-0.9994245519630098
108788000000,447,108779989756,map,-0.0003149103722535074,-0.002908402821049094,0.012610562145709991,0.003328884206663747,-0.010544204059318515,0.03205828382338688,-0.9994248891377978
108820000000,448,108811989818,map,-0.0002507676836103201,-0.0028792365919798613,0.012661069631576538,0.003302761721665597,-0.01051472036315162,0.032077587080004966,-0.9994246362567067
108856000000,449,108851989818,map,-0.00018329251906834543,-0.0027923895977437496,0.01271811593323946,0.003271902655293781,-0.010513126356170048,0.032094150791469656,-0.9994242569350702
108888000000,450,108883989818,map,-0.00014102202840149403,-0.002753859618678689,0.01278873160481453,0.003278224024025907,-0.010502972258401461,0.03207514256279126,-0.9994249734314948
108920000000,451,108915989880,map,-0.00010813136759679765,-0.002718559466302395,0.012883714400231838,0.0033170244786194865,-0.0105136298134464,0.03207429962582109,-0.9994247205504037
108956000000,452,108947989880,map,-7.645144069101661e-05,-0.0027197899762541056,0.012969033792614937,0.003299814076447866,-0.010537200438476118,0.032079441541339404,-0.9994243833756158
108988000000,453,108979989880,map,-6.78321230225265e-05,-0.0027184346690773964,0.01302509568631649,0.003305712330333613,-0.010584536288437663,0.03211395981026982,-0.9994227396485237
109020000000,454,109011989942,map,-7.115902553778142e-05,-0.0026954817585647106,0.013020078651607037,0.003343774227261491,-0.01056399299251114,0.03212040827809193,-0.9994226132079782
109056000000,455,109051989942,map,-0.00011011604510713369,-0.002678303513675928,0.01295048464089632,0.003352588186956331,-0.010576838561683852,0.032132040808281026,-0.9994221074457961
109088000000,456,109083989942,map,-0.00018933560932055116,-0.00268577947281301,0.012862156145274639,0.003411782118600866,-0.010548282754728704,0.03219467102516821,-0.9994201686907646
109120000000,457,109115990004,map,-0.000307856040308252,-0.0026789247058331966,0.012744356878101826,0.0033807623673691024,-0.010487625207915179,0.03221620806475728,-0.9994202108376131
109156000000,458,109147990004,map,-0.0004480226489249617,-0.0026886234991252422,0.012588576413691044,0.0033696283553726384,-0.010465082570862422,0.03223015867161444,-0.9994200843970675
109188000000,459,109179990004,map,-0.0006033694953657687,-0.002694876631721854,0.012418645434081554,0.003372672806633042,-0.01039369173638554,0.03218093115255366,-0.9994223603268871
109220000000,460,109211990066,map,-0.0007676636450923979,-0.0027167994994670153,0.012275581248104572,0.0033656642467068364,-0.010441036147425687,0.032180593977765515,-0.999421938858402
109256000000,461,109251990066,map,-0.0009038464049808681,-0.0027046382892876863,0.012202156707644463,0.003379513437709713,-0.010444099696476822,0.032174609125276976,-0.9994220231520992
109288000000,462,109283990066,map,-0.0010039397748187184,-0.0026574330404400826,0.012150035239756107,0.0034298259088473386,-0.010463548162158822,0.032155305868659,-0.9994222760331901
109320000000,463,109315990128,map,-0.001065781689248979,-0.002597267972305417,0.012130431830883026,0.003420929960361254,-0.010451569566830871,0.032099629881776115,-0.9994241726413731
109356000000,464,109347990128,map,-0.0011290456168353558,-0.002554109087213874,0.012136255390942097,0.0033951041496639496,-0.01045643258875007,0.032071897255456006,-0.9994251841657373
109388000000,465,109379990128,map,-0.0012159327743574977,-0.002531879348680377,0.012183510698378086,0.0033471851585405877,-0.010398688113567605,0.0320410036154975,-0.9994269121865264
109420000000,466,109411990189,map,-0.001300261588767171,-0.002510116435587406,0.012254337780177593,0.0033007106847954847,-0.01038698149712145,0.03203426011973576,-0.9994274179487084
109456000000,467,109451990189,map,-0.0013810492819175124,-0.0024500854779034853,0.0124085433781147,0.003306080456713576,-0.01038810102278502,0.032039865650587696,-0.9994271229207689
109488000000,468,109483990189,map,-0.001453561126254499,-0.002415064722299576,0.012553555890917778,0.00336842157256176,-0.01035671940134612,0.032097311805108,-0.999425479193677
109520000000,469,109515990251,map,-0.001544362399727106,-0.0024118218570947647,0.01270644273608923,0.0032895493432019396,-0.010302923888305773,0.032129596291067375,-0.9994252263125858
109556000000,470,109547990251,map,-0.0016382638132199645,-0.0024339226074516773,0.012866668403148651,0.003280550003228102,-0.010289090173098835,0.03212917482258221,-0.99942539489998
109588000000,471,109579990251,map,-0.001736111007630825,-0.002479817718267441,0.013047249056398869,0.0032697772028942662,-0.010304591322999986,0.032134021710161,-0.9994250998720404
109620000000,472,109611990312,map,-0.0018543604528531432,-0.0025226532015949488,0.013254006393253803,0.00329290199329208,-0.01027653798550443,0.03214906813507945,-0.9994248891377978
109656000000,473,109651990312,map,-0.0019527754047885537,-0.002537334570661187,0.013486845418810844,0.003305468998137914,-0.010244827091811537,0.03214523277186487,-0.9994252684594345
109688000000,474,109683990312,map,-0.0019924526568502188,-0.002528938464820385,0.013637606054544449,0.0033438404109845427,-0.010251654222725795,0.0321662219024233,-0.9994244255224641
109720000000,475,109715990373,map,-0.0019967479165643454,-0.0024935121182352304,0.01376728992909193,0.0033892012859666463,-0.010319568271472783,0.03219378594134942,-0.9994226553548268
109756000000,476,109755990373,map,-0.001979806227609515,-0.002415528055280447,0.013939469121396542,0.0033903017138394854,-0.010356284103426344,0.03221561800887818,-0.9994215595367655
109788000000,477,109787990373,map,-0.0019458758179098368,-0.002329789800569415,0.014108818955719471,0.003406006683265857,-0.010370254466618689,0.032244277865865534,-0.9994204637187041
109820000000,478,109819990435,map,-0.0019011569675058126,-0.002244352363049984,0.014255390502512455,0.0034390557393989708,-0.010397168522115434,0.03227845896000786,-0.9994189885790062
109856000000,479,109851990435,map,-0.0018224612576887012,-0.0021743422839790583,0.014371865428984165,0.0034399342377726193,-0.010413807307654125,0.03227597229594564,-0.9994188621384608
109888000000,480,109883990435,map,-0.001758383004926145,-0.002088580746203661,0.014483222737908363,0.0034136569948150924,-0.010432567923597537,0.03228225217637387,-0.9994185671105211
109920000000,481,109915990496,map,-0.0016775504918769002,-0.002002803375944495,0.014626643620431423,0.0033518595074582486,-0.010406464207117863,0.032286551154921905,-0.9994189042853092
109956000000,482,109947990496,map,-0.001610593288205564,-0.00194515788462013,0.01477956771850586,0.0033390725487467483,-0.01038585373965153,0.032303199160083784,-0.9994186092573697
109988000000,483,109979990496,map,-0.0015341904945671558,-0.0019169037695974112,0.014945545233786106,0.003300957968258232,-0.010336504389856829,0.0322309594617361,-0.9994215595367655
110016000000,484,110011990557,map,-0.0014373214216902852,-0.001929225167259574,0.015111220069229603,0.0032656504337349925,-0.010309586053820782,0.03221814681978874,-0.9994224024737357
110056000000,485,110051990557,map,-0.0013136487687006593,-0.0020152651704847813,0.015338456258177757,0.0032656932391280117,-0.010354959111876281,0.03223770295749778,-0.9994213066556744
110088000000,486,110083990557,map,-0.0012148938840255141,-0.0021007515024393797,0.015566815622150898,0.003255236869430262,-0.010348232738271746,0.03221123473663301,-0.9994222338863417
110120000000,487,110115990618,map,-0.0011132038198411465,-0.0021779490634799004,0.015805477276444435,0.0032250478720953187,-0.010381597237224182,0.03222918929409868,-0.9994213909493714
110156000000,488,110147990618,map,-0.00101445650216192,-0.0022632968612015247,0.016040116548538208,0.003211624759389106,-0.01038053105366576,0.032252117179688566,-0.9994207165997953
110188000000,489,110179990618,map,-0.0009303666884079576,-0.0023698159493505955,0.016273120418190956,0.0031832036247858423,-0.010388795457968688,0.03225945073132941,-0.9994205480124012
110220000000,490,110211990678,map,-0.0008645598427392542,-0.0024846100714057684,0.016526134684681892,0.003159830563108519,-0.010380675604185262,0.03231736050118339,-0.9994187778447636
110256000000,491,110251990678,map,-0.0008089406765066087,-0.002642741659656167,0.016886446624994278,0.0031301723526470098,-0.01038422120781624,0.03229894232838415,-0.9994194100474914
110288000000,492,110283990678,map,-0.0007695573731325567,-0.002789935329928994,0.01719016768038273,0.0031071621489935854,-0.010342250190688978,0.03231175497033145,-0.9994194943411884
110320000000,493,110315990739,map,-0.0007328629144467413,-0.0029469134751707315,0.017520615831017494,0.0029919948976208062,-0.010344095103128092,0.03235600916126791,-0.9994183985231271
110356000000,494,110347990739,map,-0.0007341277087107301,-0.003128982614725828,0.017870036885142326,0.002942019930543521,-0.01030903090080055,0.03235466046211555,-0.9994189885790062
110388000000,495,110379990739,map,-0.0007869798573665321,-0.0033723684027791023,0.018239283934235573,0.0028917677162283756,-0.010320070740932373,0.032370212649216024,-0.9994185249636727
110420000000,496,110411990800,map,-0.0008418666548095644,-0.0036544203758239746,0.018611369654536247,0.002834422648290002,-0.010277098406880724,0.03234981357453676,-0.999419789369128
110456000000,497,110451990800,map,-0.0009190188720822334,-0.004031710792332888,0.019109759479761124,0.002844002824519881,-0.010255090178696195,0.03238348890649706,-0.9994189042853092
110488000000,498,110483990800,map,-0.0009834846714511514,-0.004349852446466684,0.019536245614290237,0.00276478979837718,-0.010216436908800149,0.032436762523014806,-0.9994177241735509
110520000000,499,110515990860,map,-0.0010600904934108257,-0.004689371213316917,0.01996728964149952,0.0027097193431693785,-0.01024519851091404,0.03246466373672896,-0.9994167126491867
110556000000,500,110547990860,map,-0.0011516613885760307,-0.005060591734945774,0.020381325855851173,0.0027160291873726157,-0.010223013792801373,0.032495683817233,-0.9994159540059135
110588000000,501,110579990860,map,-0.0012571585830301046,-0.0054797157645225525,0.02079327590763569,0.002625231375517736,-0.010282076344816564,0.03248729659437938,-0.999415827565368
110620000000,502,110611990921,map,-0.0013785556657239795,-0.005898298230022192,0.021203508600592613,0.002590276162306267,-0.010267880430130235,0.032471491526187723,-0.9994166283554896
110656000000,503,110651990921,map,-0.0015456470428034663,-0.006440778728574514,0.02172415517270565,0.0025849551226817665,-0.010240635126745974,0.03247604338582688,-0.9994167126491867
110688000000,504,110683990921,map,-0.0016803237376734614,-0.0069046951830387115,0.022165274247527122,0.0025361352426714837,-0.010260056262830893,0.03249231206935216,-0.9994161225933076
110720000000,505,110715990981,map,-0.001811802969314158,-0.0073655741289258,0.022621190175414085,0.0024944569485780194,-0.010343220226749236,0.03248299761583118,-0.9994156589779739
110756000000,506,110747990981,map,-0.00196449039503932,-0.007881185971200466,0.023111088201403618,0.0024465916288320577,-0.01032476616327429,0.03249020472692654,-0.9994157854185195
110788000000,507,110779990981,map,-0.002120712772011757,-0.008462922647595406,0.023613758385181427,0.002397769773188251,-0.010343809953356134,0.032477392084979295,-0.9994161225933076
110820000000,508,110811991041,map,-0.0022484208457171917,-0.009045717306435108,0.024094995111227036,0.00240871116091613,-0.010384668359537162,0.03247987874904135,-0.999415574684277
110856000000,509,110851991041,map,-0.002405444160103798,-0.009830925613641739,0.02466505393385887,0.002409333485476174,-0.010396171156458094,0.032496863928991315,-0.9994149424815493
110888000000,510,110883991041,map,-0.002519755158573389,-0.010502981953322887,0.02513238973915577,0.002316417135939114,-0.01037569272716561,0.03248181750407286,-0.999415827565368
110920000000,511,110915991101,map,-0.002632200252264738,-0.011193370446562767,0.025621959939599037,0.0023103641240939912,-0.01035637201911816,0.03250116290753946,-0.9994153639500343
110956000000,512,110947991101,map,-0.002756721107289195,-0.0119120879098773,0.026103731244802475,0.0023353572052609516,-0.010385711494037806,0.03249159557292747,-0.9994153218031858
110988000000,513,110979991101,map,-0.002892524702474475,-0.012672843411564827,0.026556843891739845,0.0023084892478797635,-0.010379901155843875,0.03251452345851741,-0.9994147317473067
111020000000,514,111011991161,map,-0.0030343288090080023,-0.01348714716732502,0.026986349374055862,0.002309103669905711,-0.010250738845859699,0.032552834943813724,-0.9994148581878523
111056000000,515,111051991161,map,-0.0032254408579319715,-0.014585955999791622,0.027551913633942604,0.002351302214160482,-0.010161799446606347,0.03251806379379224,-0.9994167547960353
111088000000,516,111083991161,map,-0.0033775342162698507,-0.015531494282186031,0.02806677296757698,0.002373060195431977,-0.010052950271243153,0.03255907267739344,-0.9994164597680957
111120000000,517,111115991221,map,-0.003531491616740823,-0.01650630310177803,0.028661029413342476,0.002371038134520216,-0.01011182184535103,0.03254347834344434,-0.9994163754743985
111156000000,518,111147991221,map,-0.0037105088122189045,-0.017539458349347115,0.02922033704817295,0.0023999001646715745,-0.010078767520861854,0.032552624209571224,-0.9994163333275501
111188000000,519,111179991221,map,-0.003916335757821798,-0.018603181466460228,0.029777290299534798,0.0024417951199081655,-0.010069727351128521,0.03256560543891257,-0.999415911859065
111220000000,520,111211991281,map,-0.004120259545743465,-0.019633425399661064,0.030275983735919,0.0025308978381994975,-0.010063138942598407,0.032562360131577206,-0.9994158697122165
111256000000,521,111251991281,map,-0.004379211459308863,-0.020935144275426865,0.03088879957795143,0.0025458020175041624,-0.010014805726979523,0.03258836473710852,-0.9994154903905799
111288000000,522,111283991281,map,-0.004565727431327105,-0.02200758270919323,0.031377628445625305,0.0025922623325423427,-0.009959237741395942,0.03262515893585849,-0.9994146896004581
111320000000,523,111315991341,map,-0.0047407555393874645,-0.02309437468647957,0.031878553330898285,0.002635948528840647,-0.00989415543403328,0.03269465908905289,-0.9994129615796692
111356000000,524,111347991341,map,-0.004908203613013029,-0.024224963039159775,0.03238648176193237,0.0026848359096629977,-0.009831083004508981,0.032736679497018306,-0.9994120764958505
111388000000,525,111379991341,map,-0.005070451181381941,-0.02537197433412075,0.03281340375542641,0.0026918987995111126,-0.00976508169828543,0.03276626658467291,-0.9994117393210624
111420000000,526,111411991400,map,-0.00524616613984108,-0.026569239795207977,0.03329255059361458,0.0027418197659387425,-0.009592221008929553,0.03282198471840431,-0.9994114864399715
111456000000,527,111451991400,map,-0.005492399446666241,-0.028067391365766525,0.03388835862278938,0.002756139157720319,-0.009562695824458655,0.03280605320966723,-0.9994122450832446
111488000000,528,111483991400,map,-0.005758022889494896,-0.02929709292948246,0.03436621278524399,0.002788405862977948,-0.009460669499470416,0.03285388988272714,-0.9994115285868199
111520000000,529,111515991460,map,-0.006069418974220753,-0.030548376962542534,0.034833863377571106,0.0028516663069592762,-0.00930844100954964,0.032859326826184976,-0.9994125822580326
111556000000,530,111547991460,map,-0.006399327423423529,-0.031839724630117416,0.03527722880244255,0.002940662011768061,-0.00921813480116997,0.03287985234140983,-0.9994125401111842
111588000000,531,111579991460,map,-0.006740035023540258,-0.033150482922792435,0.03568965941667557,0.0029940492272134576,-0.00909069952415798,0.032835050241442676,-0.9994150267752463
111620000000,532,111611991519,map,-0.0069865696132183075,-0.03423592075705528,0.03604653850197792,0.003052980728871562,-0.009018065028377771,0.03286935777613065,-0.9994143524256701
111656000000,533,111651991519,map,-0.007291948888450861,-0.035587672144174576,0.03648693114519119,0.0030761437148508377,-0.008964672215304056,0.03287972590086424,-0.999414436719367
111688000000,534,111683991519,map,-0.007544661406427622,-0.03666449710726738,0.03683906048536301,0.003033947146229591,-0.008783399607675463,0.032879599460318765,-0.999416164740156
111720000000,535,111715991579,map,-0.00784369744360447,-0.037758760154247284,0.03722946345806122,0.0030965832900173513,-0.008736773997965777,0.03288764950838435,-0.9994161225933076
111756000000,536,111747991579,map,-0.00817929208278656,-0.038895133882761,0.03763784468173981,0.003176137277579061,-0.008684159749136626,0.032912558295854266,-0.9994154903905799
111788000000,537,111779991579,map,-0.008550004102289677,-0.0400446318089962,0.038048770278692245,0.0032046101079262015,-0.008655830481492226,0.032880189516197866,-0.9994166705023382
111820000000,538,111811991638,map,-0.008954145945608616,-0.04121631011366844,0.03843928128480911,0.0032657177699109345,-0.008610409349687641,0.032955379493941395,-0.9994144788662156
111856000000,539,111851991638,map,-0.009499581530690193,-0.04273039475083351,0.038921888917684555,0.0032845465452109217,-0.008610389922624655,0.0329565596056996,-0.9994143102788215
111888000000,540,111883991638,map,-0.009976561181247234,-0.0440133735537529,0.03931259736418724,0.003335801558175598,-0.008586183966780863,0.0330456158966031,-0.9994114021462743
111920000000,541,111915991697,map,-0.010480968281626701,-0.045325204730033875,0.03971326723694801,0.003346503071066444,-0.008617489690965216,0.03310192408621371,-0.9994092948038488
111956000000,542,111947991697,map,-0.010999917052686214,-0.046662285923957825,0.04010852426290512,0.0033134525332081883,-0.008639269898113857,0.033132522698232636,-0.9994081989857875
111988000000,543,111979991697,map,-0.011538333259522915,-0.04805120453238487,0.04047780856490135,0.003289671173935917,-0.008649149382822614,0.033160213177704234,-0.9994072296082718
112020000000,544,112011991756,map,-0.012085956521332264,-0.04882976412773132,0.04080291464924812,0.003245282804555976,-0.00831746669129591,0.03329794907863787,-0.9994056280280283
112056000000,545,112051991756,map,-0.012839664705097675,-0.04986298456788063,0.04145408794283867,0.0032181402341149605,-0.007786160884789548,0.033349326086972664,-0.9994082832794845
112088000000,546,112083991756,map,-0.013515454716980457,-0.05068686977028847,0.04207055643200874,0.0032503621583460473,-0.006830825513582701,0.03348381668057093,-0.9994106856498497
112120000000,547,112115991815,map,-0.01421838253736496,-0.05151595175266266,0.04275797680020332,0.003296567616659639,-0.005534413478078905,0.03358218742499536,-0.9994152375094888
112156000000,548,112147991815,map,-0.014962567016482353,-0.05235707014799118,0.0435638353228569,0.0033350285092412905,-0.004800039627953562,0.03363503957302805,-0.9994171762645203
112188000000,549,112179991815,map,-0.015741968527436256,-0.0532149001955986,0.044510453939437866,0.0035387428628460655,-0.0032684683971333233,0.033676512071962705,-0.9994212223619774
112220000000,550,112211991874,map,-0.016550084576010704,-0.054130494594573975,0.045626815408468246,0.004361847816654837,-0.0015807491635374054,0.03380446990404179,-0.9994177663203996
112256000000,551,112251991874,map,-0.01755570061504841,-0.055385950952768326,0.04739944264292717,0.00478797468097712,-0.0009081165775315386,0.033875234462691584,-0.9994142681319731
112288000000,552,112283991874,map,-0.018427826464176178,-0.056469403207302094,0.04927532374858856,0.0055529197312062266,6.320512624271622e-05,0.03411479714962745,-0.9994025513080871
112320000000,553,112315991932,map,-0.019365690648555756,-0.05759439617395401,0.05166415125131607,0.006512934061142291,0.0007894578878136784,0.034599443760654214,-0.9993797498630427
112356000000,554,112347991932,map,-0.02042165771126747,-0.05875513330101967,0.054637979716062546,0.006964770009147838,0.0010147518908951388,0.03480971438787517,-0.9993691710040664
112388000000,555,112379991932,map,-0.021621093153953552,-0.059936653822660446,0.058293942362070084,0.007802118570670977,0.0009794150511412943,0.03529600472599376,-0.9993459902373855
112420000000,556,112411991991,map,-0.022546539083123207,-0.06048808619379997,0.06278471648693085,0.008428203419855227,0.0005243443325125357,0.03568384002599112,-0.9993274456240406
112456000000,557,112451991991,map,-0.023936128243803978,-0.06120341271162033,0.0695064589381218,0.008761363062077207,9.060321195282882e-05,0.03587674615162545,-0.9993178782894286
112488000000,558,112483991991,map,-0.025258449837565422,-0.06177927926182747,0.07574149966239929,0.009144051178200063,-0.0011101855268138444,0.03629598085376323,-0.9992987014733562
112520000000,559,112515992049,map,-0.026722798123955727,-0.062355414032936096,0.08272451162338257,0.009432705065483556,-0.0025930828789991725,0.03671567917123475,-0.9992778809301919
112556000000,560,112547992049,map,-0.02829296886920929,-0.06290502846240997,0.09046684205532074,0.009613836744587441,-0.0034249322646084024,0.036907447331959276,-0.9992665855747909
112588000000,561,112579992049,map,-0.02995666116476059,-0.06343290209770203,0.09899205714464188,0.009842706973619502,-0.005094701169829193,0.03722114632542589,-0.9992456385910811
112620000000,562,112611992108,map,-0.031677499413490295,-0.06396356970071793,0.1083519235253334,0.009981600431162009,-0.006744451474460197,0.037553052757449246,-0.9992220785027635
112656000000,563,112651992108,map,-0.033908065408468246,-0.06460899859666824,0.12121662497520447,0.010068042958913344,-0.007520369028645184,0.037665374108730776,-0.9992114153500902
112688000000,564,112683992108,map,-0.035793520510196686,-0.0650879517197609,0.1324445754289627,0.010268386274630545,-0.008874804515248639,0.037976797172377785,-0.9991864222689232
112720000000,565,112715992166,map,-0.0376846008002758,-0.06554266810417175,0.14455831050872803,0.010396984788197824,-0.009929245648868885,0.03829833547966732,-0.9991629464743026
112756000000,566,112747992166,map,-0.03949734941124916,-0.06598705798387527,0.15752428770065308,0.010489072462369168,-0.010451386388560073,0.038447029561213764,-0.9991509767693256
112788000000,567,112779992166,map,-0.04121577367186546,-0.0664115846157074,0.17130176723003387,0.010462164230875414,-0.01146388681867994,0.038797607047127425,-0.9991266158908862
112820000000,568,112811992224,map,-0.042290184646844864,-0.06584623456001282,0.18581555783748627,0.01040380130008189,-0.012344557154434279,0.03913119935309117,-0.9991037301521448
112856000000,569,112851992224,map,-0.04353183135390282,-0.06521020829677582,0.20508025586605072,0.010395556734432264,-0.012755335733499325,0.03937282723560409,-0.9990891051957115
112888000000,570,112883992224,map,-0.04439765587449074,-0.06472498178482056,0.22141656279563904,0.010344969403280618,-0.013099865722878074,0.03968555685155489,-0.9990728365121863
112920000000,571,112915992282,map,-0.045084625482559204,-0.06427495926618576,0.23860245943069458,0.010336242289142768,-0.013209929665904303,0.04005404674808566,-0.9990567785629036
112956000000,572,112947992282,map,-0.045553211122751236,-0.06388677656650543,0.25655776262283325,0.010298069262829168,-0.013189508036075631,0.04018381689465067,-0.999052184556416
112988000000,573,112979992282,map,-0.04582788050174713,-0.06355836987495422,0.27519288659095764,0.010154178440287834,-0.0131137716310267,0.040491278154537735,-0.9990422800470159
113020000000,574,113011992340,map,-0.045892469584941864,-0.0632946565747261,0.2944847047328949,0.009971120189225845,-0.012832840495188317,0.04073168377844383,-0.9990379810684678
113056000000,575,113051992340,map,-0.045561786741018295,-0.063077911734581,0.3195240795612335,0.009906227213409228,-0.012680956424045216,0.04085804003027943,-0.9990353679638602
113088000000,576,113083992340,map,-0.044894587248563766,-0.06298796832561493,0.34022256731987,0.009823192077260259,-0.012329399600130166,0.04115058130579363,-0.9990286666149468
113120000000,577,113115992398,map,-0.043828997761011124,-0.06299622356891632,0.3615151047706604,0.009899706634963437,-0.011265111744390436,0.041400006355281016,-0.9990301839014932
113156000000,578,113147992398,map,-0.04242177680134773,-0.06310135126113892,0.38348230719566345,0.009949132890408961,-0.010553426789937169,0.0415356770606376,-0.9990317433348882
113188000000,579,113179992398,map,-0.04071841761469841,-0.06328973919153214,0.4061495065689087,0.01021709903414401,-0.008930576443834538,0.041708099817895694,-0.9990376860405281
113220000000,580,113211992456,map,-0.0382206030189991,-0.06224178150296211,0.42935892939567566,0.010652908190253942,-0.00710247644021459,0.041847100124284664,-0.9990419850190764
113256000000,581,113251992456,map,-0.03456934913992882,-0.06064652279019356,0.45924994349479675,0.010922475811334827,-0.006210743626860968,0.041803351695530344,-0.9990468740535036
113288000000,582,113283992456,map,-0.031417787075042725,-0.05961109697818756,0.4838928282260895,0.01165175837155089,-0.004558194837343291,0.04158106921648386,-0.9990568207097521
113320000000,583,113315992513,map,-0.0279370229691267,-0.058842092752456665,0.5090530514717102,0.01256065680604959,-0.0026183950249802513,0.04111446145661979,-0.9990721200157616
113356000000,584,113347992513,map,-0.02417687140405178,-0.05831194669008255,0.5347495675086975,0.01300315360511518,-0.0018337066457656962,0.04078765479326635,-0.999081560909828
113388000000,585,113379992513,map,-0.020228581503033638,-0.05798525735735893,0.5608344078063965,0.014072773448781857,-0.0007085280361385494,0.04001042475987693,-0.9990999790826274
113420000000,586,113411992571,map,-0.01612027734518051,-0.057865701615810394,0.5870480537414551,0.015305940845372517,3.678827184949653e-05,0.03892539629181241,-0.9991249300169458
113456000000,587,113451992571,map,-0.010697700083255768,-0.05801718682050705,0.6196084022521973,0.01580804349567239,0.00031583399476152056,0.0383035195420342,-0.9991410722599254
113488000000,588,113483992571,map,-0.006059660576283932,-0.05835799500346184,0.6452346444129944,0.016744109196031153,0.0006806281395134705,0.036953387396836235,-0.9991764756126746
113520000000,589,113515992628,map,-0.0010480450000613928,-0.05882680416107178,0.670287013053894,0.017480772887728813,0.001253683033647902,0.03565766683306576,-0.9992104038257259
113556000000,590,113547992628,map,0.00439950916916132,-0.05933206155896187,0.6951250433921814,0.01769238036030087,0.0036721995930155834,0.03508248879143766,-0.9992210669783992
113588000000,591,113579992628,map,0.009972570464015007,-0.05975601449608803,0.7204281091690063,0.01764008221283555,0.013187487292253004,0.03408373492227501,-0.999176264878432
113620000000,592,113611992686,map,0.01682368665933609,-0.0587158165872097,0.7465051412582397,0.017038198380411283,0.021926818583179464,0.03332732543204997,-0.999058717317935
113656000000,593,113651992686,map,0.025192508473992348,-0.05686118081212044,0.7795851230621338,0.016634107238506737,0.02554902444059923,0.03304414075690526,-0.9989887956962555
113688000000,594,113683992686,map,0.031189868226647377,-0.05540582537651062,0.806121289730072,0.01559628785058604,0.031194848338269056,0.03264332422756666,-0.9988583933469628
113720000000,595,113715992743,map,0.036457985639572144,-0.05401092767715454,0.8324714303016663,0.014292485628613658,0.032741827339437174,0.032569398655278525,-0.9988308293080368
113756000000,596,113747992743,map,0.04104144871234894,-0.05270664393901825,0.8584440350532532,0.013583424171423584,0.0322839426601258,0.03264151191308068,-0.998853293578293
113788000000,597,113779992743,map,0.0450710654258728,-0.05151258036494255,0.8842273950576782,0.01241240822986281,0.03226058013516061,0.032754549760786955,-0.9988655161643611
113820000000,598,113811992800,map,0.048483606427907944,-0.05046180635690689,0.9099557995796204,0.011559672117366146,0.031511051117955,0.03278464261062369,-0.9988987278809878
113856000000,599,113851992800,map,0.05187932029366493,-0.04939641058444977,0.9418356418609619,0.011192915509980408,0.03074750300526344,0.032789405204505406,-0.9989265869478534
113888000000,600,113883992800,map,0.05392709746956825,-0.048740923404693604,0.9670074582099915,0.01076328502423953,0.028959353151470923,0.03284457542920616,-0.9989828529906156
113920000000,601,113915992857,map,0.05546277388930321,-0.04825083538889885,0.9918102025985718,0.010620506648008305,0.026849819748348158,0.032876986355711124,-0.9990422379001674
113956000000,602,113947992857,map,0.05661667138338089,-0.04794933646917343,1.0161714553833008,0.01064462715770219,0.025643448527787317,0.03288748092099025,-0.999073384421217
113988000000,603,113979992857,map,0.057414278388023376,-0.04787183180451393,1.0399622917175293,0.01080921389385977,0.023167370568610388,0.03291272688324831,-0.9991312520442224
114020000000,604,114011992914,map,0.06301406770944595,-0.04544020816683769,1.0635051727294922,0.011228565487647798,0.021133396915972297,0.03301244632682504,-0.9991684255646089
114056000000,605,114051992914,map,0.06949860602617264,-0.04314740002155304,1.0908936262130737,0.011583718870075133,0.02031902200888239,0.03302702913640981,-0.9991808167380712
114088000000,606,114083992914,map,0.07457681000232697,-0.041933827102184296,1.1110576391220093,0.012572679194587323,0.019131589540554366,0.03304060042163032,-0.9991918592123812
114120000000,607,114115992971,map,0.0796402245759964,-0.04126829653978348,1.1297028064727783,0.01393302734073764,0.019272077498986826,0.03307634094916756,-0.9991698585574584
114156000000,608,114147992971,map,0.08485757559537888,-0.0411967895925045,1.1465381383895874,0.014932281703726362,0.01993936220967949,0.033080639927715705,-0.9991422102248353
114188000000,609,114179992971,map,0.09026765078306198,-0.04168873652815819,1.1614058017730713,0.01674708565257111,0.021801217517258335,0.03303920957562956,-0.9990759132321276
114220000000,610,114211993027,map,0.09573258459568024,-0.04270448163151741,1.1746331453323364,0.018864712403060847,0.02456621360470258,0.03298167912741218,-0.9989758987606112
114256000000,611,114251993027,map,0.10243257135152817,-0.04457023739814758,1.189579963684082,0.019897833075917096,0.02614540728611219,0.03293245160835134,-0.9989173989348781
114288000000,612,114283993027,map,0.10745634138584137,-0.04638230428099632,1.2010059356689453,0.02183973463307736,0.02910206534397909,0.03284900084829978,-0.9987977861788042
114320000000,613,114315993084,map,0.11224354058504105,-0.04845461621880531,1.2120110988616943,0.023344774556526844,0.03156411861004176,0.032716533303430106,-0.9986933884350427
114356000000,614,114347993084,map,0.11682445555925369,-0.05077873915433884,1.2223330736160278,0.024003834704859315,0.032530709823979057,0.03268134068492351,-0.9986479119854994
114388000000,615,114379993084,map,0.12114644050598145,-0.05330730602145195,1.2318929433822632,0.025196499638575516,0.034207829073725694,0.03256042137654569,-0.9985663578336308
114420000000,616,114411993140,map,0.13265159726142883,-0.05228910222649574,1.2407622337341309,0.026330530403478963,0.03536380517581316,0.032357526447814255,-0.9985034747356526
114456000000,617,114451993140,map,0.14572767913341522,-0.05159670114517212,1.250930666923523,0.026737673240633503,0.03574989236941396,0.03226716360460696,-0.998481811255518
114488000000,618,114483993140,map,0.15516886115074158,-0.05143807828426361,1.2584964036941528,0.027288375487805726,0.03624489558064553,0.032000711228321044,-0.9984576189644727
114520000000,619,114515993197,map,0.1636965572834015,-0.05156821012496948,1.2657345533370972,0.027582557856233737,0.03646546320979319,0.03172422790208962,-0.9984503697065289
114556000000,620,114547993197,map,0.17128564417362213,-0.051926009356975555,1.2729294300079346,0.02763674059344478,0.0364917914899501,0.031615362592385954,-0.9984513390840446
114588000000,621,114579993197,map,0.1781042069196701,-0.05247662961483002,1.2804453372955322,0.027633972401605474,0.036051053663265324,0.031350090327858404,-0.9984757842561809
114620000000,622,114611993253,map,0.1843584030866623,-0.05324392393231392,1.287841558456421,0.027386183176675835,0.035426914154557655,0.03106846508610867,-0.9985138007135379
114656000000,623,114651993253,map,0.191367506980896,-0.05454652011394501,1.2963801622390747,0.0272718944236767,0.03524836660410309,0.0309262616192329,-0.9985276248798494
114688000000,624,114683993253,map,0.1962946057319641,-0.05583164095878601,1.3026471138000488,0.027175945805952638,0.03503253917832388,0.03059907563424275,-0.9985478975139831
114720000000,625,114715993309,map,0.20058146119117737,-0.05736936628818512,1.308495044708252,0.0271493830839509,0.034700479634702484,0.03028567166871571,-0.9985698138752088
114756000000,626,114747993309,map,0.20419256389141083,-0.05913020670413971,1.3140690326690674,0.027209710370693675,0.0345122735412216,0.030144690460446825,-0.9985789597413356
114788000000,627,114779993309,map,0.20705664157867432,-0.061040837317705154,1.3194948434829712,0.027450444937581548,0.033821078725805344,0.029786484394952743,-0.9986067345145043
114820000000,628,114811993365,map,0.21645571291446686,-0.06078530102968216,1.3261924982070923,0.027736209790108525,0.032669470090894825,0.029421872008484954,-0.9986479962791964
114856000000,629,114851993365,map,0.22917364537715912,-0.05992044135928154,1.335145354270935,0.027882859914138306,0.031871324519295766,0.029284178254399888,-0.9986737480036366
114888000000,630,114883993365,map,0.23802481591701508,-0.05959061533212662,1.3421510457992554,0.027957771327554864,0.030140500306378628,0.028917669259749205,-0.9987360410457358
114920000000,631,114915993421,map,0.24580693244934082,-0.05964310094714165,1.3485373258590698,0.028091612472791162,0.029065314568007573,0.028421179384290843,-0.9987784407753377
114956000000,632,114947993421,map,0.2525208592414856,-0.06003895401954651,1.3542131185531616,0.028161496722069905,0.028954721731423376,0.028215629204103258,-0.998785479299039
114988000000,633,114979993421,map,0.25813028216362,-0.06073850020766258,1.3593031167984009,0.02840838691026906,0.02882253419144662,0.02765730990187937,-0.9987979126193497
115020000000,634,115011993477,map,0.262705534696579,-0.06171989068388939,1.3640183210372925,0.028843184902156253,0.0286485461665009,0.027050310989625462,-0.9988071006323251
115056000000,635,115051993477,map,0.2670726478099823,-0.06328388303518295,1.3696681261062622,0.02898133121008518,0.028634627694557834,0.02674529424695216,-0.9988116946388128
115088000000,636,115083993477,map,0.26947709918022156,-0.0647376999258995,1.3742460012435913,0.0294098774434527,0.028268901338895803,0.026058174175679072,-0.9988278368817924
115120000000,637,115115993533,map,0.270921915769577,-0.06630194187164307,1.3790534734725952,0.02986191161335515,0.027639776648262705,0.02535335242803144,-0.9988501325646548
115156000000,638,115147993533,map,0.27142149209976196,-0.06795138120651245,1.3842623233795166,0.02994229454381628,0.027149473469184615,0.024992448964232583,-0.9988702366113944
115188000000,639,115179993533,map,0.27124568819999695,-0.06958617269992828,1.3900885581970215,0.029936405015645266,0.02591828450493206,0.02420919193150617,-0.998922414409851
115220000000,640,115211993588,map,0.2783094346523285,-0.0681980550289154,1.3967970609664917,0.03039786888435752,0.024754359112088738,0.023310326093314293,-0.998959377195995
115256000000,641,115251993588,map,0.288556307554245,-0.06581557542085648,1.4055149555206299,0.030636744050827107,0.024360989404046404,0.022812656106097617,-0.9989732856560036
115288000000,642,115283993588,map,0.2952060103416443,-0.06438662856817245,1.4125910997390747,0.030828678823312194,0.023972602902295977,0.021736942091554134,-0.9990007232543842
115320000000,643,115315993644,map,0.3005501627922058,-0.0633169487118721,1.4200043678283691,0.031132390330770712,0.02385425323458837,0.020543469782271118,-0.9990193943082745
115356000000,644,115347993644,map,0.3045780658721924,-0.06257528811693192,1.4280058145523071,0.03122081211404079,0.02374679688085956,0.019799999374538968,-0.9990342299989503
115388000000,645,115379993644,map,0.3073795437812805,-0.06211526319384575,1.436813473701477,0.03143263822338949,0.023448517048502884,0.018634259691576116,-0.9990570314439947
115420000000,646,115411993699,map,0.3089290261268616,-0.06192324310541153,1.4465556144714355,0.03146639488559644,0.022677785861590513,0.017118026816396736,-0.9991009063132945
115456000000,647,115451993699,map,0.3091988265514374,-0.06198853999376297,1.460106611251831,0.031462484448308035,0.022218159990600037,0.01631504505856718,-0.9991247614295518
115488000000,648,115483993699,map,0.30810654163360596,-0.062285538762807846,1.4717438220977783,0.03148557367730242,0.02068095049720785,0.01446854947845644,-0.9991854950382559
115520000000,649,115515993755,map,0.305910587310791,-0.06282039731740952,1.4838610887527466,0.03122371827095452,0.01887988625634153,0.012904227049125973,-0.9992508226534478
115556000000,650,115547993755,map,0.30274471640586853,-0.06363072991371155,1.496006727218628,0.031087657707249226,0.01762566980164222,0.01198491998940643,-0.9992894291666838
115588000000,651,115579993755,map,0.298708975315094,-0.06474094837903976,1.5077202320098877,0.031021133516686332,0.014835259329182029,0.010132397409958584,-0.9993572855927864
115620000000,652,115611993810,map,0.3024482727050781,-0.06341394037008286,1.5197336673736572,0.031212809481179785,0.011849763607310562,0.00818664600160468,-0.9994090419227577
115656000000,653,115651993810,map,0.3088647425174713,-0.061460431665182114,1.5340101718902588,0.03171425029424913,0.01056826365364553,0.007251196698905283,-0.9994148160410037
115688000000,654,115683993810,map,0.31286144256591797,-0.0608179084956646,1.544132113456726,0.0331036086430651,0.008682547138272819,0.025066880298702854,-0.9990998526420818
115720000000,655,115715993865,map,0.31595465540885925,-0.06087474524974823,1.5529063940048218,0.034492979504226716,0.009097309006112463,0.02228961371607746,-0.9991149833606972
115756000000,656,115747993865,map,0.3181787133216858,-0.061474334448575974,1.5606478452682495,0.035319579302290564,0.00972156705283157,0.02062818494777796,-0.9991159105913645
115788000000,657,115779993865,map,0.3196198642253876,-0.06239158660173416,1.5678800344467163,0.037140087399027334,0.011751284203042315,0.0175994702669367,-0.9990860284757702
115820000000,658,115811993920,map,0.32026851177215576,-0.06347239762544632,1.5749328136444092,0.038329692734959446,0.014257567623166885,0.014687923824955653,-0.9990554720105999
115856000000,659,115851993920,map,0.319814532995224,-0.0648401752114296,1.5840903520584106,0.03890731265962321,0.015401319822097179,0.013424993509326634,-0.9990339349710107
115888000000,660,115883993920,map,0.3183591663837433,-0.06571828573942184,1.592025876045227,0.0393232164436397,0.017267162122763472,0.011006270166983469,-0.9990167390568183
115920000000,661,115915993975,map,0.3159613311290741,-0.06629962474107742,1.600555419921875,0.039122316904767446,0.01836431439521989,0.008878781547850547,-0.9990262642445817
115956000000,662,115947993975,map,0.31258419156074524,-0.06654232740402222,1.6098181009292603,0.03876636372003516,0.0185959975971178,0.00795146658691387,-0.9990436287461683
115988000000,663,115979993975,map,0.3081960082054138,-0.06649687886238098,1.619621992111206,0.03746230598279369,0.01843636904256082,0.006361518873688855,-0.9991077762496019
116020000000,664,116011994029,map,0.31317251920700073,-0.06306245923042297,1.63084077835083,0.03610812642304965,0.01737476500264531,0.005312652401646801,-0.9991827133462542
116056000000,665,116051994029,map,0.3172172009944916,-0.05876942351460457,1.6451181173324585,0.035370562501009575,0.016553885980722313,0.004941465106811372,-0.9992249866353107
116088000000,666,116083994029,map,0.31895026564598083,-0.055360347032547,1.6566150188446045,0.03376279391485409,0.01500932317935399,0.004327469817704655,-0.999307847339483
116120000000,667,116115994084,map,0.3195590674877167,-0.05206754431128502,1.6683838367462158,0.032294485299154095,0.013889557147037953,0.00391299770944853,-0.9993742707727362
116156000000,668,116147994084,map,0.3192247748374939,-0.04896741360425949,1.680590271949768,0.03154892862242064,0.013654757053983765,0.0036989338658616764,-0.9994021298396019
116188000000,669,116179994084,map,0.3181707561016083,-0.04593672603368759,1.693195104598999,0.030463318001011125,0.014030477769212159,0.003439351425883087,-0.999431506193014
116220000000,670,116211994138,map,0.31658774614334106,-0.043098825961351395,1.7053866386413574,0.0293993201518091,0.015893205812900206,0.0032553382852845156,-0.9994361423463503
116256000000,671,116251994138,map,0.31379565596580505,-0.04015130549669266,1.7192673683166504,0.02894291851472971,0.01687406702778097,0.003227858540055418,-0.9994334449480455
116288000000,672,116283994138,map,0.3108782470226288,-0.0383310541510582,1.729073166847229,0.028617099997410463,0.018952894146857763,0.0033196543761120924,-0.9994052908532403
116320000000,673,116315994193,map,0.30738216638565063,-0.0370476171374321,1.7378425598144531,0.0291176777879021,0.02086728862919185,0.003683676706700724,-0.9993513850339948
116356000000,674,116347994193,map,0.30326947569847107,-0.03621780499815941,1.746019721031189,0.02952145677970986,0.021511401463554382,0.003930994413762658,-0.99932491681313
116388000000,675,116379994193,map,0.2985517382621765,-0.03582331910729408,1.7539845705032349,0.03083868112657169,0.02232279843237919,0.004396885677202091,-0.9992654054630326
116420000000,676,116411994247,map,0.3022572994232178,-0.030362989753484726,1.7646256685256958,0.03222902729214964,0.022319721053893387,0.004899528992543036,-0.9992192968107616
116456000000,677,116451994247,map,0.30558955669403076,-0.024295564740896225,1.7787261009216309,0.03313150590551227,0.022009727031828713,0.00506352238009883,-0.9991958210161411
116488000000,678,116483994247,map,0.30726805329322815,-0.019824527204036713,1.7907849550247192,0.0344095491590549,0.02123218287270901,0.00544680582045698,-0.9991674140402447
116520000000,679,116515994301,map,0.30833733081817627,-0.015643665567040443,1.8028098344802856,0.034794153639695985,0.020952007745965794,0.005819257520747746,-0.9991579309993297
116556000000,680,116547994301,map,0.3089461624622345,-0.011844556778669357,1.8139256238937378,0.03489563864109866,0.021325654704538552,0.006024849847783899,-0.9991452869447766
116588000000,681,116579994301,map,0.3090123236179352,-0.008517205715179443,1.8235238790512085,0.03489097548743763,0.022531950851025485,0.006483070384794289,-0.999116121325607
116620000000,682,116611994355,map,0.3085108995437622,-0.005653568543493748,1.8316508531570435,0.03489079010715864,0.023934109000170862,0.0070125612426367185,-0.9990799171827361
116656000000,683,116651994355,map,0.3070414960384369,-0.0027234742883592844,1.840375304222107,0.03507275221088709,0.024646371312941985,0.007319685327735583,-0.9990539968709019
116688000000,684,116683994355,map,0.305232435464859,-0.0008159825229085982,1.8467079401016235,0.03535705410678958,0.02595115838822605,0.007985268359419541,-0.9990058651699025
116720000000,685,116715994409,map,0.30291077494621277,0.0007340816082432866,1.8530713319778442,0.0360194053313007,0.027077076872607915,0.008715757537810455,-0.9989461852324111
116756000000,686,116747994409,map,0.3001612424850464,0.002038889564573765,1.8603461980819702,0.036370615678486484,0.02775096217490409,0.009065913555238949,-0.9989118776977233
116788000000,687,116779994409,map,0.2970562279224396,0.0030855443328619003,1.8686919212341309,0.03720452795476697,0.029033164137014632,0.009718599651278638,-0.9988385421813142
116820000000,688,116811994463,map,0.297699898481369,0.006673659663647413,1.8788107633590698,0.03776477679239917,0.029858245331443076,0.01025264236876017,-0.9987879238162527
116856000000,689,116851994463,map,0.29928624629974365,0.011714167892932892,1.8917688131332397,0.03803376258940726,0.02999427494355649,0.01052984219141634,-0.9987706857552117
116888000000,690,116883994463,map,0.2998342216014862,0.01527453027665615,1.9014737606048584,0.03851619089325888,0.03001929996413209,0.011037248100638943,-0.9987460298488328
116920000000,691,116915994517,map,0.2997819483280182,0.01839418150484562,1.9106600284576416,0.038681166499948426,0.030017153438308318,0.011442869370707822,-0.9987351559619171
116956000000,692,116947994517,map,0.2991771399974823,0.021112358197569847,1.9197723865509033,0.03874607956137254,0.029944780384697778,0.011584904250189489,-0.9987331329131884
116988000000,693,116979994517,map,0.2979723811149597,0.023451056331396103,1.9289385080337524,0.03891284311640126,0.02948059705643981,0.011750667805382866,-0.9987384855629493
117020000000,694,117011994570,map,0.2962743937969208,0.025379328057169914,1.9383116960525513,0.03900814043360693,0.029273115365210267,0.011724368171912027,-0.9987412672549512
117056000000,695,117051994570,map,0.29363298416137695,0.027053959667682648,1.9499998092651367,0.03926806399964066,0.02926899155950128,0.011678343813338156,-0.9987317420671876
117088000000,696,117083994570,map,0.2910291850566864,0.027882320806384087,1.9590603113174438,0.039563027072582885,0.029072783820976146,0.01150208569286565,-0.9987278645571247
117120000000,697,117115994624,map,0.28802087903022766,0.028175150975584984,1.967749834060669,0.04014269342430521,0.02882613025605052,0.011238794330218129,-0.9987148411809348
117156000000,698,117147994624,map,0.2847066819667816,0.027926895767450333,1.9762122631072998,0.040595037768670926,0.02873743418899287,0.011091912563157615,-0.9987008062803806
117188000000,699,117179994624,map,0.2811967730522156,0.02721383608877659,1.9852453470230103,0.04182576328222598,0.028990994239445962,0.010764220815985383,-0.998646226111559
117220000000,700,117211994677,map,0.28051045536994934,0.0287603959441185,1.9978708028793335,0.04332893458563406,0.02914226059584058,0.010296306503817467,-0.9985827529577016
117256000000,701,117251994677,map,0.2792288362979889,0.030133726075291634,2.0138142108917236,0.04402758313706392,0.029421987912318367,0.010042919650569916,-0.9985465066679822
117288000000,702,117283994677,map,0.27796149253845215,0.03087688982486725,2.0271456241607666,0.04517264386393157,0.030380207708470178,0.009552625361842705,-0.9984715274244813
117320000000,703,117315994731,map,0.2765646278858185,0.03126484528183937,2.0402936935424805,0.04604041718172351,0.03190480014763392,0.008972136817302192,-0.9983896360978247
117356000000,704,117347994731,map,0.2750761806964874,0.03128310292959213,2.052767276763916,0.04620520674958955,0.0327389014261882,0.008759927435049832,-0.9983569722902288
117388000000,705,117379994731,map,0.27353066205978394,0.030927084386348724,2.0641555786132812,0.046492970943242756,0.03423264764059803,0.00809442869706284,-0.9982990625203748
117420000000,706,117411994784,map,0.2719430923461914,0.03015379048883915,2.0745317935943604,0.04678263306216797,0.035613444252265716,0.007390618473779423,-0.9982427121839157
117456000000,707,117451994784,map,0.2699020504951477,0.028721855953335762,2.0863397121429443,0.04691674795612443,0.03626547871851478,0.00700881017311922,-0.9982156960540203
117488000000,708,117483994784,map,0.2681635320186615,0.027288349345326424,2.095229387283325,0.04732017857788747,0.03704452007857338,0.0062235300916642115,-0.9981732963244183
117520000000,709,117515994837,map,0.2662672698497772,0.025710031390190125,2.1037328243255615,0.047433511453533264,0.037335575677677486,0.005319985953287645,-0.9981622538501085
117556000000,710,117547994837,map,0.26415854692459106,0.024001600220799446,2.1118178367614746,0.04738934847101118,0.03716986315968351,0.004893333405811886,-0.9981726641216907
117588000000,711,117579994837,map,0.2619684934616089,0.022164298221468925,2.119563341140747,0.04749124177000881,0.03673331861515332,0.00392707475685117,-0.9981883427493368
117620000000,712,117611994890,map,0.2607656419277191,0.021112212911248207,2.1280643939971924,0.047557049793419265,0.03614865127643737,0.002858989321888108,-0.9982101748168654
117656000000,713,117651994890,map,0.2589033246040344,0.019847020506858826,2.13883900642395,0.04753584729444025,0.035713250623717545,0.002366208369098679,-0.9982281293743309
117688000000,714,117683994890,map,0.2572470009326935,0.018879491835832596,2.1480772495269775,0.04759645314550991,0.035267628043144816,0.001378749855336927,-0.9982429229181583
117720000000,715,117715994943,map,0.2554185092449188,0.01815776899456978,2.1583786010742188,0.04697667715271212,0.03515853224286338,0.0003743904553223398,-0.998276977571755
117756000000,716,117747994943,map,0.25338414311408997,0.017604077234864235,2.1694178581237793,0.04664881484251236,0.03503173542475189,-0.0001767217358060714,-0.9982968708842522
117788000000,717,117779994943,map,0.251196026802063,0.017203636467456818,2.181072473526001,0.045896157738893835,0.03487013782211604,-0.0009993860718902603,-0.9983369525371861
117820000000,718,117811994995,map,0.24899184703826904,0.016860412433743477,2.1929471492767334,0.044977296513806116,0.034731771694088295,-0.0018996006092344398,-0.9983822603993353
117856000000,719,117851994995,map,0.24628828465938568,0.016393298283219337,2.207402467727661,0.04469680199297653,0.03482219446484588,-0.0023004592854214945,-0.99839090050328
117888000000,720,117883994995,map,0.2442922741174698,0.01587570644915104,2.218228816986084,0.0445512718885187,0.03525833762649845,-0.003055688663888221,-0.9983800687632127
117920000000,721,117915995048,map,0.24252396821975708,0.015160459093749523,2.2276856899261475,0.04473877827845985,0.036104177131635266,-0.0038018986167736002,-0.9983388912922175
117956000000,722,117947995048,map,0.24102556705474854,0.014140858314931393,2.2353999614715576,0.04521394678765548,0.036732671265901976,-0.004141897243710943,-0.9982931619615832
117988000000,723,117979995048,map,0.2399214208126068,0.012926097959280014,2.2410006523132324,0.0462750855658761,0.03854495183682825,-0.004764026874580382,-0.9981734227649638
118020000000,724,118011995100,map,0.2378772795200348,0.013508926145732403,2.2468669414520264,0.04763515580624405,0.04115187995556331,-0.005339036328814492,-0.998002433000555
118056000000,725,118051995100,map,0.23497138917446136,0.014952002093195915,2.253354787826538,0.048280042430403465,0.04268545856381074,-0.005580200595993842,-0.997905748130071
118088000000,726,118083995100,map,0.23269130289554596,0.016120875254273415,2.2577779293060303,0.04945476021527974,0.045601671946083756,-0.005941104059792643,-0.9977171409829848
118120000000,727,118115995153,map,0.2302527278661728,0.017561279237270355,2.2619431018829346,0.04937990189701413,0.047766771606110765,-0.006228629860333898,-0.9976177587141963
118156000000,728,118147995153,map,0.22757595777511597,0.019300542771816254,2.2661540508270264,0.049148372444679324,0.04859487916240515,-0.006310436893293467,-0.9975886352418751
118188000000,729,118179995153,map,0.224509134888649,0.021429525688290596,2.2708590030670166,0.04783608279819049,0.04915807179688562,-0.006354227468896409,-0.9976245865036549
118220000000,730,118211995205,map,0.22106513381004333,0.023919211700558662,2.276174783706665,0.04562481468181943,0.048648392056953996,-0.006152681239317223,-0.9977544830907655
118256000000,731,118251995205,map,0.21631579101085663,0.027448618784546852,2.283801555633545,0.04464542218582759,0.04823869818301166,-0.006032309839970104,-0.9978193892374723
118288000000,732,118283995205,map,0.2122553437948227,0.030494337901473045,2.29010009765625,0.042075342595764446,0.047002653934737876,-0.005684387605512706,-0.9979920648758215
118320000000,733,118315995257,map,0.20811837911605835,0.03356069698929787,2.2959704399108887,0.03977508959940996,0.045800846262981226,-0.005323020526380282,-0.9981442149989458
118356000000,734,118347995257,map,0.20401738584041595,0.036562949419021606,2.3009204864501953,0.038761333757083204,0.04533540050490145,-0.0051091252701875286,-0.9982065501878934
118388000000,735,118379995257,map,0.1999940723180771,0.03942272067070007,2.305061101913452,0.03713887403077138,0.04471612204247946,-0.004582036782710239,-0.9982986831987382
118420000000,736,118411995309,map,0.1939672976732254,0.04450950026512146,2.3096179962158203,0.036377701946664634,0.04458220043133609,-0.004013349355752757,-0.9983351402227001
118456000000,737,118451995309,map,0.18657028675079346,0.05035842955112457,2.3151040077209473,0.036165660493261816,0.04469638743920874,-0.003609203225381827,-0.9983393127607026
118488000000,738,118483995309,map,0.18079619109630585,0.05469498410820961,2.320026159286499,0.03580382914025128,0.04486011806750594,-0.002795937636515586,-0.9983475735430108
118520000000,739,118515995361,map,0.17507609724998474,0.05883564054965973,2.3256711959838867,0.035238076846165874,0.04494000149195777,-0.00187844289128197,-0.998366244596901
118556000000,740,118547995361,map,0.16940070688724518,0.06284470111131668,2.332595109939575,0.03477415825280011,0.04499413154560817,-0.0013735657929699302,-0.9983809538470314
118588000000,741,118579995361,map,0.16364140808582306,0.06674951314926147,2.341115951538086,0.03399980276618806,0.044765297207251795,-0.0003665089946506245,-0.9984187174232972
118620000000,742,118611995413,map,0.15790250897407532,0.07062086462974548,2.351219892501831,0.03260188729003536,0.044372229771138624,0.000835097656394948,-0.9984826963393367
118656000000,743,118651995413,map,0.15083232522010803,0.07536683976650238,2.3657619953155518,0.03176246497185658,0.04404326769161052,0.0014876573118891593,-0.9985235366355438
118688000000,744,118683995413,map,0.14535968005657196,0.07903701812028885,2.378368377685547,0.029924681277041905,0.043570055388875865,0.0028551539586735867,-0.998598052263711
118720000000,745,118715995465,map,0.14016631245613098,0.08266174048185349,2.3913588523864746,0.027639877570208565,0.04351172612617031,0.004215527788059728,-0.998661651858114
118756000000,746,118747995465,map,0.13543377816677094,0.08615745604038239,2.4039742946624756,0.02632043952598315,0.043785479785416186,0.004911245816429047,-0.9986821773733388
118788000000,747,118779995465,map,0.13114622235298157,0.089261993765831,2.4161415100097656,0.024670694654344336,0.04454870257712079,0.006388071388250763,-0.9986820930796418
118820000000,748,118811995516,map,0.12305448204278946,0.09298352897167206,2.4282217025756836,0.02350998098306644,0.04613457785110839,0.007828945698292736,-0.9986278500856083
118856000000,749,118851995516,map,0.11380237340927124,0.09696383774280548,2.442420721054077,0.023181155222251497,0.04710917235645119,0.008570308763599325,-0.9985839330694599
118888000000,750,118883995516,map,0.10700523108243942,0.09961262345314026,2.453015089035034,0.023006814783386183,0.04904955004161998,0.010136317066870074,-0.998479914647335
118920000000,751,118915995568,map,0.100614994764328,0.10182308405637741,2.4631142616271973,0.023335997475324454,0.05072809569877091,0.01163071787452086,-0.9983721451556926
118956000000,752,118947995568,map,0.09459569305181503,0.10362859070301056,2.4728622436523438,0.023694008611644182,0.051406554592675034,0.012393786566810564,-0.9983197566229935
118988000000,753,118979995568,map,0.08886700868606567,0.10509970784187317,2.482480525970459,0.02450165286459025,0.05245447802898171,0.013879800151607672,-0.9982261906192994
119020000000,754,119011995619,map,0.08343285322189331,0.1062738448381424,2.4922940731048584,0.025489650067759523,0.05322649634113493,0.01527553518689451,-0.9981402110483373
119056000000,755,119051995619,map,0.07692357152700424,0.10737872123718262,2.504417896270752,0.02609678464018206,0.05348349860373125,0.015951064874827062,-0.9981002558359489
119088000000,756,119083995619,map,0.07196707278490067,0.10797801613807678,2.5138583183288574,0.027238308324497335,0.053702512067840075,0.017267142366428293,-0.9980361083325153
119120000000,757,119115995670,map,0.06727758795022964,0.10834170877933502,2.523134231567383,0.02845829890402777,0.05363347816415727,0.01841416884865227,-0.9979852370863627
119156000000,758,119147995670,map,0.06280788779258728,0.1085062175989151,2.532278537750244,0.029134015618600646,0.05359629674123656,0.018935651805277568,-0.9979579680753761
119188000000,759,119179995670,map,0.0585784837603569,0.10848379880189896,2.5413119792938232,0.030516596885884963,0.0534855071644806,0.01990338559393612,-0.9979038093750396
119220000000,760,119211995721,map,0.0523369163274765,0.10971475392580032,2.5508873462677,0.031890787637593086,0.05340721083229301,0.020624560318806055,-0.9978503250242793
119256000000,761,119251995721,map,0.04408129304647446,0.11144060641527176,2.562898635864258,0.03260131830758046,0.053447584220443906,0.020993724564913056,-0.9978175769229864
119288000000,762,119283995721,map,0.03789879009127617,0.11253487318754196,2.572190999984741,0.03392286698695396,0.05346616307810311,0.02153615450524821,-0.9977609315585877
119320000000,763,119315995772,map,0.032177384942770004,0.1133614033460617,2.580956220626831,0.034987801286446345,0.05358081896966545,0.02193794041210251,-0.9977093016691618
119356000000,764,119347995772,map,0.026963962242007256,0.11397552490234375,2.5889432430267334,0.03562030892021695,0.05372020979294761,0.022111796162209933,-0.9976755420435046
119388000000,765,119379995772,map,0.02226724661886692,0.11432866007089615,2.596572160720825,0.03672226659194811,0.05406380473144308,0.02222394892609753,-0.9976144712600123
119420000000,766,119411995823,map,0.01808188296854496,0.11447441577911377,2.6035900115966797,0.037780470566568906,0.054494638378000046,0.02228105790582974,-0.9975502816097302
119456000000,767,119451995823,map,0.01348913460969925,0.11435697227716446,2.61199688911438,0.03846642830678543,0.05472132849543843,0.022233600554406433,-0.9975126866208586
119488000000,768,119483995823,map,0.010324748232960701,0.11409833282232285,2.6184425354003906,0.039380175275224145,0.05505930078092475,0.02206328513957401,-0.997462236843191
119520000000,769,119515995874,map,0.00759992515668273,0.11367854475975037,2.6246678829193115,0.040419446095240445,0.05537806464020223,0.021739302315070767,-0.99741018548528
119556000000,770,119547995874,map,0.005225835833698511,0.11321357637643814,2.6307036876678467,0.04085591951696377,0.055407145307130236,0.021519253618995374,-0.9973955605288467
119588000000,771,119579995874,map,0.0032064553815871477,0.11269252002239227,2.636716842651367,0.041597265460113185,0.05524882725614415,0.021017411093776087,-0.9973843916139913
119620000000,772,119611995925,map,-0.003936163615435362,0.11409756541252136,2.6447391510009766,0.04209721006006039,0.054957467409477344,0.02047224160828776,-0.9973908400818136
119656000000,773,119651995925,map,-0.012081513181328773,0.11576171964406967,2.6546740531921387,0.042241564333299224,0.05471723959258837,0.0201787309552578,-0.9974039056048518
119688000000,774,119683995925,map,-0.01801254227757454,0.11709362268447876,2.663254499435425,0.042284974270176426,0.05401866743232144,0.019483055073737047,-0.9974539760608829
119720000000,775,119715995975,map,-0.023415375500917435,0.11836311221122742,2.6719517707824707,0.041921362871360814,0.053077717965891474,0.01874835121049512,-0.9975338864856595
119756000000,776,119747995975,map,-0.02825924940407276,0.11958090215921402,2.6802213191986084,0.04160769746366414,0.05260966470083235,0.018321361488231273,-0.9975797844036879
119788000000,777,119779995975,map,-0.03248511254787445,0.12065821141004562,2.6877729892730713,0.04101245192451647,0.051608145274008414,0.01731101723572809,-0.9976747834002314
119820000000,778,119811996026,map,-0.03603667765855789,0.12156057357788086,2.6945652961730957,0.040574959075894784,0.050949208932043445,0.016334306168336647,-0.997742977001122
119856000000,779,119851996026,map,-0.039546895772218704,0.12238743901252747,2.70257306098938,0.04047797621402093,0.0507733436333699,0.015796765262428684,-0.9977645561875597
119888000000,780,119883996026,map,-0.04165134206414223,0.12284328788518906,2.7089247703552246,0.04033069075917707,0.05073086290279346,0.01474326263705045,-0.9977888327723019
119920000000,781,119915996076,map,-0.043218065053224564,0.1231694370508194,2.7156131267547607,0.04037494198666322,0.050892319906176854,0.013427353732843265,-0.9977973464357011
119956000000,782,119947996076,map,-0.044354286044836044,0.12343652546405792,2.722780704498291,0.040398858676831885,0.05102013187064741,0.012971114097712792,-0.9977958712960033
119988000000,783,119979996076,map,-0.045084211975336075,0.12359873205423355,2.730546236038208,0.04035952644754811,0.05114149240384551,0.01183652093579957,-0.9978053964837668
120020000000,784,120011996126,map,-0.04929865896701813,0.12474378943443298,2.7388148307800293,0.040248174144510075,0.051162102542039595,0.010704330144251432,-0.9978216230204433
120056000000,785,120051996126,map,-0.0552520751953125,0.1263151317834854,2.749246120452881,0.040290553459232284,0.051129132511247434,0.010196376325998072,-0.9978269335233557
120088000000,786,120083996126,map,-0.059268441051244736,0.1272817999124527,2.7571139335632324,0.04031136149005102,0.050821104244539096,0.009068779540937658,-0.9978527273946445
120120000000,787,120115996176,map,-0.06258613616228104,0.12797652184963226,2.7643213272094727,0.0404313881413482,0.05026997855324823,0.007989904512755778,-0.9978850118806037
120156000000,788,120147996176,map,-0.06522909551858902,0.12836799025535583,2.7707278728485107,0.040585695327008425,0.049995858413983664,0.00745855919357891,-0.9978966022639443
120188000000,789,120179996176,map,-0.06720039993524551,0.1284787952899933,2.776336431503296,0.04112505776702545,0.049431313231981376,0.006378672641032815,-0.9979101735491649
120220000000,790,120211996226,map,-0.0685219019651413,0.12851276993751526,2.781959295272827,0.04158270240686365,0.04914912592249402,0.0053265608616553965,-0.9979113115140745
120256000000,791,120251996226,map,-0.06935752928256989,0.1284346580505371,2.788689613342285,0.0418843411454833,0.04903477724194467,0.0048513551446950935,-0.9979067175075869
120288000000,792,120283996226,map,-0.06938739120960236,0.12836404144763947,2.793832778930664,0.042215793511068335,0.04887163831588788,0.0038469957446803957,-0.9979051159273435
120320000000,793,120315996276,map,-0.06887953728437424,0.1282421201467514,2.7986936569213867,0.04237963312848161,0.048984334708266714,0.002890473017725662,-0.9978958857675196
120356000000,794,120347996276,map,-0.06785400211811066,0.12812992930412292,2.803361177444458,0.042427704243386315,0.04901788096550335,0.0024437164235102146,-0.9978933569566089
120388000000,795,120379996276,map,-0.06639540195465088,0.1280415803194046,2.807784080505371,0.042603968949303954,0.049249924391247125,0.0016375736520423709,-0.9978761188955679
120420000000,796,120411996326,map,-0.06951646506786346,0.12975989282131195,2.8129870891571045,0.042749360759415114,0.04978187458355455,0.0009027433482549116,-0.9978443823186394
120456000000,797,120451996326,map,-0.07246220111846924,0.1318332999944687,2.819251537322998,0.042801053869113724,0.050071402359400136,0.0005828909149057124,-0.9978279871945686
120488000000,798,120483996326,map,-0.07418647408485413,0.13345927000045776,2.824172019958496,0.042752506297257485,0.05048387743143581,-1.0789593218704336e-05,-0.9978094425812237
120520000000,799,120515996376,map,-0.07545888423919678,0.1350504606962204,2.829181671142578,0.04268748556380632,0.05055714841048298,-0.0005335791021478488,-0.9978083467631624
120556000000,800,120547996376,map,-0.07633525133132935,0.1366395503282547,2.8342747688293457,0.042702826358119776,0.05052072365520195,-0.0007547236162844774,-0.9978094004343752
120588000000,801,120579996376,map,-0.07685438543558121,0.13824109733104706,2.8397321701049805,0.04269223004771408,0.05024262459002015,-0.0012036296997740528,-0.9978234353349293
120620000000,802,120611996425,map,-0.0771203562617302,0.13990060985088348,2.845595598220825,0.04260378916665328,0.04968593419763683,-0.0015703915755158585,-0.9978546240028274
120656000000,803,120651996425,map,-0.07716888934373856,0.14220835268497467,2.8541741371154785,0.042391906093204625,0.04943793193355886,-0.0017017633023242965,-0.9978757395739314
120688000000,804,120683996425,map,-0.07708148658275604,0.1442394256591797,2.8622450828552246,0.04196558051307706,0.048921200704830914,-0.001902213713842135,-0.9979188136531095
120720000000,805,120715996474,map,-0.07691854238510132,0.14637409150600433,2.87119460105896,0.04123863693831723,0.04826234536384043,-0.002105572257907137,-0.997980811667269
120756000000,806,120747996474,map,-0.07664739340543747,0.14860138297080994,2.880520820617676,0.040799913599282374,0.04789975174556191,-0.0021868735286846267,-0.9980161728731697
120788000000,807,120779996474,map,-0.0762929767370224,0.15090174973011017,2.8898990154266357,0.039777528189723015,0.047224762393398095,-0.0023387707707179764,-0.9980892555084875
120820000000,808,120811996524,map,-0.08091064542531967,0.15451981127262115,2.9002490043640137,0.038811303126532165,0.04682098834067414,-0.002424286726346533,-0.9981461116071288
120856000000,809,120851996524,map,-0.0859653651714325,0.1589181125164032,2.912407875061035,0.03829249781187633,0.04673361660662205,-0.0024062057283353836,-0.9981702617513255
120888000000,810,120883996524,map,-0.08945158869028091,0.16231828927993774,2.9215517044067383,0.03718478314405638,0.046561863589128595,-0.0023960904846928002,-0.9982201636199624
120920000000,811,120915996573,map,-0.09247636795043945,0.1655736267566681,2.929776430130005,0.0361164415352797,0.046398468818530464,-0.0022417065785973436,-0.9982674102371432
120956000000,812,120947996573,map,-0.09503159672021866,0.1686733067035675,2.9370193481445312,0.03569344094637294,0.04643114217502177,-0.0021507958263594054,-0.9982812765503032
120988000000,813,120979996573,map,-0.0972081646323204,0.1716567575931549,2.9436628818511963,0.0347235714978749,0.046479607758086766,-0.0018792858282521945,-0.9983138139173535
121020000000,814,121011996622,map,-0.09900451451539993,0.17450162768363953,2.949897050857544,0.033912814963584115,0.04655646648761342,-0.0015497396197455243,-0.9983386384111266
121056000000,815,121051996622,map,-0.10083119571208954,0.17784424126148224,2.957031011581421,0.033533450521593046,0.046582413799772446,-0.0013521551939263937,-0.9983505238224066
121088000000,816,121083996622,map,-0.10193466395139694,0.18036848306655884,2.962571620941162,0.03274398012143377,0.04662084843289184,-0.0008263732587530631,-0.9983755169035735
121120000000,817,121115996671,map,-0.10276700556278229,0.18274176120758057,2.968343734741211,0.0319972512354761,0.04667023663681252,-0.00026657881683133923,-0.9983977704395873
121156000000,818,121147996671,map,-0.10333148390054703,0.1849556565284729,2.9741008281707764,0.03165340670861211,0.04668947667315774,8.037404011035651e-05,-0.9984078013895329
121188000000,819,121179996671,map,-0.10366041213274002,0.18703040480613708,2.9799740314483643,0.03103671863101226,0.046671912632585334,0.0007472214772497072,-0.998427778995727
121220000000,820,121211996720,map,-0.11063012480735779,0.19255951046943665,2.9882264137268066,0.030549387134026443,0.046830693640360535,0.0014996270168661813,-0.9984345224914888
121256000000,821,121251996720,map,-0.11838192492723465,0.19883114099502563,2.998450994491577,0.030329267315144202,0.046904858922849554,0.0019007807209929257,-0.9984370513023995
121288000000,822,121283996720,map,-0.12390336394309998,0.2034304440021515,3.006680965423584,0.029919955561652625,0.04684518688789222,0.0027343189439928447,-0.9984502432659834
121320000000,823,121315996768,map,-0.12894000113010406,0.2076728194952011,3.0148744583129883,0.02942544461244078,0.04634600685811878,0.003558500566623438,-0.9984856887655811
121356000000,824,121347996768,map,-0.1334437131881714,0.2115480750799179,3.023134469985962,0.029122733434089887,0.04599449884881539,0.003985658876281331,-0.9985091645602016
121388000000,825,121379996768,map,-0.13741977512836456,0.21504220366477966,3.031035900115967,0.0285310048518871,0.04522999979785432,0.004882122344107956,-0.9985572119675041
121420000000,826,121411996817,map,-0.1408737301826477,0.21815244853496552,3.038752317428589,0.028059375031605112,0.04435399467371259,0.0057959081666726945,-0.9986049643468669
121456000000,827,121451996817,map,-0.14450626075267792,0.22149114310741425,3.047881603240967,0.027854405029129017,0.04404232860714215,0.006207893610866713,-0.9986220338205138
121488000000,828,121483996817,map,-0.14683400094509125,0.22369953989982605,3.0547897815704346,0.02760468363461295,0.0435487745231004,0.00706254740497059,-0.9986449617061037
121520000000,829,121515996865,map,-0.14868929982185364,0.22550120949745178,3.061657190322876,0.027432051460201345,0.043116040975637905,0.007978019101475668,-0.9986615254175686
121556000000,830,121547996865,map,-0.1501176953315735,0.22692729532718658,3.0681774616241455,0.027448821954641635,0.04305425237863192,0.008452803349950914,-0.9986598816904766
121588000000,831,121579996865,map,-0.15113787353038788,0.22801844775676727,3.0746395587921143,0.027632552579646273,0.04314902812858727,0.009338519371407398,-0.9986428122168296
121620000000,832,121611996914,map,-0.1590450257062912,0.23258709907531738,3.081475257873535,0.027862646713646418,0.04325288454876319,0.010170877482649002,-0.9986238039881513
121656000000,833,121651996914,map,-0.16778592765331268,0.23755617439746857,3.089735984802246,0.027890850199289795,0.04344342320689136,0.01056166306204204,-0.9986106541714158
121688000000,834,121683996914,map,-0.17396032810211182,0.24101197719573975,3.0965521335601807,0.02784418441836512,0.043563961876543496,0.011293543086433714,-0.9985987266132872
121720000000,835,121715996962,map,-0.17950689792633057,0.24405330419540405,3.103475332260132,0.027539433727673007,0.04317669292482312,0.011990989135591993,-0.9986158382337826
121756000000,836,121747996962,map,-0.18448075652122498,0.24668912589550018,3.110314130783081,0.0273561100831743,0.04293990205172129,0.012323696357737005,-0.9986270492954865
121788000000,837,121779996962,map,-0.1889677494764328,0.24892403185367584,3.117009162902832,0.026776554037657063,0.04227733778806185,0.012896008413666395,-0.9986638434942365
121820000000,838,121811997010,map,-0.19296947121620178,0.2507602274417877,3.123655080795288,0.02621787187740935,0.041558917754868835,0.01342368695702273,-0.9987018599515934
121856000000,839,121851997010,map,-0.19730737805366516,0.2525249719619751,3.131716251373291,0.02600536483303939,0.041131208902002246,0.01369511266143292,-0.9987214160893024
121888000000,840,121883997010,map,-0.20027579367160797,0.25354939699172974,3.1380059719085693,0.025643060645072126,0.04034296734589487,0.014132259774187918,-0.9987568194420516
121920000000,841,121915997058,map,-0.20281317830085754,0.2542364299297333,3.1441550254821777,0.025606958576600003,0.03962745939651616,0.014473986421914277,-0.998781517495279
121956000000,842,121947997058,map,-0.20494675636291504,0.2545850872993469,3.150439739227295,0.025658080728210197,0.03925615290512477,0.014665038086214223,-0.9987920963542553
121988000000,843,121979997058,map,-0.20668922364711761,0.2546214759349823,3.1565284729003906,0.02578352028609074,0.03881012861240217,0.014896002816053857,-0.998802885947474
122020000000,844,122011997106,map,-0.21390128135681152,0.25582313537597656,3.1635780334472656,0.026180504086392886,0.03848706511603207,0.015049038022996954,-0.9988027595069284
122056000000,845,122051997106,map,-0.22403590381145477,0.2572890520095825,3.171987533569336,0.02637868449499168,0.038432563314006914,0.01512523952510464,-0.9987984605283804
122088000000,846,122083997106,map,-0.23108164966106415,0.2579768896102905,3.1778154373168945,0.02688076409623377,0.03844296831723303,0.01523305116359547,-0.9987830347818254
122120000000,847,122115997154,map,-0.2373414933681488,0.25828060507774353,3.183176279067993,0.0273776826841668,0.038295099391955106,0.015323751181590963,-0.9987738467688501
122156000000,848,122147997154,map,-0.24281847476959229,0.2582349181175232,3.1879160404205322,0.02759360691598868,0.0381413259566186,0.015350640870940959,-0.9987733410066679
122188000000,849,122179997154,map,-0.2475743293762207,0.25784581899642944,3.1924452781677246,0.02815405199988426,0.03770983442409816,0.015320927342740766,-0.9987745632652747
122220000000,850,122211997201,map,-0.2517194449901581,0.257183313369751,3.196748971939087,0.028569185945370914,0.03718492901166488,0.015287757772962597,-0.9987829504881285
122256000000,851,122251997201,map,-0.2560691833496094,0.25603583455085754,3.202228307723999,0.02883392445957476,0.03696682071698228,0.015193896741328873,-0.9987848470963113
122288000000,852,122283997201,map,-0.25897216796875,0.25493213534355164,3.2065703868865967,0.0291259889488651,0.03637307962276309,0.014994879322660417,-0.9988012000735336
122320000000,853,122315997249,map,-0.2613641917705536,0.25372177362442017,3.2109484672546387,0.029249801572538675,0.03576465199819913,0.014766274816337356,-0.9988230321410623
122356000000,854,122347997249,map,-0.2632768452167511,0.2524549067020416,3.2155723571777344,0.029339893424680998,0.035524227605774505,0.014654838548874507,-0.9988305342800972
122388000000,855,122379997249,map,-0.26472052931785583,0.25113627314567566,3.220182180404663,0.02935453155200444,0.03510523261383755,0.014308855069448624,-0.9988499639772607
122420000000,856,122411997296,map,-0.27388662099838257,0.25286635756492615,3.2248027324676514,0.02902151810666323,0.03483298570442594,0.013921146209996906,-0.9988747041773366
122456000000,857,122451997296,map,-0.28381508588790894,0.2545492649078369,3.2299611568450928,0.02887064984042369,0.034820419028852356,0.013752853843892856,-0.998881826994735
122488000000,858,122483997296,map,-0.29062768816947937,0.2555464804172516,3.233696460723877,0.028550256742033462,0.03486792181984667,0.013413192391743657,-0.9988940074339546
122520000000,859,122515997343,map,-0.296539843082428,0.25631052255630493,3.2371268272399902,0.028016372733778345,0.03467713818316154,0.012976424600625204,-0.9989216136197292
122556000000,860,122547997343,map,-0.30166134238243103,0.25689640641212463,3.2402853965759277,0.02785159864170824,0.03453531502573915,0.012772433853832423,-0.9989336676184033
122588000000,861,122579997343,map,-0.3060580790042877,0.2573460340499878,3.2435243129730225,0.027360924372799904,0.034058539997216294,0.012331957140045093,-0.998969113118001
122620000000,862,122611997391,map,-0.3097604215145111,0.2576791048049927,3.24666428565979,0.02673763109378499,0.03350622069400471,0.01187500100849004,-0.9990102484421477
122656000000,863,122651997391,map,-0.313403457403183,0.2578577399253845,3.2500722408294678,0.02637363247079869,0.03314040448817638,0.011612889757600777,-0.9990351572296176
122688000000,864,122683997391,map,-0.3155498504638672,0.257789671421051,3.2523207664489746,0.025863461991731524,0.03251811548953614,0.011062241181805989,-0.9990752388825515
122720000000,865,122715997438,map,-0.31708502769470215,0.2575676739215851,3.254410982131958,0.025434311584936965,0.032108980884517205,0.01050105589388334,-0.9991055424666309
122756000000,866,122747997438,map,-0.3180658221244812,0.2571965456008911,3.256450653076172,0.025341002742873146,0.03198518604154534,0.010214836645645932,-0.9991148569201517
122788000000,867,122779997438,map,-0.31855320930480957,0.25671684741973877,3.258363962173462,0.025204351794016446,0.03167436916811795,0.009695418884597686,-0.9991334015334965
122820000000,868,122811997485,map,-0.32700783014297485,0.25911784172058105,3.2623610496520996,0.025201631017381716,0.03143530927991387,0.009180552983188485,-0.9991458770006557
122856000000,869,122851997485,map,-0.33617308735847473,0.2617313265800476,3.2671823501586914,0.02521156713691816,0.031319953355539554,0.00892847268224495,-0.9991515668252047
122888000000,870,122883997485,map,-0.342439740896225,0.26356685161590576,3.2706706523895264,0.025049470028273006,0.030881984708510852,0.008430339079694706,-0.9991736096269759
122920000000,871,122915997531,map,-0.3478098213672638,0.2651691436767578,3.273780345916748,0.024774008598481806,0.030046723897714147,0.007925546275079633,-0.9992100666509378
122956000000,872,122947997531,map,-0.3523733913898468,0.2665395736694336,3.2764768600463867,0.024643632755605542,0.02952216405651143,0.007691884146935226,-0.9992307186067082
122988000000,873,122979997531,map,-0.35620665550231934,0.2676946520805359,3.2789289951324463,0.024306708379067555,0.028483452176146288,0.007109288259969206,-0.9992734133642496
123020000000,874,123011997578,map,-0.35935044288635254,0.2686782479286194,3.2812328338623047,0.024049749415772634,0.027356229609002494,0.006566015382663716,-0.9993148858631844
123056000000,875,123051997578,map,-0.3624393045902252,0.26972153782844543,3.2842817306518555,0.024012744153507813,0.02679855337549072,0.00629859362886215,-0.9993325453927104
123088000000,876,123083997578,map,-0.36432579159736633,0.27045193314552307,3.2868478298187256,0.023825375152414632,0.025630537680390253,0.005730496257783714,-0.9993711097590979
123120000000,877,123115997625,map,-0.36574822664260864,0.27109840512275696,3.2894446849823,0.023591632969953483,0.024363019655605483,0.005218285607830943,-0.9994111914120318
123156000000,878,123147997625,map,-0.3667825758457184,0.27169451117515564,3.292292356491089,0.023528441313003967,0.023801263111191528,0.004966331747432775,-0.9994274600955569
123188000000,879,123179997625,map,-0.3674021363258362,0.2722375690937042,3.295501232147217,0.023288855093391646,0.022751535088007094,0.004440676252804922,-0.9994599974626074
123220000000,880,123211997671,map,-0.3779144883155823,0.27582070231437683,3.29848051071167,0.022915513308459784,0.021655964371925143,0.003977187359730629,-0.9994949372000229
123256000000,881,123251997671,map,-0.38946375250816345,0.2799281179904938,3.3026058673858643,0.022719912130585537,0.021208810304940068,0.003753809062622905,-0.9995098571843958
123288000000,882,123283997671,map,-0.3975357711315155,0.2828882038593292,3.3058061599731445,0.022205262972637644,0.020395997053832778,0.003345616834794897,-0.999539823593687
123320000000,883,123315997717,map,-0.40465202927589417,0.2855522930622101,3.308734178543091,0.02159443487102402,0.019328814236435954,0.0029362444952084634,-0.9995756905617699
123356000000,884,123347997717,map,-0.41088101267814636,0.2879111170768738,3.3114864826202393,0.02126747098016927,0.018745698593216942,0.002758258353947053,-0.999594277321963
123388000000,885,123379997717,map,-0.41627267003059387,0.2900099754333496,3.313894033432007,0.02076366566304401,0.017504044862824163,0.002419229104525412,-0.9996282476818629
123420000000,886,123411997764,map,-0.4208827018737793,0.29185113310813904,3.3161234855651855,0.02039131850669388,0.016309978052486594,0.002112062872577981,-0.9996568232451533
123456000000,887,123451997764,map,-0.4256448447704315,0.29385170340538025,3.3188767433166504,0.0202247643688187,0.01576109470524541,0.0019347932277411503,-0.9996693830060095
123488000000,888,123483997764,map,-0.4287192225456238,0.29522770643234253,3.3210489749908447,0.019869312830365377,0.014753169451356208,0.0016390066448917504,-0.9996923951852965
123520000000,889,123515997810,map,-0.43123167753219604,0.296414315700531,3.3232967853546143,0.01954293948929816,0.013957891347181036,0.0013728071496968983,-0.99971068691755
123556000000,890,123547997810,map,-0.4331890344619751,0.29744625091552734,3.3254501819610596,0.01934307682875372,0.01362858715378104,0.00124624016361874,-0.9997193270214949
123588000000,891,123579997810,map,-0.4346342980861664,0.2983231246471405,3.327833890914917,0.018952871756344497,0.012977138133599582,0.0010142639094147818,-0.9997356799987172
123620000000,892,123611997856,map,-0.44303154945373535,0.30226731300354004,3.329831838607788,0.01845793242393021,0.012467486258332452,0.000710047956863081,-0.9997516958011513
123656000000,893,123651997856,map,-0.4549979269504547,0.3079333007335663,3.3322179317474365,0.01831062951765689,0.012291024976879181,0.0006203594632319683,-0.9997566691292756
123688000000,894,123683997856,map,-0.4632607400417328,0.31192201375961304,3.3336822986602783,0.01795750642794767,0.012026889030900137,0.0004998616233392602,-0.9997663207575844
123720000000,895,123715997902,map,-0.4704582989215851,0.31547585129737854,3.334599733352661,0.01766051602573762,0.011400302370800803,0.0003146683709824301,-0.9997789648121378
123756000000,896,123747997902,map,-0.47663530707359314,0.31862300634384155,3.33524751663208,0.01753970932847073,0.01106772751610191,0.0002506894549428325,-0.9997848653709294
123788000000,897,123779997902,map,-0.48187747597694397,0.32137182354927063,3.335421562194824,0.017144331718223556,0.010430894562002874,0.0001336476566281004,-0.9997986473903924
123820000000,898,123811997947,map,-0.48626890778541565,0.323753297328949,3.335493564605713,0.016738811205464436,0.009786950644306638,3.50240311126077e-05,-0.9998120500882188
123856000000,899,123851997947,map,-0.49066445231437683,0.32627636194229126,3.3353328704833984,0.0165518514074649,0.009497116315992586,6.237733579717602e-06,-0.999817908500162
123888000000,900,123883997947,map,-0.4933607876300812,0.3279322683811188,3.335047721862793,0.01621309446619732,0.00897438903951946,-5.340005706322371e-05,-0.999828318771744
123920000000,901,123915997993,map,-0.49533286690711975,0.32925471663475037,3.334588050842285,0.01585810209790219,0.008515652203614762,-5.116627409218425e-05,-0.9998379704000531
123956000000,902,123947997993,map,-0.49658504128456116,0.3302456736564636,3.3337724208831787,0.01579154102884685,0.008377424369933698,-6.402106288799729e-05,-0.9998402041830241
123988000000,903,123979997993,map,-0.4971797466278076,0.33092358708381653,3.332630157470703,0.015691844634327858,0.008280848159293525,-8.454657811279803e-05,-0.9998426065533892
124020000000,904,124011998038,map,-0.5060908198356628,0.3360068202018738,3.332099676132202,0.015762836061560648,0.008553848772894524,-0.00011914914074023733,-0.9998391926586598
124056000000,905,124051998038,map,-0.5154514312744141,0.3414503335952759,3.331130027770996,0.015776600958866502,0.008768282718494839,-0.0001239117346219504,-0.9998371274630828
124088000000,906,124083998038,map,-0.5216715335845947,0.3451903164386749,3.3301947116851807,0.01582370368407222,0.00904773377555153,-0.0001866683920546669,-0.9998338821557475
124120000000,907,124116004084,map,-0.526890754699707,0.3484152555465698,3.3292288780212402,0.0154816148368665,0.008953399908961036,-0.00015733418549107538,-0.9998400355956301
124156000000,908,124148004084,map,-0.5312256813049316,0.35111960768699646,3.3283166885375977,0.015219745271811679,0.008780269216356888,-0.00014688176706034674,-0.9998455989796335
124188000000,909,124180004084,map,-0.5347306728363037,0.3533779978752136,3.3275489807128906,0.01470347798768961,0.008312373343435165,-7.31669290148224e-05,-0.999857357950368
124220000000,910,124212004129,map,-0.5374061465263367,0.35518357157707214,3.326364040374756,0.014454325575628443,0.007718810056233132,2.802765425985501e-05,-0.9998657451732218
124256000000,911,124252004129,map,-0.539636492729187,0.3568701148033142,3.3242897987365723,0.014274692085280219,0.007408284918022772,6.267236373575003e-05,-0.999870718501346
124288000000,912,124284004129,map,-0.540592610836029,0.3577660620212555,3.3224053382873535,0.014051709902694031,0.006950998526396905,0.00010191107969942423,-0.9998771669691682
124320000000,913,124315998174,map,-0.5409101843833923,0.3583087623119354,3.3203847408294678,0.013781431053544527,0.0067665616124074545,0.0001117734422509957,-0.9998821402972925
124356000000,914,124347998174,map,-0.5406244397163391,0.358529657125473,3.318565845489502,0.013653036606456661,0.006695249803271531,0.00014258278851248015,-0.9998843740802636
124388000000,915,124379998174,map,-0.5397840738296509,0.3584783375263214,3.3166892528533936,0.013408416626971686,0.006584806291654511,0.0002353480020848568,-0.9998883780308722
124420000000,916,124411998219,map,-0.5473595857620239,0.3640109896659851,3.315303325653076,0.013158222726771146,0.006610665688121723,0.00029641878557717976,-0.9998915390445104
124456000000,917,124451998219,map,-0.5550380349159241,0.3698303997516632,3.313232183456421,0.013133572088748335,0.006683209634032081,0.0003301362643859389,-0.9998913704571164
124488000000,918,124483998219,map,-0.5598784685134888,0.37370795011520386,3.3112542629241943,0.013006785148804455,0.006929592207892673,0.00035630945731118845,-0.9998913283102678
124520000000,919,124515998264,map,-0.563663125038147,0.37697237730026245,3.309096336364746,0.012788083505520156,0.006946706791838382,0.0004493696988231992,-0.9998940257085727
124556000000,920,124547998264,map,-0.5664942860603333,0.3796670734882355,3.306857109069824,0.012651835256630085,0.006913219145062951,0.0004698530671995442,-0.9998959644636041
124588000000,921,124579998264,map,-0.5684822201728821,0.3818640410900116,3.304442882537842,0.012236341416569818,0.006736088782389571,0.0005743772515064975,-0.9999022864908808
124620000000,922,124611998308,map,-0.5697177648544312,0.3835853040218353,3.3019955158233643,0.011646827190275119,0.006333865272709663,0.0006299689446924166,-0.9999119381191897
124656000000,923,124651998308,map,-0.5702459216117859,0.3851225972175598,3.2991209030151367,0.011377898851275358,0.006157688647119967,0.0006587973890738733,-0.9999161528040408
124688000000,924,124683998308,map,-0.5698835253715515,0.3858608901500702,3.2968194484710693,0.010715584175984437,0.005679159256027848,0.0007233663609925726,-0.9999261837539863
124720000000,925,124715992353,map,-0.5688124895095825,0.3861527144908905,3.294372320175171,0.01028910301471686,0.005373699806809016,0.0007959010872798381,-0.9999323793407175
124756000000,926,124747992353,map,-0.5670901536941528,0.386018306016922,3.2915618419647217,0.010084382765245415,0.005285446775569109,0.0008225800423872224,-0.9999348660047795
124788000000,927,124779992353,map,-0.5647757649421692,0.3855193257331848,3.288564443588257,0.009855154946545522,0.005279006539553292,0.0009269356393001308,-0.9999371419345993
124820000000,928,124811998398,map,-0.5728386044502258,0.39114364981651306,3.2857706546783447,0.009794523412240061,0.005556546829720069,0.001086335020368368,-0.9999360461165379
124856000000,929,124851998398,map,-0.5810042023658752,0.3970375955104828,3.2823166847229004,0.009753710445630085,0.0057592774515967705,0.0011612299701722621,-0.9999352453264162
124888000000,930,124883998398,map,-0.5862030982971191,0.4009270966053009,3.2796685695648193,0.009528362441898969,0.006072455536357541,0.001280927019943146,-0.9999354139138104
124920000000,931,124915998442,map,-0.5903271436691284,0.4041239321231842,3.277066707611084,0.009147752033698801,0.00589780097176192,0.0014128045089337187,-0.9999398393329039
124956000000,932,124947998442,map,-0.5934478044509888,0.4066958427429199,3.2745487689971924,0.008894439102072329,0.005612353373051667,0.0015029987647470215,-0.9999436325492699
124988000000,933,124979998442,map,-0.595612108707428,0.4086466133594513,3.2720446586608887,0.008308384703986442,0.004968350680258095,0.0016929124641371642,-0.999951724744184
125020000000,934,125011992486,map,-0.5969163775444031,0.410007506608963,3.2694804668426514,0.007656017672760855,0.004147076860902561,0.0017975630889897622,-0.9999605334355228
125056000000,935,125051992486,map,-0.5974332094192505,0.41096094250679016,3.2663464546203613,0.007382691738172913,0.0037580505831626273,0.0018955545117775865,-0.9999639473302522
125088000000,936,125083992486,map,-0.5969971418380737,0.41120150685310364,3.2638845443725586,0.006963512024501467,0.0029783724105648043,0.0021094076211217727,-0.9999691735394676
125120000000,937,125115986530,map,-0.5958709716796875,0.41106319427490234,3.2616312503814697,0.006444729429631158,0.002291785431070911,0.002271125078858127,-0.9999741047207432
125156000000,938,125147986530,map,-0.5941129326820374,0.4105530381202698,3.2594733238220215,0.006158133000026729,0.0020100474135741246,0.0023601392229131712,-0.9999762963568659
125188000000,939,125179986530,map,-0.591729462146759,0.40968257188796997,3.257291555404663,0.005473033837212495,0.0014974602407987912,0.002570199115891403,-0.9999806796291109
125220000000,940,125211980575,map,-0.5996180176734924,0.4138335585594177,3.2545523643493652,0.004886627447087092,0.0012373274222476484,0.0027623887451010964,-0.9999835456148096
125256000000,941,125251980575,map,-0.6074486374855042,0.4178882837295532,3.2507998943328857,0.004674301008548447,0.001213607801523,0.002875679473898385,-0.9999842199643858
125288000000,942,125283980575,map,-0.6122540831565857,0.42027899622917175,3.2476918697357178,0.004399408890484395,0.0012262200813037577,0.0030557308107369008,-0.999984978607659
125320000000,943,125315974619,map,-0.6158768534660339,0.42197540402412415,3.2444891929626465,0.0043069219119665405,0.0010873623498008076,0.0031600864076498647,-0.9999851471950532
125356000000,944,125347974619,map,-0.6183715462684631,0.42300429940223694,3.2414748668670654,0.00429077077863601,0.0009183821339582197,0.0032103675979234247,-0.9999852736355986
125388000000,945,125379974619,map,-0.6198412179946899,0.42345234751701355,3.2384417057037354,0.004391911855169393,0.0005594985908015443,0.003338873339033155,-0.999984641432871
125420000000,946,125411980663,map,-0.6203834414482117,0.42335644364356995,3.2355244159698486,0.004431982477482744,0.00020222189624434614,0.0035236029760563614,-0.9999840092301433
125456000000,947,125451980663,map,-0.6198446750640869,0.4225058853626251,3.2318389415740967,0.004466294128073788,7.947792567109826e-05,0.003609456106473119,-0.9999835456148097
125488000000,948,125483980663,map,-0.6185516715049744,0.42126789689064026,3.2288284301757812,0.004607717878252092,-0.0002718032150492982,0.0037575179852917806,-0.9999823233562029
125520000000,949,125515980707,map,-0.6165468096733093,0.41959646344184875,3.2257862091064453,0.004764815152356512,-0.0004659311053820949,0.003869755042876344,-0.9999811010975961
125556000000,950,125547980707,map,-0.6138439774513245,0.41750648617744446,3.222788095474243,0.0047998210734950955,-0.0005190657690086807,0.003973056968576527,-0.9999804688948685
125588000000,951,125579980707,map,-0.6105049848556519,0.4150473475456238,3.219817638397217,0.0050723977490690795,-0.0007035143721631474,0.0040633355180868524,-0.9999786987272309
125620000000,952,125611980752,map,-0.6150320172309875,0.4169609248638153,3.2171061038970947,0.005332611239322451,-0.000622262986132113,0.004194075042167678,-0.9999768442658965
125656000000,953,125651980752,map,-0.622350811958313,0.4202810227870941,3.213897228240967,0.005417636085384227,-0.0004927501658335642,0.0042552301193569675,-0.9999762120631688
125688000000,954,125683980752,map,-0.6267566084861755,0.4221095144748688,3.211364984512329,0.0055789086963053845,-0.0002812424627544684,0.0043826821892538614,-0.9999748633640164
125720000000,955,125715980796,map,-0.630004346370697,0.423226922750473,3.2088711261749268,0.005521442126905289,-0.00046687825702070143,0.004469462550337866,-0.9999746526297739
125756000000,956,125747980796,map,-0.6321778893470764,0.42375513911247253,3.2063536643981934,0.005480574665737279,-0.0006686340683894619,0.004533441466377353,-0.9999744840423799
125788000000,957,125779980796,map,-0.6333431005477905,0.423714280128479,3.2039618492126465,0.0052847984385010005,-0.0012181632831568489,0.004607240598119899,-0.9999746947766224
125820000000,958,125811980841,map,-0.6335843801498413,0.4231754541397095,3.201451063156128,0.005061541807491112,-0.0019993276260730614,0.004728328493891765,-0.9999740625738948
125856000000,959,125851980841,map,-0.6327241063117981,0.4218110144138336,3.19801926612854,0.004931180123321773,-0.002390505862628956,0.0047682415594316185,-0.9999736832522581
125888000000,960,125883980841,map,-0.6311412453651428,0.4202280640602112,3.195321798324585,0.004572061315139621,-0.0030459394063559646,0.0048565813539104274,-0.999973177490076
125920000000,961,125915986885,map,-0.6288387775421143,0.4182131588459015,3.192694664001465,0.004338715206040993,-0.003642507714465986,0.005011471022187963,-0.9999714494692871
125956000000,962,125947986885,map,-0.6258344650268555,0.4157654941082001,3.1900393962860107,0.004234457011976653,-0.003861472508019771,0.0051084509206114626,-0.9999705643854684
125988000000,963,125979986885,map,-0.6221779584884644,0.41291433572769165,3.187382459640503,0.004087682376730951,-0.004216460477443386,0.005230887515535576,-0.9999690892457704
126020000000,964,126011986930,map,-0.6288233399391174,0.41645482182502747,3.183253288269043,0.004132039048511565,-0.004282313863251712,0.005316192736921688,-0.9999681620151032
126056000000,965,126051986930,map,-0.6350557804107666,0.41963881254196167,3.178450345993042,0.004227123352293299,-0.004309692496174444,0.005367949066893141,-0.99996740337183
126088000000,966,126083986930,map,-0.6385692954063416,0.42130452394485474,3.175185203552246,0.0043087693814105,-0.004172273674131678,0.005456120273977849,-0.9999671504907389
126120000000,967,126115986974,map,-0.6409001350402832,0.42225226759910583,3.172104835510254,0.004278256506870273,-0.004270846465027411,0.005561613835800672,-0.9999662654069202
126156000000,968,126155986974,map,-0.6423012018203735,0.42254480719566345,3.168437957763672,0.004232732572023468,-0.0043561754641147235,0.005604097859099655,-0.9999658439384351
126188000000,969,126187986974,map,-0.6423527598381042,0.42211201786994934,3.1654107570648193,0.00415433247791684,-0.0046729100596498855,0.0057735703369619085,-0.9999637787428581
126220000000,970,126211987019,map,-0.6418110132217407,0.42141857743263245,3.163160800933838,0.004011931756381427,-0.0051474523135979396,0.005908271664802733,-0.9999612499319475
126256000000,971,126251987019,map,-0.6398622989654541,0.41959112882614136,3.159623384475708,0.003963325574063984,-0.0054408012939510956,0.005949533429494891,-0.9999596904985526
126288000000,972,126283987019,map,-0.637445330619812,0.4176067113876343,3.1569604873657227,0.003832915322237182,-0.0059043948956021665,0.005979584132483173,-0.9999573724218844
126320000000,973,126315987063,map,-0.6342414021492004,0.41519343852996826,3.154348611831665,0.0036939090889476817,-0.006311094203030578,0.006025524197360077,-0.9999551807857618
126356000000,974,126347987063,map,-0.6303425431251526,0.4123695194721222,3.1518263816833496,0.0036505825402688,-0.0063993400725989615,0.006044068810704906,-0.9999545907298828
126388000000,975,126379987063,map,-0.6257685422897339,0.40910276770591736,3.149427890777588,0.0036261880760595964,-0.006583413140747751,0.0061721530833294125,-0.9999527784153968
126420000000,976,126411987108,map,-0.6291183233261108,0.41082608699798584,3.1467323303222656,0.003753477156190814,-0.006427836281276135,0.006227112573787608,-0.9999529470027908
126456000000,977,126451987108,map,-0.6348952054977417,0.4140380620956421,3.1432721614837646,0.0038706559317632267,-0.006219590019872824,0.006242369732948616,-0.999953705646064
126488000000,978,126483987108,map,-0.6380265951156616,0.41570454835891724,3.14064621925354,0.004190896083191477,-0.005851699563480469,0.006319119144086949,-0.9999541692613976
126520000000,979,126515987152,map,-0.6399345993995667,0.4166199564933777,3.1381309032440186,0.004236749220193297,-0.00562357777028173,0.006392033192010815,-0.9999548436109738
126556000000,980,126547987152,map,-0.6407328844070435,0.4168304204940796,3.1358258724212646,0.004186902998567324,-0.005644494790216532,0.0064550005836860325,-0.9999545064361857
126588000000,981,126579987152,map,-0.6405209302902222,0.41640082001686096,3.133679151535034,0.004068147914396991,-0.005889556735384426,0.006543340378164897,-0.9999529891496393
126620000000,982,126611987197,map,-0.6393895745277405,0.4153802692890167,3.131743907928467,0.003901518702447901,-0.006211705184160683,0.006672562615699262,-0.9999508818072138
126656000000,983,126651987197,map,-0.6367315649986267,0.4133521318435669,3.129517078399658,0.003851986359598044,-0.006415024133237204,0.006742442090530376,-0.9999492802269703
126688000000,984,126683987197,map,-0.633698582649231,0.4112037122249603,3.1279163360595703,0.003681334593158069,-0.006769201717339836,0.006890419675652126,-0.9999466249755142
126720000000,985,126715987241,map,-0.6299095153808594,0.4086254835128784,3.1263227462768555,0.003559621574012068,-0.007154200830777328,0.006952670570902652,-0.999943969724058
126756000000,986,126747987241,map,-0.6254231929779053,0.40565618872642517,3.1247076988220215,0.0034597429273004877,-0.007324385689161143,0.006997809845657842,-0.9999427474654511
126788000000,987,126779987241,map,-0.620265781879425,0.40229499340057373,3.1230928897857666,0.0032763181962198063,-0.007412065951315233,0.007101701827237238,-0.9999419466753294
126820000000,988,126811987285,map,-0.6257579326629639,0.40506380796432495,3.1199772357940674,0.0032882538215186128,-0.007220394431997212,0.007145365962294536,-0.9999430424933907
126856000000,989,126851987285,map,-0.6305917501449585,0.4073384404182434,3.116232395172119,0.0033585168985255744,-0.007061274603072649,0.007219965884158797,-0.9999433796681788
126888000000,990,126883987285,map,-0.6329633593559265,0.40829017758369446,3.113394260406494,0.0034325773078016926,-0.006778221801465676,0.0073287890470139505,-0.9999443068988461
126920000000,991,126915987330,map,-0.634126603603363,0.4085389971733093,3.110544443130493,0.0034206665425580633,-0.0067447529232087244,0.007382062663531641,-0.9999442226051491
126956000000,992,126947987330,map,-0.6342040300369263,0.40813758969306946,3.107891321182251,0.00340604010439964,-0.006814766905755542,0.0074263590013166625,-0.9999434218150274
126988000000,993,126979987330,map,-0.6332881450653076,0.4071454703807831,3.1055076122283936,0.0032263195215402342,-0.0070970287954084275,0.007421638554283404,-0.999942073115875
127020000000,994,127011987374,map,-0.6314491629600525,0.4056347608566284,3.1035687923431396,0.0029818936480489875,-0.007626219192319023,0.007495437686026007,-0.9999384063400545
127056000000,995,127051987374,map,-0.6279931664466858,0.4030635952949524,3.101863145828247,0.002754787659753813,-0.007919119045317734,0.007500368867301765,-0.9999367626129626
127088000000,996,127083987374,map,-0.6243869066238403,0.40049684047698975,3.101011276245117,0.0023476206210886067,-0.00853315203609752,0.0076251235388939955,-0.9999317892848384
127120000000,997,127115987418,map,-0.6200355887413025,0.39753785729408264,3.1004672050476074,0.0020818274478552248,-0.00920243016101585,0.007680251616746291,-0.9999260573134409
127156000000,998,127147987418,map,-0.6149919629096985,0.39416569471359253,3.0999715328216553,0.001927142257647418,-0.009452656988441789,0.007682611840262864,-0.9999239499710153
127188000000,999,127187987418,map,-0.6077477931976318,0.38944530487060547,3.0994324684143066,0.0016833849714679,-0.009783002340708906,0.0077803082351111654,-0.9999204939294375
127220000000,1000,127219987463,map,-0.6132510304450989,0.39208295941352844,3.0974700450897217,0.0017716908509045723,-0.009679573645190918,0.007877077399292165,-0.9999205782231344
127256000000,1001,127251987463,map,-0.6172376275062561,0.39385461807250977,3.095681667327881,0.0018825136841581916,-0.009449896699136581,0.007911132052888903,-0.9999222640970749
127288000000,1002,127283987463,map,-0.6198399662971497,0.39488670229911804,3.0942611694335938,0.0020605423015404617,-0.008903305745327685,0.007934945022297524,-0.9999267738098656
127320000000,1003,127315987507,map,-0.621188223361969,0.3952285051345825,3.092984199523926,0.002181764211119635,-0.008587269248130016,0.007984720450389005,-0.9999289232991396
127356000000,1004,127347987507,map,-0.6213824152946472,0.3949187695980072,3.0918705463409424,0.0021882403378111364,-0.008559879723498507,0.008009797825252907,-0.9999288811522911
127388000000,1005,127379987507,map,-0.6205461621284485,0.39400047063827515,3.0908236503601074,0.0021498965838338433,-0.00862264560055434,0.00804659202400293,-0.9999281646558664
127420000000,1006,127411987551,map,-0.6187572479248047,0.3925492763519287,3.0898070335388184,0.001957200204625274,-0.008926913907394357,0.008090214012211716,-0.9999255936981072
127456000000,1007,127451987551,map,-0.615263819694519,0.39005526900291443,3.0887439250946045,0.001851935816291284,-0.009080442364173893,0.008101130045976068,-0.9999242871458034
127488000000,1008,127483987551,map,-0.6115170121192932,0.3875233829021454,3.088024854660034,0.0016694702552864792,-0.009510141997088108,0.008165361843106567,-0.9999200724609523
127520000000,1009,127515987595,map,-0.6070056557655334,0.3845779299736023,3.087258815765381,0.0015818667135675704,-0.00982817421341722,0.008217581788411643,-0.9999167428599199
127556000000,1010,127547987595,map,-0.6017692685127258,0.3812791407108307,3.0865650177001953,0.001519097543789197,-0.009934200537746945,0.008277177432206073,-0.9999153098670706
127588000000,1011,127579987595,map,-0.5958466529846191,0.3776354491710663,3.0858473777770996,0.0013868736603874104,-0.009968269679322923,0.008436028904243664,-0.9999138347273727
127620000000,1012,127611987640,map,-0.6013658046722412,0.3803239166736603,3.085078001022339,0.0014214907109940307,-0.009717279928084485,0.008508563630530874,-0.9999156470418586
127656000000,1013,127651987640,map,-0.6061278581619263,0.3824475407600403,3.08406138420105,0.0014724890562367201,-0.009514276339509225,0.008586788181367044,-0.999916827153617
127688000000,1014,127683987640,map,-0.608401358127594,0.3832515478134155,3.0833778381347656,0.001574076790582643,-0.009160402838333154,0.008651062125346165,-0.9999193981113762
127720000000,1015,127715987684,map,-0.609433114528656,0.38336437940597534,3.082789421081543,0.0016077300613018299,-0.009053527979404893,0.008672219843298579,-0.9999201567546494
127756000000,1016,127747987684,map,-0.6093475222587585,0.3828512132167816,3.0822300910949707,0.00164287592314836,-0.0090508391421788,0.008702734161620485,-0.9999198195798613
127788000000,1017,127779987684,map,-0.6082360148429871,0.38174864649772644,3.0816893577575684,0.0016695861591198846,-0.009326761717761718,0.008818553701328447,-0.9999162792445864
127820000000,1018,127811987728,map,-0.6061535477638245,0.3800829350948334,3.0813262462615967,0.0015990879817235717,-0.009813641123942802,0.00892872556333596,-0.9999107158605829
127856000000,1019,127851987728,map,-0.6022812128067017,0.3773224353790283,3.0808918476104736,0.0015139240181344846,-0.009999014488222605,0.00896109434299236,-0.9999087771055514
127888000000,1020,127883987728,map,-0.5982488393783569,0.3745967149734497,3.080432653427124,0.001394793645912665,-0.01046317608451181,0.009039445334374063,-0.9999034244557905
127920000000,1021,127915987772,map,-0.5934545993804932,0.37147584557533264,3.0800082683563232,0.0012541548807878749,-0.010824846094117888,0.009148816406259808,-0.9998987461556058
127956000000,1022,127947987772,map,-0.5879576802253723,0.36802104115486145,3.0795953273773193,0.0011965279558000855,-0.01093289513790388,0.009186875010465223,-0.9998973553096049
127988000000,1023,127979987772,map,-0.5818260312080383,0.3642663359642029,3.0790140628814697,0.0011480159453472849,-0.010991414390699988,0.009216209217028815,-0.9998965123726347
128020000000,1024,128011987816,map,-0.5840348601341248,0.3645060956478119,3.0767173767089844,0.0011396837109600333,-0.010777254728887246,0.009218063678363253,-0.9998987883024543
128056000000,1025,128051987816,map,-0.5885598659515381,0.36561232805252075,3.0735373497009277,0.0011634910827403705,-0.010518472091213595,0.009256290869962602,-0.9999011906728195
128088000000,1026,128083987816,map,-0.5906444191932678,0.3657665252685547,3.0712907314300537,0.0012489938674788144,-0.009982905501740583,0.009392720218592387,-0.999905278917125
128120000000,1027,128115987860,map,-0.5914787650108337,0.36532944440841675,3.069427490234375,0.001399783766921904,-0.009834914416456422,0.009473178552399764,-0.9999058268261556
128156000000,1028,128147987860,map,-0.5911948680877686,0.3643361032009125,3.067761182785034,0.0014143148807627963,-0.009835462654759318,0.009523375448976135,-0.999905278917125
128188000000,1029,128179987860,map,-0.5898798108100891,0.36280325055122375,3.06645131111145,0.0012242348988844424,-0.009997135660741329,0.009575468953735566,-0.9999034244557905
128220000000,1030,128211987904,map,-0.5876283645629883,0.3607761263847351,3.0652236938476562,0.0011398555910766164,-0.010320881409221699,0.00966722264294384,-0.9998994205051819
128256000000,1031,128251987904,map,-0.5835681557655334,0.35761016607284546,3.063648223876953,0.0010553722332365292,-0.01048523567916796,0.009709243050909144,-0.9998973553096049
128288000000,1032,128283987904,map,-0.579413652420044,0.35461047291755676,3.0626487731933594,0.0010250851127698965,-0.01085085234601038,0.009742707648626836,-0.9998931406247538
128320000000,1033,128315987948,map,-0.57452791929245,0.3511936366558075,3.061866521835327,0.0011011506254366937,-0.011152549036546725,0.009713415588911756,-0.9998900639048125
128356000000,1034,128347987948,map,-0.5689575672149658,0.3473910093307495,3.0614097118377686,0.001145913871277804,-0.01118810451307722,0.00969099346550395,-0.9998898110237215
128388000000,1035,128379987948,map,-0.5627261996269226,0.3432941734790802,3.0611045360565186,0.0012618496440913994,-0.011250672497508404,0.009706166330967936,-0.9998887994993573
128420000000,1036,128411987992,map,-0.5679771304130554,0.34571579098701477,3.0588221549987793,0.0016206875830408972,-0.011042451590068648,0.009771746827250904,-0.9998899796111156
128456000000,1037,128451987992,map,-0.5723786950111389,0.34763577580451965,3.0562350749969482,0.001803857786669243,-0.010832864532047085,0.009784138000712983,-0.9998918340724501
128488000000,1038,128483987992,map,-0.5743765830993652,0.3483774662017822,3.054429292678833,0.0019797688541860954,-0.010262390473839436,0.009750294081358746,-0.999897861071787
128520000000,1039,128515988036,map,-0.5751427412033081,0.3485114872455597,3.0528531074523926,0.0021048396271421727,-0.010049335520438834,0.00972509026594931,-0.9999000527079096
128556000000,1040,128547988036,map,-0.5747774243354797,0.3480735123157501,3.0514962673187256,0.0020562406888143176,-0.010040427718151605,0.009713794910548412,-0.9999003055890007
128588000000,1041,128579988036,map,-0.5733579993247986,0.3471139967441559,3.0502583980560303,0.001972191970349499,-0.010145796156517856,0.009689307591563612,-0.9998996733862731
128620000000,1042,128611988080,map,-0.5709996819496155,0.34564054012298584,3.0491411685943604,0.0018177916006413956,-0.010368902474743799,0.009770777449735146,-0.9998969338411199
128656000000,1043,128651988080,map,-0.5668452978134155,0.34311819076538086,3.047940492630005,0.0017049012669049656,-0.010517987731727973,0.00976643632433849,-0.9998955429951188
128688000000,1044,128683988080,map,-0.5626217722892761,0.34064343571662903,3.0471768379211426,0.0014766823383912998,-0.010829803617173981,0.009789279916231353,-0.9998924241283291
128720000000,1045,128715988124,map,-0.5576589107513428,0.3377748131752014,3.046037197113037,0.0012974844752351058,-0.01114885526040145,0.009797709285933542,-0.9998890523804482
128756000000,1046,128747988124,map,-0.551997721195221,0.33455890417099,3.0450873374938965,0.0011679230872790945,-0.011262686654239785,0.00980310408254298,-0.9998878722686899
128788000000,1047,128779988124,map,-0.5456808805465698,0.3309886157512665,3.044189929962158,0.0010619757882903255,-0.011408349455415977,0.00980470566278635,-0.9998863549821436
128820000000,1048,128811988168,map,-0.5482094883918762,0.33177468180656433,3.0429630279541016,0.001016174017760128,-0.011232900027599219,0.009868473844583392,-0.9998877458281444
128856000000,1049,128851988168,map,-0.5532546639442444,0.3336406350135803,3.041471242904663,0.001049811812683378,-0.011023646851643202,0.009935655921109676,-0.9998893474083879
128888000000,1050,128883988168,map,-0.5556764006614685,0.3343094289302826,3.0405139923095703,0.001244116028308187,-0.010575236652168182,0.009917954244735128,-0.999894152149118
128920000000,1051,128915988212,map,-0.5568031072616577,0.3343074917793274,3.03973650932312,0.0014457768446316708,-0.010407355217837162,0.00987635530525488,-0.999896048757301
128956000000,1052,128947988212,map,-0.5567607283592224,0.33368372917175293,3.039310932159424,0.001508384671005588,-0.010373968328371454,0.009894647037508586,-0.9998961330509981
128988000000,1053,128979988212,map,-0.5556343793869019,0.332500696182251,3.0390970706939697,0.0016379947912551914,-0.010406883041424939,0.009940502808688523,-0.9998951215266338
129020000000,1054,129011988256,map,-0.5534959435462952,0.33078667521476746,3.0388996601104736,0.0017435683662356785,-0.010637771709373967,0.009975021077618884,-0.9998922133940865
129056000000,1055,129051988256,map,-0.5495905876159668,0.32798120379447937,3.038722515106201,0.0017709443907047745,-0.010756186902260118,0.009943916703417877,-0.9998912018697224
129088000000,1056,129083988256,map,-0.5455474853515625,0.32525157928466797,3.0387017726898193,0.0018221116526137616,-0.011033553007404533,0.009949690821663859,-0.999887956562387
129120000000,1057,129115988300,map,-0.5407217144966125,0.3221369683742523,3.0387344360351562,0.0017886348718227142,-0.011233816721554333,0.00996646526737116,-0.9998856806325674
129156000000,1058,129147988300,map,-0.5352019667625427,0.318623423576355,3.0387282371520996,0.0017661850895455832,-0.01133722401437581,0.00999364998466068,-0.9998842897865665
129188000000,1059,129179988300,map,-0.5290001034736633,0.31476205587387085,3.038846492767334,0.001781267405139657,-0.011392570399732457,0.010044015468631207,-0.9998830675279597
129220000000,1060,129211988344,map,-0.5313287973403931,0.31625741720199585,3.0386159420013428,0.0019241175627222524,-0.011200420283193258,0.010060621326944463,-0.9998848376955972
129256000000,1061,129251988344,map,-0.5360273122787476,0.3193180561065674,3.0382959842681885,0.002110915029500568,-0.010978573760611088,0.010065805389311344,-0.9998869028911741
129288000000,1062,129283988344,map,-0.538239061832428,0.3208639323711395,3.038163900375366,0.0023528208177958916,-0.010491851417295157,0.010041107336083932,-0.9998917919256015
129320000000,1063,129315988388,map,-0.5392244458198547,0.3216932713985443,3.037898063659668,0.002500566595250831,-0.01020876815800469,0.010003048731878683,-0.9998947843518458
129356000000,1064,129347988388,map,-0.5390856862068176,0.32188868522644043,3.0376949310302734,0.0025440413987620723,-0.010183561379144888,0.010023152778618372,-0.9998947422049973
129388000000,1065,129379988388,map,-0.5379021167755127,0.3214559555053711,3.037360191345215,0.0026177964080226126,-0.010329006860633443,0.010026482379650703,-0.9998929298905113
129420000000,1066,129411988431,map,-0.5357781052589417,0.32044631242752075,3.037097930908203,0.002487357838781967,-0.010602713104674744,0.01006049488639904,-0.9998901060516611
129456000000,1067,129451988431,map,-0.5318848490715027,0.3184940218925476,3.0368030071258545,0.0024193822161234827,-0.010797748304703415,0.010097457672543053,-0.999887787974993
129488000000,1068,129483988431,map,-0.5278634428977966,0.31639397144317627,3.036623477935791,0.00233182543106464,-0.01118994514497703,0.010080008877259516,-0.99988391046493
129520000000,1069,129515988475,map,-0.5230919718742371,0.3138391971588135,3.0364978313446045,0.0021078521389939395,-0.011460378752085911,0.01008822751271915,-0.9998812552134737
129556000000,1070,129547988475,map,-0.5176173448562622,0.3108646273612976,3.036489486694336,0.0019707076110285064,-0.011593324400268449,0.010080978254775275,-0.9998800751017155
129588000000,1071,129579988475,map,-0.5114867687225342,0.3074846565723419,3.0365142822265625,0.0018262519219354486,-0.011640787020047779,0.01006647973888758,-0.9998799065143213
129620000000,1072,129611988519,map,-0.5166473984718323,0.3106215298175812,3.034245252609253,0.0017448841381626288,-0.011489116975869771,0.010071537360708871,-0.9998817609756558
129656000000,1073,129651988519,map,-0.5209982395172119,0.31328555941581726,3.0316379070281982,0.0017783171257438946,-0.011284230608546187,0.010088143219022128,-0.9998838683180814
129688000000,1074,129683988519,map,-0.5229949355125427,0.3145337998867035,3.0295748710632324,0.001872695773360931,-0.010905996887475329,0.010123082956437657,-0.9998876193875988
129720000000,1075,129715988562,map,-0.5238113403320312,0.31505346298217773,3.027702808380127,0.002019650638861782,-0.010835726895751033,0.010176103691864335,-0.9998875350939019
129756000000,1076,129747988562,map,-0.5235291123390198,0.3149007558822632,3.0259649753570557,0.0020998472012271553,-0.010937819404462323,0.010213867268130117,-0.9998858492199614
129788000000,1077,129779988562,map,-0.5222356915473938,0.31410741806030273,3.0242838859558105,0.002123667414625398,-0.011296708380611191,0.01028201872217227,-0.9998810866260797
129820000000,1078,129811988606,map,-0.5199889540672302,0.3127247989177704,3.0226383209228516,0.002161993058628722,-0.011724275317136304,0.010305873838429458,-0.9998758604168644
129856000000,1079,129851988606,map,-0.5159098505973816,0.3102838397026062,3.0207905769348145,0.0021519084373057295,-0.011950085948384277,0.010311858690917997,-0.9998731630185597
129888000000,1080,129883988606,map,-0.5117281079292297,0.3077733814716339,3.019554853439331,0.002119345387019508,-0.012200068785070009,0.010334238667477291,-0.9998699177112244
129920000000,1081,129915988650,map,-0.5067604780197144,0.30477726459503174,3.0187575817108154,0.002020579186618038,-0.012354550485024849,0.01031354456485839,-0.9998684425715264
129956000000,1082,129947988650,map,-0.5011057257652283,0.30136728286743164,3.018108606338501,0.002020345403317704,-0.012348848148130226,0.010321341731832911,-0.999868484718375
129988000000,1083,129979988650,map,-0.4947732985019684,0.29755085706710815,3.017528533935547,0.0020278603839705488,-0.012202803061867152,0.01035025446991139,-0.9998699177112242
130020000000,1084,130011988693,map,-0.49897927045822144,0.300567090511322,3.015313148498535,0.002240501112875629,-0.011761393190511987,0.010361465531615321,-0.9998747224519546
130056000000,1085,130051988693,map,-0.5021757483482361,0.30307549238204956,3.012894868850708,0.0023968642744897762,-0.01145987364844829,0.010346461253545491,-0.9998780099061384
130088000000,1086,130083988693,map,-0.5032845735549927,0.30418938398361206,3.0112931728363037,0.002764565563972213,-0.010866151981292087,0.010326862968987882,-0.9998838683180815
130120000000,1087,130115988737,map,-0.5032405853271484,0.30456191301345825,3.009943723678589,0.003025904671425854,-0.01046679511585543,0.010302754971639572,-0.9998875772407505
130156000000,1088,130147988737,map,-0.5021706819534302,0.3042547404766083,3.0088679790496826,0.0030888588922109695,-0.010427652547389954,0.010331119800687405,-0.9998875350939019
130188000000,1089,130179988737,map,-0.5001468658447266,0.3033381700515747,3.008025884628296,0.003151173666278835,-0.010578852390789262,0.010414191239102366,-0.9998848798424458
130220000000,1090,130211988781,map,-0.49726659059524536,0.3018069863319397,3.0073249340057373,0.0031289198009928285,-0.010819070000238372,0.010435348957054835,-0.999882182444141
130256000000,1091,130251988781,map,-0.4925400912761688,0.2991357147693634,3.006622791290283,0.003063886884468264,-0.010992419000346917,0.010431260712749302,-0.9998805387170491
130288000000,1092,130283988781,map,-0.4879346787929535,0.29645419120788574,3.0062179565429688,0.002993971518961517,-0.011339567115735211,0.010423842867411381,-0.9998769140880772
130320000000,1093,130315988824,map,-0.48264050483703613,0.29332810640335083,3.0061042308807373,0.0028859330118876504,-0.011598544024038718,0.010379251501686837,-0.9998747224519546
130356000000,1094,130347988824,map,-0.4766944646835327,0.2897498905658722,3.006121873855591,0.0028906534589208705,-0.011677262483255926,0.010363235699252793,-0.9998739638086813
130388000000,1095,130379988824,map,-0.47016802430152893,0.28579041361808777,3.0061542987823486,0.00281285531565357,-0.011584963848467352,0.010345491876029678,-0.9998754389483793
130420000000,1096,130411988868,map,-0.4747341275215149,0.287884384393692,3.005398750305176,0.0028967278734625024,-0.011344359014847549,0.01035986395137195,-0.9998778413187444
130456000000,1097,130451988868,map,-0.4784131944179535,0.2893027663230896,3.0046486854553223,0.0030449069732036943,-0.011041836838770448,0.010389408892177987,-0.9998804965702006
130488000000,1098,130483988868,map,-0.47991451621055603,0.2895547151565552,3.0041284561157227,0.003265140061741308,-0.010683916581592824,0.010339464876692628,-0.999884163346021
130520000000,1099,130515988911,map,-0.48027387261390686,0.2890963554382324,3.003498077392578,0.003467088003470273,-0.010579201419378492,0.010350802378942037,-0.9998844583739606
130556000000,1100,130547988911,map,-0.47958749532699585,0.28799259662628174,3.0029399394989014,0.003536550290355528,-0.01063739666827667,0.010401378597155064,-0.9998831096748082
130588000000,1101,130579988911,map,-0.4779265522956848,0.2863048017024994,3.0024564266204834,0.0035959770174836345,-0.010941307385448854,0.010386922228115936,-0.999879780073776
130620000000,1102,130611988954,map,-0.4753740131855011,0.2840868830680847,3.002136707305908,0.003663155472015206,-0.011277775884551195,0.010364036489374395,-0.9998760290042584
130656000000,1103,130651988954,map,-0.4710361361503601,0.2806088328361511,3.001905679702759,0.0036427560680636793,-0.01142049993086051,0.010330909066444849,-0.9998748488925
130688000000,1104,130683988954,map,-0.46668922901153564,0.2772674262523651,3.0020158290863037,0.003602354033226685,-0.011752164347777119,0.010339422729844117,-0.9998710556761341
130720000000,1105,130715988998,map,-0.4616353511810303,0.27349916100502014,3.0021865367889404,0.0036023487648706204,-0.011996579190647855,0.010329096751958866,-0.9998682318372839
130756000000,1106,130747988998,map,-0.455911785364151,0.2693083882331848,3.0023193359375,0.003661948689204326,-0.011978175176555517,0.010317927837103502,-0.9998683582778295
130788000000,1107,130779988998,map,-0.44957101345062256,0.264755517244339,3.002567768096924,0.003763282225370168,-0.011794701383908993,0.010320709529105243,-0.9998701284454669
130820000000,1108,130811989041,map,-0.45366358757019043,0.26859742403030396,3.001434564590454,0.004076777399311533,-0.01130804588286062,0.010331962737657685,-0.9998743852771665
130856000000,1109,130851989041,map,-0.4568612277507782,0.27202415466308594,3.000178098678589,0.004375485614870652,-0.010939715024828552,0.010356702937733608,-0.9998769562349257
130888000000,1110,130883989041,map,-0.45802628993988037,0.27377980947494507,2.999345064163208,0.0048460179707300825,-0.010458869861974113,0.010352614693427964,-0.99987994866117
130920000000,1111,130915989085,map,-0.45808351039886475,0.27474719285964966,2.9985668659210205,0.005049848855843497,-0.010413837765337618,0.010360369713553974,-0.9998793586052908
130956000000,1112,130947989085,map,-0.4571492373943329,0.27499935030937195,2.997920274734497,0.005008906155965449,-0.010525174921851971,0.010402263680973911,-0.9998780099061384
130988000000,1113,130987989085,map,-0.4547111392021179,0.2744160592556,2.997441530227661,0.004876215199871375,-0.010789396972525433,0.010396320975333828,-0.9998758604168644
131020000000,1114,131019989128,map,-0.4518325626850128,0.2732292711734772,2.9971883296966553,0.004631443425877311,-0.011156881930136999,0.01041018728849391,-0.9998728679906201
131056000000,1115,131051989128,map,-0.44817009568214417,0.27145829796791077,2.9969592094421387,0.004458409539315834,-0.011340585554816809,0.010421482643894808,-0.9998714349977706
131088000000,1116,131083989128,map,-0.4438154399394989,0.26917344331741333,2.9967923164367676,0.004159464247733842,-0.011689503837842565,0.010371117159924226,-0.9998692855084967
131120000000,1117,131115989171,map,-0.43881240487098694,0.2663973867893219,2.996544122695923,0.0038446730582007665,-0.011852785009513069,0.01038363477393206,-0.999868484718375
131156000000,1118,131147989171,map,-0.43318459391593933,0.2631515860557556,2.9964230060577393,0.003695447860508646,-0.011881532123647783,0.01037158077525785,-0.9998688218931631
131188000000,1119,131179989171,map,-0.42696070671081543,0.25947490334510803,2.9964354038238525,0.0035711291453806846,-0.011784029340884877,0.010409512938917731,-0.9998700862986184
131220000000,1120,131211989214,map,-0.42865997552871704,0.2618037760257721,2.9961934089660645,0.0036172917983012575,-0.011379100859638433,0.010340897869541954,-0.9998752282141368
131256000000,1121,131251989214,map,-0.43249741196632385,0.2660318613052368,2.9958908557891846,0.003750877881017806,-0.011097712364639259,0.010348147127485774,-0.9998778413187444
131288000000,1122,131283989214,map,-0.434196412563324,0.2683636546134949,2.9957189559936523,0.004027467232915056,-0.010428140528870368,0.010315567613586873,-0.9998842897865665
131320000000,1123,131315989258,map,-0.43480515480041504,0.2698754668235779,2.995678663253784,0.00410772240574164,-0.0102227316064797,0.010254665417488706,-0.9998867764506287
131356000000,1124,131347989258,map,-0.4344156086444855,0.2705951929092407,2.9957544803619385,0.004076347369747819,-0.010303648945809062,0.010238860349297163,-0.9998862285415981
131388000000,1125,131379989258,map,-0.4331177771091461,0.2706047296524048,2.995872974395752,0.00390016596971044,-0.010593931084388542,0.010266803709859884,-0.9998835732901419
131420000000,1126,131411989301,map,-0.43096333742141724,0.26993367075920105,2.9959516525268555,0.003616988538555331,-0.011118077853548623,0.01026912178652789,-0.9998789792836542
131456000000,1127,131451989301,map,-0.4271920621395111,0.268198162317276,2.9961962699890137,0.0034566734513487795,-0.01137513181188882,0.01027771974362418,-0.9998765347664406
131488000000,1128,131483989301,map,-0.4233546257019043,0.2661653459072113,2.9965150356292725,0.0031862026364751967,-0.011833826500945006,0.010353794805186278,-0.9998713507040737
131520000000,1129,131515989344,map,-0.4188191294670105,0.2635994553565979,2.99694561958313,0.0030594074647249656,-0.01205148896099571,0.010362224174888468,-0.9998689904805571
131556000000,1130,131547989344,map,-0.41365301609039307,0.26057273149490356,2.997434616088867,0.003016777573817466,-0.012135202809578218,0.010378577152110768,-0.9998679789561928
131588000000,1131,131579989344,map,-0.40790414810180664,0.25710025429725647,2.9980111122131348,0.0030573646596612036,-0.012027420476317958,0.010363109258707204,-0.9998692855084967
131620000000,1132,131611989387,map,-0.41193148493766785,0.2614399790763855,2.9977123737335205,0.0032452908717262,-0.011566718543601438,0.01032665223474527,-0.9998745538645606
131656000000,1133,131651989387,map,-0.41512739658355713,0.26540568470954895,2.9972546100616455,0.003404765985412819,-0.01126883054522701,0.01029394628030078,-0.9998777570250474
131688000000,1134,131683989387,map,-0.4163874685764313,0.2675459384918213,2.997044801712036,0.0036202269311733357,-0.010820775630514047,0.010184280180475458,-0.9998830675279597
131720000000,1135,131715989430,map,-0.41661301255226135,0.2688179016113281,2.9969482421875,0.0037529552596682367,-0.010757565894459833,0.010113599915522742,-0.9998839526117784
131756000000,1136,131747989430,map,-0.4159261882305145,0.2692946195602417,2.9968860149383545,0.003729061947829608,-0.010857629098269775,0.010127086907046223,-0.9998828567937172
131788000000,1137,131779989430,map,-0.41438186168670654,0.2690616250038147,2.996933698654175,0.0035314880587226645,-0.011287712662632145,0.010165356245494084,-0.9998783892277749
131820000000,1138,131811989473,map,-0.4120006263256073,0.26814326643943787,2.9970104694366455,0.003309931295724006,-0.011694250626656102,0.010203583437093433,-0.9998741323960755
131856000000,1139,131851989473,map,-0.40799710154533386,0.26617294549942017,2.997328758239746,0.003183478567117927,-0.011874497221941258,0.010193215312359838,-0.999872530815832
131888000000,1140,131883989473,map,-0.4040372967720032,0.2640017867088318,2.997741937637329,0.0028815424956529297,-0.012234042766964583,0.010210242639158262,-0.9998689061868601
131920000000,1141,131915989516,map,-0.3994559049606323,0.26136401295661926,2.9982833862304688,0.0026922524379119,-0.012357465203017181,0.0101349262208692,-0.9998686954526176
131956000000,1142,131947989516,map,-0.39426273107528687,0.2582755386829376,2.9989092350006104,0.0025993031611494413,-0.012345549169417488,0.010071410920163282,-0.9998697491238302
131988000000,1143,131979989516,map,-0.3885204792022705,0.25472337007522583,2.9996213912963867,0.002424048991779302,-0.012164669054315652,0.01008717384150637,-0.999872193641044
132020000000,1144,132011989559,map,-0.39008307456970215,0.25622355937957764,2.9993135929107666,0.0025187730459907743,-0.011776010244411172,0.010073855437376988,-0.9998767455006832
132056000000,1145,132051989559,map,-0.393561452627182,0.259091317653656,2.9986772537231445,0.002660635057539142,-0.011459175591269829,0.010016451429705087,-0.999880623010746
132088000000,1146,132083989559,map,-0.39503565430641174,0.2603796422481537,2.998361110687256,0.002936369289392777,-0.010755505967238864,0.010011520248429329,-0.9998877458281443
132120000000,1147,132115989602,map,-0.39550700783729553,0.2608945965766907,2.9980356693267822,0.003118956681131558,-0.01057891659887879,0.010002290088605481,-0.9998891366741454
132156000000,1148,132147989602,map,-0.3950401246547699,0.26068374514579773,2.997701644897461,0.0031307176274996207,-0.010640940296274127,0.010017673688311968,-0.9998883358840236
132188000000,1149,132179989602,map,-0.3937014937400818,0.2598228454589844,2.997358798980713,0.0030792494107504853,-0.010775543171711,0.010064035221673928,-0.9998865657163861
132220000000,1150,132211989645,map,-0.39156487584114075,0.25837379693984985,2.997084856033325,0.0029404025452319164,-0.011135048545519338,0.010034363840322247,-0.9998833625558993
132256000000,1151,132251989645,map,-0.3878977596759796,0.2557847201824188,2.9969234466552734,0.002862694951834464,-0.011346416966434996,0.010038831406264381,-0.9998811709197768
132288000000,1152,132283989645,map,-0.3842081129550934,0.2531473934650421,2.996931552886963,0.00277043747607764,-0.011680723793189882,0.009963430694278408,-0.9998783470809265
132320000000,1153,132315989688,map,-0.3798922896385193,0.2500304877758026,2.9970390796661377,0.002749540212478079,-0.011868002326731278,0.009853048098028394,-0.9998772934097138
132356000000,1154,132347989688,map,-0.3750039339065552,0.246459499001503,2.997205972671509,0.0027918411604038406,-0.011927453090733927,0.00980550645290812,-0.9998769562349257
132388000000,1155,132379989688,map,-0.3695807158946991,0.2424628883600235,2.9974005222320557,0.0028718378545110417,-0.011869759982023085,0.009750673402995402,-0.9998779256124414
132420000000,1156,132411989731,map,-0.37269723415374756,0.2461639791727066,2.995248556137085,0.0032995457195608645,-0.011549838730772824,0.009689518325806057,-0.9998809180386857
132456000000,1157,132451989731,map,-0.3749697804450989,0.24936102330684662,2.992870807647705,0.0035410218075647305,-0.011316100540737757,0.009675188397312462,-0.9998829410874142
132488000000,1158,132483989731,map,-0.37563270330429077,0.25091007351875305,2.991232395172119,0.003914116247295292,-0.01090945194123646,0.009628405395465334,-0.9998864814226891
132520000000,1159,132515989773,map,-0.37537530064582825,0.25168704986572266,2.989941358566284,0.003975720451839044,-0.010860211251285576,0.009627098843161486,-0.9998867764506287
132556000000,1160,132547989773,map,-0.3742668926715851,0.25176090002059937,2.988940715789795,0.003944778738131476,-0.010930594512665245,0.009620271053702723,-0.9998861863947495
132588000000,1161,132579989773,map,-0.37238815426826477,0.25119689106941223,2.9879415035247803,0.0037987751401724053,-0.011209725517091054,0.009597975370840395,-0.9998839526117784
132620000000,1162,132611989816,map,-0.3697977662086487,0.25004780292510986,2.987211227416992,0.003457768940137809,-0.011591438987342093,0.009541962209169419,-0.9998812973603224
132656000000,1163,132651989816,map,-0.36564576625823975,0.2478340119123459,2.986403226852417,0.003308534522822574,-0.011772371786004567,0.009512206534120826,-0.9998800329548669
132688000000,1164,132683989816,map,-0.36164790391921997,0.24548955261707306,2.9858949184417725,0.003026312310476294,-0.011924676337816017,0.009522111043520853,-0.9998789792836542
132720000000,1165,132715989859,map,-0.35708269476890564,0.24269014596939087,2.9855003356933594,0.0028800057820435516,-0.011973386570165721,0.009443675758442072,-0.9998796114863818
132756000000,1166,132747989859,map,-0.35196542739868164,0.23945868015289307,2.985273838043213,0.0028254950896675368,-0.011960616404339174,0.009356010313539442,-0.9998807073044431
132788000000,1167,132787989859,map,-0.34488409757614136,0.23479405045509338,2.9852147102355957,0.0028185263716840633,-0.011789323709456805,0.009270915826395887,-0.9998836154369903
132820000000,1168,132811989901,map,-0.34716060757637024,0.2371196746826172,2.983994960784912,0.002987690979988885,-0.011298016250004043,0.009182533885068567,-0.9998895581426304
132856000000,1169,132851989901,map,-0.34955453872680664,0.2398243397474289,2.98232102394104,0.003175750218044496,-0.01096646674910408,0.009208074875266148,-0.9998925084220261
132888000000,1170,132883989901,map,-0.3503507077693939,0.2410276234149933,2.9811229705810547,0.0035356724505263867,-0.010429559363012817,0.00918830800331455,-0.9998971867222108
132920000000,1171,132915989944,map,-0.35030385851860046,0.24146710336208344,2.9800493717193604,0.003733667149573931,-0.010208686827757954,0.009221435426244151,-0.9998984511276663
132956000000,1172,132947989944,map,-0.3495050072669983,0.2412140667438507,2.9791064262390137,0.0037255097587535493,-0.010225645007383016,0.00922931688691564,-0.9998982403934236
132988000000,1173,132979989944,map,-0.3479885756969452,0.24033905565738678,2.9784770011901855,0.003592234838317023,-0.010541245877388654,0.009177729144338342,-0.999895880169907
133020000000,1174,133019989987,map,-0.3451332449913025,0.2383800595998764,2.978055715560913,0.003390693547821737,-0.010993845407751206,0.009049687018562236,-0.9998928455968142
133056000000,1175,133051989987,map,-0.3421355187892914,0.23622877895832062,2.9778590202331543,0.003257307991907869,-0.011207288902411518,0.009027897097882043,-0.9998911175760253
133088000000,1176,133083989987,map,-0.3385782837867737,0.23357965052127838,2.9778647422790527,0.0032209392129100155,-0.011491439003804917,0.0089639181818425,-0.9998885887651148
133120000000,1177,133115990029,map,-0.334489107131958,0.23047666251659393,2.9780445098876953,0.0032832319257368628,-0.01171281960614769,0.008938672219584554,-0.9998861021010526
133156000000,1178,133147990029,map,-0.3299228847026825,0.22694656252861023,2.9783308506011963,0.0032812865852602812,-0.011805987848959053,0.00890432253804807,-0.9998853013109308
133188000000,1179,133179990029,map,-0.32489490509033203,0.22299796342849731,2.9786059856414795,0.003403965195291113,-0.011771238101634076,0.00885193400534906,-0.9998857649262645
133220000000,1180,133211990072,map,-0.32737797498703003,0.2255944162607193,2.978320837020874,0.0037957346401790485,-0.011559994145630427,0.008832841482973697,-0.9998869871848712
133256000000,1181,133251990072,map,-0.329033762216568,0.22761178016662598,2.9780280590057373,0.004051443850633944,-0.01137798791941994,0.008789177347916344,-0.9998885044714176
133288000000,1182,133283990072,map,-0.32931485772132874,0.22834596037864685,2.9777770042419434,0.0043702679667339045,-0.011031695911892021,0.008736915255762923,-0.9998914547508134
133320000000,1183,133315990114,map,-0.3287545442581177,0.228388249874115,2.977653741836548,0.004442025939773987,-0.010879229358131608,0.008727179333756885,-0.9998929298905113
133356000000,1184,133347990114,map,-0.3274713456630707,0.22780105471611023,2.9776580333709717,0.004426954819436549,-0.010878195113981822,0.008723301823693907,-0.9998930141842084
133388000000,1185,133379990114,map,-0.3255308270454407,0.22663593292236328,2.977810859680176,0.004211513959283527,-0.010962017951680402,0.008687645589853576,-0.9998933513589965
133420000000,1186,133411990157,map,-0.32297396659851074,0.22494015097618103,2.978158950805664,0.004013862361924641,-0.011091843415984116,0.008600823081921227,-0.9998934356526934
133456000000,1187,133451990157,map,-0.31895339488983154,0.2220892757177353,2.9787161350250244,0.003913932184105312,-0.011206621138280425,0.008570898819478479,-0.9998928455968142
133488000000,1188,133483990157,map,-0.31515273451805115,0.21928671002388,2.9792168140411377,0.003825783367533792,-0.011357253974858358,0.00848736376572995,-0.9998921712472382
133520000000,1189,133515990199,map,-0.3108733296394348,0.21606317162513733,2.979768753051758,0.003785813996438543,-0.011351736359698225,0.008439442798973018,-0.9998928034499657
133556000000,1190,133547990199,map,-0.3061539828777313,0.21243152022361755,2.9803473949432373,0.0038053013162465134,-0.01133987366820368,0.008381027266936902,-0.9998933935058449
133588000000,1191,133579990199,map,-0.3010340631008148,0.20844554901123047,2.9809389114379883,0.004013420807832039,-0.011198771617017524,0.00828775629118228,-0.9998949529392398
133620000000,1192,133611990242,map,-0.3017030656337738,0.20991167426109314,2.980617046356201,0.00437123602716064,-0.010846942567266486,0.008226432626598945,-0.99989777677809
133656000000,1193,133651990242,map,-0.30377551913261414,0.21297818422317505,2.9800221920013428,0.004557079262946886,-0.010636432888389238,0.008226348332901923,-0.9998992097709394
133688000000,1194,133683990242,map,-0.3044165074825287,0.214494526386261,2.979670286178589,0.0049010923772049315,-0.010247453038037117,0.008160388514982408,-0.9999022021971837
133720000000,1195,133715990284,map,-0.3042660653591156,0.21526741981506348,2.9793152809143066,0.004854973352858013,-0.010144800272585661,0.008148587397399265,-0.999903550896336
133756000000,1196,133747990284,map,-0.30337655544281006,0.21535974740982056,2.9791295528411865,0.004769786504847273,-0.010179275242214682,0.00813893576909036,-0.9999037616305786
133788000000,1197,133779990284,map,-0.3018088638782501,0.21483168005943298,2.979081392288208,0.004565339715982768,-0.010355658815416013,0.00814374050982053,-0.9999028343999115
133820000000,1198,133811990326,map,-0.2996262013912201,0.21373561024665833,2.979153871536255,0.004340081603576993,-0.010543676235895364,0.008090677627545284,-0.9999022864908808
133856000000,1199,133851990326,map,-0.29609906673431396,0.2115764170885086,2.9793596267700195,0.0042352344031888105,-0.010625623209562956,0.008093796494335115,-0.9999018650223955
133888000000,1200,133883990326,map,-0.2927039563655853,0.20926880836486816,2.979470729827881,0.0040847652149211084,-0.010715477327137896,0.007998586763549087,-0.9999023286377292
133920000000,1201,133915990368,map,-0.28885072469711304,0.20650403201580048,2.979616403579712,0.0040618771712739145,-0.010835790445296053,0.007972455717472349,-0.999901317113365
133956000000,1202,133947990368,map,-0.2845814526081085,0.20330408215522766,2.97973895072937,0.004080201172208534,-0.010849827321483705,0.007927485030111148,-0.9999014435539104
133988000000,1203,133979990368,map,-0.2799302041530609,0.19970537722110748,2.979987144470215,0.004245878458071335,-0.010784945540923723,0.007857942730068235,-0.9999020336097897
134020000000,1204,134011990411,map,-0.28081661462783813,0.20129095017910004,2.9799346923828125,0.004615952483416034,-0.010576864244919661,0.007805427756823579,-0.9999029608404569
134056000000,1205,134051990411,map,-0.2831009030342102,0.20436698198318481,2.9798550605773926,0.00483797022757028,-0.010409159300516783,0.007771921012257487,-0.9999039302179726
134088000000,1206,134083990411,map,-0.28399205207824707,0.2058863490819931,2.9798455238342285,0.005163461942177437,-0.01013300574044769,0.007764756048010634,-0.999905194623428
134120000000,1207,134115990453,map,-0.28416723012924194,0.2066974937915802,2.9799680709838867,0.005306760074661588,-0.010064942366733517,0.007748950979819035,-0.9999052367702764
134156000000,1208,134147990453,map,-0.2836494445800781,0.20684759318828583,2.980222702026367,0.005278685005197269,-0.01009903916717883,0.007773311858258246,-0.9999048995954885
134188000000,1209,134179990453,map,-0.282513290643692,0.2064027488231659,2.980574369430542,0.004976794208667197,-0.010483494322852728,0.0077433454489670974,-0.9999026658125173
134220000000,1210,134211990495,map,-0.28080007433891296,0.20539429783821106,2.98101806640625,0.004793589596088309,-0.0107798658578614,0.007698880523788031,-0.9999007692043343
134256000000,1211,134251990495,map,-0.2779434323310852,0.20336490869522095,2.9813830852508545,0.004674033804114332,-0.010936238239098657,0.007621203881982507,-0.9999002212953036
134288000000,1212,134283990495,map,-0.27509841322898865,0.2012287825345993,2.9816300868988037,0.004361082258664308,-0.011228510169909008,0.007607716890459081,-0.9998985354213632
134320000000,1213,134315990537,map,-0.27177682518959045,0.19864381849765778,2.981823444366455,0.004272828074971514,-0.011461885172647922,0.007595325716996836,-0.9998963437852406
134356000000,1214,134347990537,map,-0.2680036127567291,0.1956256777048111,2.9821319580078125,0.004220271284150682,-0.011543481142092759,0.007543358652782827,-0.9998960487573011
134388000000,1215,134379990537,map,-0.2638150155544281,0.1922379434108734,2.9825806617736816,0.004260853101638354,-0.0115328630997183,0.0074701917237679485,-0.9998965545194831
134420000000,1216,134411990579,map,-0.26429885625839233,0.19367723166942596,2.9825479984283447,0.0045659159424272545,-0.01128866425944618,0.007445999432722727,-0.9998981560997267
134456000000,1217,134451990579,map,-0.2658284902572632,0.19643282890319824,2.982372283935547,0.004744525396065564,-0.011095863171660841,0.007456620438547445,-0.9998994205051819
134488000000,1218,134483990579,map,-0.2661479711532593,0.1977626085281372,2.982273817062378,0.005127093986360219,-0.010774306095852754,0.007415780142340344,-0.999901317113365
134520000000,1219,134515990621,map,-0.26575198769569397,0.19840049743652344,2.9822776317596436,0.00518555495796737,-0.010619536941220179,0.007290098240080921,-0.9999035930431845
134556000000,1220,134547990621,map,-0.26470041275024414,0.19842743873596191,2.9824013710021973,0.005110470511981339,-0.010568276989171692,0.007271975095221205,-0.999904688861246
134588000000,1221,134579990621,map,-0.2630874812602997,0.197849839925766,2.982666254043579,0.005043788270736533,-0.01055642121239448,0.007258867425334325,-0.9999052367702764
134620000000,1222,134611990663,map,-0.2609139382839203,0.19667838513851166,2.9828522205352783,0.0047244404471166,-0.010630297887752872,0.007287190107533702,-0.9999058268261556
134656000000,1223,134651990663,map,-0.257480651140213,0.19447828829288483,2.9830803871154785,0.00461616585183662,-0.010706766100386301,0.0072957037709328034,-0.9999054053576706
134688000000,1224,134683990663,map,-0.2542506158351898,0.1922052800655365,2.9832382202148438,0.004602227757325166,-0.010723405544469499,0.0072590360127283695,-0.9999055739450645
134720000000,1225,134715990705,map,-0.2506301999092102,0.18951717019081116,2.983369827270508,0.004594361772449567,-0.010693245852365162,0.007246897720357303,-0.9999060797072468
134756000000,1226,134747990705,map,-0.24664343893527985,0.18643394112586975,2.9834799766540527,0.00457719055367617,-0.010684299195951963,0.007249089356479831,-0.9999061640009437
134788000000,1227,134779990705,map,-0.24234068393707275,0.18300265073776245,2.9836251735687256,0.004773379523682827,-0.01058822216204884,0.007152446632844311,-0.9999069647910654
134820000000,1228,134811990747,map,-0.24257633090019226,0.18425002694129944,2.9828598499298096,0.004999736582236298,-0.01042354701629106,0.007170443337158438,-0.999907512700096
134856000000,1229,134851990747,map,-0.2437770515680313,0.18680024147033691,2.9814541339874268,0.005197722884841366,-0.010298212660895664,0.007183298125954251,-0.9999077234343386
134888000000,1230,134883990747,map,-0.24390950798988342,0.1879822015762329,2.9805281162261963,0.005435287218467814,-0.010117750721556396,0.007142331389201727,-0.9999085663713088
134920000000,1231,134915990789,map,-0.24342532455921173,0.18850724399089813,2.9797987937927246,0.005486417931156608,-0.0099726812689819,0.007097149967598026,-0.9999100836578553
134956000000,1232,134947990789,map,-0.2423533946275711,0.1884385347366333,2.9792535305023193,0.0054000391175864195,-0.009896352173875782,0.0070698388097630285,-0.9999115166507047
134988000000,1233,134979990789,map,-0.24075928330421448,0.18782591819763184,2.9789249897003174,0.005217262558937721,-0.009893639135139019,0.006989633357046664,-0.9999129917904025
135020000000,1234,135011990831,map,-0.2386663258075714,0.1867295354604721,2.9786999225616455,0.00489599112680997,-0.009941655426213437,0.007011212543484357,-0.9999140033147667
135056000000,1235,135051990831,map,-0.23545487225055695,0.18471768498420715,2.9785518646240234,0.004779615116992789,-0.009963933328373984,0.007010706781302166,-0.9999144247832518
135088000000,1236,135083990831,map,-0.23242373764514923,0.1826140433549881,2.9787697792053223,0.0046167592004383124,-0.010168662138924034,0.007005775600026353,-0.999913118230948
135120000000,1237,135115990872,map,-0.22900007665157318,0.18011704087257385,2.9791438579559326,0.004384933094382172,-0.010320180059320696,0.00694483125707973,-0.9999130339372511
135156000000,1238,135147990872,map,-0.22523021697998047,0.1772558093070984,2.9793813228607178,0.004350612059531891,-0.010336081604282702,0.00690799491148114,-0.999913286818342
135188000000,1239,135179990872,map,-0.22113077342510223,0.17401938140392303,2.9797096252441406,0.00445634664864458,-0.010238806677919557,0.006859905357330275,-0.9999141719021608
135220000000,1240,135211990914,map,-0.22297579050064087,0.17674699425697327,2.980264663696289,0.0047576682980836294,-0.0100764326513088,0.006853836211144603,-0.9999144247832519
135256000000,1241,135251990914,map,-0.22424587607383728,0.17901088297367096,2.9810070991516113,0.004942581998296859,-0.009968994078281706,0.006854384120175304,-0.9999146355174944
135288000000,1242,135283990914,map,-0.22452117502689362,0.17998605966567993,2.9816629886627197,0.005133449270134507,-0.009758867013763595,0.006880388725706509,-0.9999156048950102
135320000000,1243,135315990956,map,-0.22416813671588898,0.1803324967622757,2.9822304248809814,0.005226006877550842,-0.00964549413153894,0.006903400904993472,-0.9999160263634952
135356000000,1244,135347990956,map,-0.22324632108211517,0.1801229566335678,2.982722043991089,0.005215972964154964,-0.009684494783662947,0.006886921487225749,-0.9999158156292527
135388000000,1245,135379990956,map,-0.22182369232177734,0.17937368154525757,2.9831595420837402,0.005037584616835208,-0.009798241719168136,0.006869009076608589,-0.9999157734824042
135420000000,1246,135411990997,map,-0.21992017328739166,0.17809218168258667,2.9836032390594482,0.0048568016370482995,-0.00992658479978438,0.006868123992789798,-0.9999153941607677
135456000000,1247,135451990997,map,-0.2169255167245865,0.17582663893699646,2.9841976165771484,0.004778590092466113,-0.010013067663386829,0.0068376518213164586,-0.9999150991328281
135488000000,1248,135483990997,map,-0.21406319737434387,0.17352858185768127,2.984663486480713,0.004780960852694851,-0.01013004097307275,0.006814176026695872,-0.9999140454616151
135520000000,1249,135515991039,map,-0.21085211634635925,0.1708376109600067,2.985041618347168,0.004775821077446173,-0.01012754821747391,0.006786064078739106,-0.9999143404895547
135556000000,1250,135547991039,map,-0.20731844007968903,0.16780780255794525,2.9854371547698975,0.004823925778120787,-0.01009891799498936,0.00675209371883928,-0.9999145933706459
135588000000,1251,135579991039,map,-0.20347416400909424,0.16443221271038055,2.985795259475708,0.005099787932245097,-0.010022800292670305,0.0067019811159598755,-0.9999142983427063
135620000000,1252,135611991081,map,-0.20341691374778748,0.16555197536945343,2.986257553100586,0.005351697670161186,-0.00985900512701132,0.006624515208396852,-0.9999151412796765
135656000000,1253,135651991081,map,-0.20413711667060852,0.16790862381458282,2.986912488937378,0.005545822597043697,-0.009749191019307804,0.006603146756201882,-0.999915352013919
135688000000,1254,135683991081,map,-0.20399561524391174,0.16898871958255768,2.9873366355895996,0.005861380003111809,-0.00956392137578801,0.006593832302680957,-0.9999153941607676
135720000000,1255,135715991122,map,-0.20329536497592926,0.16944320499897003,2.9877536296844482,0.005990555813258397,-0.009438054093249527,0.006585445079827223,-0.9999158577761013
135756000000,1256,135747991122,map,-0.2020910382270813,0.16934171319007874,2.9882962703704834,0.005955284004774716,-0.009384800397703124,0.006588353212374553,-0.9999165742725259
135788000000,1257,135779991122,map,-0.2004067599773407,0.16870296001434326,2.9888782501220703,0.005753289141749557,-0.009368170337879162,0.0065847707302510985,-0.9999178808248297
135820000000,1258,135811991163,map,-0.19830147922039032,0.16755904257297516,2.9893813133239746,0.0055591131776676775,-0.009363357859250953,0.0065687549278169435,-0.9999191452302851
135856000000,1259,135851991163,map,-0.19512373208999634,0.16547542810440063,2.9900171756744385,0.0054345873502919554,-0.009346151737618633,0.006509791486750237,-0.9999203674888919
135888000000,1260,135883991163,map,-0.1921750158071518,0.163338765501976,2.9905266761779785,0.0052733173735488295,-0.009375461248763166,0.006503047990988497,-0.9999210418384681
135920000000,1261,135915991205,map,-0.1888783574104309,0.16081616282463074,2.9909722805023193,0.0052970956047346885,-0.009395488081159302,0.006503090137836952,-0.9999207468105284
135956000000,1262,135947991205,map,-0.1853037029504776,0.15793831646442413,2.9914743900299072,0.005347839916433424,-0.009326974921546176,0.0064721964978785565,-0.9999212947195592
135988000000,1263,135979991205,map,-0.18143372237682343,0.15467415750026703,2.991816997528076,0.005405496311287945,-0.009190664604836231,0.006504565277534901,-0.9999220533628324
136020000000,1264,136011991246,map,-0.1826486736536026,0.15713319182395935,2.9917399883270264,0.005696291456039145,-0.00899042459828872,0.006467349610299765,-0.9999224326844689
136056000000,1265,136051991246,map,-0.18324808776378632,0.1590782254934311,2.99153995513916,0.0059315036333192055,-0.008833796537146237,0.0064372989073114275,-0.9999227277124085
136088000000,1266,136083991246,map,-0.183098703622818,0.15986740589141846,2.9914815425872803,0.006233552809803449,-0.008535732872024304,0.006424191237424603,-0.9999235285025302
136120000000,1267,136115991288,map,-0.18244411051273346,0.1600431203842163,2.991490125656128,0.0064020818403400055,-0.008397826161108944,0.006392117485707781,-0.9999238235304698
136156000000,1268,136147991288,map,-0.18131855130195618,0.1596963107585907,2.991560459136963,0.006399847151870229,-0.008318714797774664,0.0063202571089966955,-0.9999249614953796
136188000000,1269,136179991288,map,-0.17982575297355652,0.15888497233390808,2.991685152053833,0.006228018731030616,-0.00831405855883097,0.006289953524917401,-0.9999263523413804
136220000000,1270,136211991329,map,-0.1779700517654419,0.15761838853359222,2.9917356967926025,0.006002563960771145,-0.00831903262781783,0.006276508680242431,-0.9999277431873812
136256000000,1271,136251991329,map,-0.1751706600189209,0.1554151326417923,2.9918696880340576,0.00584933604724144,-0.00846791941595091,0.006267404960964062,-0.9999274060125931
136288000000,1272,136283991329,map,-0.17261099815368652,0.15320755541324615,2.9920825958251953,0.005666652178732239,-0.008661515366957384,0.006312417795173774,-0.999926563075623
136320000000,1273,136315991370,map,-0.16976973414421082,0.150641068816185,2.9923558235168457,0.005603294599435984,-0.008815438621169456,0.006343353581980681,-0.9999253829638646
136356000000,1274,136347991370,map,-0.16667042672634125,0.14774875342845917,2.9926552772521973,0.005616457422425416,-0.008879820731084004,0.00634676747671009,-0.9999246664674399
136388000000,1275,136379991370,map,-0.16334593296051025,0.1445385217666626,2.9930458068847656,0.005772298852153114,-0.008953759968170653,0.006342468498162001,-0.9999231491808935
136420000000,1276,136411991411,map,-0.16422182321548462,0.14702489972114563,2.9929003715515137,0.005954870109551448,-0.00890103788267832,0.006279838281274762,-0.9999229805934996
136456000000,1277,136451991411,map,-0.1645154058933258,0.1490839123725891,2.992694139480591,0.006083425817725708,-0.00882741400609293,0.0063141036691141674,-0.99992268556556
136488000000,1278,136483991411,map,-0.1641942411661148,0.1499931961297989,2.992551326751709,0.0063150639916428825,-0.008722058327026522,0.006325989080394222,-0.9999220112159838
136520000000,1279,136515991452,map,-0.16343557834625244,0.15032948553562164,2.992431879043579,0.006272672740801464,-0.008692448272632158,0.0063056321525634665,-0.9999227277124085
136556000000,1280,136547991452,map,-0.16229118406772614,0.1501179039478302,2.9924075603485107,0.006244948675559899,-0.008679482189814488,0.006307570907594983,-0.9999229805934995
136588000000,1281,136579991452,map,-0.160774827003479,0.14940929412841797,2.9923970699310303,0.006138133991136055,-0.008696013056371934,0.006297287076558299,-0.9999235706493788
136620000000,1282,136611991493,map,-0.15888619422912598,0.14825551211833954,2.9924192428588867,0.005947170901072496,-0.008837395647518488,0.006365649264842953,-0.9999230648871966
136656000000,1283,136651991493,map,-0.15607070922851562,0.14625945687294006,2.992473602294922,0.005871925111682009,-0.008853645068616835,0.006394266974981798,-0.9999231913277422
136688000000,1284,136683991493,map,-0.1535191535949707,0.14424431324005127,2.992659330368042,0.005701777790335149,-0.00883314638908073,0.00638845070988736,-0.9999243714395003
136720000000,1285,136715991535,map,-0.1506909728050232,0.14187416434288025,2.992936611175537,0.005652580235049538,-0.008836294561101141,0.006353510972471831,-0.999924835054834
136756000000,1286,136747991535,map,-0.14757749438285828,0.1392052173614502,2.993224859237671,0.005660411975610722,-0.00881410128190987,0.006326832017364391,-0.9999251300827736
136788000000,1287,136779991535,map,-0.14421804249286652,0.13624359667301178,2.9935736656188965,0.0056447740130880384,-0.008779505469363633,0.006309551809474955,-0.9999256358449558
136820000000,1288,136811991576,map,-0.1450822800397873,0.13730713725090027,2.9939064979553223,0.005873105388076442,-0.00864349413186031,0.006325019702878464,-0.9999254251107131
136856000000,1289,136851991576,map,-0.14717358350753784,0.13946102559566498,2.9943830966949463,0.006067890999736586,-0.008491201763122258,0.006340866917918574,-0.9999254251107133
136888000000,1290,136883991576,map,-0.14820769429206848,0.1404382288455963,2.994845390319824,0.006245748313228717,-0.008278662861661725,0.006326705576818858,-0.9999262680476834
136920000000,1291,136915991616,map,-0.14871282875537872,0.14081376791000366,2.9953694343566895,0.006370016896656008,-0.008113019243886896,0.0063033983695923715,-0.9999269845441081
136956000000,1292,136947991616,map,-0.1487336903810501,0.14064465463161469,2.9959373474121094,0.006362305505103658,-0.008076612104671452,0.006264791856356421,-0.9999275745999872
136988000000,1293,136979991616,map,-0.14831312000751495,0.1399606466293335,2.996351957321167,0.006318458130037025,-0.008033712045879554,0.006226648958454094,-0.9999283753901089
137020000000,1294,137011991657,map,-0.14746619760990143,0.13883373141288757,2.9966630935668945,0.0063108233766017915,-0.008025756416632803,0.00619967497540702,-0.999928712564897
137056000000,1295,137051991657,map,-0.14590923488140106,0.13686588406562805,2.9970178604125977,0.006287360423599129,-0.008101145604089904,0.006214426372385894,-0.9999281225090179
137088000000,1296,137083991657,map,-0.14426307380199432,0.13486066460609436,2.9972643852233887,0.006189959632916898,-0.00817922865017497,0.006216744449053901,-0.9999280803621694
137120000000,1297,137115991698,map,-0.14231297373771667,0.13249056041240692,2.9974045753479004,0.0061701564586992864,-0.008273471061396916,0.006212529764202889,-0.9999274903062902
137156000000,1298,137147991698,map,-0.14006491005420685,0.1298190802335739,2.997589349746704,0.0062142192601380925,-0.008325475415693614,0.00622340365111873,-0.999926731663017
137188000000,1299,137179991698,map,-0.13758093118667603,0.12689010798931122,2.997722864151001,0.006355590491391886,-0.008366823943624705,0.006231200818093196,-0.9999254251107131
137220000000,1300,137211991739,map,-0.13933783769607544,0.12958931922912598,2.997472047805786,0.0064795078236422315,-0.008310801233058362,0.006197146164496458,-0.9999253408170161
137256000000,1301,137251991739,map,-0.14072325825691223,0.13193657994270325,2.9972333908081055,0.00659374381076266,-0.008280633720737991,0.006200138590740644,-0.9999247929079855
137284000000,1302,137283991739,map,-0.14125308394432068,0.1330656260251999,2.99715518951416,0.0067772542349474425,-0.008273767324107445,0.00621413134444626,-0.9999235285025301
137320000000,1303,137315991780,map,-0.14132733643054962,0.13361956179141998,2.997122287750244,0.00678454333483405,-0.008298753490557073,0.0061834905855788205,-0.9999234863556817
137356000000,1304,137347991780,map,-0.14095650613307953,0.13369117677211761,2.9970898628234863,0.0067615964337714544,-0.008309442244148077,0.006180203131395,-0.9999235706493788
137388000000,1305,137379991780,map,-0.14020340144634247,0.13331399857997894,2.9970920085906982,0.006601768587182748,-0.008321821975399452,0.0061630915108995534,-0.999924582173743
137420000000,1306,137411991820,map,-0.1391080617904663,0.13252423703670502,2.9969608783721924,0.0063398170333366834,-0.008525119604097528,0.006160267672049357,-0.9999246243205915
137456000000,1307,137451991820,map,-0.13728055357933044,0.1309734433889389,2.9968411922454834,0.006167655965202475,-0.008576244142931561,0.006178896579091208,-0.9999251300827736
137488000000,1308,137483991820,map,-0.13548558950424194,0.1293211579322815,2.9968531131744385,0.005918965028205278,-0.008645713509170276,0.006175356243816209,-0.9999260573134409
137520000000,1309,137515991861,map,-0.13344086706638336,0.12731927633285522,2.9968533515930176,0.005864256196250424,-0.008736606727660749,0.006112473145838015,-0.9999259730197438
137556000000,1310,137547991861,map,-0.13115428388118744,0.12497196346521378,2.9967706203460693,0.005795231841462976,-0.008750584664114935,0.006081115890545884,-0.999926478781926
137588000000,1311,137579991861,map,-0.12865912914276123,0.12231405079364777,2.9967281818389893,0.005878372097779034,-0.008769367341299366,0.006101767846316274,-0.9999257201386528
137620000000,1312,137611991902,map,-0.1290997564792633,0.1235143318772316,2.9959065914154053,0.006130989771041204,-0.008707123031493855,0.006071927877570548,-0.9999248772016825
137656000000,1313,137651991902,map,-0.13026471436023712,0.1258266717195511,2.994840621948242,0.0062200598090613275,-0.008670225523574155,0.006086384246609732,-0.9999245821737429
137688000000,1314,137683991902,map,-0.1306494027376175,0.1269632875919342,2.994194269180298,0.006594693349625108,-0.00860381583743759,0.00616764337053871,-0.9999222219502264
137720000000,1315,137715991942,map,-0.13058039546012878,0.12752844393253326,2.993607759475708,0.006646335751396605,-0.008506554740509115,0.006149562372527561,-0.9999228541529541
137756000000,1316,137747991942,map,-0.13007618486881256,0.1275991052389145,2.993173360824585,0.006619291139451151,-0.008431744907582913,0.006140458653249302,-0.9999236970899242
137788000000,1317,137779991942,map,-0.12922188639640808,0.12721914052963257,2.992685556411743,0.006610467877815136,-0.008351598806190463,0.006137255492762394,-0.9999244557331974
137820000000,1318,137811991983,map,-0.12800905108451843,0.1264081746339798,2.9923081398010254,0.006419315950113913,-0.008250312191320816,0.00610025055976987,-0.9999268159567141
137856000000,1319,137851991983,map,-0.12603013217449188,0.12485245615243912,2.9920620918273926,0.006337789045524351,-0.008221710697840428,0.006117867942447341,-0.9999274060125932
137888000000,1320,137883991983,map,-0.12411388009786606,0.12318383157253265,2.9921724796295166,0.006267454022529891,-0.00818763875745029,0.006141723058704639,-0.9999279960684724
137920000000,1321,137915992023,map,-0.12197571247816086,0.12115489691495895,2.992286443710327,0.00615818551895124,-0.008077231301145082,0.006127772451847479,-0.9999296397955643
137952000000,1322,137947992023,map,-0.11961265653371811,0.11879277974367142,2.992345094680786,0.006151489026803754,-0.008063565597105743,0.006174386866300507,-0.9999295555018672
137988000000,1323,137979992023,map,-0.1170608326792717,0.11611591279506683,2.992469072341919,0.006318884372969818,-0.007962169581529708,0.006135780353064556,-0.9999295555018672
138020000000,1324,138011992064,map,-0.11732780933380127,0.11722132563591003,2.9922850131988525,0.006628107321733708,-0.007844116835077138,0.006098101070495853,-0.999928712564897
138052000000,1325,138051992064,map,-0.11827327311038971,0.11939360201358795,2.991973638534546,0.006822517316070111,-0.007797849061989478,0.006091610455825124,-0.9999277853342298
138088000000,1326,138083992064,map,-0.11850722879171371,0.12044978141784668,2.9917569160461426,0.007115330920317794,-0.007641273828464245,0.006061138284351674,-0.9999271531315022
138120000000,1327,138115992104,map,-0.11832714825868607,0.12097900360822678,2.991448402404785,0.007203172001098683,-0.0075251192851071465,0.006037999664519233,-0.9999275324531387
138156000000,1328,138147992104,map,-0.11780337244272232,0.12100080400705338,2.9911699295043945,0.007188785448067051,-0.007416060353028402,0.00606391997635347,-0.9999283332432605
138188000000,1329,138179992104,map,-0.11695394665002823,0.12055348604917526,2.9908597469329834,0.007048764438849781,-0.00742916403048921,0.006073655898359508,-0.9999291340333821
138220000000,1330,138211992144,map,-0.11581078171730042,0.11966058611869812,2.990605354309082,0.006944777256429992,-0.007425304013014701,0.006041919321430832,-0.9999301034108978
138256000000,1331,138251992144,map,-0.11398783326148987,0.11797887086868286,2.9900591373443604,0.006888569206743682,-0.007436752109582442,0.006039685538459682,-0.9999303984388375
138288000000,1332,138283992144,map,-0.11224692314863205,0.11623169481754303,2.9897351264953613,0.0068867577565973805,-0.007474406820209226,0.006081705946425097,-0.9999298505298069
138320000000,1333,138315992185,map,-0.11026360094547272,0.11414217948913574,2.9895710945129395,0.0068557985297218035,-0.007543993633745038,0.006088407295338271,-0.9999295555018672
138356000000,1334,138347992185,map,-0.10807352513074875,0.11174310743808746,2.9894869327545166,0.0068998037702547085,-0.007543486575053406,0.006099829091284813,-0.9999291761802307
138388000000,1335,138379992185,map,-0.10571273416280746,0.10904540866613388,2.989468574523926,0.007049037323230276,-0.007581008342007643,0.0060544369354385555,-0.9999281225090179
138420000000,1336,138411992225,map,-0.1062001958489418,0.11019276827573776,2.989610433578491,0.007333623247321107,-0.007603350256752318,0.006085499162791107,-0.9999257201386528
138456000000,1337,138451992225,map,-0.10743672400712967,0.11245031654834747,2.9898860454559326,0.007493733323962957,-0.007560433443662057,0.006095740846979169,-0.9999247507611371
138488000000,1338,138483992225,map,-0.10793674737215042,0.11354184150695801,2.9901585578918457,0.007755263550808083,-0.007464428378898387,0.006158033889078262,-0.9999231491808935
138520000000,1339,138515992265,map,-0.10808593034744263,0.11407753080129623,2.990432024002075,0.007817147852852643,-0.007360794989225755,0.006189854759704016,-0.999923191327742
138556000000,1340,138547992265,map,-0.10790497064590454,0.11411280930042267,2.990774154663086,0.007851669558562216,-0.007344632187309723,0.0061839542009124995,-0.9999231070340451
138588000000,1341,138579992265,map,-0.10739895701408386,0.11370671540498734,2.991121530532837,0.007825161536913674,-0.007382124731351417,0.006231116524396229,-0.9999227277124085
138620000000,1342,138611992305,map,-0.1065804660320282,0.11286787688732147,2.991471290588379,0.007657930934917065,-0.007558652664711727,0.006281608448912178,-0.9999223905376204
138656000000,1343,138651992305,map,-0.10516034066677094,0.11128735542297363,2.9918973445892334,0.007528410551646433,-0.0075897035218817355,0.006272799757573443,-0.999923191327742
138688000000,1344,138683992305,map,-0.10372716933488846,0.10963049530982971,2.992243528366089,0.0074283643310819655,-0.0076013585814957456,0.0062223078330573825,-0.9999242028521065
138720000000,1345,138715992345,map,-0.10207482427358627,0.10764613747596741,2.9926068782806396,0.007432194199565719,-0.007662047635548076,0.006175735565452921,-0.9999239921178638
138756000000,1346,138747992345,map,-0.10021086782217026,0.1053609848022461,2.992981195449829,0.007409718826660598,-0.007695489091600125,0.006149098757193993,-0.9999240764115608
138788000000,1347,138779992345,map,-0.09814764559268951,0.10279687494039536,2.9933018684387207,0.007501614967277697,-0.007702127014445431,0.006133757304336073,-0.9999234020619847
138820000000,1348,138811992385,map,-0.09784229099750519,0.10369337350130081,2.9945602416992188,0.007673788922047502,-0.0077105852327702075,0.006083181086122879,-0.9999223905376204
138856000000,1349,138851992385,map,-0.09778402000665665,0.10553202778100967,2.996580123901367,0.007751816908924066,-0.007704267474456897,0.0060992390354056005,-0.9999216740411957
138888000000,1350,138883992385,map,-0.09737572073936462,0.10637687891721725,2.9980835914611816,0.007979676699161326,-0.007623091887927707,0.006129247591545372,-0.9999203253420433
138920000000,1351,138915992425,map,-0.0966346263885498,0.10673994570970535,2.999516248703003,0.008009100364880414,-0.007595309315122512,0.006142186674038207,-0.9999202831951948
138956000000,1352,138947992425,map,-0.09565283358097076,0.10664632171392441,3.0007107257843018,0.007990580241159511,-0.007560836362286045,0.00617004574090385,-0.9999204939294375
138988000000,1353,138979992425,map,-0.09443418681621552,0.10611067712306976,3.001695394515991,0.007871968987225624,-0.00747730606240562,0.006185597928004437,-0.9999219690691352
139020000000,1354,139011992465,map,-0.09302645921707153,0.10518597811460495,3.0024898052215576,0.007725976646261738,-0.007377193735291286,0.006201318702498958,-0.9999237813836213
139056000000,1355,139051992465,map,-0.0909685268998146,0.10351821035146713,3.003260612487793,0.007656419282013143,-0.007339184439605984,0.006211897561475276,-0.9999244978800459
139088000000,1356,139083992465,map,-0.08911724388599396,0.10180149972438812,3.0037717819213867,0.007596507104685074,-0.007355157210272429,0.006251557745924007,-0.9999245400268945
139120000000,1357,139115992505,map,-0.08712782710790634,0.09977571666240692,3.0042529106140137,0.007635162329635127,-0.007351150646065379,0.006236174146217465,-0.999924413586349
139156000000,1358,139147992505,map,-0.0849798321723938,0.09746553003787994,3.004791736602783,0.007629942273695023,-0.007371393419321585,0.006247005886284795,-0.9999242028521063
139188000000,1359,139179992505,map,-0.08266815543174744,0.09486936032772064,3.0052781105041504,0.0077729507906522735,-0.007364885373800961,0.006264033213083219,-0.9999231070340451
139220000000,1360,139211992545,map,-0.08284038305282593,0.09613053500652313,3.0057432651519775,0.008042028269403574,-0.007328206934827744,0.006206249883774772,-0.9999215476006502
139256000000,1361,139251992545,map,-0.08363843709230423,0.09856391698122025,3.0062673091888428,0.008168368098785567,-0.007268942497761824,0.006219104672570585,-0.9999209153979225
139288000000,1362,139283992545,map,-0.0838666781783104,0.09982829540967941,3.006594181060791,0.00839784250124467,-0.007097173716359215,0.006231917314517887,-0.9999201567546493
139320000000,1363,139315992584,map,-0.0837668925523758,0.10055643320083618,3.0066542625427246,0.008441733875316241,-0.006992359072765146,0.006241147474341735,-0.9999204517825889
139356000000,1364,139347992584,map,-0.08340485394001007,0.10084685683250427,3.0066447257995605,0.008420525778708911,-0.006939295202673169,0.006207472142381598,-0.9999211682790136
139388000000,1365,139379992584,map,-0.08278854936361313,0.10074461996555328,3.006701946258545,0.008318292423790976,-0.006801047859611055,0.006201318702499015,-0.999923022740348
139420000000,1366,139411992624,map,-0.08193163573741913,0.10025482624769211,3.0067298412323,0.008078911742093449,-0.006738135538720259,0.006149562372527617,-0.9999258044323498
139456000000,1367,139451992624,map,-0.08052213490009308,0.09912818670272827,3.00679874420166,0.007875255330115618,-0.0067368397289237075,0.006140247919006747,-0.9999274481594418
139488000000,1368,139483992624,map,-0.07919183373451233,0.09786993265151978,3.006826162338257,0.007708049356654632,-0.006669809323429338,0.006154619994348964,-0.9999291761802307
139520000000,1369,139515992664,map,-0.07770048081874847,0.09632504731416702,3.0067825317382812,0.0076064619104219315,-0.006666551215635124,0.006164608797446014,-0.9999298926766553
139556000000,1370,139547992664,map,-0.07604705542325974,0.09447130560874939,3.006685733795166,0.007559200105558504,-0.006642299038198678,0.006139447128884978,-0.9999305248793829
139588000000,1371,139579992664,map,-0.07426707446575165,0.09234081208705902,3.006490707397461,0.007505241191162115,-0.006635030435509881,0.006159382588230677,-0.9999309042010196
139620000000,1372,139611992703,map,-0.0749909058213234,0.09403451532125473,3.0067331790924072,0.007615482035706802,-0.006656416833042748,0.0061837013198214885,-0.9999297662361099
139656000000,1373,139651992703,map,-0.076411172747612,0.09695146977901459,3.007172107696533,0.007725152086799196,-0.00664226734574423,0.006197441192436037,-0.9999289232991396
139688000000,1374,139683992703,map,-0.07712966203689575,0.09859120845794678,3.0072522163391113,0.007865214296207247,-0.006616128067861126,0.006226101049423394,-0.9999278274810783
139720000000,1375,139715992743,map,-0.07753559201955795,0.09966814517974854,3.0072991847991943,0.008002877798404001,-0.006625767801209946,0.006186440864974607,-0.9999269423972595
139756000000,1376,139747992743,map,-0.07767249643802643,0.10025690495967865,3.0072481632232666,0.007978835737824631,-0.00660734032646951,0.00618981261285545,-0.9999271952783506
139788000000,1377,139779992743,map,-0.07752985507249832,0.10039984434843063,3.0071680545806885,0.007888799615011297,-0.006643737999107651,0.006209284456867525,-0.9999275324531387
139820000000,1378,139811992782,map,-0.07713571190834045,0.1001141145825386,3.007014036178589,0.00774263413858036,-0.006761306838823949,0.0062205798122684786,-0.9999278696279268
139856000000,1379,139851992782,map,-0.07630032300949097,0.0992031916975975,3.006741523742676,0.007631717256939196,-0.006811220108512641,0.006199843562801066,-0.999928543977503
139888000000,1380,139883992782,map,-0.07537519931793213,0.09807737171649933,3.0064568519592285,0.007551326156410261,-0.006927633593628231,0.006179191607030787,-0.9999283753901089
139920000000,1381,139915992822,map,-0.0742587000131607,0.09660088270902634,3.006066083908081,0.007533685951049603,-0.0069163162798838735,0.006139952891067169,-0.9999289232991395
139956000000,1382,139947992822,map,-0.07298240065574646,0.09477858245372772,3.005643129348755,0.007520973695980726,-0.006952657111899169,0.006104844566257539,-0.9999289654459881
139988000000,1383,139979992822,map,-0.07157100737094879,0.09265991300344467,3.0052335262298584,0.007603795813560879,-0.007004315051205152,0.0061485087013148365,-0.9999277010405327
140020000000,1384,140011992861,map,-0.07260196655988693,0.09420425444841385,3.0059151649475098,0.0077807335725451916,-0.007051623550990099,0.006172490258117502,-0.9999258044323498
140056000000,1385,140051992861,map,-0.07442889362573624,0.09690209478139877,3.0068304538726807,0.007946462883424123,-0.007106261671728409,0.006205870562138171,-0.9999239499710153
140088000000,1386,140083992861,map,-0.07549367845058441,0.09838943928480148,3.0074636936187744,0.008278658087214162,-0.007140562291698942,0.006222349979905949,-0.999920873251074
140120000000,1387,140115992901,map,-0.07621891051530838,0.09935303032398224,3.008028268814087,0.008391727874329019,-0.007206446706272327,0.006264243947325775,-0.9999192716708306
140156000000,1388,140155992901,map,-0.076687291264534,0.09989248216152191,3.008390188217163,0.008342923552432737,-0.007238738683175451,0.006287382567158272,-0.999919229523982
140188000000,1389,140179992901,map,-0.07677246630191803,0.09989223629236221,3.008441686630249,0.008205202057160247,-0.0072587585185361885,0.006305042096684309,-0.9999201146078007
140220000000,1390,140211992940,map,-0.0766717866063118,0.09955484420061111,3.008413553237915,0.008067408698218323,-0.0073078380297187445,0.006329740149911666,-0.99992070466368
140256000000,1391,140251992940,map,-0.07622161507606506,0.09865766018629074,3.00825834274292,0.007936100520954887,-0.007365470881607106,0.006334839918581524,-0.9999213368664076
140288000000,1392,140283992940,map,-0.07563233375549316,0.09755653887987137,3.0083258152008057,0.007748700691746929,-0.007466669868898159,0.00639207533885927,-0.9999216740411958
140320000000,1393,140315992979,map,-0.07482641190290451,0.0961374044418335,3.0082359313964844,0.0076022418446705506,-0.007587394113691588,0.006358695034838656,-0.9999220955096808
140356000000,1394,140347992979,map,-0.07383191585540771,0.09444862604141235,3.0080015659332275,0.0075553909452125995,-0.007605740572666016,0.0063474418262862145,-0.9999223905376204
140388000000,1395,140379992979,map,-0.07265855371952057,0.09250598400831223,3.007843494415283,0.00746250517169125,-0.007644147593219987,0.006402864932078033,-0.9999224326844689
140420000000,1396,140411993018,map,-0.07356113195419312,0.09408381581306458,3.0079057216644287,0.007558275972108403,-0.007663329687938265,0.006404677246564016,-0.9999216318943472
140456000000,1397,140451993018,map,-0.07511316984891891,0.09679170697927475,3.00805926322937,0.007656954042943831,-0.007656257792341265,0.006397891603953764,-0.9999209153979225
140488000000,1398,140483993018,map,-0.07598543167114258,0.09831216931343079,3.008150815963745,0.007733804101138743,-0.0076365114455225515,0.006361771754779976,-0.99992070466368
140520000000,1399,140515993057,map,-0.0765409991145134,0.09932035207748413,3.0084028244018555,0.007629355922128728,-0.007596344567668577,0.006365438530600342,-0.9999218426285899
140556000000,1400,140547993057,map,-0.07679569721221924,0.09987565129995346,3.008554458618164,0.007640092459104708,-0.00762977924502103,0.006364131978296494,-0.9999214633069532
140588000000,1401,140579993057,map,-0.07675644755363464,0.10000144690275192,3.0085573196411133,0.007608921928191231,-0.007612662658431182,0.006379894899639637,-0.9999217161880443
140620000000,1402,140611993096,map,-0.07644820958375931,0.09975380450487137,3.008504629135132,0.00733373671248188,-0.007629716866257529,0.006362909719689779,-0.9999237813836213
140656000000,1403,140651993096,map,-0.07574531435966492,0.09894061088562012,3.008232831954956,0.007272942085513115,-0.007643760101515586,0.0063616874610829535,-0.9999241607052578
140688000000,1404,140683993096,map,-0.0749635323882103,0.09793227165937424,3.0079989433288574,0.007071382088237899,-0.007663279957538155,0.006422758244575221,-0.9999250457890765
140720000000,1405,140715993135,map,-0.07399974763393402,0.09665519744157791,3.0077733993530273,0.007021210895476753,-0.007705474859218615,0.00644581257071064,-0.9999249193485311
140756000000,1406,140747993135,map,-0.07287666201591492,0.09512518346309662,3.0076353549957275,0.007008955732034964,-0.007675434343090705,0.006424570559061204,-0.9999253408170161
140788000000,1407,140779993135,map,-0.0715799331665039,0.09333045780658722,3.007488489151001,0.006952303967406885,-0.007666101265107931,0.006432114844944658,-0.9999258044323498
140820000000,1408,140811993174,map,-0.07152187824249268,0.09392349421977997,3.008561611175537,0.006981735391603458,-0.007680319487989469,0.006414371021721542,-0.9999255936981072
140856000000,1409,140851993174,map,-0.07167921960353851,0.09506754577159882,3.01011323928833,0.006974409577860531,-0.007625469480555716,0.006373024963332307,-0.9999263101945319
140888000000,1410,140883993174,map,-0.07153725624084473,0.09544505178928375,3.011133909225464,0.0071660759728791,-0.007561635794159704,0.006351192895803769,-0.9999256358449558
140920000000,1411,140915993213,map,-0.0711904913187027,0.09537381678819656,3.011990547180176,0.0072685811729119795,-0.007501182612228569,0.006351698657985904,-0.9999252986701677
140956000000,1412,140947993213,map,-0.07065912336111069,0.09493128210306168,3.012730836868286,0.007266014824964371,-0.007501249125223876,0.0063933397443146625,-0.9999250457890766
140988000000,1413,140979993213,map,-0.06992734223604202,0.09416734427213669,3.0131328105926514,0.007416973576762771,-0.007492734867591154,0.006414708196509632,-0.9999239078241667
141020000000,1414,141011993252,map,-0.06904131174087524,0.09309270977973938,3.013453483581543,0.007491500580578986,-0.007496003043591953,0.006411167861234745,-0.9999233177682876
141056000000,1415,141051993252,map,-0.06769586354494095,0.09131398051977158,3.0138306617736816,0.007439361089283524,-0.007442372384371294,0.00639515205880059,-0.9999242449989549
141088000000,1416,141083993252,map,-0.0664115697145462,0.08955742418766022,3.014052391052246,0.0074504584800314895,-0.007438734985809757,0.006365607117994442,-0.9999243714395005
141120000000,1417,141115993291,map,-0.06502094864845276,0.08759193122386932,3.0142264366149902,0.007524315135379593,-0.007407537526599757,0.006339096750281103,-0.9999241607052578
141156000000,1418,141147993291,map,-0.06352211534976959,0.08544410765171051,3.0144286155700684,0.0075449588439089445,-0.007376507254090504,0.006389167206312051,-0.9999239921178638
141188000000,1419,141179993291,map,-0.061929136514663696,0.08308130502700806,3.014603614807129,0.007675379128249735,-0.007309633880592014,0.006373024963332362,-0.9999235285025301
141220000000,1420,141211993330,map,-0.06275685876607895,0.08458731323480606,3.0153305530548096,0.007841589814584486,-0.007235043857474866,0.0063679251946625595,-0.9999228120061054
141256000000,1421,141251993330,map,-0.06344883888959885,0.08575302362442017,3.0160157680511475,0.00798828622194547,-0.007175875917758881,0.006360380908779161,-0.9999221798033779
141288000000,1422,141283993330,map,-0.0637349933385849,0.08621717989444733,3.0164430141448975,0.008187281373577736,-0.007091700635271435,0.0063737836066055644,-0.9999210839853165
141320000000,1423,141315993368,map,-0.06376834958791733,0.08628550171852112,3.0167927742004395,0.008288355031617114,-0.007007504155882638,0.0064259614050620195,-0.9999204939294375
141356000000,1424,141347993368,map,-0.06359270215034485,0.08600679039955139,3.0170488357543945,0.008278851822776606,-0.007000375164629534,0.006400378268015927,-0.9999207889573769
141388000000,1425,141379993368,map,-0.06322221457958221,0.08542804419994354,3.016968011856079,0.008274043624687696,-0.006976931803325984,0.006442019354344686,-0.99992070466368
141420000000,1426,141411993407,map,-0.06269428133964539,0.08458749204874039,3.016782522201538,0.008101286409137638,-0.006922611018722458,0.006436835291977805,-0.999922516978166
141456000000,1427,141451993407,map,-0.06180684268474579,0.08317215740680695,3.016552448272705,0.0080022041896904,-0.0069045421214666185,0.006439364102888534,-0.9999234442088332
141488000000,1428,141483993407,map,-0.06096062436699867,0.08172062039375305,3.016338586807251,0.007808791602170367,-0.0069985342446165,0.006455843520656257,-0.9999241607052578
141520000000,1429,141515993445,map,-0.06001318246126175,0.08004651218652725,3.01607084274292,0.007759605324459455,-0.006998441636795065,0.006491246873405465,-0.9999243292926518
141556000000,1430,141547993445,map,-0.05900184065103531,0.07814796268939972,3.015812397003174,0.007789930023122076,-0.007036631908742967,0.006483365412733866,-0.9999239499710153
141588000000,1431,141579993445,map,-0.05791792646050453,0.07604192197322845,3.0156211853027344,0.007851051679177603,-0.007050663351938428,0.006465916617450329,-0.9999234442088332
141620000000,1432,141611993484,map,-0.05780342221260071,0.07715534418821335,3.0161526203155518,0.00800174674821154,-0.007074747312412118,0.006421114517483284,-0.9999223905376204
141656000000,1433,141651993484,map,-0.05781511217355728,0.07926469296216965,3.0169076919555664,0.008129496109794807,-0.007145042040714496,0.006425160614940305,-0.999920788957377
141688000000,1434,141683993484,map,-0.05765337124466896,0.08042903244495392,3.017660617828369,0.008319830495648401,-0.007227667767974659,0.006368599544238684,-0.9999190187897395
141720000000,1435,141715993522,map,-0.05733554810285568,0.08117420971393585,3.0183424949645996,0.008259143520127176,-0.0072864620865799425,0.006412685147781093,-0.9999188502023455
141756000000,1436,141747993522,map,-0.05687209218740463,0.08152998983860016,3.018889904022217,0.008215144432869515,-0.007329510235568075,0.0064307661457922985,-0.9999187237617999
141788000000,1437,141779993522,map,-0.05629432946443558,0.08154213428497314,3.019352912902832,0.00806796916075365,-0.007345266365670911,0.00645390476562474,-0.9999196931393157
141820000000,1438,141811993561,map,-0.05561525374650955,0.08125130087137222,3.0199902057647705,0.00789246657604739,-0.007380164429566795,0.006456138548595835,-0.9999208311042255
141856000000,1439,141851993561,map,-0.05461740866303444,0.08047681301832199,3.0206472873687744,0.007815331268117131,-0.0074706616055640225,0.006477422707093782,-0.999920620369983
141888000000,1440,141883993561,map,-0.05371339991688728,0.07955048233270645,3.021061658859253,0.007592695418203596,-0.007547660337537181,0.006502879403594452,-0.9999215476006502
141920000000,1441,141915993599,map,-0.05274401605129242,0.07840915024280548,3.021291732788086,0.007488207309787907,-0.007560953202487422,0.006547807944106975,-0.9999219690691353
141956000000,1442,141947993599,map,-0.05169706791639328,0.07705296576023102,3.0213661193847656,0.00747110304132453,-0.0075611289258285955,0.006558007481446692,-0.9999220533628324
141988000000,1443,141979993599,map,-0.05058829486370087,0.07547609508037567,3.0214104652404785,0.0073214479426906695,-0.007590384966246007,0.006563107250116495,-0.999922854152954
142020000000,1444,142011993637,map,-0.05047885701060295,0.07641323655843735,3.021871566772461,0.007320992425396546,-0.007632795037054694,0.006635937004343339,-0.9999220955096808
142056000000,1445,142051993637,map,-0.05056026205420494,0.07804123312234879,3.0222229957580566,0.007379995986229484,-0.007644837891920964,0.006655282407809825,-0.9999214633069531
142088000000,1446,142083993637,map,-0.05043096840381622,0.07884974032640457,3.022351026535034,0.007512373045540363,-0.007585120682353849,0.006683773677403248,-0.99992070466368
142120000000,1447,142115993675,map,-0.05013909563422203,0.07929159700870514,3.022441864013672,0.007608104407887783,-0.0075533353088205685,0.006693298865166674,-0.9999201989014979
142156000000,1448,142147993675,map,-0.04971640184521675,0.07942317426204681,3.0224273204803467,0.007611399741453772,-0.007538556276124376,0.006667462847029514,-0.9999204096357404
142188000000,1449,142179993675,map,-0.049207333475351334,0.07924934476613998,3.022242307662964,0.007493043340385816,-0.007479553470302426,0.0066396880738607824,-0.9999219690691352
142220000000,1450,142211993714,map,-0.048602476716041565,0.0788041353225708,3.0220699310302734,0.007329753351678978,-0.00743661234380038,0.0066217335163951665,-0.9999235706493788
142256000000,1451,142251993714,map,-0.047707781195640564,0.07786458730697632,3.0218515396118164,0.00726353268839572,-0.007454217934415338,0.006624051593063284,-0.9999239499710153
142288000000,1452,142283993714,map,-0.04690724238753319,0.07685182243585587,3.0214929580688477,0.007159848559926699,-0.0074367101170802995,0.006623292949790026,-0.9999247929079855
142320000000,1453,142315993752,map,-0.046044230461120605,0.07560938596725464,3.0210678577423096,0.007114383048396132,-0.007438936913305737,0.006570946563939472,-0.9999254672575617
142356000000,1454,142347993752,map,-0.04512577876448631,0.07415539026260376,3.0207858085632324,0.007115527557591974,-0.007460080184438062,0.006564540242965876,-0.9999253829638646
142388000000,1455,142379993752,map,-0.04416069760918617,0.07251137495040894,3.020461082458496,0.007147320265150224,-0.00740888675567464,0.0064896031463135264,-0.9999259730197438
142420000000,1456,142411993790,map,-0.043975166976451874,0.07416530698537827,3.0204501152038574,0.007275358156690929,-0.007404505083486867,0.006556405901203265,-0.9999246664674399
142456000000,1457,142451993790,map,-0.04356696456670761,0.07562419027090073,3.020374059677124,0.007349476883170156,-0.007439533523760696,0.006518052269058327,-0.9999240764115609
142488000000,1458,142483993790,map,-0.04313047230243683,0.0763515755534172,3.02028226852417,0.007402451622092661,-0.007414546926427456,0.006531665701127397,-0.9999237813836213
142520000000,1459,142515993828,map,-0.04259650781750679,0.0767509862780571,3.0201568603515625,0.007399379014195882,-0.007423732144447331,0.006575329836184639,-0.9999234442088332
142556000000,1460,142547993828,map,-0.04198680445551872,0.07684113830327988,3.0199990272521973,0.0073803020473620085,-0.007432081421246166,0.006588058184434919,-0.9999234442088332
142588000000,1461,142579993828,map,-0.041327159851789474,0.07664544135332108,3.019841194152832,0.007206577931555423,-0.007412347551120701,0.006611449685358483,-0.999924750761137
142620000000,1462,142611993866,map,-0.04061882942914963,0.07618296891450882,3.0196781158447266,0.007121040902502563,-0.007393662009251199,0.006620721992030953,-0.9999254251107133
142656000000,1463,142651993866,map,-0.03962475061416626,0.07525177299976349,3.0194613933563232,0.0070617030891727915,-0.007413692617988497,0.00662202854433469,-0.9999257201386527
142688000000,1464,142683993866,map,-0.0387427993118763,0.07425827533006668,3.0192902088165283,0.006929107683770924,-0.007432590314087149,0.006653343652778309,-0.9999262680476834
142720000000,1465,142715993903,map,-0.03779822587966919,0.07302513718605042,3.0191752910614014,0.0068775477441195354,-0.007440965539083063,0.0066745856644278,-0.9999264366350774
142756000000,1466,142747993903,map,-0.03680333122611046,0.07156289368867874,3.019047498703003,0.006871638336136185,-0.007414553582614621,0.006671003182304346,-0.99992664736932
142788000000,1467,142779993903,map,-0.035730358213186264,0.06988433003425598,3.0189735889434814,0.006980364569471544,-0.007374409491429599,0.006676861594247407,-0.9999261837539863
142820000000,1468,142811993941,map,-0.03501848876476288,0.07017450779676437,3.0196292400360107,0.007155385922778596,-0.007395834599031824,0.006654228736596989,-0.9999249614953796
142856000000,1469,142851993941,map,-0.03404014930129051,0.07011983543634415,3.020378351211548,0.007241222250020576,-0.007442540890733494,0.006620384817242752,-0.9999241607052579
142888000000,1470,142883993941,map,-0.03318588808178902,0.06977048516273499,3.021156072616577,0.007427747436941674,-0.0074051931570276895,0.006647443093986737,-0.9999228962998026
142920000000,1471,142915993979,map,-0.032275062054395676,0.06917553395032883,3.0219297409057617,0.007462980044020053,-0.007323224963306792,0.006622576453365391,-0.9999234020619847
142956000000,1472,142947993979,map,-0.031322840601205826,0.06839540600776672,3.022531747817993,0.007534570221977455,-0.007290218908072099,0.006649929758048899,-0.999922938446651
142988000000,1473,142979993979,map,-0.03034037910401821,0.06743791699409485,3.022986650466919,0.0074462283798367905,-0.007193093543340573,0.006673700580609065,-0.9999241185584093
143020000000,1474,143011994017,map,-0.029341870918869972,0.0662793517112732,3.0233993530273438,0.00735639102427753,-0.007114753119540223,0.006727227078217878,-0.9999250457890766
143056000000,1475,143051994017,map,-0.028062742203474045,0.06455741822719574,3.023777961730957,0.007346722222362538,-0.0070609961828023825,0.006742947852712511,-0.9999253408170161
143088000000,1476,143083994017,map,-0.02702288143336773,0.0630343034863472,3.0239994525909424,0.007340865909530143,-0.006941448499157661,0.006733127637009506,-0.9999263101945319
143120000000,1477,143115994054,map,-0.02602957934141159,0.061370350420475006,3.0242488384246826,0.007341587324459123,-0.0068176056030162325,0.006731610350463102,-0.9999271531315022
143156000000,1478,143147994054,map,-0.025054171681404114,0.05961259454488754,3.0245273113250732,0.007406438914869316,-0.006752839623392077,0.006781680806493995,-0.9999268159567141
143188000000,1479,143179994054,map,-0.024094469845294952,0.057718463242053986,3.024740219116211,0.007529753123247929,-0.0067268609274713405,0.0067813436317058495,-0.9999260573134409
143220000000,1480,143211994092,map,-0.02329275943338871,0.05747396871447563,3.0263407230377197,0.007677101963000682,-0.006754403069792575,0.006784336057950147,-0.9999247507611371
143256000000,1481,143251994092,map,-0.02228667214512825,0.05681752413511276,3.028419017791748,0.007767298070970424,-0.006812091033624449,0.006775063751277788,-0.9999237392367728
143288000000,1482,143283994092,map,-0.021448442712426186,0.05603408440947533,3.0299417972564697,0.007877946142975236,-0.006812485419466667,0.006780374254190202,-0.9999228120061054
143320000000,1483,143315994129,map,-0.020624898374080658,0.05507420748472214,3.031379461288452,0.008007742384366407,-0.006854405975621005,0.006821467431488315,-0.9999212525727106
143356000000,1484,143347994129,map,-0.019798504188656807,0.053941503167152405,3.0325911045074463,0.008040817000258235,-0.006866699807973122,0.00680545162905416,-0.9999209996916195
143388000000,1485,143379994129,map,-0.01895800605416298,0.05266091600060463,3.0336291790008545,0.008011123969255867,-0.006885591391955558,0.00677308284939776,-0.9999213368664076
143420000000,1486,143411994167,map,-0.01809931918978691,0.05125017836689949,3.034510850906372,0.00804918244998411,-0.006873500638266091,0.006796558644018347,-0.999920957544771
143456000000,1487,143451994167,map,-0.017042573541402817,0.04930803179740906,3.035391330718994,0.00808233551499045,-0.00687561394875124,0.006800604741475369,-0.9999206203699829
143488000000,1488,143483994167,map,-0.01619325950741768,0.047610264271497726,3.0359885692596436,0.008079529251046777,-0.006820140340827458,0.006797865196322195,-0.9999209996916195
143520000000,1489,143515994204,map,-0.015315827913582325,0.04581489413976669,3.0364441871643066,0.008168206878858207,-0.006815865728426142,0.006833268549071292,-0.9999200724609523
143556000000,1490,143547994204,map,-0.014404842630028725,0.04396086931228638,3.03706955909729,0.008205404641914516,-0.0068055260445834004,0.006842119387258594,-0.9999198195798612
143588000000,1491,143579994204,map,-0.013491415418684483,0.0420115701854229,3.037494421005249,0.008278854662749796,-0.006810052961849337,0.006850717344354884,-0.9999191452302851
143620000000,1492,143611994242,map,-0.013064581900835037,0.04204033687710762,3.038783550262451,0.008359833411354526,-0.006740040296391536,0.006841571478227948,-0.9999190187897395
143656000000,1493,143651994242,map,-0.012621547095477581,0.0425896979868412,3.0405209064483643,0.008424288784345589,-0.006747778523632586,0.006874024551581315,-0.9999181758527693
143688000000,1494,143683994242,map,-0.0121959513053298,0.04274541884660721,3.0417702198028564,0.008519710401827143,-0.006645328919161842,0.0068828332429201056,-0.9999179651185267
143720000000,1495,143715994279,map,-0.011753596365451813,0.042679138481616974,3.0427489280700684,0.00850261433944572,-0.006549620258592872,0.0069105658692402705,-0.9999185551744059
143756000000,1496,143747994279,map,-0.011299017816781998,0.04245241358876228,3.0434813499450684,0.008468822527425666,-0.006484087753740941,0.006888017305286931,-0.9999194402582247
143788000000,1497,143779994279,map,-0.010782103054225445,0.042056143283843994,3.044088363647461,0.008394980919562325,-0.006381377530281162,0.006887511543104852,-0.99992070466368
143820000000,1498,143811994316,map,-0.01025996170938015,0.04147166758775711,3.044513702392578,0.008315595190122406,-0.006277304613598239,0.006934125957557935,-0.9999217161880443
143856000000,1499,143851994316,map,-0.009612039662897587,0.04054855927824974,3.044854164123535,0.00817679993802965,-0.0062238351624074074,0.006937539852287233,-0.9999231913277422
143888000000,1500,143883994316,map,-0.00910420622676611,0.039671868085861206,3.045132875442505,0.008133800521335109,-0.006184245195266821,0.006944283348048974,-0.9999236970899243
143920000000,1501,143915994353,map,-0.008577926084399223,0.03869585320353508,3.045388698577881,0.0080665044342908,-0.00620238093479022,0.00697859088273689,-0.9999239499710153
143956000000,1502,143947994353,map,-0.008051998913288116,0.037610482424497604,3.0457067489624023,0.00800017393813132,-0.006194203705316535,0.006973322526672987,-0.9999244978800459
143988000000,1503,143979994353,map,-0.007529753260314465,0.036412522196769714,3.0459070205688477,0.007933077225436801,-0.0062253504733202755,0.006918320889366281,-0.9999252143764705
144020000000,1504,144011994390,map,-0.008061212487518787,0.037974461913108826,3.0484752655029297,0.007907036729229896,-0.006268395905812313,0.006948666620294197,-0.9999249614953796
144056000000,1505,144051994390,map,-0.00859619490802288,0.039481524378061295,3.0512518882751465,0.007976427070127653,-0.006289760900648669,0.006974502638431357,-0.9999240764115609
144088000000,1506,144083994390,map,-0.008945145644247532,0.04037037491798401,3.053166389465332,0.0080063925739202,-0.00639661196965658,0.007023013661067334,-0.9999228541529541
144120000000,1507,144115994427,map,-0.009239809587597847,0.041021574288606644,3.054781436920166,0.007944798576816323,-0.006492401548881968,0.007042401211382332,-0.9999226012718629
144156000000,1508,144147994427,map,-0.009477508254349232,0.0414535216987133,3.0562243461608887,0.007889169387752531,-0.006516702458612006,0.007021917843006098,-0.999923022740348
144188000000,1509,144179994427,map,-0.009662831202149391,0.0416683629155159,3.0575203895568848,0.007742588987122531,-0.006553811688591023,0.00706140944006084,-0.9999236549430757
144220000000,1510,144211994464,map,-0.009795688092708588,0.04167734459042549,3.0586395263671875,0.007546165122521684,-0.006760234893001081,0.0071021654425708625,-0.9999234442088332
144256000000,1511,144251994464,map,-0.009940122254192829,0.04143271595239639,3.059751510620117,0.007396889690231313,-0.006816857064285331,0.007107602386028755,-0.9999241607052578
144288000000,1512,144283994464,map,-0.009971324354410172,0.041040390729904175,3.060417413711548,0.007364405541808954,-0.006875469624606413,0.007149412059751559,-0.9999237392367728
144320000000,1513,144315994501,map,-0.00991419330239296,0.04048941284418106,3.0608999729156494,0.007253102475262647,-0.00699661793154706,0.007167956673096332,-0.9999235706493788
144356000000,1514,144347994501,map,-0.009841798804700375,0.03980863466858864,3.061105966567993,0.007240158443396235,-0.007040147404542222,0.007153416010360125,-0.9999234442088332
144388000000,1515,144379994501,map,-0.009747781790792942,0.03897362947463989,3.0615243911743164,0.007264303550756467,-0.007095198859711992,0.007127453551677375,-0.9999231070340451
144420000000,1516,144411994538,map,-0.009631405584514141,0.040027983486652374,3.06367564201355,0.007266519167159906,-0.00710170368968326,0.007138580319684228,-0.999922938446651
144456000000,1517,144451994538,map,-0.00942301843315363,0.04091974347829819,3.066150426864624,0.007281350711063292,-0.0071100213023244825,0.00710334555432912,-0.9999230227403479
144488000000,1518,144483994538,map,-0.009241878055036068,0.04134267196059227,3.0677483081817627,0.007345862204394144,-0.007213040897646403,0.007106211540027939,-0.9999217583348927
144520000000,1519,144515994575,map,-0.009046528488397598,0.0415591336786747,3.0689985752105713,0.0074466684059003386,-0.00731944572557697,0.007101533239843138,-0.9999202831951949
144556000000,1520,144547994575,map,-0.008834261447191238,0.041558217257261276,3.0699210166931152,0.007477378131870334,-0.007315234513519184,0.00708661325547033,-0.9999201989014979
144588000000,1521,144579994575,map,-0.008627792820334435,0.04135768860578537,3.0705223083496094,0.0074701979850856455,-0.007317371526461741,0.007113418651123248,-0.9999200303141038
144620000000,1522,144611994611,map,-0.008409980684518814,0.04099436104297638,3.071042537689209,0.0074709404682940005,-0.007275696550815211,0.0071365994178043115,-0.9999201989014979
144656000000,1523,144651994611,map,-0.008095833472907543,0.04037755727767944,3.0714712142944336,0.00741272293178013,-0.00723055684389021,0.007109077525726647,-0.9999211682790136
144688000000,1524,144683994611,map,-0.007820110768079758,0.03971249982714653,3.0718069076538086,0.00739099535674334,-0.007274544540385833,0.007186206258501581,-0.9999204939294374
144720000000,1525,144715994648,map,-0.007569344248622656,0.03891604393720627,3.0719571113586426,0.00729878689753467,-0.007263505074543956,0.007162688317032483,-0.9999213368664076
144756000000,1526,144747994648,map,-0.007322412915527821,0.038028229027986526,3.072111129760742,0.007290469948582835,-0.007296650468535756,0.007151940870662176,-0.9999212947195592
144788000000,1527,144779994648,map,-0.007082883268594742,0.037044867873191833,3.0722899436950684,0.007273768210305083,-0.007306101631780617,0.007091502289897632,-0.9999217161880443
144820000000,1528,144811994685,map,-0.007284185849130154,0.0376800112426281,3.0756094455718994,0.007312733598142419,-0.007363281107930726,0.007094031100808306,-0.9999210418384681
144856000000,1529,144851994685,map,-0.0074746566824615,0.038134243339300156,3.079261064529419,0.007373575203644157,-0.007358619934404994,0.0071152731124576865,-0.9999204517825889
144888000000,1530,144883994685,map,-0.0075864484533667564,0.03823499009013176,3.0816783905029297,0.007410052195202913,-0.00740681727859364,0.007078226032616707,-0.9999200724609523
144920000000,1531,144915994721,map,-0.007674171589314938,0.038122016936540604,3.0836966037750244,0.007474548844593276,-0.007433577775852474,0.007030389359556798,-0.9999197774330126
144956000000,1532,144947994721,map,-0.007715403102338314,0.03784123435616493,3.085275888442993,0.007474124811386001,-0.007442220444519374,0.007012940564273261,-0.9999197774330126
144988000000,1533,144979994721,map,-0.007723437622189522,0.03741482272744179,3.0868868827819824,0.007467770469124565,-0.007407785857045376,0.006990434147168433,-0.9999202831951948
145020000000,1534,145011994758,map,-0.007674466818571091,0.03685464337468147,3.088070869445801,0.0075454735170214495,-0.007408144040946731,0.007003752551297925,-0.9999196088456186
145056000000,1535,145051994758,map,-0.0076130228117108345,0.03600809723138809,3.089127540588379,0.007530957940715042,-0.007427598701063009,0.0070756129280089555,-0.9999190609365881
145088000000,1536,145083994758,map,-0.007571035996079445,0.03520239144563675,3.08956241607666,0.007522350450158091,-0.007411585846644519,0.007083325801286399,-0.9999191873771336
145120000000,1537,145115994794,map,-0.007502742577344179,0.03429507091641426,3.0896804332733154,0.007540015232605582,-0.0074216207632917955,0.007074685697341764,-0.999919060936588
145156000000,1538,145147994794,map,-0.007427584379911423,0.03331003338098526,3.0897459983825684,0.007482182659088099,-0.007408101356458367,0.0070703024250965965,-0.9999195666987701
145188000000,1539,145179994794,map,-0.007362345699220896,0.032212939113378525,3.0896081924438477,0.00751784799164677,-0.007413248661237418,0.0071255147966458035,-0.999918892349194
145220000000,1540,145211994830,map,-0.006988030392676592,0.03284798935055733,3.09072208404541,0.007508854046882419,-0.0075141464433578055,0.007131583942831476,-0.9999181337059209
145256000000,1541,145251994830,map,-0.006421820260584354,0.03404593467712402,3.092240810394287,0.007549780657276934,-0.007568372928921713,0.007130277390527572,-0.9999175015031931
145288000000,1542,145283994830,map,-0.005991949234157801,0.034750599414110184,3.0931668281555176,0.0077397720951451286,-0.007709455522818719,0.007135377159197375,-0.999914930545434
145320000000,1543,145315994867,map,-0.005546951200813055,0.03527110815048218,3.093710422515869,0.00770513183984814,-0.007672745114853812,0.007128212194950522,-0.9999155206013132
145356000000,1544,145347994867,map,-0.005119460169225931,0.03561222553253174,3.093860149383545,0.007646082414991638,-0.0076290010103702765,0.00712349174791732,-0.9999162792445863
145388000000,1545,145379994867,map,-0.004727538209408522,0.035799942910671234,3.0938212871551514,0.007507714308757933,-0.007629140624378408,0.007112280686213445,-0.9999174593563446
145420000000,1546,145411994903,map,-0.004345976281911135,0.035804834216833115,3.0936505794525146,0.007364149650963692,-0.007487734634322303,0.007106127246330917,-0.9999196509924673
145456000000,1547,145451994903,map,-0.003879979718476534,0.03557597100734711,3.0932188034057617,0.007243702946023114,-0.007424170832842348,0.007115610287245776,-0.9999209575447711
145488000000,1548,145483994903,map,-0.0035222670994699,0.03525812178850174,3.0927414894104004,0.0071194007459566425,-0.007434089120228286,0.007198555285115204,-0.9999211261321651
145520000000,1549,145515994939,map,-0.0031833569519221783,0.03481176123023033,3.0921730995178223,0.007029860877589105,-0.007417389954390019,0.007175290224737284,-0.9999220533628324
145556000000,1550,145547994939,map,-0.0028700148686766624,0.03422040119767189,3.0915651321411133,0.0069387341021729726,-0.007387356394138476,0.00718856648201821,-0.999922854152954
145588000000,1551,145579994939,map,-0.0025447176303714514,0.03348018229007721,3.090916395187378,0.006892801034331495,-0.0073650023477691935,0.007148189801144732,-0.9999236127962272
145620000000,1552,145611994975,map,-0.0021478324197232723,0.03367988020181656,3.0922465324401855,0.007028541504246878,-0.007388887798232758,0.007145956018173637,-0.9999224748313174
145656000000,1553,145651994975,map,-0.0016410776879638433,0.03363334387540817,3.0934898853302,0.0071221001096051055,-0.007344099682046714,0.007153500304057036,-0.9999220955096808
145688000000,1554,145683994975,map,-0.001251322915777564,0.03341205045580864,3.0943639278411865,0.007303314814997234,-0.007302422655362028,0.007171244127280151,-0.9999209575447711
145720000000,1555,145715995011,map,-0.0008985924650914967,0.03303723782300949,3.0949153900146484,0.007424294279068442,-0.007226387536871625,0.00715708278618049,-0.99992070466368
145756000000,1556,145747995011,map,-0.0005752452416345477,0.032547857612371445,3.0952861309051514,0.007436319178307111,-0.00720820788066135,0.007132848348286812,-0.9999209153979225
145788000000,1557,145779995011,map,-0.0002788173733279109,0.031869612634181976,3.0953731536865234,0.007479893771890828,-0.007186026763963959,0.00709348319177766,-0.9999210839853165
145820000000,1558,145811995047,map,5.7989382185041904e-09,0.031060680747032166,3.0952789783477783,0.007546983796242686,-0.007145045395175584,0.007106506567967518,-0.999920788957377
145856000000,1559,145851995047,map,0.0003431664081290364,0.029956702142953873,3.0949275493621826,0.00762415907988253,-0.007158738716925227,0.007092176639473812,-0.9999201989014979
145888000000,1560,145883995047,map,0.0006210433202795684,0.028980983421206474,3.0945050716400146,0.007742897741599196,-0.007174431379801105,0.007079321850677943,-0.999919229523982
145920000000,1561,145915995083,map,0.0008899729000404477,0.027923068031668663,3.0940611362457275,0.00778517284165302,-0.007113049269392671,0.007102376176813418,-0.9999191873771336
145956000000,1562,145947995083,map,0.0011486042058095336,0.02678121253848076,3.0934438705444336,0.007863754714623366,-0.007124502284464706,0.007086065346439629,-0.999918639468103
145988000000,1563,145979995083,map,0.0013862114865332842,0.025572337210178375,3.092787027359009,0.007881376089726999,-0.007089212160211894,0.007026132527857164,-0.999919145230285
146020000000,1564,146011995119,map,0.0020634240936487913,0.02664484828710556,3.092548131942749,0.0079851837364503,-0.007101357079187144,0.007050746287387554,-0.9999180494122237
146056000000,1565,146051995119,map,0.002873689867556095,0.027637094259262085,3.092367172241211,0.008064783451696282,-0.007110874240939415,0.007040841777987527,-0.9999174172094961
146088000000,1566,146083995119,map,0.0035010208375751972,0.028226863592863083,3.0919737815856934,0.008086493318059664,-0.007093310570798293,0.0070492711476897165,-0.9999173329157991
146120000000,1567,146115995155,map,0.004104393534362316,0.028653832152485847,3.0914409160614014,0.008063894210815348,-0.006992327215674572,0.007030937268587445,-0.9999183865870118
146156000000,1568,146147995155,map,0.004686941392719746,0.028926217928528786,3.0908191204071045,0.00800535635413689,-0.006888345507406007,0.006972353149157284,-0.9999199881672552
146188000000,1569,146187995155,map,0.005396825261414051,0.029057208448648453,3.089946746826172,0.007811472866134619,-0.006708790795444549,0.00700526983784433,-0.9999224748313174
146220000000,1570,146211995190,map,0.005799693986773491,0.02903842367231846,3.0894062519073486,0.00771310911874559,-0.006580054152166722,0.00704851250441646,-0.9999237392367727
146256000000,1571,146251995190,map,0.006376304663717747,0.028833983466029167,3.0883898735046387,0.007612927994309687,-0.006507778275030143,0.007098035051416818,-0.9999247086142885
146288000000,1572,146283995190,map,0.006758803967386484,0.028533056378364563,3.0876874923706055,0.007443492147985638,-0.006398569452047528,0.007133775578953949,-0.999926394488229
146320000000,1573,146315995226,map,0.0070932661183178425,0.028139833360910416,3.0867886543273926,0.007412774092456594,-0.006357251958026374,0.007123154573129231,-0.9999269845441081
146356000000,1574,146347995226,map,0.007368260528892279,0.027613628655672073,3.0858376026153564,0.007428780839903749,-0.006324283738231616,0.007144143703687711,-0.9999269002504111
146388000000,1575,146379995226,map,0.00760563975200057,0.026974625885486603,3.084855079650879,0.007428250217666442,-0.00631225986796874,0.007103050526389487,-0.9999272795720477
146420000000,1576,146411995262,map,0.007570531219244003,0.02777128480374813,3.0843234062194824,0.007555438252374717,-0.006390619379270063,0.007062884579758677,-0.9999261416071379
146456000000,1577,146451995262,map,0.007515639066696167,0.028448639437556267,3.0835680961608887,0.007633997179184864,-0.0064083844405535325,0.0070575740768463735,-0.9999254672575617
146488000000,1578,146483995262,map,0.007488320581614971,0.028782624751329422,3.082794666290283,0.007686467124448704,-0.0064237537992350244,0.0070311480028299456,-0.9999251722296221
146520000000,1579,146515995297,map,0.007468718569725752,0.02894396334886551,3.0819320678710938,0.007763417803252295,-0.00649059631374946,0.007014752878759245,-0.9999242028521064
146556000000,1580,146547995297,map,0.007448083721101284,0.02891525812447071,3.0809426307678223,0.007734136856475796,-0.006468510788903307,0.007019009710458823,-0.9999245821737429
146588000000,1581,146579995297,map,0.0074295359663665295,0.02874988131225109,3.079892873764038,0.0076998556224092156,-0.006478358704634713,0.007003457523358292,-0.9999248772016824
146620000000,1582,146611995333,map,0.007416057400405407,0.028422724455595016,3.0788190364837646,0.007758789922881478,-0.006501315730819118,0.007024741681856295,-0.9999241607052579
146656000000,1583,146651995333,map,0.007355669513344765,0.02781212143599987,3.077643871307373,0.007813049627481887,-0.006517827170313577,0.00700977955063492,-0.9999236970899243
146688000000,1584,146683995333,map,0.00729375658556819,0.027200138196349144,3.0766983032226562,0.007851985124858634,-0.006575635812426539,0.006967169086790459,-0.9999233177682876
146720000000,1585,146715995368,map,0.007227096240967512,0.02649787813425064,3.075716018676758,0.007940249639468402,-0.00667119741177507,0.006919922469609763,-0.9999223483907719
146756000000,1586,146747995368,map,0.007169479038566351,0.02572326548397541,3.0749096870422363,0.007979369899738669,-0.006706779806312328,0.006920259644397797,-0.9999217583348927
146788000000,1587,146779995368,map,0.007119607646018267,0.024889672175049782,3.0740153789520264,0.008018746333822544,-0.006710917359137921,0.006973280379824531,-0.9999210839853165
146820000000,1588,146811995403,map,0.007150824647396803,0.025828855112195015,3.0744285583496094,0.008012135040870779,-0.0067020159776596455,0.006926918846462571,-0.9999215054538017
146856000000,1589,146851995403,map,0.0071942866779863834,0.027461862191557884,3.0753445625305176,0.00803157790892446,-0.006685856612522766,0.0069003241850521535,-0.9999216318943471
146888000000,1590,146883995403,map,0.007218557875603437,0.02847098931670189,3.075857162475586,0.00802053366477624,-0.006633000965972406,0.006903148023902406,-0.9999220112159838
146920000000,1591,146915995439,map,0.007226437795907259,0.029238862916827202,3.076209306716919,0.00796695501867418,-0.006625644488750826,0.006904033107721141,-0.9999224748313174
146956000000,1592,146947995439,map,0.007237580604851246,0.029799804091453552,3.076350212097168,0.00794449819820262,-0.0065890338181233835,0.006917520099244567,-0.9999228120061054
146988000000,1593,146979995439,map,0.007232925854623318,0.03016493283212185,3.0766024589538574,0.007880887861292393,-0.006563703767963495,0.006860158238421232,-0.9999238656773182
147020000000,1594,147011995474,map,0.0072522540576756,0.030329016968607903,3.07663893699646,0.00786099755340457,-0.006611318799637392,0.0068378625555590156,-0.9999239078241667
147056000000,1595,147051995474,map,0.007270182482898235,0.03027605637907982,3.0766713619232178,0.00783656740431484,-0.006566264600600849,0.006832425612101067,-0.9999244557331974
147088000000,1596,147083995474,map,0.007294106297194958,0.03007708303630352,3.076630115509033,0.007803181420347831,-0.006548285430034223,0.006854468413872272,-0.99992466646744
147120000000,1597,147115995509,map,0.007320201490074396,0.029746931046247482,3.076496124267578,0.0078081638034591,-0.00657192075706185,0.006830360416524128,-0.999924582173743
147156000000,1598,147147995509,map,0.007305181585252285,0.029263624921441078,3.0763587951660156,0.007843750972444042,-0.006580154456727094,0.006846713393746318,-0.9999241607052578
147188000000,1599,147179995509,map,0.007270360831171274,0.02862640842795372,3.0762314796447754,0.007794140427433863,-0.006616670502740545,0.006810214222935873,-0.9999245821737429
147220000000,1600,147211995544,map,0.0072561935521662235,0.030469214543700218,3.0770528316497803,0.0078592346297567,-0.006563661909228207,0.006801026209960481,-0.999924497880046
147256000000,1601,147251995544,map,0.007218174170702696,0.03234007954597473,3.0777904987335205,0.00797261047543164,-0.006622744382214765,0.0067586264803585205,-0.9999234863556817
147288000000,1602,147283995544,map,0.007215719670057297,0.03351687639951706,3.078197479248047,0.008054185330293189,-0.006682782938349819,0.006737805937194141,-0.9999225591250144
147320000000,1603,147315995579,map,0.007229112088680267,0.034462038427591324,3.078504800796509,0.008012402533418114,-0.0066501304494876075,0.006723433861851924,-0.999923191327742
147356000000,1604,147347995579,map,0.007236623205244541,0.035168446600437164,3.0786867141723633,0.008015771482484826,-0.006666142465290827,0.006755086145083633,-0.9999228962998026
147388000000,1605,147379995579,map,0.007241265848278999,0.0356544628739357,3.0787134170532227,0.007868915851409522,-0.0065728835491325206,0.006771228388063322,-0.9999245400268945
147420000000,1606,147411995614,map,0.007265487685799599,0.035937026143074036,3.078533887863159,0.007730623891956993,-0.006483258522728294,0.006725456910580407,-0.999926478781926
147456000000,1607,147451995614,map,0.007291847839951515,0.03604050725698471,3.078146457672119,0.0077091728335852506,-0.006465800137390387,0.006717322568817907,-0.9999268581035625
147488000000,1608,147483995614,map,0.007324146572500467,0.03593119606375694,3.0777182579040527,0.007622759899177742,-0.006410996104595097,0.006748384796170459,-0.9999276588936843
147520000000,1609,147515995649,map,0.007365057244896889,0.03565444052219391,3.077291250228882,0.007573273695602476,-0.006376926180997515,0.0068144710546354514,-0.9999278274810782
147556000000,1610,147547995649,map,0.007386993616819382,0.03525005280971527,3.0768208503723145,0.007565235789451261,-0.006353512001447476,0.006804018636204778,-0.9999280803621693
147588000000,1611,147579995649,map,0.007413793355226517,0.03473256528377533,3.0765507221221924,0.007536130921012583,-0.006388014300673579,0.006793608364622561,-0.9999281225090179
147620000000,1612,147611995684,map,0.006713049486279488,0.035988520830869675,3.076458215713501,0.007549690805181297,-0.006377390207921453,0.006739365370589001,-0.9999285018306545
147656000000,1613,147651995684,map,0.00587104307487607,0.03717200085520744,3.076103687286377,0.007562957637043958,-0.006362093741885189,0.006716648219241672,-0.9999286282711999
147688000000,1614,147683995684,map,0.005211318843066692,0.03782132640480995,3.075693130493164,0.0076299048601351635,-0.00647923341637744,0.006686808250496001,-0.9999275324531387
147720000000,1615,147715995718,map,0.0045690350234508514,0.03822515904903412,3.075141429901123,0.007659243923464492,-0.006476511404971757,0.00663231237537143,-0.9999277431873813
147756000000,1616,147747995718,map,0.003966289572417736,0.03841792792081833,3.0744571685791016,0.007624564599242836,-0.0065025927720971915,0.006633450340281233,-0.9999277853342299
147788000000,1617,147779995718,map,0.0033942447043955326,0.03841078281402588,3.07361102104187,0.007778351905173041,-0.006665544301082419,0.006624894530033509,-0.9999256358449558
147820000000,1618,147811995753,map,0.0028492617420852184,0.03820988908410072,3.072915554046631,0.007832501138932238,-0.006791242255364287,0.006639393045921205,-0.9999242871458034
147856000000,1619,147851995753,map,0.0022014393471181393,0.03772507980465889,3.0719590187072754,0.007809393758804854,-0.006807446771958996,0.0066482017372599955,-0.9999242449989549
147888000000,1620,147883995753,map,0.00169570732396096,0.037202540785074234,3.071141481399536,0.007868537105999369,-0.00694242785773861,0.006689084180315552,-0.9999225591250145
147920000000,1621,147915995788,map,0.0012247544946148992,0.03656112030148506,3.0703299045562744,0.007889086822734842,-0.00709993672216052,0.006772872115155148,-0.999920788957377
147956000000,1622,147947995788,map,0.0008113885414786637,0.035782355815172195,3.069526195526123,0.007890072293432006,-0.00714596869515529,0.006791501022196999,-0.9999202831951949
147988000000,1623,147979995788,map,0.0004667328030336648,0.03488685190677643,3.0687594413757324,0.007850202568352622,-0.00720706594390499,0.006779910638856578,-0.9999202410483463
148020000000,1624,148011995822,map,7.459534390363842e-05,0.03457982838153839,3.068005323410034,0.007938209077571869,-0.007277066652664069,0.0067483426493218914,-0.9999192716708305
148056000000,1625,148051995822,map,-0.00036120598088018596,0.03395964950323105,3.067007064819336,0.00798804134628608,-0.00731165057025013,0.006756940606418126,-0.9999185973212544
148088000000,1626,148083995822,map,-0.0006384523003362119,0.033314745873212814,3.066169261932373,0.007999729008998114,-0.007320728132963808,0.006753231683749194,-0.9999184287338604
148120000000,1627,148115995857,map,-0.0008969834307208657,0.03250766545534134,3.065304756164551,0.007986258892677645,-0.007287157097990055,0.006722000869002597,-0.9999189766428911
148156000000,1628,148147995857,map,-0.0011174969840794802,0.03156281262636185,3.064404010772705,0.008004107342159438,-0.0072927159545,0.0067410933913780715,-0.9999186816149515
148188000000,1629,148179995857,map,-0.001300368458032608,0.030519824475049973,3.063438653945923,0.008191134270539751,-0.007313881286873343,0.006735487860526078,-0.9999170378878595
148220000000,1630,148211995891,map,-0.0014715399593114853,0.029364019632339478,3.062422275543213,0.008302418414221212,-0.007297655408741157,0.006713445058754818,-0.9999164056851317
148256000000,1631,148251995891,map,-0.0016608170699328184,0.027805373072624207,3.0611166954040527,0.008308796417781024,-0.007310190803450608,0.006679643286249092,-0.9999164899788289
148288000000,1632,148283995891,map,-0.0018143669003620744,0.026479274034500122,3.060114622116089,0.008494635578823129,-0.007386835629489271,0.006701559647474763,-0.9999142140490092
148320000000,1633,148315995925,map,-0.0019534712191671133,0.02508609928190708,3.0590834617614746,0.008640834887978165,-0.007387674820987599,0.006662068050420133,-0.9999132446714936
148356000000,1634,148347995925,map,-0.0020907551515847445,0.02360466867685318,3.0581254959106445,0.00871575914301263,-0.007346095308570333,0.006606813532022303,-0.999913286818342
148388000000,1635,148379995925,map,-0.0022072119172662497,0.02206319011747837,3.057297706604004,0.008938801294308074,-0.007344525626576524,0.006608246524871685,-0.9999112637696135
148420000000,1636,148411995960,map,-0.0026955786161124706,0.023045983165502548,3.0571630001068115,0.009093986731387758,-0.007330791598544482,0.006630500060885391,-0.9999098307767642
148456000000,1637,148451995960,map,-0.00320291705429554,0.023951012641191483,3.0567665100097656,0.00923544497283467,-0.007290431792874061,0.0066231243623959815,-0.9999088613992484
148488000000,1638,148483995960,map,-0.0035480360966175795,0.024418678134679794,3.056281566619873,0.00949438928318503,-0.007252917804976827,0.006638255081011401,-0.9999066276162772
148520000000,1639,148515995994,map,-0.00388946570456028,0.024672111496329308,3.055924415588379,0.009487578121975091,-0.0070952851341874144,0.006614863580087892,-0.9999079341685811
148556000000,1640,148547995994,map,-0.004227721597999334,0.024739913642406464,3.05550217628479,0.009465267210271081,-0.007013232546444356,0.006633408193432611,-0.9999086085181574
148588000000,1641,148579995994,map,-0.004537040833383799,0.024660935625433922,3.0550832748413086,0.009456931683161291,-0.00694539949867185,0.006629614977066656,-0.9999091985740365
148620000000,1642,148611996028,map,-0.004806153010576963,0.02445662021636963,3.054605722427368,0.00951832803459471,-0.0069128500308661064,0.006632143787977329,-0.9999088613992484
148656000000,1643,148651996028,map,-0.005097660701721907,0.024036018177866936,3.0540013313293457,0.009512173689213421,-0.006872525621962991,0.00664731665344126,-0.9999090299866424
148688000000,1644,148683996028,map,-0.005310393869876862,0.02355237677693367,3.0535266399383545,0.009416505529131692,-0.006860034432053639,0.006649845464351933,-0.9999100415110067
148720000000,1645,148715996062,map,-0.005495397839695215,0.022969577461481094,3.053049325942993,0.009330711585402655,-0.006824051642455526,0.006642469765862524,-0.9999111794759165
148756000000,1646,148747996062,map,-0.005675022955983877,0.02225819230079651,3.052600145339966,0.00929479860152239,-0.006780337375697568,0.006637622878283733,-0.9999118116786441
148788000000,1647,148779996062,map,-0.005846318323165178,0.021482886746525764,3.0520801544189453,0.009234334172885827,-0.006777343138455898,0.006618993971241993,-0.9999125703219174
148820000000,1648,148811996096,map,-0.005941913928836584,0.022854184731841087,3.0514094829559326,0.009232611420452945,-0.006919216015988648,0.0066354312421611494,-0.999911474503856
148856000000,1649,148851996096,map,-0.006030174903571606,0.02419843152165413,3.0505876541137695,0.009235525397582706,-0.006933612539795721,0.00664369202446935,-0.999911305916462
148888000000,1650,148883996096,map,-0.0060858773067593575,0.0250075813382864,3.0498671531677246,0.009195886862784655,-0.006910257341138177,0.006615116461178905,-0.9999119802660382
148920000000,1651,148915996130,map,-0.006128417328000069,0.02563239447772503,3.0490894317626953,0.009151878144313567,-0.006885531135133077,0.006598510602865593,-0.9999126546156144
148956000000,1652,148947996130,map,-0.006184137426316738,0.026070646941661835,3.0482542514801025,0.009075887623402615,-0.0069102407952074145,0.006563065103267984,-0.9999134554057361
148988000000,1653,148987996130,map,-0.006233025807887316,0.026338037103414536,3.047104597091675,0.008904804098719594,-0.0068572124042008045,0.006588184624980453,-0.9999151412796765
149020000000,1654,149019996164,map,-0.006279921159148216,0.026332760229706764,3.0461630821228027,0.0087900718983124,-0.006901979518990899,0.006599269246138795,-0.9999157734824042
149056000000,1655,149051996164,map,-0.006295556668192148,0.02616514451801777,3.0452606678009033,0.008735536592835397,-0.006900006437326918,0.006614568552148314,-0.9999161528040408
149088000000,1656,149083996164,map,-0.006258716806769371,0.025872347876429558,3.0443532466888428,0.008746735883056215,-0.007054906559998519,0.00659665614153121,-0.9999150991328281
149120000000,1657,149115996198,map,-0.006177055183798075,0.025453880429267883,3.0435192584991455,0.008748739998630135,-0.007127835589809921,0.006560957760842478,-0.9999148041048884
149156000000,1658,149147996198,map,-0.006105098407715559,0.024877827614545822,3.0426037311553955,0.008647757466687049,-0.007126800357843374,0.006555225789444895,-0.9999157313355558
149188000000,1659,149179996198,map,-0.006048922426998615,0.024199215695261955,3.0416157245635986,0.008591135233664251,-0.007111043281082806,0.006548440146834699,-0.9999163635382833
149220000000,1660,149211996232,map,-0.006210194434970617,0.02544594556093216,3.039764404296875,0.00862562123391378,-0.007116445321681789,0.006538619931131694,-0.9999161528040408
149256000000,1661,149251996232,map,-0.006321712397038937,0.02665879763662815,3.0375661849975586,0.00865319334001013,-0.007109807028405196,0.006509327871416614,-0.9999161106571923
149288000000,1662,149283996232,map,-0.006343360524624586,0.02735005132853985,3.036104202270508,0.008731766096254943,-0.007171954696804162,0.006561632110418657,-0.9999146355174944
149320000000,1663,149315996265,map,-0.006279570050537586,0.027831796556711197,3.034684658050537,0.008713537337319792,-0.0071006754033033186,0.0065856979609183455,-0.999915183426525
149356000000,1664,149347996265,map,-0.006164174061268568,0.028087865561246872,3.033477306365967,0.0086795083669588,-0.007040811731894164,0.006535796092281387,-0.9999161949508892
149388000000,1665,149379996265,map,-0.006015409249812365,0.028142713010311127,3.032395601272583,0.008605324398269372,-0.006889195276775494,0.006496852404257347,-0.9999181337059209
149420000000,1666,149411996299,map,-0.005849155131727457,0.02802702970802784,3.031524658203125,0.008547942945746933,-0.006743983413951145,0.0065092857245681035,-0.9999195245519217
149456000000,1667,149451996299,map,-0.005578961689025164,0.027645492926239967,3.0305306911468506,0.008563622314255557,-0.0066804752749167525,0.00645782442253634,-0.9999202410483463
149488000000,1668,149483996299,map,-0.005343795754015446,0.027162378653883934,3.029797315597534,0.008638728574528414,-0.006629174081518455,0.006465115827328671,-0.9999197774330126
149520000000,1669,149515996332,map,-0.005086721386760473,0.026522381231188774,3.029125690460205,0.00867662501214866,-0.006588382682241116,0.006476832651214626,-0.9999196931393157
149556000000,1670,149547996332,map,-0.004779270384460688,0.0257746409624815,3.028491735458374,0.008726136857800706,-0.006582268919665132,0.006491078286011309,-0.9999191873771336
149588000000,1671,149579996332,map,-0.004421814810484648,0.024938300251960754,3.0279197692871094,0.00881096842104939,-0.006584391573250486,0.006513542556267737,-0.9999183022933149
149620000000,1672,149611996366,map,-0.004657209850847721,0.026236947625875473,3.0276734828948975,0.008890173050749614,-0.006465338415372227,0.00655379279659557,-0.9999181758527693
149656000000,1673,149651996366,map,-0.004854291211813688,0.027470286935567856,3.0275495052337646,0.008946334055662634,-0.006404734869208357,0.006521424016939226,-0.9999182601464662
149688000000,1674,149683996366,map,-0.004931325558573008,0.028175290673971176,3.027435541152954,0.009017695914181166,-0.006278002588458637,0.006506672619960352,-0.9999185130275574
149720000000,1675,149715996399,map,-0.004976808093488216,0.02862577699124813,3.0274007320404053,0.009055489783494294,-0.006188547219583281,0.0064269729294263445,-0.999919229523982
149756000000,1676,149747996399,map,-0.00497314240783453,0.02887120097875595,3.0273783206939697,0.009043152281409492,-0.006094297975962064,0.006389672968494242,-0.9999201989014979
149788000000,1677,149779996399,map,-0.004931001458317041,0.028924835845828056,3.027343511581421,0.009098201663193037,-0.006006908790480504,0.006380779983458318,-0.9999202410483463
149820000000,1678,149811996433,map,-0.004845390096306801,0.028818637132644653,3.0275657176971436,0.009134598759604734,-0.0059865959851317764,0.006377239648183375,-0.9999200724609523
149856000000,1679,149851996433,map,-0.004716412164270878,0.028475018218159676,3.0278689861297607,0.009147266686396417,-0.005989538197357316,0.006378166878850677,-0.9999199038735582
149888000000,1680,149883996433,map,-0.004587644711136818,0.02804362215101719,3.0283215045928955,0.009232800093454483,-0.005948698888967021,0.00639806019134781,-0.999919229523982
149920000000,1681,149915996466,map,-0.0044263512827456,0.02747359871864319,3.0286710262298584,0.009225504078850541,-0.005902542162947021,0.006404129337533426,-0.9999195666987701
149956000000,1682,149947996466,map,-0.004186700098216534,0.02675275318324566,3.0289242267608643,0.00921391896386611,-0.005886435481370779,0.0064349386837948,-0.9999195245519217
149988000000,1683,149979996466,map,-0.0039190626703202724,0.025939375162124634,3.0291714668273926,0.009326252333584913,-0.0059434389293456374,0.0064007154428040725,-0.9999183444401634
150020000000,1684,150011996499,map,-0.004750814754515886,0.0277557410299778,3.028907060623169,0.009340565633829791,-0.005908867482946195,0.00647834993776103,-0.9999180072653753
150056000000,1685,150051996499,map,-0.005654826294630766,0.02963554859161377,3.028496026992798,0.009346732573874795,-0.005872515496833295,0.006477043385457293,-0.9999181337059209
150088000000,1686,150083996499,map,-0.006243010051548481,0.03081994503736496,3.028125524520874,0.009376331186058332,-0.0058446449054387044,0.0065151441365111085,-0.9999177122374356
150120000000,1687,150115996532,map,-0.006765435449779034,0.03173988685011864,3.0280604362487793,0.009298462907800932,-0.005788893185937395,0.006516534982511979,-0.9999188502023455
150156000000,1688,150147996532,map,-0.007191228214651346,0.032393407076597214,3.027911424636841,0.00922061438587877,-0.00572208318705804,0.006513542556267737,-0.9999199881672554
150188000000,1689,150179996532,map,-0.0075220069848001,0.032862745225429535,3.027710199356079,0.009107374365008601,-0.0057483703081831865,0.006508864256082936,-0.999920873251074
150220000000,1690,150211996565,map,-0.007758543360978365,0.03319709375500679,3.0274600982666016,0.009111188325526584,-0.005793271519098718,0.006600955120079355,-0.9999199038735582
150256000000,1691,150251996565,map,-0.007979966700077057,0.033361125737428665,3.027163028717041,0.009007074579084166,-0.005816743856360619,0.006622070691183202,-0.999920620369983
150288000000,1692,150283996565,map,-0.00806549470871687,0.033309344202280045,3.0268969535827637,0.008803976983280391,-0.005781632732736885,0.0065751191019421396,-0.9999228962998026
150320000000,1693,150315996598,map,-0.008082068525254726,0.03311524540185928,3.026745080947876,0.008615375433822459,-0.005831979448188926,0.006533140840825236,-0.999924582173743
150356000000,1694,150347996598,map,-0.00806490983814001,0.032798126339912415,3.0268585681915283,0.008578407132368149,-0.005826239821211539,0.006510170808386839,-0.9999250457890766
150388000000,1695,150379996598,map,-0.007990246638655663,0.03238357976078987,3.0271413326263428,0.008498144221643597,-0.005900059532469989,0.006530064120883972,-0.9999252143764705
150420000000,1696,150411996631,map,-0.009501767344772816,0.03459956496953964,3.025655746459961,0.008374821719720087,-0.006006893397002629,0.006555267936293407,-0.9999253829638647
150456000000,1697,150451996631,map,-0.011127738282084465,0.03696036338806152,3.0240867137908936,0.00830564392406228,-0.0060425499601151,0.0066138520557236236,-0.9999253829638646
150488000000,1698,150483996631,map,-0.012229103595018387,0.03852961212396622,3.023031234741211,0.008172384808693945,-0.00609502673777821,0.006618825383847948,-0.9999261416071379
150520000000,1699,150515996664,map,-0.01318200770765543,0.039838649332523346,3.022127628326416,0.008014432661500098,-0.006103262742349233,0.006611955447540618,-0.9999274481594417
150556000000,1700,150547996664,map,-0.014013098552823067,0.04088897630572319,3.0213236808776855,0.007861661860176998,-0.0061107981378818255,0.006636232032282918,-0.999928459683806
150588000000,1701,150579996664,map,-0.014732510782778263,0.04170173034071922,3.0206785202026367,0.007688899870179256,-0.006194586813584054,0.0066463472759255016,-0.9999292183270792
150620000000,1702,150611996697,map,-0.015360523015260696,0.042271215468645096,3.0201923847198486,0.007589727100862169,-0.006250613063827128,0.006644366374045529,-0.9999295976487157
150656000000,1703,150651996697,map,-0.015986667945981026,0.04271136596798897,3.0196268558502197,0.0075959810099412595,-0.006313173104565185,0.00660892087444781,-0.9999293869144732
150688000000,1704,150683996697,map,-0.016358520835638046,0.04280712455511093,3.019193172454834,0.007508851579109066,-0.006401501086401907,0.006631511585249716,-0.9999293869144732
150720000000,1705,150715996730,map,-0.01660899445414543,0.04274030402302742,3.0189368724823,0.007437826483788304,-0.006508405003606583,0.006607403587901406,-0.9999293869144732
150756000000,1706,150747996730,map,-0.01678469404578209,0.0424920916557312,3.018714427947998,0.007465474939888546,-0.00653706342002788,0.0065636551591471415,-0.9999293026207762
150788000000,1707,150779996730,map,-0.016867179423570633,0.042103350162506104,3.018551826477051,0.007466249305911871,-0.006597466521707134,0.00655914544635644,-0.9999289232991396
150820000000,1708,150811996762,map,-0.01846625655889511,0.043498214334249496,3.0165598392486572,0.007523036586651982,-0.00661317182040576,0.006555900139021131,-0.9999283753901089
150856000000,1709,150851996762,map,-0.02008272334933281,0.0447695218026638,3.014521598815918,0.007546982211619964,-0.006610418157704662,0.00654776579725852,-0.9999282489495633
150888000000,1710,150883996762,map,-0.021124692633748055,0.04547934606671333,3.0131959915161133,0.007733426575064904,-0.00657825233323385,0.00654603777646956,-0.9999271109846537
150920000000,1711,150915996795,map,-0.02199552021920681,0.045954808592796326,3.0120701789855957,0.007825200102926423,-0.00647368855393829,0.00653465812737164,-0.9999271109846536
150956000000,1712,150947996795,map,-0.022707946598529816,0.04623270779848099,3.0111162662506104,0.00786976656743674,-0.00639574310249636,0.006540263658223577,-0.9999272374251991
150988000000,1713,150979996795,map,-0.023275146260857582,0.04631543159484863,3.0103023052215576,0.007912386168586303,-0.006298934507962932,0.0065604941455087995,-0.9999274060125932
151020000000,1714,151011996827,map,-0.023738473653793335,0.04619789123535156,3.009753465652466,0.007959371343597345,-0.006216412954212124,0.006631933053734773,-0.9999270266909566
151056000000,1715,151051996827,map,-0.0241764634847641,0.04579395055770874,3.009201765060425,0.007989112201394607,-0.006202702386828179,0.0066274233409441274,-0.999926900250411
151088000000,1716,151083996827,map,-0.024430405348539352,0.04527995362877846,3.0089004039764404,0.008091264555338061,-0.006235360679113867,0.006688915592921507,-0.9999255094044103
151120000000,1717,151115996860,map,-0.024601617828011513,0.0446174219250679,3.0086679458618164,0.008200427774113499,-0.006310740070721411,0.006686850397344513,-0.9999241185584093
151156000000,1718,151147996860,map,-0.024663060903549194,0.043826814740896225,3.0085670948028564,0.008281886190074231,-0.0063541337909401065,0.0066879462154058045,-0.9999231913277421
151188000000,1719,151179996860,map,-0.0246534775942564,0.042931653559207916,3.008732795715332,0.008314652154386974,-0.00642949951774911,0.006765538563514362,-0.9999218847754383
151220000000,1720,151211996892,map,-0.02598433755338192,0.043908197432756424,3.00797176361084,0.008429957864742559,-0.0065153067146863685,0.006779025555037843,-0.9999202831951948
151256000000,1721,151251996892,map,-0.027873774990439415,0.045559439808130264,3.00693941116333,0.008478190816960102,-0.0065154622958263795,0.006793481924077083,-0.9999197352861642
151288000000,1722,151283996892,map,-0.029115837067365646,0.046571243554353714,3.0063154697418213,0.008562820124726771,-0.006520211965772142,0.006775611660308434,-0.999919145230285
151320000000,1723,151315996924,map,-0.030140869319438934,0.047342415899038315,3.005697250366211,0.008506545520886123,-0.0064950891513371085,0.006736035769556725,-0.9999200303141038
151356000000,1724,151347996924,map,-0.030974499881267548,0.04790838062763214,3.0051941871643066,0.008479235268549762,-0.00646174482031023,0.006740166160710825,-0.9999204517825889
151388000000,1725,151379996924,map,-0.03163892775774002,0.048292770981788635,3.004748821258545,0.008278830214284938,-0.006444535159001181,0.006707713087357403,-0.9999225591250145
151420000000,1726,151411996957,map,-0.03215748444199562,0.048487138003110886,3.004526138305664,0.008076791146459681,-0.006429162342961023,0.006738648874164421,-0.9999239921178638
151456000000,1727,151451996957,map,-0.032579485327005386,0.04850202798843384,3.004652976989746,0.00801394673797127,-0.006439173042662995,0.006750576432292932,-0.9999243714395003
151488000000,1728,151483996957,map,-0.032797906547784805,0.04834017530083656,3.0049095153808594,0.007827043039732012,-0.00654255485804382,0.006705985066568443,-0.9999254672575617
151520000000,1729,151515996989,map,-0.03290905803442001,0.04802864417433739,3.005260467529297,0.007638467091191828,-0.0066085480147790865,0.006724656120458694,-0.9999264366350775
151556000000,1730,151547996989,map,-0.032896507531404495,0.047600362449884415,3.0055792331695557,0.007560756740139248,-0.006624775333477384,0.0067190505896068675,-0.9999269845441081
151588000000,1731,151579996989,map,-0.03276977688074112,0.04701557010412216,3.005878448486328,0.007499284079860966,-0.0067373312912398856,0.006629362095975588,-0.9999272374251992
151620000000,1732,151611997021,map,-0.03468168154358864,0.0482233501970768,3.0048091411590576,0.007493225223433335,-0.006701828086679711,0.00659960642092694,-0.9999277431873812
151656000000,1733,151651997021,map,-0.036690112203359604,0.04934258386492729,3.003657579421997,0.00753535988887083,-0.006713243626453338,0.006622492159668425,-0.9999271952783506
151688000000,1734,151683997021,map,-0.03801080211997032,0.049994274973869324,3.0029046535491943,0.0076059741758957074,-0.0067179694653197175,0.0066348833331306145,-0.9999265209287744
151720000000,1735,151715997053,map,-0.03912010043859482,0.05044841021299362,3.0023715496063232,0.007651266274135758,-0.006714396161660371,0.0066611408197528865,-0.9999260573134409
151756000000,1736,151747997053,map,-0.03999277576804161,0.05072030797600746,3.0020222663879395,0.00761798034777493,-0.006749141422650889,0.006648623205745108,-0.9999260994602893
151788000000,1737,151779997053,map,-0.04066534340381622,0.050810471177101135,3.001690626144409,0.0075908679057451545,-0.006837486650121913,0.006626074641791768,-0.9999258887260467
151820000000,1738,151811997085,map,-0.041137658059597015,0.050707168877124786,3.001418113708496,0.007359496174820006,-0.006834997372461254,0.006639603780163705,-0.9999275324531387
151856000000,1739,151851997085,map,-0.041528310626745224,0.05031847581267357,3.001279592514038,0.007322477885721639,-0.006895907656309235,0.006637327850344155,-0.9999273638657447
151888000000,1740,151883997085,map,-0.04164751246571541,0.049846112728118896,3.0012738704681396,0.007303762832826373,-0.006943651351116379,0.0066518263662319055,-0.9999271109846536
151920000000,1741,151915997117,map,-0.04161708429455757,0.04924792796373367,3.0013415813446045,0.007402753679223129,-0.0069281705337769115,0.006662110197268645,-0.9999264366350775
151956000000,1742,151947997117,map,-0.04145493730902672,0.04853818565607071,3.001493453979492,0.00744964478526711,-0.006948652482166611,0.006706617269296111,-0.9999256779918042
151988000000,1743,151979997117,map,-0.04115624725818634,0.04771384596824646,3.0017249584198,0.00747337078564168,-0.007006335753868865,0.00672001996712257,-0.999925003642228
152020000000,1744,152011997149,map,-0.04250814765691757,0.04920041188597679,3.00107479095459,0.00749003546021134,-0.006922408660342865,0.006704425633173583,-0.9999255094044102
152056000000,1745,152051997149,map,-0.04384844750165939,0.05066633224487305,3.000168561935425,0.007480319603233302,-0.006859654328395437,0.006694099655288388,-0.9999261416071379
152088000000,1746,152083997149,map,-0.04465681314468384,0.05155516415834427,2.9996705055236816,0.007472713455325133,-0.00677007774617158,0.006691739431771815,-0.9999268159567141
152120000000,1747,152115997180,map,-0.045245423913002014,0.05223238468170166,2.999330997467041,0.007463839321125876,-0.006739012473050701,0.00675310524320355,-0.99992664736932
152156000000,1748,152147997180,map,-0.04563774913549423,0.05267968401312828,2.999046564102173,0.007405887466161944,-0.006747491830396939,0.006753990327022341,-0.9999270266909566
152188000000,1749,152179997180,map,-0.04583436995744705,0.05293211340904236,2.9988644123077393,0.007297495032574068,-0.006692602104497548,0.006768741724001104,-0.999928122509018
152220000000,1750,152211997212,map,-0.04583600163459778,0.05300884693861008,2.9988348484039307,0.007235917396185311,-0.006693965065254397,0.006723349568154902,-0.9999288390054426
152256000000,1751,152251997212,map,-0.04558596760034561,0.0528896227478981,2.998974323272705,0.0072254207935340264,-0.006707805756917218,0.0067350663920409115,-0.9999287547117456
152288000000,1752,152283997212,map,-0.04524331912398338,0.05265369638800621,2.9993109703063965,0.007130657782299004,-0.00664027705960498,0.006732748315372905,-0.9999298926766553
152320000000,1753,152315997244,map,-0.04473879188299179,0.052295535802841187,2.999751567840576,0.007034202990802489,-0.006533462869089516,0.0067298401828256305,-0.9999312835226561
152356000000,1754,152347997244,map,-0.044084206223487854,0.05184683948755264,3.000311851501465,0.007032320870598675,-0.006473855371493968,0.006739154636346556,-0.9999316628442928
152388000000,1755,152379997244,map,-0.04331155866384506,0.05127663165330887,3.000887393951416,0.006930724657492213,-0.006385983061297738,0.006776707478369726,-0.9999326322218085
152420000000,1756,152411997275,map,-0.044460445642471313,0.05198162421584129,3.0012075901031494,0.006864752450704107,-0.006256090960521623,0.0068059152443877835,-0.9999337701867184
152456000000,1757,152451997275,map,-0.04633939266204834,0.05314258113503456,3.0014615058898926,0.006850712117157788,-0.0061686877809692675,0.006810003488693317,-0.999934318095749
152488000000,1758,152483997275,map,-0.04751858115196228,0.05379610136151314,3.0017032623291016,0.0068110848187754045,-0.006010629237678351,0.006817168452940114,-0.9999354982075073
152520000000,1759,152515997307,map,-0.048442911356687546,0.0542394183576107,3.0016682147979736,0.006839937958575904,-0.006006295026999064,0.006798413105352785,-0.9999354560606588
152556000000,1760,152547997307,map,-0.04915006831288338,0.05452623963356018,3.001706123352051,0.006821944423507197,-0.006021666237836984,0.0067751058981262435,-0.9999356667949013
152588000000,1761,152579997307,map,-0.049626756459474564,0.054653577506542206,3.0018672943115234,0.006731635827903686,-0.006149049572150906,0.006790531644681297,-0.9999354139138102
152620000000,1762,152611997338,map,-0.049892857670784,0.05463915318250656,3.0020782947540283,0.006654404547401148,-0.0063928070023870345,0.006801068356808937,-0.999934318095749
152656000000,1763,152651997338,map,-0.04997001215815544,0.05436497926712036,3.002293586730957,0.006598659552256651,-0.006499735393780964,0.006794282714198796,-0.9999340230678094
152688000000,1764,152683997338,map,-0.04986012354493141,0.0539674237370491,3.002474308013916,0.006506209133248746,-0.006565510808948521,0.006757657102842707,-0.999934486683143
152720000000,1765,152715997369,map,-0.0496126264333725,0.05343582108616829,3.0026795864105225,0.006538457031401305,-0.006622785451211133,0.00672933442064344,-0.9999340652146579
152756000000,1766,152747997369,map,-0.04923306778073311,0.05277909338474274,3.002840042114258,0.006527143213602208,-0.006663268839446817,0.00673603576955667,-0.9999338544804154
152788000000,1767,152779997369,map,-0.04872049018740654,0.052028242498636246,3.0030171871185303,0.006641259782936896,-0.006782955326781233,0.006728870805309817,-0.9999323371938689
152820000000,1768,152811997401,map,-0.05108509212732315,0.052017875015735626,3.0010435581207275,0.0067234397733178545,-0.006795766430409733,0.006741936328348186,-0.9999316628442927
152856000000,1769,152851997401,map,-0.05348072573542595,0.05178322643041611,2.9988181591033936,0.0067322435538696565,-0.0067564838929394765,0.00679015232304464,-0.9999314942568988
152888000000,1770,152883997401,map,-0.05499536544084549,0.051460299640893936,2.997049570083618,0.006753044381857831,-0.006729716651708979,0.006833184255374269,-0.9999311992289592
152920000000,1771,152915997432,map,-0.05618097633123398,0.05103577673435211,2.99552059173584,0.006791045767291718,-0.006706652372805155,0.00681270088699798,-0.9999312835226561
152956000000,1772,152947997432,map,-0.05706781521439552,0.05046902224421501,2.9942216873168945,0.006786682544639926,-0.006670476912634547,0.006815693313242277,-0.9999314942568986
152988000000,1773,152979997432,map,-0.057685837149620056,0.04978508874773979,2.993056297302246,0.006794142150960431,-0.0067217265492007005,0.006798876720686409,-0.9999311992289591
153020000000,1774,153011997463,map,-0.05806809291243553,0.049008190631866455,2.9920356273651123,0.006817333336021334,-0.006745995349741097,0.006809582020208205,-0.9999308620541711
153056000000,1775,153051997463,map,-0.058210451155900955,0.04788915067911148,2.9909470081329346,0.006820008120010526,-0.006794563231007057,0.0068045243983868575,-0.999930524879383
153088000000,1776,153083997463,map,-0.058097608387470245,0.04691512882709503,2.990281581878662,0.006867507119229043,-0.0067870642252034095,0.006770216863698997,-0.9999305248793829
153120000000,1777,153115997494,map,-0.05776757746934891,0.04586021229624748,2.989790916442871,0.007038827254323391,-0.006908834591742835,0.006731821084705603,-0.999928712564897
153156000000,1778,153147997494,map,-0.05723654106259346,0.04471994936466217,2.989409923553467,0.007074001644523801,-0.006872524870810662,0.006724150358276559,-0.9999287968585941
153188000000,1779,153179997494,map,-0.05655359476804733,0.0435161292552948,2.9890685081481934,0.007129975468450186,-0.006838686044886593,0.0067610288507236604,-0.9999283332432605
153220000000,1780,153211997525,map,-0.05841902270913124,0.044188790023326874,2.988072156906128,0.007230716870205771,-0.006789088526709962,0.006759511564177256,-0.9999279960684724
153256000000,1781,153251997525,map,-0.060230910778045654,0.04476858675479889,2.9868743419647217,0.0072711769804365625,-0.006749389693930398,0.00678893006443787,-0.9999277431873812
153288000000,1782,153283997525,map,-0.06129017472267151,0.04500196874141693,2.986173152923584,0.007353409433148364,-0.006666413085924575,0.006791037406863487,-0.9999277431873813
153320000000,1783,153315997556,map,-0.06204643473029137,0.045071788132190704,2.9856998920440674,0.0074303357458051595,-0.006623197666631416,0.006809708460753738,-0.9999272795720476
153356000000,1784,153347997556,map,-0.06254078447818756,0.04498975723981857,2.9854979515075684,0.007427252810850071,-0.006570060656940021,0.006828210927250056,-0.9999275745999872
153388000000,1785,153379997556,map,-0.0627664104104042,0.044791772961616516,2.9854037761688232,0.00742447272405059,-0.0065842585884189056,0.006878829292311539,-0.9999271109846537
153420000000,1786,153411997587,map,-0.06277449429035187,0.04446685314178467,2.9853737354278564,0.007444119905537872,-0.00660819651664795,0.0069096386385730235,-0.99992664736932
153456000000,1787,153451997587,map,-0.062491439282894135,0.043936457484960556,2.985337495803833,0.007417148227396679,-0.006651642344200841,0.006925317266219089,-0.999926394488229
153488000000,1788,153483997587,map,-0.062028005719184875,0.04340999945998192,2.985297679901123,0.007338798141513625,-0.006672236759644793,0.006898427576869204,-0.999927068837805
153520000000,1789,153515997618,map,-0.06139164790511131,0.0427452027797699,2.985466241836548,0.007267440769329554,-0.006545195744997926,0.00689176837480443,-0.9999285018306545
153556000000,1790,153547997618,map,-0.060608264058828354,0.04195898026227951,2.9857826232910156,0.00723685755078852,-0.006498664718743201,0.006875162516491118,-0.9999290918865337
153588000000,1791,153579997618,map,-0.05969509854912758,0.04107065871357918,2.9861791133880615,0.007224043468275096,-0.006521890389927831,0.006897879667838502,-0.9999288811522911
153620000000,1792,153611997648,map,-0.06198029965162277,0.04005156084895134,2.985280990600586,0.00725905457545168,-0.006533107790122617,0.006943735439018439,-0.9999282068027149
153656000000,1793,153651997648,map,-0.06421704590320587,0.03866415098309517,2.9842567443847656,0.007296087496585834,-0.006528344866968633,0.006975724897038071,-0.9999277431873813
153688000000,1794,153683997648,map,-0.06559048593044281,0.03747076913714409,2.983354091644287,0.007320688373339259,-0.006556490771126592,0.0069778743863121995,-0.9999273638657447
153720000000,1795,153715997679,map,-0.066629558801651,0.036217350512742996,2.9823880195617676,0.007353339586271487,-0.006621114484557508,0.006918868798396927,-0.9999271952783506
153756000000,1796,153747997679,map,-0.06735404580831528,0.034922100603580475,2.9815473556518555,0.0074000834458793855,-0.006658630077656982,0.006886120697104037,-0.9999268159567141
153788000000,1797,153779997679,map,-0.06776280701160431,0.03356555849313736,2.9808356761932373,0.007503330094999949,-0.006739011979142321,0.006900071303961086,-0.9999253408170162
153820000000,1798,153811997710,map,-0.06787414103746414,0.03212616592645645,2.9800031185150146,0.007631240676510575,-0.006897019032484519,0.006896615262383221,-0.9999233177682876
153856000000,1799,153851997710,map,-0.06766759604215622,0.030262760818004608,2.979081153869629,0.007687480665605521,-0.006931929505828477,0.006932482230465942,-0.9999224326844689
153888000000,1800,153883997710,map,-0.06724151968955994,0.028780551627278328,2.9784786701202393,0.007735083514206021,-0.007026070460037162,0.006923504951733217,-0.9999214633069532
153920000000,1801,153915997740,map,-0.06660643965005875,0.027297448366880417,2.9780290126800537,0.00789729047630691,-0.007091681702116831,0.006904117401418163,-0.9999198617267098
153956000000,1802,153947997740,map,-0.0657634437084198,0.025795571506023407,2.9776430130004883,0.007901446550696788,-0.0070651021872301396,0.006881863865404458,-0.9999201989014979
153988000000,1803,153979997740,map,-0.06471826136112213,0.024285728111863136,2.977454662322998,0.007946739307481349,-0.006958124883471855,0.006902220793235159,-0.9999204096357404
154020000000,1804,154011997770,map,-0.06746146082878113,0.024785451591014862,2.976496696472168,0.00802133688328082,-0.006874131194632485,0.006903611639236029,-0.9999203674888919
154056000000,1805,154051997770,map,-0.070230633020401,0.025152351707220078,2.975416421890259,0.008007364256341729,-0.006777244439097766,0.006892948486562744,-0.9999212525727106
154088000000,1806,154083997770,map,-0.07196423411369324,0.025280656293034554,2.9747231006622314,0.008116330899581534,-0.006605231378841727,0.0068210881098516585,-0.9999220533628322
154120000000,1807,154115997801,map,-0.0733531042933464,0.025237206369638443,2.974217414855957,0.008356471294687084,-0.006542817658461537,0.00690053491929471,-0.9999199038735582
154156000000,1808,154147997801,map,-0.0743928924202919,0.025039296597242355,2.97389817237854,0.008432226138982242,-0.006530464845216925,0.006888185892680976,-0.9999194402582247
154188000000,1809,154179997801,map,-0.07512519508600235,0.024742601439356804,2.9736828804016113,0.008555133346275405,-0.006574442035869693,0.006942555327260069,-0.9999177543842841
154220000000,1810,154211997831,map,-0.07557256519794464,0.024352451786398888,2.973646879196167,0.00868062459989983,-0.006732242141600259,0.006951321871750293,-0.9999154784544646
154256000000,1811,154251997831,map,-0.07577130943536758,0.02375541627407074,2.9737813472747803,0.008708139824214301,-0.006763947190710641,0.0069485401797486634,-0.9999151412796765
154288000000,1812,154283997831,map,-0.07560761272907257,0.02321208268404007,2.9739990234375,0.008699321583980159,-0.006876876049300788,0.00697323823297602,-0.9999142140490093
154320000000,1813,154315997861,map,-0.07520860433578491,0.022622646763920784,2.974301815032959,0.008732311206471426,-0.007017029631759321,0.006988495392136973,-0.9999128653498569
154356000000,1814,154347997861,map,-0.07461336255073547,0.021999891847372055,2.974632740020752,0.008699762314892128,-0.0070307533700334265,0.006977326477281498,-0.9999130760840995
154388000000,1815,154379997861,map,-0.07380575686693192,0.021339653059840202,2.974991798400879,0.008585816498945527,-0.006956981073979553,0.006906393331237715,-0.9999151412796765
154420000000,1816,154411997891,map,-0.07569567114114761,0.021228691563010216,2.974907875061035,0.008413501907622896,-0.0068905324513989525,0.0068944657731091485,-0.9999171221815566
154456000000,1817,154451997891,map,-0.07859843224287033,0.02116629108786583,2.974766254425049,0.008354080284214726,-0.0068108299620506935,0.006901883618447013,-0.9999181337059209
154488000000,1818,154483997891,map,-0.08041484653949738,0.021002642810344696,2.974583625793457,0.008239288238575369,-0.0067101897086156315,0.0069106501629373485,-0.9999196509924672
154520000000,1819,154515997921,map,-0.08184755593538284,0.020731711760163307,2.9745798110961914,0.008142896831987748,-0.006687255484534816,0.006929068335736588,-0.999920536076286
154556000000,1820,154547997921,map,-0.08295121788978577,0.020356711000204086,2.9747354984283447,0.00814025145869918,-0.006741455673175317,0.006976525687159896,-0.9999198617267098
154588000000,1821,154579997921,map,-0.08372639119625092,0.019918866455554962,2.9749948978424072,0.008162268001008123,-0.006882813486584761,0.007000549390811017,-0.9999185130275574
154620000000,1822,154611997951,map,-0.08417641371488571,0.01941198855638504,2.975309371948242,0.008176332741860269,-0.007104348311819497,0.006960678472119729,-0.999917164328405
154656000000,1823,154651997951,map,-0.08432237058877945,0.018682532012462616,2.9756529331207275,0.00819347774233044,-0.007213347511853415,0.00696982433824661,-0.9999161106571922
154688000000,1824,154683997951,map,-0.08412805944681168,0.018050530925393105,2.9759631156921387,0.008198307795865209,-0.0074418147528056205,0.007001518768326886,-0.9999141719021608
154720000000,1825,154715997981,map,-0.08368417620658875,0.017341144382953644,2.976269483566284,0.00817769549682196,-0.007496610780169236,0.0069728167644909625,-0.9999142140490094
154756000000,1826,154755997981,map,-0.08278258889913559,0.016385547816753387,2.9766528606414795,0.008168831117313227,-0.007522086286347325,0.006953766388963944,-0.9999142140490094
154788000000,1827,154779997981,map,-0.08206769824028015,0.01578589342534542,2.9767227172851562,0.008148414097296112,-0.007571869123064406,0.006924263595006307,-0.9999142140490094
154820000000,1828,154811998011,map,-0.08349447697401047,0.015421462245285511,2.9764623641967773,0.008071717019866642,-0.0075519155743243,0.006881863865404402,-0.9999153098670706
154856000000,1829,154851998011,map,-0.08573677390813828,0.015092791989445686,2.9760360717773438,0.008077420035885288,-0.00747383324852229,0.006881063075282689,-0.9999157734824042
154888000000,1830,154883998011,map,-0.08705779165029526,0.014745560474693775,2.9759693145751953,0.008024040496599312,-0.0074129421447831035,0.0069135161486360555,-0.9999164478319803
154920000000,1831,154915998041,map,-0.08799759298563004,0.014294535852968693,2.9761602878570557,0.007965820758077244,-0.007364720017390911,0.006928014664523806,-0.9999172064752535
154956000000,1832,154947998041,map,-0.08859989792108536,0.0137470168992877,2.9764153957366943,0.007962126940772935,-0.007377001255079312,0.006911577393604539,-0.9999172064752535
154988000000,1833,154979998041,map,-0.08889294415712357,0.013127932325005531,2.9767322540283203,0.00796393917294084,-0.007460666782958547,0.006887764424195918,-0.9999167428599198
155020000000,1834,155011998071,map,-0.0888676866889,0.012478204444050789,2.9770941734313965,0.008024202580866339,-0.007588292708605599,0.0068592310077540955,-0.9999155206013132
155056000000,1835,155051998071,map,-0.08846529573202133,0.011588022112846375,2.9776594638824463,0.008050536602708163,-0.0076351743480722765,0.006841445037682413,-0.999915099132828
155088000000,1836,155083998071,map,-0.08782792836427689,0.010811883956193924,2.9781601428985596,0.008135992013401065,-0.007789060353360615,0.006839000520468818,-0.9999132446714936
155120000000,1837,155115998100,map,-0.08694586902856827,0.009959224611520767,2.978743076324463,0.008128628837547069,-0.007784341871671161,0.006879714376130274,-0.9999129917904025
155156000000,1838,155147998100,map,-0.08584532886743546,0.009074365720152855,2.979429244995117,0.008119301984867848,-0.007766026977172315,0.006890841144137182,-0.9999131603777964
155188000000,1839,155179998100,map,-0.08455823361873627,0.008150032721459866,2.98012375831604,0.008142694761721378,-0.0077063339099497615,0.006831835556221965,-0.9999138347273726
155220000000,1840,155219998130,map,-0.08730266243219376,0.00727501418441534,2.979971408843994,0.008205553287757678,-0.007582644310622083,0.006823659067610842,-0.9999143404895547
155256000000,1841,155251998130,map,-0.08894781023263931,0.006523614749312401,2.9795467853546143,0.008277389565855662,-0.007511689165075778,0.006830655444463706,-0.9999142561958578
155288000000,1842,155283998130,map,-0.09016180783510208,0.00577545678243041,2.979140043258667,0.008354365680940874,-0.007398435150134815,0.006883465445647829,-0.9999140454616152
155320000000,1843,155315998159,map,-0.09095435589551926,0.004981505684554577,2.9786574840545654,0.008439962514066864,-0.007354142228549501,0.006887047927771283,-0.9999136661399787
155356000000,1844,155347998159,map,-0.09138612449169159,0.0041495817713439465,2.9782745838165283,0.00847645439972868,-0.007294723774386775,0.006870863537943083,-0.9999139190210697
155388000000,1845,155379998159,map,-0.09148219972848892,0.00326421856880188,2.977609872817993,0.00856166693097523,-0.007258542515937569,0.006874993929097128,-0.9999134132588876
155420000000,1846,155411998189,map,-0.09127054363489151,0.0023828819394111633,2.9771134853363037,0.008722799107280061,-0.007222068863726821,0.0068568286373889,-0.9999124438813719
155456000000,1847,155451998189,map,-0.09064022451639175,0.0011889457236975431,2.9767372608184814,0.008774776049661613,-0.0072080504267853914,0.006855227057145529,-0.9999121067065837
155488000000,1848,155483998189,map,-0.0898880586028099,0.00019253107893746346,2.976680278778076,0.008957436375204653,-0.007239710777187297,0.006834912276163284,-0.9999103365389463
155520000000,1849,155515998218,map,-0.08894313126802444,-0.0008570190984755754,2.9768476486206055,0.009115146589609878,-0.007268726906753523,0.006836766737497778,-0.9999086506650059
155556000000,1850,155547998218,map,-0.08777735382318497,-0.0019268206087872386,2.97712779045105,0.009217186497078592,-0.00731318417635261,0.006831245500342808,-0.999907428406399
155588000000,1851,155579998218,map,-0.08640141040086746,-0.003016754286363721,2.977501392364502,0.00945609763654193,-0.0074033306053710324,0.006845575428836514,-0.9999044781270032
155620000000,1852,155611998247,map,-0.08876924216747284,-0.0027783848345279694,2.977414846420288,0.009574127004664467,-0.00734491268611109,0.006786485547224218,-0.9999042252459122
155656000000,1853,155651998247,map,-0.09103385359048843,-0.0026173649821430445,2.9774792194366455,0.009621850408068958,-0.007323786578295006,0.0067701325700019735,-0.9999039723648211
155688000000,1854,155683998247,map,-0.0923539325594902,-0.0026197575498372316,2.9776699542999268,0.009754691347674723,-0.007182402999331687,0.0067291658332493945,-0.9999040566585181
155720000000,1855,155715998277,map,-0.09327153861522675,-0.002701098332181573,2.977909803390503,0.009866766814900589,-0.007133907370173522,0.006728070015188103,-0.9999032980152449
155756000000,1856,155747998277,map,-0.0938124805688858,-0.002886358182877302,2.978203296661377,0.009893962645128688,-0.007125308836850856,0.006704004164688359,-0.9999031715746994
155788000000,1857,155779998277,map,-0.09401305764913559,-0.003172967815771699,2.9784228801727295,0.009975937936210122,-0.007114962114813685,0.006666619910059234,-0.9999027079593659
155820000000,1858,155811998306,map,-0.0938815176486969,-0.003505149856209755,2.9787065982818604,0.010059608814763485,-0.007140568794825958,0.006630120739248845,-0.9999019493160926
155856000000,1859,155851998306,map,-0.09334954619407654,-0.003989049233496189,2.9791064262390137,0.010094160010919307,-0.007169694901325018,0.006603146756201882,-0.9999016121413045
155888000000,1860,155883998306,map,-0.09261570125818253,-0.0044320146553218365,2.9795327186584473,0.01014428084560511,-0.007232060054047744,0.006626875431913481,-0.9999004741763947
155920000000,1861,155915998335,map,-0.0916425958275795,-0.0049495212733745575,2.980034589767456,0.010127958490702506,-0.007200836812563012,0.006673236965275497,-0.9999005584700917
155956000000,1862,155947998335,map,-0.09045465290546417,-0.005551956128329039,2.9806325435638428,0.01012633451994582,-0.00719583319139136,0.006684700908070439,-0.9999004741763947
155988000000,1863,155979998335,map,-0.08905468136072159,-0.006182242184877396,2.9813039302825928,0.010175594801595815,-0.007175929506818217,0.006766760822121075,-0.999899589092576
156020000000,1864,156011998364,map,-0.09156470745801926,-0.005709928926080465,2.980522394180298,0.010149593653423262,-0.007097365640924259,0.006737258028163439,-0.9999006006169403
156056000000,1865,156051998364,map,-0.09403928369283676,-0.005297185853123665,2.9797418117523193,0.010144814102020448,-0.007039518926706931,0.006703709136748892,-0.9999012749665164
156088000000,1866,156083998364,map,-0.09551428258419037,-0.005099365022033453,2.9792447090148926,0.0101472745889384,-0.006974662664746634,0.006625737467003734,-0.9999022864908806
156120000000,1867,156115998393,map,-0.09661528468132019,-0.005004396662116051,2.978808879852295,0.01025845846921852,-0.0070903210256862415,0.006621817810092189,-0.9999003055890007
156156000000,1868,156147998393,map,-0.09731336683034897,-0.004996564704924822,2.9785308837890625,0.010249931305656905,-0.007177569282643095,0.006663374602723981,-0.9998995469457275
156188000000,1869,156179998393,map,-0.09767784923315048,-0.0050907921977341175,2.9784183502197266,0.010228386034261489,-0.007255965384323644,0.006723813183488469,-0.9998987883024544
156220000000,1870,156211998421,map,-0.09774735569953918,-0.005267759319394827,2.978416681289673,0.010264880842214557,-0.007503427065678627,0.006733254077554983,-0.9998965123726347
156256000000,1871,156251998421,map,-0.09745470434427261,-0.005614330526441336,2.9785220623016357,0.010280398373410344,-0.007625071184605481,0.006765243535574727,-0.9998952901140279
156288000000,1872,156283998421,map,-0.09692496061325073,-0.0059625012800097466,2.9787445068359375,0.010331144084516158,-0.007742771939018533,0.006792976161894947,-0.9998936042400874
156320000000,1873,156315998450,map,-0.09615766257047653,-0.006360308267176151,2.9790472984313965,0.010318838851112249,-0.007943668514440505,0.006783324533585987,-0.9998922133940866
156356000000,1874,156347998450,map,-0.0951617881655693,-0.006788067519664764,2.979360342025757,0.010321581030443488,-0.007999981972407122,0.006775569513459866,-0.9998917919256015
156388000000,1875,156387998450,map,-0.0936199501156807,-0.007391973398625851,2.979796886444092,0.010299935989555111,-0.008051370834543044,0.006726510581793243,-0.9998919605129954
156420000000,1876,156419998479,map,-0.09603769332170486,-0.006394881755113602,2.9789505004882812,0.010261056344984447,-0.008020392077706903,0.006642048297377411,-0.9998931406247538
156456000000,1877,156451998479,map,-0.09794138371944427,-0.005567450542002916,2.9782817363739014,0.010282908827392839,-0.007942664727974212,0.006645167164167186,-0.999893477799542
156488000000,1878,156483998479,map,-0.09943647682666779,-0.004893596284091473,2.9777259826660156,0.010304340582178691,-0.007799332433493709,0.006651489191443815,-0.9998944050302091
156520000000,1879,156515998507,map,-0.10049803555011749,-0.004355515819042921,2.9771952629089355,0.010286218013545451,-0.0076880707626435845,0.006602135231837557,-0.99989579587621
156556000000,1880,156547998507,map,-0.10117383301258087,-0.003915797919034958,2.9767162799835205,0.010285842478539775,-0.007729727818676665,0.006618867530696403,-0.9998953322608765
156588000000,1881,156579998507,map,-0.10149035602807999,-0.003596893511712551,2.9764161109924316,0.010250821904785887,-0.007774000942767709,0.006633239606038676,-0.9998952901140279
156620000000,1882,156611998536,map,-0.10149354487657547,-0.0034067113883793354,2.9762840270996094,0.010116255084660826,-0.007893317189176907,0.006569176396302056,-0.9998961330509981
156656000000,1883,156651998536,map,-0.10107424110174179,-0.003338245442137122,2.9760658740997314,0.01003933157081819,-0.008000951267604809,0.006543087497073829,-0.9998962594915436
156688000000,1884,156683998536,map,-0.10042160004377365,-0.003421143628656864,2.9759836196899414,0.009996909862293275,-0.00811194458156793,0.006475441805213865,-0.9998962173446951
156720000000,1885,156715998565,map,-0.09951906651258469,-0.003635779256001115,2.976142406463623,0.01003753901266746,-0.00821132989612497,0.006496178054681167,-0.9998948686455427
156756000000,1886,156755998565,map,-0.09807293862104416,-0.004086968023329973,2.9763312339782715,0.010105110618270298,-0.008234852118133348,0.006475652539456366,-0.9998940678554211
156788000000,1887,156779998565,map,-0.09705670177936554,-0.004436287563294172,2.97638201713562,0.010174903329862433,-0.00823016179951137,0.0064525560664723805,-0.999893562093239
156820000000,1888,156811998593,map,-0.09822394698858261,-0.004070468246936798,2.9752371311187744,0.010194941439833268,-0.008160385139941616,0.006468993337391703,-0.9998938149743299
156856000000,1889,156851998593,map,-0.10015003383159637,-0.0034454185515642166,2.9735751152038574,0.010213859365596023,-0.008132179102438271,0.006481553098247938,-0.9998938149743299
156888000000,1890,156883998593,map,-0.10120277106761932,-0.0030927699990570545,2.972508430480957,0.010251232507286615,-0.008007314371595128,0.006435739473916568,-0.9998947000581487
156920000000,1891,156915998621,map,-0.1018473282456398,-0.0028968825936317444,2.9716670513153076,0.010364533772796027,-0.007972198144251458,0.006455211317928643,-0.9998936885337845
156956000000,1892,156947998621,map,-0.10211586952209473,-0.0028401699382811785,2.971013069152832,0.010398845423387069,-0.007999414307041241,0.0064614911983567605,-0.9998930563310569
156988000000,1893,156979998621,map,-0.10203977674245834,-0.002884089946746826,2.9705560207366943,0.010440756677600232,-0.008056072677693914,0.006462207694781396,-0.9998921712472381
157020000000,1894,157011998649,map,-0.10166547447443008,-0.0030304277315735817,2.9701006412506104,0.010463109571516626,-0.008047932491348804,0.006491626195041954,-0.9998918340724501
157056000000,1895,157051998649,map,-0.10078882426023483,-0.003382160095497966,2.9697484970092773,0.010436946503713171,-0.008043845975722582,0.006499760536804621,-0.9998921291003895
157088000000,1896,157083998649,map,-0.09974931180477142,-0.0037532292772084475,2.969545841217041,0.010523270822725323,-0.008035931917097899,0.00647957219636791,-0.9998914126039649
157120000000,1897,157115998678,map,-0.09844978153705597,-0.004215728957206011,2.969484329223633,0.010555749414678395,-0.008069172115774454,0.006477001238608725,-0.9998907804012371
157156000000,1898,157147998678,map,-0.09691790491342545,-0.004763721488416195,2.969538450241089,0.010547069798063184,-0.00801688895019669,0.0064604796739925465,-0.9998914547508134
157188000000,1899,157179998678,map,-0.09518653154373169,-0.005390441045165062,2.9696755409240723,0.010532527406647592,-0.007878344768197602,0.006502120760321305,-0.9998923819814807
157220000000,1900,157211998706,map,-0.09597520530223846,-0.005071280058473349,2.9689652919769287,0.010591459896122458,-0.0078105930506718315,0.006459004534294654,-0.9998925927157232
157256000000,1901,157251998706,map,-0.09747779369354248,-0.004524163901805878,2.9680259227752686,0.01059555933568465,-0.007711736958945023,0.0064319884043990685,-0.999893477799542
157288000000,1902,157283998706,map,-0.09821294993162155,-0.004242975264787674,2.9674975872039795,0.010651418562576887,-0.007489836271077071,0.006447203416711566,-0.9998944471770577
157320000000,1903,157315998734,map,-0.09857864677906036,-0.0041057332418859005,2.9672434329986572,0.010780410144897367,-0.007514994153007153,0.006462249841629907,-0.9998928034499657
157356000000,1904,157347998734,map,-0.09862304478883743,-0.004085121676325798,2.9671266078948975,0.010827594200349821,-0.007496231561430217,0.006490909698617319,-0.9998922976877835
157388000000,1905,157379998734,map,-0.09833630919456482,-0.004204803146421909,2.9670748710632324,0.010957157563939357,-0.007526009626992181,0.006512193857115377,-0.9998904853732977
157420000000,1906,157411998762,map,-0.09776681661605835,-0.004429216962307692,2.967099905014038,0.011078361692816814,-0.007608170627624866,0.006510128661538327,-0.9998885044714176
157456000000,1907,157451998762,map,-0.09669732302427292,-0.004842400085180998,2.967207431793213,0.01112556484606,-0.00765500499594358,0.00651763080057327,-0.9998875772407504
157488000000,1908,157483998762,map,-0.0955607071518898,-0.00527718523517251,2.967414617538452,0.011204957984125635,-0.0076086457674873756,0.006570820123393938,-0.9998867343037803
157520000000,1909,157515998790,map,-0.09422332793474197,-0.005787888541817665,2.9677224159240723,0.01123013875047737,-0.007654362585776044,0.00651851588439195,-0.9998864392758405
157556000000,1910,157547998790,map,-0.09267077594995499,-0.006370426621288061,2.9679863452911377,0.011245999136407626,-0.0076490125701931914,0.006544478343074644,-0.9998861021010526
157588000000,1911,157579998790,map,-0.09092056006193161,-0.0070196352899074554,2.9683103561401367,0.011191547383765077,-0.007616312542649309,0.0065210025484541126,-0.9998871557722653
157620000000,1912,157611998818,map,-0.09280052036046982,-0.005799022503197193,2.968200206756592,0.011214489098789669,-0.007535351739382423,0.0064921319572241445,-0.9998877036812959
157656000000,1913,157651998818,map,-0.09447870403528214,-0.004517669323831797,2.9682981967926025,0.011234447442556974,-0.007459037790799989,0.006511856682327232,-0.99988787226869
157688000000,1914,157683998818,map,-0.0953722670674324,-0.0037003173492848873,2.9687161445617676,0.011274058894712134,-0.007385845837093773,0.006552022628958098,-0.9998877458281445
157720000000,1915,157715998845,map,-0.09589974582195282,-0.0030367414001375437,2.969245433807373,0.011200716628221972,-0.007309340252059516,0.006531539260581864,-0.9998892631146908
157756000000,1916,157747998845,map,-0.09607207030057907,-0.002499031601473689,2.9698569774627686,0.011212807834660788,-0.0073379563158371425,0.006523067744031163,-0.9998889680867513
157788000000,1917,157779998845,map,-0.09593428671360016,-0.0020965146832168102,2.970330238342285,0.011184071092602074,-0.007440098380022658,0.006493944271710127,-0.9998887573525086
157820000000,1918,157811998873,map,-0.09549178928136826,-0.0018241446232423186,2.9708657264709473,0.01108000377354747,-0.007498705054602201,0.006451670982653645,-0.9998897267300244
157856000000,1919,157851998873,map,-0.09461827576160431,-0.0016374026890844107,2.9716780185699463,0.01103526193040287,-0.007549401457187981,0.006451123073623054,-0.99988985317057
157888000000,1920,157883998873,map,-0.09368416666984558,-0.001643358962610364,2.972315549850464,0.0109320388654075,-0.007692851054908967,0.006438858340706343,-0.9998899796111156
157920000000,1921,157915998901,map,-0.09251624345779419,-0.0017404118552803993,2.9729130268096924,0.010892332912115445,-0.007780941590291529,0.006374879424666856,-0.9998900639048125
157956000000,1922,157947998901,map,-0.09114103764295578,-0.0019296638201922178,2.9734253883361816,0.010874314640468655,-0.007808432366141141,0.0063941826812848315,-0.9998899796111155
157988000000,1923,157979998901,map,-0.08960671722888947,-0.00219460716471076,2.973891496658325,0.010828399600283084,-0.007872380989133312,0.006430892586337832,-0.999889684583176
158020000000,1924,158011998928,map,-0.0919751301407814,0.0002804214018397033,2.9734060764312744,0.010780922492524578,-0.007830991466806598,0.006442904438163421,-0.9998904853732977
158056000000,1925,158051998928,map,-0.09428643435239792,0.0029631219804286957,2.972977876663208,0.010753094706523006,-0.007787739909883562,0.006478560672003641,-0.9998909068417827
158088000000,1926,158083998928,map,-0.09565811604261398,0.00482126185670495,2.9726479053497314,0.010668678026314353,-0.00783011774288063,0.006486863601160297,-0.9998914547508133
158120000000,1927,158115998956,map,-0.09666050225496292,0.006438809912651777,2.9723899364471436,0.010668626495206604,-0.007968676989085339,0.006491626195041954,-0.9998903167859037
158156000000,1928,158147998956,map,-0.09729469567537308,0.007816854864358902,2.972066879272461,0.010667050268926746,-0.007995076392049095,0.006525217233305235,-0.99988985317057
158188000000,1929,158179998956,map,-0.0975884199142456,0.008994304575026035,2.971912145614624,0.01054902279411967,-0.008159180908990706,0.006518684471785995,-0.9998898110237214
158220000000,1930,158211998983,map,-0.09757554531097412,0.0099650202319026,2.9718551635742188,0.01051638491671373,-0.008355561927039503,0.006491794782436055,-0.9998887152056601
158256000000,1931,158251998983,map,-0.09715070575475693,0.010898870415985584,2.9721884727478027,0.010507280209618613,-0.00838852570165883,0.006496810257408835,-0.9998885044714176
158288000000,1932,158283998983,map,-0.09653874486684799,0.011488509364426136,2.972684860229492,0.010392196428762221,-0.00845360224675705,0.0065211711358481575,-0.9998890102335998
158320000000,1933,158315999010,map,-0.09569337964057922,0.011919490993022919,2.973076820373535,0.010301566545756877,-0.008504296673709305,0.006499254774622542,-0.999889684583176
158356000000,1934,158347999010,map,-0.09461935609579086,0.012196467258036137,2.973483085632324,0.010234002842688137,-0.008536221265095038,0.006472365085272601,-0.9998902746390551
158388000000,1935,158379999010,map,-0.09336990863084793,0.012337146326899529,2.9741220474243164,0.010066566090536133,-0.008597476934957939,0.006535964679675431,-0.9998910754291768
158420000000,1936,158411999037,map,-0.09445614367723465,0.013550489209592342,2.9735724925994873,0.009938612662473456,-0.008589541020887399,0.006506504032566306,-0.9998925505688747
158456000000,1937,158451999037,map,-0.09628710150718689,0.015216770581901073,2.9726293087005615,0.00987033550874838,-0.00854929399096397,0.0065094543119621475,-0.999893562093239
158488000000,1938,158483999037,map,-0.09733559191226959,0.01628045178949833,2.9720773696899414,0.009781434510871649,-0.008536914794780007,0.006561126348236467,-0.9998942364428152
158520000000,1939,158515999065,map,-0.0980253741145134,0.017137642949819565,2.9716906547546387,0.009796843711495874,-0.008592208249621822,0.006551011104593828,-0.999893646386936
158556000000,1940,158547999065,map,-0.09839688986539841,0.017812971025705338,2.9714221954345703,0.00978879028838969,-0.00866393502411584,0.006553708502898547,-0.9998931406247538
158588000000,1941,158579999065,map,-0.09845950454473495,0.01828625053167343,2.971280574798584,0.009752462215674234,-0.008816800450052932,0.006476326889032546,-0.9998926348625716
158620000000,1942,158611999092,map,-0.09825176745653152,0.018567845225334167,2.971155881881714,0.009755390063397694,-0.008993663155542852,0.006450364430349797,-0.9998912018697224
158656000000,1943,158651999092,map,-0.0976310595870018,0.018707867711782455,2.9712367057800293,0.009729546677793832,-0.009106635930819873,0.0064543262341099075,-0.9998903589327521
158688000000,1944,158683999092,map,-0.09686300158500671,0.018677731975913048,2.971489191055298,0.009717826129015431,-0.009211291597653812,0.006479277168428276,-0.9998894317020849
158720000000,1945,158715999119,map,-0.0958840548992157,0.018520262092351913,2.9718234539031982,0.009711323290112324,-0.009329058165358632,0.00651455408063195,-0.9998881251497811
158756000000,1946,158747999119,map,-0.0946970134973526,0.018211042508482933,2.972202777862549,0.00967443487833864,-0.009315926170483982,0.006500013417895633,-0.9998886730588117
158788000000,1947,158779999119,map,-0.09329132735729218,0.017748769372701645,2.972710609436035,0.009600878368798466,-0.009327198857548165,0.006482480328915129,-0.999889431702085
158820000000,1948,158811999146,map,-0.09530460089445114,0.01981254108250141,2.972665309906006,0.009598090739606418,-0.00924670299699367,0.0064788135530946525,-0.9998902324922065
158856000000,1949,158851999146,map,-0.097172811627388,0.022004149854183197,2.9727721214294434,0.009636355571140332,-0.009133631460619965,0.006482691063157741,-0.9998908225480858
158888000000,1950,158883999146,map,-0.09821923077106476,0.02345728501677513,2.9730114936828613,0.009655467294204079,-0.00897618587820937,0.006477633441336338,-0.999892086953541
158920000000,1951,158915999173,map,-0.09886274486780167,0.024672221392393112,2.9733896255493164,0.009724195633235188,-0.008933005114820943,0.006482480328915129,-0.9998917919256015
158956000000,1952,158947999173,map,-0.09916099160909653,0.025649994611740112,2.9738752841949463,0.00968112336505445,-0.008962690490243407,0.006495798733044566,-0.9998918762192985
158988000000,1953,158979999173,map,-0.09915871173143387,0.026391519233584404,2.974409341812134,0.009615214728390881,-0.008954454917842218,0.006537776994161414,-0.9998922976877836
159020000000,1954,159011999199,map,-0.09886226058006287,0.026926996186375618,2.9750261306762695,0.009581534004597518,-0.008983001628651349,0.006627465487792638,-0.9998917919256014
159056000000,1955,159051999199,map,-0.09813854843378067,0.027341939508914948,2.9758739471435547,0.009512934781449005,-0.009051334799818636,0.006622281425425757,-0.999891918366147
159088000000,1956,159083999199,map,-0.097279392182827,0.027480466291308403,2.9765737056732178,0.009512280167628555,-0.009177353897445725,0.00658565581406989,-0.9998909489886313
159120000000,1957,159115999226,map,-0.09620337933301926,0.027461757883429527,2.9773476123809814,0.009423552058264686,-0.009143366189014063,0.00656740622866464,-0.9998922555409351
159156000000,1958,159147999226,map,-0.0949370265007019,0.027316056191921234,2.978259801864624,0.009406685848496067,-0.009130844191569445,0.006551263985684951,-0.9998926348625716
159188000000,1959,159179999226,map,-0.09349542111158371,0.027002539485692978,2.9790406227111816,0.009377021659685195,-0.009090729004314468,0.006632523109613874,-0.9998927191562688
159220000000,1960,159211999253,map,-0.09399750828742981,0.028000956401228905,2.980161428451538,0.009343645152585246,-0.009101535874036833,0.006660845791813196,-0.9998927191562688
159252000000,1961,159251999253,map,-0.09504155814647675,0.02948330156505108,2.9817540645599365,0.00937236313641524,-0.00909200919425847,0.006679938314188671,-0.9998924241283291
159288000000,1962,159283999253,map,-0.09553060680627823,0.03041442297399044,2.983034610748291,0.009402294714875869,-0.008930225151498558,0.006664512567633728,-0.9998936885337845
159320000000,1963,159315999279,map,-0.09572041034698486,0.03112890012562275,2.9843220710754395,0.009479410050385972,-0.008876428877016123,0.0066578533655689545,-0.9998935199463905
159356000000,1964,159347999279,map,-0.09563681483268738,0.031639520078897476,2.985565662384033,0.009480368520758307,-0.00890851617005436,0.0066948161517130225,-0.9998929720373597
159388000000,1965,159379999279,map,-0.09528505802154541,0.03198534622788429,2.986515522003174,0.009480960058362603,-0.009022251910302911,0.006688283390193838,-0.999892002659844
159420000000,1966,159411999306,map,-0.09468148648738861,0.03215982764959335,2.987372398376465,0.009466346111970317,-0.009098899432258155,0.006716353191302093,-0.9998912440165708
159456000000,1967,159451999306,map,-0.09360464662313461,0.032139018177986145,2.9883391857147217,0.009437623405141427,-0.009179273101937144,0.006700505976262038,-0.9998909068417827
159488000000,1968,159483999306,map,-0.09252661466598511,0.031965333968400955,2.98915433883667,0.009413150594715288,-0.009202302382801784,0.00665148919144387,-0.9998912861634193
159520000000,1969,159515999332,map,-0.09127452969551086,0.03165385127067566,2.9899742603302,0.00937909886855462,-0.009227069948488913,0.006608499405962697,-0.9998916233382075
159556000000,1970,159547999332,map,-0.08986175060272217,0.031218387186527252,2.990659236907959,0.00935906028525492,-0.009216612652712949,0.006564287361874809,-0.9998921712472381
159588000000,1971,159579999332,map,-0.08827625215053558,0.03070056065917015,2.9913060665130615,0.009299729921709896,-0.00917198254604979,0.0065402636582235765,-0.9998933513589963
159620000000,1972,159611999359,map,-0.0880654975771904,0.03145313635468483,2.991635799407959,0.009346669641715252,-0.009125199559637335,0.0065548886146569165,-0.9998932249184509
159656000000,1973,159651999359,map,-0.08803964406251907,0.03266206011176109,2.9919116497039795,0.009326435295770796,-0.009043018380789334,0.006561379229327534,-0.9998941521491181
159688000000,1974,159683999359,map,-0.08774220198392868,0.033369071781635284,2.9921090602874756,0.009368469975630416,-0.008932581999974563,0.006584770730251154,-0.9998945314707548
159720000000,1975,159715999385,map,-0.0872158408164978,0.03385268151760101,2.9924142360687256,0.009324738813089926,-0.008792481780200694,0.006587973890737896,-0.9998962173446952
159756000000,1976,159747999385,map,-0.08650557696819305,0.03411633521318436,2.992987871170044,0.009374434063387446,-0.008795754581769242,0.006587257394313261,-0.9998956694356644
159788000000,1977,159779999385,map,-0.08562284708023071,0.03419956937432289,2.9936904907226562,0.009332036597532232,-0.008772993019826612,0.006596824728925254,-0.9998962173446951
159820000000,1978,159811999411,map,-0.08455891907215118,0.03410932794213295,2.994396448135376,0.009450608174159512,-0.008847656841087684,0.006585107905039244,-0.9998945314707548
159856000000,1979,159851999411,map,-0.08302266895771027,0.03380480781197548,2.995210886001587,0.009504706144344666,-0.008893324412594866,0.006613978496269156,-0.9998933935058449
159888000000,1980,159883999411,map,-0.08162755519151688,0.03343040123581886,2.9957923889160156,0.009511038934708104,-0.008944061089293211,0.006633998249311767,-0.9998927613031172
159920000000,1981,159915999437,map,-0.08009609580039978,0.032942354679107666,2.9962902069091797,0.009492045194008864,-0.009004012347121925,0.006670539566970834,-0.9998922133940866
159956000000,1982,159947999437,map,-0.07843586802482605,0.03234132379293442,2.9968135356903076,0.009492465592359148,-0.008986414473825421,0.0066942682426823765,-0.9998921712472382
159988000000,1983,159979999437,map,-0.07669518887996674,0.03168083354830742,2.99735164642334,0.009429248859269539,-0.00895146461128808,0.0066898849704372645,-0.9998930984779053
160020000000,1984,160011999463,map,-0.07681841403245926,0.0326407328248024,2.9973199367523193,0.009464057237635243,-0.008850562071923198,0.0067249932952468386,-0.9998934777995419
160056000000,1985,160051999463,map,-0.07738308608531952,0.03419319540262222,2.9971096515655518,0.009419261373261472,-0.008741838040596037,0.006709525401843385,-0.9998949529392398
160088000000,1986,160083999463,map,-0.07749857753515244,0.03516771271824837,2.996922731399536,0.009413554508873358,-0.008542669074372696,0.006703076934021167,-0.9998967652537258
160120000000,1987,160115999489,map,-0.07734142988920212,0.03592776879668236,2.9968388080596924,0.00946493863772063,-0.008504278028667923,0.006759553711025767,-0.9998962594915437
160156000000,1988,160147999489,map,-0.07695164531469345,0.03647243604063988,2.996830940246582,0.009403813483147403,-0.008484097961196585,0.00676102885072366,-0.9998969759879683
160188000000,1989,160179999489,map,-0.07634356617927551,0.036827296018600464,2.9968860149383545,0.009345220761479625,-0.008406007136054518,0.00674143056616605,-0.9998982825402722
160220000000,1990,160211999515,map,-0.07553739845752716,0.03699630871415138,2.997034788131714,0.009346368563398008,-0.008382021010599296,0.006740081867013691,-0.9998984511276663
160256000000,1991,160251999515,map,-0.07428254187107086,0.03694339469075203,2.9972712993621826,0.009319874041911879,-0.008358869178717624,0.006762841165209698,-0.9998987883024544
160288000000,1992,160283999515,map,-0.07310029119253159,0.03673677518963814,2.9974801540374756,0.00926502086523268,-0.008346544230137504,0.00680772755887371,-0.9998990833303938
160320000000,1993,160315999541,map,-0.07176294177770615,0.036400049924850464,2.997720956802368,0.009266080175232802,-0.00835836078235746,0.006798328811655762,-0.9998990411835453
160356000000,1994,160347999541,map,-0.07029595971107483,0.03590851649641991,2.99798583984375,0.009259533831233136,-0.008338147828819756,0.006798708133292418,-0.9998992519177878
160388000000,1995,160379999541,map,-0.06871430575847626,0.035300564020872116,2.998345136642456,0.00925826004151857,-0.008315906311243276,0.006779784198310933,-0.9998996312394246
160420000000,1996,160411999567,map,-0.06943493336439133,0.03780994191765785,2.9990029335021973,0.009273776790692755,-0.00827983375379692,0.006781090750614837,-0.99989975767997
160456000000,1997,160451999567,map,-0.06991223245859146,0.04043300077319145,2.99998140335083,0.009273780700800772,-0.008233844997785485,0.0067749794575807645,-0.9999001370016066
160488000000,1998,160483999567,map,-0.07002164423465729,0.042193129658699036,3.0007357597351074,0.009378468080668672,-0.00812102327615498,0.006811900096876266,-0.9998998841205156
160520000000,1999,160515999592,map,-0.0699063390493393,0.04366368427872658,3.0014994144439697,0.00935086946815588,-0.008037522795993058,0.006817210599788736,-0.9999007270574858
160556000000,2000,160547999592,map,-0.06961064040660858,0.04486195370554924,3.002317190170288,0.009350847489232926,-0.008077795015243916,0.0068352073041028074,-0.9999003477358492
160588000000,2001,160579999592,map,-0.06913822144269943,0.045819468796253204,3.0031065940856934,0.009312299792253315,-0.008152129337876322,0.0068448167855633115,-0.9999000105610611
160620000000,2002,160611999618,map,-0.06848452985286713,0.046531569212675095,3.0039072036743164,0.009268067250967576,-0.00818433553935728,0.006850338022718171,-0.9999001370016067
160656000000,2003,160651999618,map,-0.06737899780273438,0.04710794612765312,3.004847764968872,0.009256134794914215,-0.008224116525564215,0.006860874734846033,-0.9998997998268186
160688000000,2004,160683999618,map,-0.06627695262432098,0.047380559146404266,3.005565643310547,0.009201128136205626,-0.00836258843230355,0.006880515166252043,-0.9998990411835453
160720000000,2005,160715999644,map,-0.06504645943641663,0.04751192033290863,3.006317138671875,0.009095104610690059,-0.008314235954257808,0.006877649180553279,-0.9999004741763948
160756000000,2006,160747999644,map,-0.06368911266326904,0.04752373695373535,3.007050037384033,0.009025588858222562,-0.008232693450395213,0.006857081518480023,-0.9999019071692441
160788000000,2007,160779999644,map,-0.0622161403298378,0.04740232229232788,3.0077409744262695,0.008843752536495135,-0.008087426763740576,0.006820708788215057,-0.9999049838891855
160820000000,2008,160811999669,map,-0.06286724656820297,0.04914965108036995,3.0083632469177246,0.008666446342438123,-0.007959789972109142,0.0068288009831291565,-0.999907512700096
160856000000,2009,160851999669,map,-0.06326855719089508,0.05085895583033562,3.009260892868042,0.008592713456157145,-0.007916379644221136,0.006845153960351346,-0.9999083556370663
160888000000,2010,160883999669,map,-0.06328410655260086,0.05190129205584526,3.009882926940918,0.008531592623282253,-0.007866174845110565,0.006797612315231071,-0.9999096200425217
160920000000,2011,160915999695,map,-0.0631001815199852,0.05267098546028137,3.0104286670684814,0.008439909995142353,-0.007844865723659807,0.006808528348995479,-0.9999104208326433
160956000000,2012,160947999695,map,-0.06274017691612244,0.05318959802389145,3.011014223098755,0.008381781032864804,-0.007868455343582678,0.006816241222272978,-0.9999107158605829
160988000000,2013,160979999695,map,-0.06221213936805725,0.05348159745335579,3.0116190910339355,0.008302504271961442,-0.007940438065515627,0.006800646888323879,-0.9999109687416741
161020000000,2014,161011999720,map,-0.06152578443288803,0.05358641594648361,3.0121703147888184,0.008273394166035973,-0.008055405253124833,0.006766676528424108,-0.9999104629794917
161056000000,2015,161051999720,map,-0.060443274676799774,0.05348099395632744,3.0127899646759033,0.008231375041717915,-0.008152029570955802,0.006774389401701663,-0.9999099993641583
161088000000,2016,161083999720,map,-0.059388771653175354,0.05321381986141205,3.0131707191467285,0.008187155828241144,-0.008239501987716879,0.006836008094224576,-0.9999092407208849
161120000000,2017,161115999745,map,-0.05818804353475571,0.05277875438332558,3.0134899616241455,0.008126183867584087,-0.008235778535909712,0.00684818853344421,-0.9999096200425216
161156000000,2018,161147999745,map,-0.05686250329017639,0.052204567939043045,3.0137734413146973,0.008052748921244185,-0.008208075533802645,0.006859821063633197,-0.9999103786857948
161188000000,2019,161179999745,map,-0.05541625991463661,0.05150194466114044,3.0139760971069336,0.00799956801030055,-0.008168218593747495,0.0068537519174475805,-0.999911137329068
161220000000,2020,161211999770,map,-0.0559946671128273,0.05250224471092224,3.0138275623321533,0.008010897908418866,-0.008106974973191138,0.0068346593950721615,-0.9999116852380986
161256000000,2021,161251999770,map,-0.057157959789037704,0.05411529168486595,3.013578176498413,0.008045139569362638,-0.0080676625195359,0.0068213409909427805,-0.9999118538254927
161288000000,2022,161283999770,map,-0.05775578320026398,0.055112529546022415,3.0134541988372803,0.008070015999402524,-0.00782463663578166,0.006767856640182367,-0.9999139190210697
161320000000,2023,161315999795,map,-0.05807394161820412,0.05584268271923065,3.0133869647979736,0.008076185882318296,-0.0077057054938530194,0.006744928754592538,-0.9999150148391309
161356000000,2024,161347999795,map,-0.058150894939899445,0.05630669742822647,3.0133841037750244,0.008098133586146639,-0.007664030430743548,0.006748216208776302,-0.9999150991328281
161388000000,2025,161379999795,map,-0.05799441039562225,0.05652790144085884,3.013607978820801,0.008096857861957582,-0.007689570885873736,0.006763979130119445,-0.9999148462517369
161420000000,2026,161411999820,map,-0.0576130636036396,0.05656444653868675,3.013847589492798,0.008072515741747005,-0.007766352905254978,0.00676431630490748,-0.9999144247832519
161456000000,2027,161451999820,map,-0.056853242218494415,0.056406617164611816,3.013808250427246,0.008107930793950929,-0.007763476537190478,0.006758626480358575,-0.9999142140490093
161488000000,2028,161483999820,map,-0.05604788661003113,0.05609351769089699,3.0138440132141113,0.008109705674297524,-0.00774970297590844,0.006722211603245153,-0.9999145512237974
161520000000,2029,161515999845,map,-0.05512559413909912,0.05561951547861099,3.0139284133911133,0.008028352501980973,-0.007676090088784529,0.006682635712493334,-0.9999160263634953
161556000000,2030,161547999845,map,-0.054076578468084335,0.05501781776547432,3.014049530029297,0.007988279801136517,-0.007683753180213122,0.006697049934684062,-0.9999161949508893
161588000000,2031,161579999845,map,-0.0528719536960125,0.054295144975185394,3.014173746109009,0.007992415069635847,-0.00764553691633667,0.006728407189976192,-0.9999161949508892
161620000000,2032,161611999870,map,-0.05328831449151039,0.05508892610669136,3.0141446590423584,0.008057022854521477,-0.00766453399091748,0.006713234324512262,-0.9999156048950102
161656000000,2033,161651999870,map,-0.05416206270456314,0.05637679621577263,3.0140974521636963,0.008072631985142421,-0.007609991708984597,0.006720188554516614,-0.9999158999229497
161688000000,2034,161683999870,map,-0.05453409254550934,0.057112351059913635,3.0142788887023926,0.008101768792989735,-0.007501874341205899,0.0067099890171770085,-0.9999165742725259
161720000000,2035,161715999895,map,-0.05464567244052887,0.05760880187153816,3.014465570449829,0.008132268108844551,-0.007504703962900088,0.006656504666416651,-0.9999166164193745
161756000000,2036,161747999895,map,-0.05451679974794388,0.05786283314228058,3.0146963596343994,0.008099594546558082,-0.007513448651944498,0.006630921529370503,-0.999916995741011
161788000000,2037,161779999895,map,-0.054134804755449295,0.057897038757801056,3.0148627758026123,0.00805436535989806,-0.007469252762776531,0.006597499078501378,-0.9999178808248298
161820000000,2038,161811999920,map,-0.05355900526046753,0.0577114038169384,3.0150270462036133,0.008017340320718484,-0.007396946242740814,0.006643186262287159,-0.9999184708807088
161856000000,2039,161851999920,map,-0.052633825689554214,0.05724876746535301,3.015371084213257,0.008019590135132428,-0.007357122512879409,0.006673742727457631,-0.9999185130275574
161888000000,2040,161883999920,map,-0.051726747304201126,0.05671760067343712,3.015639066696167,0.008031613964236272,-0.0073593074400798,0.0066658612667860875,-0.999918470880709
161920000000,2041,161915999945,map,-0.050640005618333817,0.05600849911570549,3.01584529876709,0.008044002050771094,-0.007368282537383938,0.00660221952553458,-0.9999187237617999
161956000000,2042,161947999945,map,-0.049431245774030685,0.05515427514910698,3.016113519668579,0.008034018207337339,-0.0073609110988543175,0.00660221952553458,-0.999918892349194
161988000000,2043,161979999945,map,-0.048133786767721176,0.05419399216771126,3.016475200653076,0.008054562840932391,-0.007261349026835434,0.006592188575588963,-0.9999194824050732
162020000000,2044,162011999969,map,-0.049437522888183594,0.055290285497903824,3.0160717964172363,0.008180561750054407,-0.0071494600923414555,0.006559271886902029,-0.9999195245519217
162056000000,2045,162051999969,map,-0.05063718557357788,0.05630617216229439,3.0156142711639404,0.00824970229678848,-0.007144801589651018,0.006552191216352198,-0.9999190187897395
162088000000,2046,162083999969,map,-0.05129265785217285,0.05684122443199158,3.015333890914917,0.008329695739332173,-0.007118372840297624,0.006532550784946078,-0.9999186816149515
162120000000,2047,162115999994,map,-0.05170617252588272,0.05713801085948944,3.0150880813598633,0.008333685942824104,-0.007096849547825161,0.006512446738206445,-0.999918892349194
162156000000,2048,162147999994,map,-0.05190267041325569,0.05724489688873291,3.014761209487915,0.008341520482199447,-0.007134076574953043,0.006520033170938299,-0.9999185551744059
162188000000,2049,162179999994,map,-0.05189920589327812,0.057182639837265015,3.014587640762329,0.008423443501310563,-0.007315396186195892,0.006488760209343302,-0.9999167850067685
162220000000,2050,162212000018,map,-0.05172031372785568,0.05694866180419922,3.014521360397339,0.008423250095020374,-0.007410974496111314,0.006442651557072353,-0.9999163635382834
162256000000,2051,162252000018,map,-0.051250021904706955,0.05644339323043823,3.014660120010376,0.00839543613845347,-0.007447121674882232,0.006458498772112463,-0.9999161949508892
162288000000,2052,162284000018,map,-0.05070805177092552,0.0559089221060276,3.014883518218994,0.008400469394127981,-0.007649050518820464,0.006497273872742459,-0.9999143404895549
162320000000,2053,162316000042,map,-0.050014324486255646,0.05521507188677788,3.015347719192505,0.00833396117326941,-0.007624763891274444,0.006542539588043127,-0.999914846251737
162356000000,2054,162348000042,map,-0.04918849840760231,0.05439778044819832,3.0158212184906006,0.00829220873118025,-0.007654746825916935,0.006542118119558015,-0.999914930545434
162388000000,2055,162380000042,map,-0.04823450371623039,0.05347270146012306,3.016500234603882,0.008301826506185632,-0.007758903151377697,0.006532887959734167,-0.9999141297553122
162420000000,2056,162412000067,map,-0.049497686326503754,0.05384005233645439,3.0157954692840576,0.008236366297172967,-0.007694029499726485,0.006529305477610713,-0.9999151834265251
162456000000,2057,162452000067,map,-0.050687097012996674,0.053989555686712265,3.015075445175171,0.008234976871158702,-0.0076936131966998614,0.006538999252768295,-0.9999150991328281
162488000000,2058,162484000067,map,-0.05135289207100868,0.0538865402340889,3.014556407928467,0.00824410001750004,-0.007661383040662426,0.006522857009788551,-0.9999153941607677
162520000000,2059,162516000091,map,-0.0517570860683918,0.053596191108226776,3.0141024589538574,0.008308646475428363,-0.007661546483177501,0.0065055346550506035,-0.9999150148391309
162556000000,2060,162548000091,map,-0.05193297192454338,0.053116071969270706,3.0134732723236084,0.008315210867663451,-0.007700484882265987,0.006480541573883724,-0.9999148041048884
162588000000,2061,162580000091,map,-0.05192244052886963,0.05247152969241142,3.0128674507141113,0.008341338415222506,-0.007737532826446729,0.006452682507018025,-0.9999145090769489
162620000000,2062,162612000115,map,-0.0517563596367836,0.051696524024009705,3.012436866760254,0.008412546668234551,-0.00786068871660972,0.006488380887706645,-0.999912696762463
162656000000,2063,162652000115,map,-0.0513312965631485,0.05057922750711441,3.012070894241333,0.008442627664270187,-0.007877966290321156,0.006482016713581561,-0.9999123174408263
162688000000,2064,162684000115,map,-0.05079910159111023,0.04956793785095215,3.0118846893310547,0.008503896875454532,-0.008025759935730018,0.006444379577861258,-0.9999109265948254
162720000000,2065,162716000139,map,-0.05010804533958435,0.048458654433488846,3.0118093490600586,0.008535727130339496,-0.00815424180460132,0.006496936697954424,-0.9999092828677335
162756000000,2066,162748000139,map,-0.049264051020145416,0.047248318791389465,3.011892318725586,0.00851581558439129,-0.00812572662161051,0.0064877486849790325,-0.9999097043362186
162788000000,2067,162780000139,map,-0.04825941473245621,0.04593856260180473,3.0119597911834717,0.00853797505143798,-0.008049482211212215,0.006503132284685519,-0.9999100836578552
162820000000,2068,162812000163,map,-0.048755671828985214,0.04580744355916977,3.0115692615509033,0.008569158677354652,-0.00788970986757782,0.0065301062677324264,-0.9999108423011285
162856000000,2069,162852000163,map,-0.04965569078922272,0.04590976983308792,3.0110433101654053,0.00857115161825145,-0.007753628045232629,0.006534194512038071,-0.9999118959723412
162888000000,2070,162884000163,map,-0.050064727663993835,0.045775774866342545,3.0107262134552,0.00872198197702275,-0.007587681455825095,0.00659223072243753,-0.9999114323570075
162920000000,2071,162916000187,map,-0.050231922417879105,0.045471444725990295,3.0104565620422363,0.008798201136355066,-0.007395800807466758,0.006611533979055505,-0.9999121067065837
162956000000,2072,162948000187,map,-0.050189364701509476,0.04502449929714203,3.0102643966674805,0.008828742125729526,-0.007291029998241501,0.00663597915119185,-0.9999124438813718
